id;pesid;data_inversa;dia_semana;horario;uf;br;km;municipio;causa_principal;causa_acidente;ordem_tipo_acidente;tipo_acidente;classificacao_acidente;fase_dia;sentido_via;condicao_metereologica;tipo_pista;tracado_via;uso_solo;id_veiculo;tipo_veiculo;marca;ano_fabricacao_veiculo;tipo_envolvido;estado_fisico;idade;sexo;ilesos;feridos_leves;feridos_graves;mortos;latitude;longitude;regional;delegacia;uop
662568.0;1494187.0;2025-02-20;quinta-feira;14:30:00;RN;101.0;84;NATAL;Sim;Ausência de reação do condutor;1;Colisão traseira;Sem Vítimas;Pleno dia;Decrescente;Céu Claro;Dupla;Reta;Sim;1192171.0;Automóvel;CHEVROLET/COBALT 1.4 LTZ;2012.0;Condutor;Ileso;42.0;Masculino;1.0;0.0;0.0;0.0;-5,774416;-35,257049;SPRF-RN;DEL02-RN;UOP01-DEL02-RN
662594.0;1494337.0;2025-02-20;quinta-feira;16:30:00;RN;101.0;94;NATAL;Sim;Manobra de mudança de faixa;1;Colisão lateral mesmo sentido;Com Vítimas Feridas;Pleno dia;Decrescente;Céu Claro;Múltipla;Reta;Sim;1192283.0;Automóvel;FIAT/SIENA TETRAFUEL 1.4;0.0;Condutor;Ileso;;Masculino;1.0;0.0;0.0;0.0;-5,83176615;-35,21191342;SPRF-RN;DEL01-RN;UOP01-DEL01-RN
662594.0;1494336.0;2025-02-20;quinta-feira;16:30:00;RN;101.0;94;NATAL;Sim;Manobra de mudança de faixa;1;Colisão lateral mesmo sentido;Com Vítimas Feridas;Pleno dia;Decrescente;Céu Claro;Múltipla;Reta;Sim;1192282.0;Motocicleta;HONDA/NXR150 BROS ESD;2013.0;Passageiro;Lesões Leves;27.0;Masculino;0.0;1.0;0.0;0.0;-5,83176615;-35,21191342;SPRF-RN;DEL01-RN;UOP01-DEL01-RN
662594.0;1494335.0;2025-02-20;quinta-feira;16:30:00;RN;101.0;94;NATAL;Sim;Manobra de mudança de faixa;1;Colisão lateral mesmo sentido;Com Vítimas Feridas;Pleno dia;Decrescente;Céu Claro;Múltipla;Reta;Sim;1192282.0;Motocicleta;HONDA/NXR150 BROS ESD;2013.0;Condutor;Lesões Leves;35.0;Ignorado;0.0;1.0;0.0;0.0;-5,83176615;-35,21191342;SPRF-RN;DEL01-RN;UOP01-DEL01-RN
662685.0;1494491.0;2025-02-21;sexta-feira;09:20:00;RN;226.0;2,8;NATAL;Sim;Ausência de reação do condutor;1;Tombamento;Com Vítimas Feridas;Pleno dia;Decrescente;Sol;Simples;Reta;Sim;1192411.0;Caminhão;FORD/CARGO 2428 E;2008.0;Condutor;Lesões Leves;27.0;Masculino;0.0;1.0;0.0;0.0;-5,81998294;-35,25137186;SPRF-RN;DEL01-RN;UOP02-DEL01-RN
663704.0;1496856.0;2025-02-25;terça-feira;21:08:00;RN;101.0;78,8;NATAL;Sim;Acessar a via sem observar a presença dos outros veículos;1;Colisão transversal;Com Vítimas Feridas;Plena Noite;Decrescente;Céu Claro;Dupla;Reta;Não;1194323.0;Motocicleta;HONDA/CG 125 FAN KS;2012.0;Passageiro;Lesões Graves;45.0;Masculino;0.0;0.0;1.0;0.0;-5,7458051;-35,2893048;SPRF-RN;DEL02-RN;UOP01-DEL02-RN
663704.0;1496854.0;2025-02-25;terça-feira;21:08:00;RN;101.0;78,8;NATAL;Sim;Acessar a via sem observar a presença dos outros veículos;1;Colisão transversal;Com Vítimas Feridas;Plena Noite;Decrescente;Céu Claro;Dupla;Reta;Não;1194323.0;Motocicleta;HONDA/CG 125 FAN KS;2012.0;Condutor;Lesões Graves;43.0;Masculino;0.0;0.0;1.0;0.0;-5,7458051;-35,2893048;SPRF-RN;DEL02-RN;UOP01-DEL02-RN
664017.0;1497671.0;2025-02-27;quinta-feira;13:50:00;RN;226.0;4,7;NATAL;Não;Acessar a via sem observar a presença dos outros veículos;1;Queda de ocupante de veículo;Com Vítimas Feridas;Pleno dia;Crescente;Nublado;Simples;Curva;Sim;1194973.0;Caminhão;VW/24.280 CRM 6X2;2019.0;Condutor;Ileso;35.0;Masculino;1.0;0.0;0.0;0.0;-5,819978;-35,266763;SPRF-RN;DEL01-RN;UOP02-DEL01-RN
664017.0;1497670.0;2025-02-27;quinta-feira;13:50:00;RN;226.0;4,7;NATAL;Não;Acessar a via sem observar a presença dos outros veículos;1;Queda de ocupante de veículo;Com Vítimas Feridas;Pleno dia;Crescente;Nublado;Simples;Curva;Sim;1194971.0;Motocicleta;HONDA/CG 160 START;2016.0;Condutor;Lesões Leves;23.0;Masculino;0.0;1.0;0.0;0.0;-5,819978;-35,266763;SPRF-RN;DEL01-RN;UOP02-DEL01-RN
664017.0;1497671.0;2025-02-27;quinta-feira;13:50:00;RN;226.0;4,7;NATAL;Sim;Conversão proibida;1;Queda de ocupante de veículo;Com Vítimas Feridas;Pleno dia;Crescente;Nublado;Simples;Curva;Sim;1194973.0;Caminhão;VW/24.280 CRM 6X2;2019.0;Condutor;Ileso;35.0;Masculino;1.0;0.0;0.0;0.0;-5,819978;-35,266763;SPRF-RN;DEL01-RN;UOP02-DEL01-RN
664017.0;1497670.0;2025-02-27;quinta-feira;13:50:00;RN;226.0;4,7;NATAL;Sim;Conversão proibida;1;Queda de ocupante de veículo;Com Vítimas Feridas;Pleno dia;Crescente;Nublado;Simples;Curva;Sim;1194971.0;Motocicleta;HONDA/CG 160 START;2016.0;Condutor;Lesões Leves;23.0;Masculino;0.0;1.0;0.0;0.0;-5,819978;-35,266763;SPRF-RN;DEL01-RN;UOP02-DEL01-RN
664030.0;1497696.0;2025-02-27;quinta-feira;15:55:00;RN;101.0;96;NATAL;Sim;Ingestão de álcool pelo condutor;3;Queda de ocupante de veículo;Com Vítimas Feridas;Pleno dia;Crescente;Céu Claro;Dupla;"Viaduto;Declive;Curva";Sim;1194984.0;Motocicleta;YAMAHA/YS150 FAZER ED;2014.0;Condutor;Lesões Leves;40.0;Masculino;0.0;1.0;0.0;0.0;-5,8478735;-35,208942;SPRF-RN;DEL01-RN;UOP01-DEL01-RN
664030.0;1497686.0;2025-02-27;quinta-feira;15:55:00;RN;101.0;96;NATAL;Sim;Ingestão de álcool pelo condutor;3;Queda de ocupante de veículo;Com Vítimas Feridas;Pleno dia;Crescente;Céu Claro;Dupla;"Viaduto;Declive;Curva";Sim;1194983.0;Caminhonete;GM/MONTANA CONQUEST;2008.0;Condutor;Ileso;41.0;Masculino;1.0;0.0;0.0;0.0;-5,8478735;-35,208942;SPRF-RN;DEL01-RN;UOP01-DEL01-RN
664030.0;1497696.0;2025-02-27;quinta-feira;15:55:00;RN;101.0;96;NATAL;Sim;Ingestão de álcool pelo condutor;2;Tombamento;Com Vítimas Feridas;Pleno dia;Crescente;Céu Claro;Dupla;"Viaduto;Declive;Curva";Sim;1194984.0;Motocicleta;YAMAHA/YS150 FAZER ED;2014.0;Condutor;Lesões Leves;40.0;Masculino;0.0;1.0;0.0;0.0;-5,8478735;-35,208942;SPRF-RN;DEL01-RN;UOP01-DEL01-RN
664030.0;1497686.0;2025-02-27;quinta-feira;15:55:00;RN;101.0;96;NATAL;Sim;Ingestão de álcool pelo condutor;2;Tombamento;Com Vítimas Feridas;Pleno dia;Crescente;Céu Claro;Dupla;"Viaduto;Declive;Curva";Sim;1194983.0;Caminhonete;GM/MONTANA CONQUEST;2008.0;Condutor;Ileso;41.0;Masculino;1.0;0.0;0.0;0.0;-5,8478735;-35,208942;SPRF-RN;DEL01-RN;UOP01-DEL01-RN
664030.0;1497696.0;2025-02-27;quinta-feira;15:55:00;RN;101.0;96;NATAL;Sim;Ingestão de álcool pelo condutor;1;Colisão traseira;Com Vítimas Feridas;Pleno dia;Crescente;Céu Claro;Dupla;"Viaduto;Declive;Curva";Sim;1194984.0;Motocicleta;YAMAHA/YS150 FAZER ED;2014.0;Condutor;Lesões Leves;40.0;Masculino;0.0;1.0;0.0;0.0;-5,8478735;-35,208942;SPRF-RN;DEL01-RN;UOP01-DEL01-RN
664030.0;1497686.0;2025-02-27;quinta-feira;15:55:00;RN;101.0;96;NATAL;Sim;Ingestão de álcool pelo condutor;1;Colisão traseira;Com Vítimas Feridas;Pleno dia;Crescente;Céu Claro;Dupla;"Viaduto;Declive;Curva";Sim;1194983.0;Caminhonete;GM/MONTANA CONQUEST;2008.0;Condutor;Ileso;41.0;Masculino;1.0;0.0;0.0;0.0;-5,8478735;-35,208942;SPRF-RN;DEL01-RN;UOP01-DEL01-RN
665443.0;1501455.0;2025-03-06;quinta-feira;07:30:00;RN;101.0;79;NATAL;Sim;Retorno proibido;3;Queda de ocupante de veículo;Com Vítimas Feridas;Pleno dia;Decrescente;Sol;Dupla;Reta;Sim;1197898.0;Ciclomotor;I/SHINERAY XY 50 Q;2014.0;Condutor;Lesões Graves;75.0;Masculino;0.0;0.0;1.0;0.0;-5,75340939;-35,28881335;SPRF-RN;DEL02-RN;UOP01-DEL02-RN
665443.0;1501454.0;2025-03-06;quinta-feira;07:30:00;RN;101.0;79;NATAL;Sim;Retorno proibido;3;Queda de ocupante de veículo;Com Vítimas Feridas;Pleno dia;Decrescente;Sol;Dupla;Reta;Sim;1197893.0;Motocicleta;YAMAHA/YBR125I FACTOR ED;2021.0;Condutor;Lesões Graves;42.0;Masculino;0.0;0.0;1.0;0.0;-5,75340939;-35,28881335;SPRF-RN;DEL02-RN;UOP01-DEL02-RN
665443.0;1501455.0;2025-03-06;quinta-feira;07:30:00;RN;101.0;79;NATAL;Sim;Retorno proibido;2;Tombamento;Com Vítimas Feridas;Pleno dia;Decrescente;Sol;Dupla;Reta;Sim;1197898.0;Ciclomotor;I/SHINERAY XY 50 Q;2014.0;Condutor;Lesões Graves;75.0;Masculino;0.0;0.0;1.0;0.0;-5,75340939;-35,28881335;SPRF-RN;DEL02-RN;UOP01-DEL02-RN
665443.0;1501454.0;2025-03-06;quinta-feira;07:30:00;RN;101.0;79;NATAL;Sim;Retorno proibido;2;Tombamento;Com Vítimas Feridas;Pleno dia;Decrescente;Sol;Dupla;Reta;Sim;1197893.0;Motocicleta;YAMAHA/YBR125I FACTOR ED;2021.0;Condutor;Lesões Graves;42.0;Masculino;0.0;0.0;1.0;0.0;-5,75340939;-35,28881335;SPRF-RN;DEL02-RN;UOP01-DEL02-RN
665443.0;1501455.0;2025-03-06;quinta-feira;07:30:00;RN;101.0;79;NATAL;Sim;Retorno proibido;1;Colisão transversal;Com Vítimas Feridas;Pleno dia;Decrescente;Sol;Dupla;Reta;Sim;1197898.0;Ciclomotor;I/SHINERAY XY 50 Q;2014.0;Condutor;Lesões Graves;75.0;Masculino;0.0;0.0;1.0;0.0;-5,75340939;-35,28881335;SPRF-RN;DEL02-RN;UOP01-DEL02-RN
665443.0;1501454.0;2025-03-06;quinta-feira;07:30:00;RN;101.0;79;NATAL;Sim;Retorno proibido;1;Colisão transversal;Com Vítimas Feridas;Pleno dia;Decrescente;Sol;Dupla;Reta;Sim;1197893.0;Motocicleta;YAMAHA/YBR125I FACTOR ED;2021.0;Condutor;Lesões Graves;42.0;Masculino;0.0;0.0;1.0;0.0;-5,75340939;-35,28881335;SPRF-RN;DEL02-RN;UOP01-DEL02-RN
665452.0;1501237.0;2025-03-06;quinta-feira;08:30:00;RN;101.0;83,7;NATAL;Sim;Condutor deixou de manter distância do veículo da frente;1;Colisão traseira;Com Vítimas Feridas;Pleno dia;Crescente;Céu Claro;Dupla;Reta;Sim;1197738.0;Motocicleta;HONDA/CG 160 START;2017.0;Condutor;Lesões Leves;43.0;Masculino;0.0;1.0;0.0;0.0;-5,77341723;-35,25994956;SPRF-RN;DEL02-RN;UOP01-DEL02-RN
665452.0;1501235.0;2025-03-06;quinta-feira;08:30:00;RN;101.0;83,7;NATAL;Sim;Condutor deixou de manter distância do veículo da frente;1;Colisão traseira;Com Vítimas Feridas;Pleno dia;Crescente;Céu Claro;Dupla;Reta;Sim;1197737.0;Motocicleta;YAMAHA/CROSSER S ABS;2024.0;Condutor;Lesões Leves;34.0;Masculino;0.0;1.0;0.0;0.0;-5,77341723;-35,25994956;SPRF-RN;DEL02-RN;UOP01-DEL02-RN
665778.0;1502062.0;2025-03-07;sexta-feira;17:30:00;RN;226.0;4,4;NATAL;Sim;Conversão proibida;1;Colisão transversal;Com Vítimas Feridas;Anoitecer;Crescente;Céu Claro;Simples;Reta;Sim;1198359.0;Motocicleta;HONDA/CG 160 START;2021.0;Condutor;Lesões Leves;25.0;Feminino;0.0;1.0;0.0;0.0;-5,819147;-35,263328;SPRF-RN;DEL01-RN;UOP02-DEL01-RN
665778.0;1502060.0;2025-03-07;sexta-feira;17:30:00;RN;226.0;4,4;NATAL;Sim;Conversão proibida;1;Colisão transversal;Com Vítimas Feridas;Anoitecer;Crescente;Céu Claro;Simples;Reta;Sim;1198358.0;Automóvel;HYUNDAI/HB20 10M VISION;2021.0;Passageiro;Ileso;43.0;Masculino;1.0;0.0;0.0;0.0;-5,819147;-35,263328;SPRF-RN;DEL01-RN;UOP02-DEL01-RN
665778.0;1502059.0;2025-03-07;sexta-feira;17:30:00;RN;226.0;4,4;NATAL;Sim;Conversão proibida;1;Colisão transversal;Com Vítimas Feridas;Anoitecer;Crescente;Céu Claro;Simples;Reta;Sim;1198358.0;Automóvel;HYUNDAI/HB20 10M VISION;2021.0;Condutor;Ileso;31.0;Masculino;1.0;0.0;0.0;0.0;-5,819147;-35,263328;SPRF-RN;DEL01-RN;UOP02-DEL01-RN
666501.0;1503775.0;2025-03-11;terça-feira;06:40:00;RN;101.0;82,3;NATAL;Sim;Manobra de mudança de faixa;1;Colisão traseira;Com Vítimas Feridas;Pleno dia;Crescente;Céu Claro;Dupla;Reta;Sim;1199691.0;Motocicleta;YAMAHA/XTZ150 CROSSER E;2015.0;Condutor;Lesões Leves;36.0;Masculino;0.0;1.0;0.0;0.0;-5,768837;-35,2719342;SPRF-RN;DEL02-RN;UOP01-DEL02-RN
666501.0;1503776.0;2025-03-11;terça-feira;06:40:00;RN;101.0;82,3;NATAL;Sim;Manobra de mudança de faixa;1;Colisão traseira;Com Vítimas Feridas;Pleno dia;Crescente;Céu Claro;Dupla;Reta;Sim;1199690.0;Automóvel;CHEVROLET/ONIX 1.0MT LT;2014.0;Condutor;Ileso;50.0;Masculino;1.0;0.0;0.0;0.0;-5,768837;-35,2719342;SPRF-RN;DEL02-RN;UOP01-DEL02-RN
666502.0;1504115.0;2025-03-11;terça-feira;06:45:00;RN;101.0;82,2;NATAL;Sim;Reação tardia ou ineficiente do condutor;3;Queda de ocupante de veículo;Com Vítimas Feridas;Pleno dia;Decrescente;Nublado;Dupla;Reta;Sim;1199946.0;Motocicleta;Não Informado/Não Informado;0.0;Condutor;Não Informado;;Não Informado;0.0;0.0;0.0;0.0;-5,768837;-35,2719342;SPRF-RN;DEL02-RN;UOP01-DEL02-RN
666502.0;1503981.0;2025-03-11;terça-feira;06:45:00;RN;101.0;82,2;NATAL;Sim;Reação tardia ou ineficiente do condutor;3;Queda de ocupante de veículo;Com Vítimas Feridas;Pleno dia;Decrescente;Nublado;Dupla;Reta;Sim;1199854.0;Motocicleta;YAMAHA/XTZ 125E;2004.0;Condutor;Lesões Leves;21.0;Masculino;0.0;1.0;0.0;0.0;-5,768837;-35,2719342;SPRF-RN;DEL02-RN;UOP01-DEL02-RN
666502.0;1504115.0;2025-03-11;terça-feira;06:45:00;RN;101.0;82,2;NATAL;Sim;Reação tardia ou ineficiente do condutor;2;Tombamento;Com Vítimas Feridas;Pleno dia;Decrescente;Nublado;Dupla;Reta;Sim;1199946.0;Motocicleta;Não Informado/Não Informado;0.0;Condutor;Não Informado;;Não Informado;0.0;0.0;0.0;0.0;-5,768837;-35,2719342;SPRF-RN;DEL02-RN;UOP01-DEL02-RN
666502.0;1503981.0;2025-03-11;terça-feira;06:45:00;RN;101.0;82,2;NATAL;Sim;Reação tardia ou ineficiente do condutor;2;Tombamento;Com Vítimas Feridas;Pleno dia;Decrescente;Nublado;Dupla;Reta;Sim;1199854.0;Motocicleta;YAMAHA/XTZ 125E;2004.0;Condutor;Lesões Leves;21.0;Masculino;0.0;1.0;0.0;0.0;-5,768837;-35,2719342;SPRF-RN;DEL02-RN;UOP01-DEL02-RN
666502.0;1504115.0;2025-03-11;terça-feira;06:45:00;RN;101.0;82,2;NATAL;Sim;Reação tardia ou ineficiente do condutor;1;Colisão traseira;Com Vítimas Feridas;Pleno dia;Decrescente;Nublado;Dupla;Reta;Sim;1199946.0;Motocicleta;Não Informado/Não Informado;0.0;Condutor;Não Informado;;Não Informado;0.0;0.0;0.0;0.0;-5,768837;-35,2719342;SPRF-RN;DEL02-RN;UOP01-DEL02-RN
666502.0;1503981.0;2025-03-11;terça-feira;06:45:00;RN;101.0;82,2;NATAL;Sim;Reação tardia ou ineficiente do condutor;1;Colisão traseira;Com Vítimas Feridas;Pleno dia;Decrescente;Nublado;Dupla;Reta;Sim;1199854.0;Motocicleta;YAMAHA/XTZ 125E;2004.0;Condutor;Lesões Leves;21.0;Masculino;0.0;1.0;0.0;0.0;-5,768837;-35,2719342;SPRF-RN;DEL02-RN;UOP01-DEL02-RN
666822.0;1504585.0;2025-03-12;quarta-feira;18:00:00;RN;101.0;93,8;NATAL;Sim;Manobra de mudança de faixa;1;Colisão lateral mesmo sentido;Com Vítimas Feridas;Anoitecer;Crescente;Céu Claro;Múltipla;Interseção de Vias;Sim;1200308.0;Motocicleta;HONDA/POP100;2012.0;Condutor;Lesões Leves;45.0;Masculino;0.0;1.0;0.0;0.0;-5,82581;-35,211188;SPRF-RN;DEL01-RN;UOP01-DEL01-RN
666822.0;1504584.0;2025-03-12;quarta-feira;18:00:00;RN;101.0;93,8;NATAL;Sim;Manobra de mudança de faixa;1;Colisão lateral mesmo sentido;Com Vítimas Feridas;Anoitecer;Crescente;Céu Claro;Múltipla;Interseção de Vias;Sim;1200307.0;Automóvel;FORD/KA SE 1.0 SD C;2020.0;Condutor;Ileso;39.0;Feminino;1.0;0.0;0.0;0.0;-5,82581;-35,211188;SPRF-RN;DEL01-RN;UOP01-DEL01-RN
666913.0;1504743.0;2025-03-13;quinta-feira;06:40:00;RN;101.0;97;NATAL;Sim;Ausência de reação do condutor;2;Queda de ocupante de veículo;Com Vítimas Feridas;Pleno dia;Decrescente;Céu Claro;Dupla;Reta;Sim;1200455.0;Automóvel;TOYOTA/COROLLA GLI UPPER;2018.0;Condutor;Ileso;58.0;Masculino;1.0;0.0;0.0;0.0;-5,8511348;-35,20970869;SPRF-RN;DEL01-RN;UOP01-DEL01-RN
666913.0;1504741.0;2025-03-13;quinta-feira;06:40:00;RN;101.0;97;NATAL;Sim;Ausência de reação do condutor;2;Queda de ocupante de veículo;Com Vítimas Feridas;Pleno dia;Decrescente;Céu Claro;Dupla;Reta;Sim;1200453.0;Motocicleta;HONDA/CG 160 FAN;2023.0;Condutor;Lesões Leves;25.0;Masculino;0.0;1.0;0.0;0.0;-5,8511348;-35,20970869;SPRF-RN;DEL01-RN;UOP01-DEL01-RN
666913.0;1504743.0;2025-03-13;quinta-feira;06:40:00;RN;101.0;97;NATAL;Sim;Ausência de reação do condutor;1;Colisão traseira;Com Vítimas Feridas;Pleno dia;Decrescente;Céu Claro;Dupla;Reta;Sim;1200455.0;Automóvel;TOYOTA/COROLLA GLI UPPER;2018.0;Condutor;Ileso;58.0;Masculino;1.0;0.0;0.0;0.0;-5,8511348;-35,20970869;SPRF-RN;DEL01-RN;UOP01-DEL01-RN
666913.0;1504741.0;2025-03-13;quinta-feira;06:40:00;RN;101.0;97;NATAL;Sim;Ausência de reação do condutor;1;Colisão traseira;Com Vítimas Feridas;Pleno dia;Decrescente;Céu Claro;Dupla;Reta;Sim;1200453.0;Motocicleta;HONDA/CG 160 FAN;2023.0;Condutor;Lesões Leves;25.0;Masculino;0.0;1.0;0.0;0.0;-5,8511348;-35,20970869;SPRF-RN;DEL01-RN;UOP01-DEL01-RN
666917.0;1505011.0;2025-03-13;quinta-feira;09:00:00;RN;101.0;97;NATAL;Sim;Condutor deixou de manter distância do veículo da frente;1;Engavetamento;Com Vítimas Feridas;Pleno dia;Decrescente;Nublado;Múltipla;"Aclive;Viaduto";Sim;1200663.0;Automóvel;VW/NOVO GOL 1.0;2012.0;Condutor;Ileso;31.0;Masculino;1.0;0.0;0.0;0.0;-5,85972393;-35,2138263;SPRF-RN;DEL01-RN;UOP01-DEL01-RN
666917.0;1505016.0;2025-03-13;quinta-feira;09:00:00;RN;101.0;97;NATAL;Sim;Condutor deixou de manter distância do veículo da frente;1;Engavetamento;Com Vítimas Feridas;Pleno dia;Decrescente;Nublado;Múltipla;"Aclive;Viaduto";Sim;1200663.0;Automóvel;VW/NOVO GOL 1.0;2012.0;Passageiro;Lesões Leves;3.0;Masculino;0.0;1.0;0.0;0.0;-5,85972393;-35,2138263;SPRF-RN;DEL01-RN;UOP01-DEL01-RN
666917.0;1505015.0;2025-03-13;quinta-feira;09:00:00;RN;101.0;97;NATAL;Sim;Condutor deixou de manter distância do veículo da frente;1;Engavetamento;Com Vítimas Feridas;Pleno dia;Decrescente;Nublado;Múltipla;"Aclive;Viaduto";Sim;1200663.0;Automóvel;VW/NOVO GOL 1.0;2012.0;Passageiro;Ileso;29.0;Feminino;1.0;0.0;0.0;0.0;-5,85972393;-35,2138263;SPRF-RN;DEL01-RN;UOP01-DEL01-RN
666917.0;1505014.0;2025-03-13;quinta-feira;09:00:00;RN;101.0;97;NATAL;Sim;Condutor deixou de manter distância do veículo da frente;1;Engavetamento;Com Vítimas Feridas;Pleno dia;Decrescente;Nublado;Múltipla;"Aclive;Viaduto";Sim;1200666.0;Automóvel;VW/NOVO VOYAGE 1.0;2012.0;Condutor;Ileso;45.0;Masculino;1.0;0.0;0.0;0.0;-5,85972393;-35,2138263;SPRF-RN;DEL01-RN;UOP01-DEL01-RN
666917.0;1505013.0;2025-03-13;quinta-feira;09:00:00;RN;101.0;97;NATAL;Sim;Condutor deixou de manter distância do veículo da frente;1;Engavetamento;Com Vítimas Feridas;Pleno dia;Decrescente;Nublado;Múltipla;"Aclive;Viaduto";Sim;1200665.0;Automóvel;RENAULT/LOGAN EXP 1016V;2007.0;Condutor;Ileso;56.0;Masculino;1.0;0.0;0.0;0.0;-5,85972393;-35,2138263;SPRF-RN;DEL01-RN;UOP01-DEL01-RN
666986.0;1508328.0;2025-03-13;quinta-feira;16:55:00;RN;101.0;95;NATAL;Sim;Manobra de mudança de faixa;3;Queda de ocupante de veículo;Com Vítimas Feridas;Pleno dia;Decrescente;Céu Claro;Múltipla;Reta;Sim;1200802.0;Automóvel;Não Informado/Não Informado;0.0;Condutor;Não Informado;;Não Informado;0.0;0.0;0.0;0.0;-5,84223729;-35,20991629;SPRF-RN;DEL01-RN;UOP01-DEL01-RN
666986.0;1505181.0;2025-03-13;quinta-feira;16:55:00;RN;101.0;95;NATAL;Sim;Manobra de mudança de faixa;3;Queda de ocupante de veículo;Com Vítimas Feridas;Pleno dia;Decrescente;Céu Claro;Múltipla;Reta;Sim;1200801.0;Motoneta;HONDA/PCX 160 ABS;2022.0;Passageiro;Lesões Leves;43.0;Feminino;0.0;1.0;0.0;0.0;-5,84223729;-35,20991629;SPRF-RN;DEL01-RN;UOP01-DEL01-RN
666986.0;1505180.0;2025-03-13;quinta-feira;16:55:00;RN;101.0;95;NATAL;Sim;Manobra de mudança de faixa;3;Queda de ocupante de veículo;Com Vítimas Feridas;Pleno dia;Decrescente;Céu Claro;Múltipla;Reta;Sim;1200801.0;Motoneta;HONDA/PCX 160 ABS;2022.0;Condutor;Lesões Leves;57.0;Masculino;0.0;1.0;0.0;0.0;-5,84223729;-35,20991629;SPRF-RN;DEL01-RN;UOP01-DEL01-RN
666986.0;1508328.0;2025-03-13;quinta-feira;16:55:00;RN;101.0;95;NATAL;Sim;Manobra de mudança de faixa;2;Tombamento;Com Vítimas Feridas;Pleno dia;Decrescente;Céu Claro;Múltipla;Reta;Sim;1200802.0;Automóvel;Não Informado/Não Informado;0.0;Condutor;Não Informado;;Não Informado;0.0;0.0;0.0;0.0;-5,84223729;-35,20991629;SPRF-RN;DEL01-RN;UOP01-DEL01-RN
666986.0;1505181.0;2025-03-13;quinta-feira;16:55:00;RN;101.0;95;NATAL;Sim;Manobra de mudança de faixa;2;Tombamento;Com Vítimas Feridas;Pleno dia;Decrescente;Céu Claro;Múltipla;Reta;Sim;1200801.0;Motoneta;HONDA/PCX 160 ABS;2022.0;Passageiro;Lesões Leves;43.0;Feminino;0.0;1.0;0.0;0.0;-5,84223729;-35,20991629;SPRF-RN;DEL01-RN;UOP01-DEL01-RN
666986.0;1505180.0;2025-03-13;quinta-feira;16:55:00;RN;101.0;95;NATAL;Sim;Manobra de mudança de faixa;2;Tombamento;Com Vítimas Feridas;Pleno dia;Decrescente;Céu Claro;Múltipla;Reta;Sim;1200801.0;Motoneta;HONDA/PCX 160 ABS;2022.0;Condutor;Lesões Leves;57.0;Masculino;0.0;1.0;0.0;0.0;-5,84223729;-35,20991629;SPRF-RN;DEL01-RN;UOP01-DEL01-RN
666986.0;1508328.0;2025-03-13;quinta-feira;16:55:00;RN;101.0;95;NATAL;Sim;Manobra de mudança de faixa;1;Colisão traseira;Com Vítimas Feridas;Pleno dia;Decrescente;Céu Claro;Múltipla;Reta;Sim;1200802.0;Automóvel;Não Informado/Não Informado;0.0;Condutor;Não Informado;;Não Informado;0.0;0.0;0.0;0.0;-5,84223729;-35,20991629;SPRF-RN;DEL01-RN;UOP01-DEL01-RN
666986.0;1505181.0;2025-03-13;quinta-feira;16:55:00;RN;101.0;95;NATAL;Sim;Manobra de mudança de faixa;1;Colisão traseira;Com Vítimas Feridas;Pleno dia;Decrescente;Céu Claro;Múltipla;Reta;Sim;1200801.0;Motoneta;HONDA/PCX 160 ABS;2022.0;Passageiro;Lesões Leves;43.0;Feminino;0.0;1.0;0.0;0.0;-5,84223729;-35,20991629;SPRF-RN;DEL01-RN;UOP01-DEL01-RN
666986.0;1505180.0;2025-03-13;quinta-feira;16:55:00;RN;101.0;95;NATAL;Sim;Manobra de mudança de faixa;1;Colisão traseira;Com Vítimas Feridas;Pleno dia;Decrescente;Céu Claro;Múltipla;Reta;Sim;1200801.0;Motoneta;HONDA/PCX 160 ABS;2022.0;Condutor;Lesões Leves;57.0;Masculino;0.0;1.0;0.0;0.0;-5,84223729;-35,20991629;SPRF-RN;DEL01-RN;UOP01-DEL01-RN
667598.0;1506436.0;2025-03-16;domingo;10:50:00;RN;101.0;95;NATAL;Sim;Manobra de mudança de faixa;1;Colisão lateral mesmo sentido;Com Vítimas Feridas;Pleno dia;Crescente;Chuva;Múltipla;Reta;Não;1201806.0;Motocicleta;MOTTU/SPORT 110I;2023.0;Condutor;Lesões Leves;21.0;Masculino;0.0;1.0;0.0;0.0;-5,83110949;-35,21192729;SPRF-RN;DEL01-RN;UOP01-DEL01-RN
667598.0;1506434.0;2025-03-16;domingo;10:50:00;RN;101.0;95;NATAL;Sim;Manobra de mudança de faixa;1;Colisão lateral mesmo sentido;Com Vítimas Feridas;Pleno dia;Crescente;Chuva;Múltipla;Reta;Não;1201805.0;Automóvel;VW/VOYAGE CITY MB;2014.0;Condutor;Ileso;27.0;Masculino;1.0;0.0;0.0;0.0;-5,83110949;-35,21192729;SPRF-RN;DEL01-RN;UOP01-DEL01-RN
667849.0;1507499.0;2025-03-17;segunda-feira;13:00:00;RN;101.0;95;NATAL;Sim;Reação tardia ou ineficiente do condutor;1;Tombamento;Com Vítimas Feridas;Pleno dia;Crescente;Céu Claro;Dupla;Curva;Sim;1202589.0;Motocicleta;MOTTU/SPORT 110I;2024.0;Condutor;Lesões Leves;49.0;Masculino;0.0;1.0;0.0;0.0;-5,84548627;-35,20856917;SPRF-RN;DEL01-RN;UOP01-DEL01-RN