id;pesid;data_inversa;dia_semana;horario;uf;br;km;municipio;causa_principal;causa_acidente;ordem_tipo_acidente;tipo_acidente;classificacao_acidente;fase_dia;sentido_via;condicao_metereologica;tipo_pista;tracado_via;uso_solo;id_veiculo;tipo_veiculo;marca;ano_fabricacao_veiculo;tipo_envolvido;estado_fisico;idade;sexo;ilesos;feridos_leves;feridos_graves;mortos;latitude;longitude;regional;delegacia;uop
672708.0;1518836.0;2025-04-10;quinta-feira;07:57:00;RN;226.0;2,6;NATAL;Sim;Transitar na contramão;2;Tombamento;Com Vítimas Feridas;Pleno dia;Decrescente;Céu Claro;Simples;Reta;Sim;1211916.0;Automóvel;FIAT/PALIO EX;1998.0;Condutor;Ileso;41.0;Masculino;1.0;0.0;0.0;0.0;-5,818138;-35,250395;SPRF-RN;DEL01-RN;UOP02-DEL01-RN
672708.0;1518835.0;2025-04-10;quinta-feira;07:57:00;RN;226.0;2,6;NATAL;Sim;Transitar na contramão;2;Tombamento;Com Vítimas Feridas;Pleno dia;Decrescente;Céu Claro;Simples;Reta;Sim;1211913.0;Motocicleta;YAMAHA/YBR125 FACTOR K1;2014.0;Condutor;Lesões Leves;25.0;Masculino;0.0;1.0;0.0;0.0;-5,818138;-35,250395;SPRF-RN;DEL01-RN;UOP02-DEL01-RN
672708.0;1518836.0;2025-04-10;quinta-feira;07:57:00;RN;226.0;2,6;NATAL;Sim;Transitar na contramão;1;Colisão frontal;Com Vítimas Feridas;Pleno dia;Decrescente;Céu Claro;Simples;Reta;Sim;1211916.0;Automóvel;FIAT/PALIO EX;1998.0;Condutor;Ileso;41.0;Masculino;1.0;0.0;0.0;0.0;-5,818138;-35,250395;SPRF-RN;DEL01-RN;UOP02-DEL01-RN
672708.0;1518835.0;2025-04-10;quinta-feira;07:57:00;RN;226.0;2,6;NATAL;Sim;Transitar na contramão;1;Colisão frontal;Com Vítimas Feridas;Pleno dia;Decrescente;Céu Claro;Simples;Reta;Sim;1211913.0;Motocicleta;YAMAHA/YBR125 FACTOR K1;2014.0;Condutor;Lesões Leves;25.0;Masculino;0.0;1.0;0.0;0.0;-5,818138;-35,250395;SPRF-RN;DEL01-RN;UOP02-DEL01-RN
672781.0;1518742.0;2025-04-10;quinta-feira;17:10:00;RN;101.0;95;NATAL;Sim;Condutor deixou de manter distância do veículo da frente;3;Eventos atípicos;Com Vítimas Feridas;Plena Noite;Decrescente;Céu Claro;Dupla;Reta;Sim;1211851.0;Automóvel;TOYOTA/YARIS SD XLPLUSAT;2019.0;Condutor;Ileso;39.0;Feminino;1.0;0.0;0.0;0.0;-5,836036;-35,211708;SPRF-RN;DEL01-RN;UOP01-DEL01-RN
672781.0;1518744.0;2025-04-10;quinta-feira;17:10:00;RN;101.0;95;NATAL;Sim;Condutor deixou de manter distância do veículo da frente;3;Eventos atípicos;Com Vítimas Feridas;Plena Noite;Decrescente;Céu Claro;Dupla;Reta;Sim;1211852.0;Ônibus;VW/MASCA GRANVIA MT O;2024.0;Condutor;Ileso;25.0;Masculino;1.0;0.0;0.0;0.0;-5,836036;-35,211708;SPRF-RN;DEL01-RN;UOP01-DEL01-RN
672781.0;1518780.0;2025-04-10;quinta-feira;17:10:00;RN;101.0;95;NATAL;Sim;Condutor deixou de manter distância do veículo da frente;3;Eventos atípicos;Com Vítimas Feridas;Plena Noite;Decrescente;Céu Claro;Dupla;Reta;Sim;1211856.0;Ciclomotor;MOTO TRAXX/JL50Q-8;2013.0;Condutor;Lesões Leves;41.0;Masculino;0.0;1.0;0.0;0.0;-5,836036;-35,211708;SPRF-RN;DEL01-RN;UOP01-DEL01-RN
672781.0;1518742.0;2025-04-10;quinta-feira;17:10:00;RN;101.0;95;NATAL;Sim;Condutor deixou de manter distância do veículo da frente;2;Tombamento;Com Vítimas Feridas;Plena Noite;Decrescente;Céu Claro;Dupla;Reta;Sim;1211851.0;Automóvel;TOYOTA/YARIS SD XLPLUSAT;2019.0;Condutor;Ileso;39.0;Feminino;1.0;0.0;0.0;0.0;-5,836036;-35,211708;SPRF-RN;DEL01-RN;UOP01-DEL01-RN
672781.0;1518744.0;2025-04-10;quinta-feira;17:10:00;RN;101.0;95;NATAL;Sim;Condutor deixou de manter distância do veículo da frente;2;Tombamento;Com Vítimas Feridas;Plena Noite;Decrescente;Céu Claro;Dupla;Reta;Sim;1211852.0;Ônibus;VW/MASCA GRANVIA MT O;2024.0;Condutor;Ileso;25.0;Masculino;1.0;0.0;0.0;0.0;-5,836036;-35,211708;SPRF-RN;DEL01-RN;UOP01-DEL01-RN
672781.0;1518780.0;2025-04-10;quinta-feira;17:10:00;RN;101.0;95;NATAL;Sim;Condutor deixou de manter distância do veículo da frente;2;Tombamento;Com Vítimas Feridas;Plena Noite;Decrescente;Céu Claro;Dupla;Reta;Sim;1211856.0;Ciclomotor;MOTO TRAXX/JL50Q-8;2013.0;Condutor;Lesões Leves;41.0;Masculino;0.0;1.0;0.0;0.0;-5,836036;-35,211708;SPRF-RN;DEL01-RN;UOP01-DEL01-RN
672781.0;1518742.0;2025-04-10;quinta-feira;17:10:00;RN;101.0;95;NATAL;Sim;Condutor deixou de manter distância do veículo da frente;1;Colisão traseira;Com Vítimas Feridas;Plena Noite;Decrescente;Céu Claro;Dupla;Reta;Sim;1211851.0;Automóvel;TOYOTA/YARIS SD XLPLUSAT;2019.0;Condutor;Ileso;39.0;Feminino;1.0;0.0;0.0;0.0;-5,836036;-35,211708;SPRF-RN;DEL01-RN;UOP01-DEL01-RN
672781.0;1518744.0;2025-04-10;quinta-feira;17:10:00;RN;101.0;95;NATAL;Sim;Condutor deixou de manter distância do veículo da frente;1;Colisão traseira;Com Vítimas Feridas;Plena Noite;Decrescente;Céu Claro;Dupla;Reta;Sim;1211852.0;Ônibus;VW/MASCA GRANVIA MT O;2024.0;Condutor;Ileso;25.0;Masculino;1.0;0.0;0.0;0.0;-5,836036;-35,211708;SPRF-RN;DEL01-RN;UOP01-DEL01-RN
672781.0;1518780.0;2025-04-10;quinta-feira;17:10:00;RN;101.0;95;NATAL;Sim;Condutor deixou de manter distância do veículo da frente;1;Colisão traseira;Com Vítimas Feridas;Plena Noite;Decrescente;Céu Claro;Dupla;Reta;Sim;1211856.0;Ciclomotor;MOTO TRAXX/JL50Q-8;2013.0;Condutor;Lesões Leves;41.0;Masculino;0.0;1.0;0.0;0.0;-5,836036;-35,211708;SPRF-RN;DEL01-RN;UOP01-DEL01-RN
673776.0;1521027.0;2025-04-15;terça-feira;07:15:00;RN;101.0;75;NATAL;Não;Acesso irregular;1;Colisão transversal;Com Vítimas Feridas;Pleno dia;Decrescente;Céu Claro;Simples;Curva;Não;1213788.0;Motocicleta;HONDA/CG 160 FAN;2022.0;Passageiro;Ileso;;Feminino;1.0;0.0;0.0;0.0;-5,722442;-35,277303;SPRF-RN;DEL02-RN;UOP01-DEL02-RN
673776.0;1521026.0;2025-04-15;terça-feira;07:15:00;RN;101.0;75;NATAL;Não;Acesso irregular;1;Colisão transversal;Com Vítimas Feridas;Pleno dia;Decrescente;Céu Claro;Simples;Curva;Não;1213788.0;Motocicleta;HONDA/CG 160 FAN;2022.0;Condutor;Lesões Leves;33.0;Masculino;0.0;1.0;0.0;0.0;-5,722442;-35,277303;SPRF-RN;DEL02-RN;UOP01-DEL02-RN
673776.0;1521025.0;2025-04-15;terça-feira;07:15:00;RN;101.0;75;NATAL;Não;Acesso irregular;1;Colisão transversal;Com Vítimas Feridas;Pleno dia;Decrescente;Céu Claro;Simples;Curva;Não;1213787.0;Motocicleta;HONDA/CG 125 TITAN KS;2001.0;Condutor;Ileso;28.0;Masculino;1.0;0.0;0.0;0.0;-5,722442;-35,277303;SPRF-RN;DEL02-RN;UOP01-DEL02-RN
673776.0;1521027.0;2025-04-15;terça-feira;07:15:00;RN;101.0;75;NATAL;Sim;Acessar a via sem observar a presença dos outros veículos;1;Colisão transversal;Com Vítimas Feridas;Pleno dia;Decrescente;Céu Claro;Simples;Curva;Não;1213788.0;Motocicleta;HONDA/CG 160 FAN;2022.0;Passageiro;Ileso;;Feminino;1.0;0.0;0.0;0.0;-5,722442;-35,277303;SPRF-RN;DEL02-RN;UOP01-DEL02-RN
673776.0;1521026.0;2025-04-15;terça-feira;07:15:00;RN;101.0;75;NATAL;Sim;Acessar a via sem observar a presença dos outros veículos;1;Colisão transversal;Com Vítimas Feridas;Pleno dia;Decrescente;Céu Claro;Simples;Curva;Não;1213788.0;Motocicleta;HONDA/CG 160 FAN;2022.0;Condutor;Lesões Leves;33.0;Masculino;0.0;1.0;0.0;0.0;-5,722442;-35,277303;SPRF-RN;DEL02-RN;UOP01-DEL02-RN
673776.0;1521025.0;2025-04-15;terça-feira;07:15:00;RN;101.0;75;NATAL;Sim;Acessar a via sem observar a presença dos outros veículos;1;Colisão transversal;Com Vítimas Feridas;Pleno dia;Decrescente;Céu Claro;Simples;Curva;Não;1213787.0;Motocicleta;HONDA/CG 125 TITAN KS;2001.0;Condutor;Ileso;28.0;Masculino;1.0;0.0;0.0;0.0;-5,722442;-35,277303;SPRF-RN;DEL02-RN;UOP01-DEL02-RN
673787.0;1521109.0;2025-04-15;terça-feira;07:48:00;RN;101.0;96;NATAL;Sim;Manobra de mudança de faixa;1;Colisão lateral mesmo sentido;Com Vítimas Feridas;Pleno dia;Crescente;Céu Claro;Dupla;Reta;Sim;1213856.0;Caminhonete;RENAULT/MASTER FLASH AM5;2024.0;Condutor;Ileso;48.0;Masculino;1.0;0.0;0.0;0.0;-5,85267;-35,21067;SPRF-RN;DEL01-RN;UOP01-DEL01-RN
673787.0;1521111.0;2025-04-15;terça-feira;07:48:00;RN;101.0;96;NATAL;Sim;Manobra de mudança de faixa;1;Colisão lateral mesmo sentido;Com Vítimas Feridas;Pleno dia;Crescente;Céu Claro;Dupla;Reta;Sim;1213857.0;Motocicleta;MOTTU/SPORT 110I;2023.0;Passageiro;Lesões Leves;25.0;Feminino;0.0;1.0;0.0;0.0;-5,85267;-35,21067;SPRF-RN;DEL01-RN;UOP01-DEL01-RN
673787.0;1521110.0;2025-04-15;terça-feira;07:48:00;RN;101.0;96;NATAL;Sim;Manobra de mudança de faixa;1;Colisão lateral mesmo sentido;Com Vítimas Feridas;Pleno dia;Crescente;Céu Claro;Dupla;Reta;Sim;1213857.0;Motocicleta;MOTTU/SPORT 110I;2023.0;Condutor;Lesões Leves;30.0;Masculino;0.0;1.0;0.0;0.0;-5,85267;-35,21067;SPRF-RN;DEL01-RN;UOP01-DEL01-RN
673984.0;1521874.0;2025-04-16;quarta-feira;07:35:00;RN;101.0;84;NATAL;Sim;Condutor deixou de manter distância do veículo da frente;1;Colisão transversal;Com Vítimas Feridas;Pleno dia;Crescente;Céu Claro;Dupla;Reta;Não;1214288.0;Motocicleta;Não Informado/Não Informado;0.0;Condutor;Não Informado;;Não Informado;0.0;0.0;0.0;0.0;-5,77529109;-35,25503039;SPRF-RN;DEL02-RN;UOP01-DEL02-RN
673984.0;1521682.0;2025-04-16;quarta-feira;07:35:00;RN;101.0;84;NATAL;Sim;Condutor deixou de manter distância do veículo da frente;1;Colisão transversal;Com Vítimas Feridas;Pleno dia;Crescente;Céu Claro;Dupla;Reta;Não;1214289.0;Motocicleta;HONDA/CG 160 FAN;2022.0;Passageiro;Lesões Leves;42.0;Feminino;0.0;1.0;0.0;0.0;-5,77529109;-35,25503039;SPRF-RN;DEL02-RN;UOP01-DEL02-RN
673984.0;1521681.0;2025-04-16;quarta-feira;07:35:00;RN;101.0;84;NATAL;Sim;Condutor deixou de manter distância do veículo da frente;1;Colisão transversal;Com Vítimas Feridas;Pleno dia;Crescente;Céu Claro;Dupla;Reta;Não;1214289.0;Motocicleta;HONDA/CG 160 FAN;2022.0;Condutor;Lesões Leves;39.0;Masculino;0.0;1.0;0.0;0.0;-5,77529109;-35,25503039;SPRF-RN;DEL02-RN;UOP01-DEL02-RN
685449.0;1522265.0;2025-04-17;quinta-feira;15:15:00;RN;226.0;1;NATAL;Sim;Acessar a via sem observar a presença dos outros veículos;1;Colisão transversal;Com Vítimas Feridas;Pleno dia;Crescente;Céu Claro;Simples;Reta;Sim;1214743.0;Motocicleta;HONDA/XRE 300 ABS;2021.0;Condutor;Lesões Graves;46.0;Masculino;0.0;0.0;1.0;0.0;-5,802417;-35,237618;SPRF-RN;DEL01-RN;UOP02-DEL01-RN
685449.0;1522263.0;2025-04-17;quinta-feira;15:15:00;RN;226.0;1;NATAL;Sim;Acessar a via sem observar a presença dos outros veículos;1;Colisão transversal;Com Vítimas Feridas;Pleno dia;Crescente;Céu Claro;Simples;Reta;Sim;1214742.0;Automóvel;NISSAN/KICKS SV CVT;2018.0;Condutor;Ileso;48.0;Masculino;1.0;0.0;0.0;0.0;-5,802417;-35,237618;SPRF-RN;DEL01-RN;UOP02-DEL01-RN
685476.0;1525482.0;2025-04-17;quinta-feira;17:45:00;RN;101.0;83;NATAL;Sim;Reação tardia ou ineficiente do condutor;3;Tombamento;Com Vítimas Feridas;Anoitecer;Decrescente;Céu Claro;Dupla;Reta;Sim;1214786.0;Motocicleta;Não Informado/Não Informado;0.0;Condutor;Não Informado;;Não Informado;0.0;0.0;0.0;0.0;-5,8053;-35,208;SPRF-RN;DEL02-RN;UOP01-DEL02-RN
685476.0;1522327.0;2025-04-17;quinta-feira;17:45:00;RN;101.0;83;NATAL;Sim;Reação tardia ou ineficiente do condutor;3;Tombamento;Com Vítimas Feridas;Anoitecer;Decrescente;Céu Claro;Dupla;Reta;Sim;1214780.0;Motocicleta;HONDA/CG 160 TITAN;2024.0;Condutor;Ileso;43.0;Masculino;1.0;0.0;0.0;0.0;-5,8053;-35,208;SPRF-RN;DEL02-RN;UOP01-DEL02-RN
685476.0;1522325.0;2025-04-17;quinta-feira;17:45:00;RN;101.0;83;NATAL;Sim;Reação tardia ou ineficiente do condutor;3;Tombamento;Com Vítimas Feridas;Anoitecer;Decrescente;Céu Claro;Dupla;Reta;Sim;1214780.0;Motocicleta;HONDA/CG 160 TITAN;2024.0;Passageiro;Lesões Leves;30.0;Feminino;0.0;1.0;0.0;0.0;-5,8053;-35,208;SPRF-RN;DEL02-RN;UOP01-DEL02-RN
685476.0;1525482.0;2025-04-17;quinta-feira;17:45:00;RN;101.0;83;NATAL;Sim;Reação tardia ou ineficiente do condutor;2;Queda de ocupante de veículo;Com Vítimas Feridas;Anoitecer;Decrescente;Céu Claro;Dupla;Reta;Sim;1214786.0;Motocicleta;Não Informado/Não Informado;0.0;Condutor;Não Informado;;Não Informado;0.0;0.0;0.0;0.0;-5,8053;-35,208;SPRF-RN;DEL02-RN;UOP01-DEL02-RN
685476.0;1522327.0;2025-04-17;quinta-feira;17:45:00;RN;101.0;83;NATAL;Sim;Reação tardia ou ineficiente do condutor;2;Queda de ocupante de veículo;Com Vítimas Feridas;Anoitecer;Decrescente;Céu Claro;Dupla;Reta;Sim;1214780.0;Motocicleta;HONDA/CG 160 TITAN;2024.0;Condutor;Ileso;43.0;Masculino;1.0;0.0;0.0;0.0;-5,8053;-35,208;SPRF-RN;DEL02-RN;UOP01-DEL02-RN
685476.0;1522325.0;2025-04-17;quinta-feira;17:45:00;RN;101.0;83;NATAL;Sim;Reação tardia ou ineficiente do condutor;2;Queda de ocupante de veículo;Com Vítimas Feridas;Anoitecer;Decrescente;Céu Claro;Dupla;Reta;Sim;1214780.0;Motocicleta;HONDA/CG 160 TITAN;2024.0;Passageiro;Lesões Leves;30.0;Feminino;0.0;1.0;0.0;0.0;-5,8053;-35,208;SPRF-RN;DEL02-RN;UOP01-DEL02-RN
685476.0;1525482.0;2025-04-17;quinta-feira;17:45:00;RN;101.0;83;NATAL;Sim;Reação tardia ou ineficiente do condutor;1;Colisão traseira;Com Vítimas Feridas;Anoitecer;Decrescente;Céu Claro;Dupla;Reta;Sim;1214786.0;Motocicleta;Não Informado/Não Informado;0.0;Condutor;Não Informado;;Não Informado;0.0;0.0;0.0;0.0;-5,8053;-35,208;SPRF-RN;DEL02-RN;UOP01-DEL02-RN
685476.0;1522327.0;2025-04-17;quinta-feira;17:45:00;RN;101.0;83;NATAL;Sim;Reação tardia ou ineficiente do condutor;1;Colisão traseira;Com Vítimas Feridas;Anoitecer;Decrescente;Céu Claro;Dupla;Reta;Sim;1214780.0;Motocicleta;HONDA/CG 160 TITAN;2024.0;Condutor;Ileso;43.0;Masculino;1.0;0.0;0.0;0.0;-5,8053;-35,208;SPRF-RN;DEL02-RN;UOP01-DEL02-RN
685476.0;1522325.0;2025-04-17;quinta-feira;17:45:00;RN;101.0;83;NATAL;Sim;Reação tardia ou ineficiente do condutor;1;Colisão traseira;Com Vítimas Feridas;Anoitecer;Decrescente;Céu Claro;Dupla;Reta;Sim;1214780.0;Motocicleta;HONDA/CG 160 TITAN;2024.0;Passageiro;Lesões Leves;30.0;Feminino;0.0;1.0;0.0;0.0;-5,8053;-35,208;SPRF-RN;DEL02-RN;UOP01-DEL02-RN
685560.0;1525823.0;2025-04-17;quinta-feira;21:00:00;RN;;;NATAL;Não;Acesso irregular;1;Colisão traseira;Sem Vítimas;Plena Noite;Não Informado;Céu Claro;Simples;Reta;Sim;1214886.0;Automóvel;FIAT/ARGO 1.0;2022.0;Condutor;Ileso;52.0;Masculino;1.0;0.0;0.0;0.0;-5,8608147;-35,207945;SPRF-RN;DEL01-RN;UOP01-DEL01-RN
685560.0;1525822.0;2025-04-17;quinta-feira;21:00:00;RN;;;NATAL;Não;Acesso irregular;1;Colisão traseira;Sem Vítimas;Plena Noite;Não Informado;Céu Claro;Simples;Reta;Sim;1217276.0;Utilitário;CHEV/TRAILBLAZER LT D4A;2020.0;Condutor;Ileso;45.0;Masculino;1.0;0.0;0.0;0.0;-5,8608147;-35,207945;SPRF-RN;DEL01-RN;UOP01-DEL01-RN
685560.0;1525823.0;2025-04-17;quinta-feira;21:00:00;RN;;;NATAL;Não;Velocidade Incompatível;1;Colisão traseira;Sem Vítimas;Plena Noite;Não Informado;Céu Claro;Simples;Reta;Sim;1214886.0;Automóvel;FIAT/ARGO 1.0;2022.0;Condutor;Ileso;52.0;Masculino;1.0;0.0;0.0;0.0;-5,8608147;-35,207945;SPRF-RN;DEL01-RN;UOP01-DEL01-RN
685560.0;1525822.0;2025-04-17;quinta-feira;21:00:00;RN;;;NATAL;Não;Velocidade Incompatível;1;Colisão traseira;Sem Vítimas;Plena Noite;Não Informado;Céu Claro;Simples;Reta;Sim;1217276.0;Utilitário;CHEV/TRAILBLAZER LT D4A;2020.0;Condutor;Ileso;45.0;Masculino;1.0;0.0;0.0;0.0;-5,8608147;-35,207945;SPRF-RN;DEL01-RN;UOP01-DEL01-RN
685560.0;1525823.0;2025-04-17;quinta-feira;21:00:00;RN;;;NATAL;Sim;Acumulo de areia ou detritos sobre o pavimento;1;Colisão traseira;Sem Vítimas;Plena Noite;Não Informado;Céu Claro;Simples;Reta;Sim;1214886.0;Automóvel;FIAT/ARGO 1.0;2022.0;Condutor;Ileso;52.0;Masculino;1.0;0.0;0.0;0.0;-5,8608147;-35,207945;SPRF-RN;DEL01-RN;UOP01-DEL01-RN
685560.0;1525822.0;2025-04-17;quinta-feira;21:00:00;RN;;;NATAL;Sim;Acumulo de areia ou detritos sobre o pavimento;1;Colisão traseira;Sem Vítimas;Plena Noite;Não Informado;Céu Claro;Simples;Reta;Sim;1217276.0;Utilitário;CHEV/TRAILBLAZER LT D4A;2020.0;Condutor;Ileso;45.0;Masculino;1.0;0.0;0.0;0.0;-5,8608147;-35,207945;SPRF-RN;DEL01-RN;UOP01-DEL01-RN
686267.0;1526675.0;2025-04-20;domingo;18:07:00;RN;226.0;7,3;NATAL;Sim;Deficiência do Sistema de Iluminação/Sinalização;1;Colisão traseira;Com Vítimas Feridas;Plena Noite;Decrescente;Céu Claro;Simples;Curva;Sim;1216270.0;Automóvel;Não Informado/Não Informado;0.0;Condutor;Ileso;;Masculino;1.0;0.0;0.0;0.0;-5,83138;-35,278713;SPRF-RN;DEL01-RN;UOP02-DEL01-RN
686267.0;1526676.0;2025-04-20;domingo;18:07:00;RN;226.0;7,3;NATAL;Sim;Deficiência do Sistema de Iluminação/Sinalização;1;Colisão traseira;Com Vítimas Feridas;Plena Noite;Decrescente;Céu Claro;Simples;Curva;Sim;1216271.0;Carroça-charrete;Não Informado/Não Informado;0.0;Condutor;Ileso;;Masculino;1.0;0.0;0.0;0.0;-5,83138;-35,278713;SPRF-RN;DEL01-RN;UOP02-DEL01-RN
686267.0;1524405.0;2025-04-20;domingo;18:07:00;RN;226.0;7,3;NATAL;Sim;Deficiência do Sistema de Iluminação/Sinalização;1;Colisão traseira;Com Vítimas Feridas;Plena Noite;Decrescente;Céu Claro;Simples;Curva;Sim;1216271.0;Carroça-charrete;Não Informado/Não Informado;0.0;Passageiro;Lesões Leves;18.0;Masculino;0.0;1.0;0.0;0.0;-5,83138;-35,278713;SPRF-RN;DEL01-RN;UOP02-DEL01-RN
686267.0;1524404.0;2025-04-20;domingo;18:07:00;RN;226.0;7,3;NATAL;Sim;Deficiência do Sistema de Iluminação/Sinalização;1;Colisão traseira;Com Vítimas Feridas;Plena Noite;Decrescente;Céu Claro;Simples;Curva;Sim;1216271.0;Carroça-charrete;Não Informado/Não Informado;0.0;Passageiro;Ileso;18.0;Feminino;1.0;0.0;0.0;0.0;-5,83138;-35,278713;SPRF-RN;DEL01-RN;UOP02-DEL01-RN
687468.0;1527563.0;2025-04-26;sábado;13:45:00;RN;101.0;98;NATAL;Sim;Trafegar com motocicleta (ou similar) entre as faixas;1;Colisão lateral mesmo sentido;Com Vítimas Feridas;Pleno dia;Decrescente;Sol;Múltipla;Reta;Sim;1218594.0;Automóvel;FIAT/FASTBACK TURBO 270;2022.0;Condutor;Ileso;64.0;Masculino;1.0;0.0;0.0;0.0;-5,861398;-35,214655;SPRF-RN;DEL01-RN;UOP01-DEL01-RN
687468.0;1527562.0;2025-04-26;sábado;13:45:00;RN;101.0;98;NATAL;Sim;Trafegar com motocicleta (ou similar) entre as faixas;1;Colisão lateral mesmo sentido;Com Vítimas Feridas;Pleno dia;Decrescente;Sol;Múltipla;Reta;Sim;1218592.0;Motocicleta;Não Informado/Não Informado;0.0;Condutor;Lesões Leves;25.0;Masculino;0.0;1.0;0.0;0.0;-5,861398;-35,214655;SPRF-RN;DEL01-RN;UOP01-DEL01-RN
687497.0;1527676.0;2025-04-26;sábado;17:45:00;RN;101.0;76,2;NATAL;Sim;Mal súbito do condutor;1;Colisão com objeto;Com Vítimas Fatais;Anoitecer;Decrescente;Céu Claro;Dupla;Reta;Sim;1218646.0;Motocicleta;YAMAHA/YBR 125K;2006.0;Passageiro;Lesões Leves;60.0;Feminino;0.0;1.0;0.0;0.0;-5,72588963;-35,28390932;SPRF-RN;DEL02-RN;UOP01-DEL02-RN
687497.0;1527632.0;2025-04-26;sábado;17:45:00;RN;101.0;76,2;NATAL;Sim;Mal súbito do condutor;1;Colisão com objeto;Com Vítimas Fatais;Anoitecer;Decrescente;Céu Claro;Dupla;Reta;Sim;1218646.0;Motocicleta;YAMAHA/YBR 125K;2006.0;Condutor;Óbito;58.0;Masculino;0.0;0.0;0.0;1.0;-5,72588963;-35,28390932;SPRF-RN;DEL02-RN;UOP01-DEL02-RN
687545.0;1527828.0;2025-04-26;sábado;21:20:00;RN;226.0;2;NATAL;Sim;Conversão proibida;4;Colisão com objeto;Com Vítimas Feridas;Plena Noite;Crescente;Céu Claro;Simples;Reta;Não;1218793.0;Motocicleta;HONDA/CG 160 FAN;2023.0;Condutor;Lesões Leves;22.0;Masculino;0.0;1.0;0.0;0.0;-5,818085;-35,250283;SPRF-RN;DEL01-RN;UOP02-DEL01-RN
687545.0;1527827.0;2025-04-26;sábado;21:20:00;RN;226.0;2;NATAL;Sim;Conversão proibida;4;Colisão com objeto;Com Vítimas Feridas;Plena Noite;Crescente;Céu Claro;Simples;Reta;Não;1218792.0;Automóvel;RENAULT/LOGAN EXPR 16 M;2014.0;Condutor;Ileso;31.0;Masculino;1.0;0.0;0.0;0.0;-5,818085;-35,250283;SPRF-RN;DEL01-RN;UOP02-DEL01-RN
687545.0;1527828.0;2025-04-26;sábado;21:20:00;RN;226.0;2;NATAL;Sim;Conversão proibida;3;Queda de ocupante de veículo;Com Vítimas Feridas;Plena Noite;Crescente;Céu Claro;Simples;Reta;Não;1218793.0;Motocicleta;HONDA/CG 160 FAN;2023.0;Condutor;Lesões Leves;22.0;Masculino;0.0;1.0;0.0;0.0;-5,818085;-35,250283;SPRF-RN;DEL01-RN;UOP02-DEL01-RN
687545.0;1527827.0;2025-04-26;sábado;21:20:00;RN;226.0;2;NATAL;Sim;Conversão proibida;3;Queda de ocupante de veículo;Com Vítimas Feridas;Plena Noite;Crescente;Céu Claro;Simples;Reta;Não;1218792.0;Automóvel;RENAULT/LOGAN EXPR 16 M;2014.0;Condutor;Ileso;31.0;Masculino;1.0;0.0;0.0;0.0;-5,818085;-35,250283;SPRF-RN;DEL01-RN;UOP02-DEL01-RN
687545.0;1527828.0;2025-04-26;sábado;21:20:00;RN;226.0;2;NATAL;Sim;Conversão proibida;2;Tombamento;Com Vítimas Feridas;Plena Noite;Crescente;Céu Claro;Simples;Reta;Não;1218793.0;Motocicleta;HONDA/CG 160 FAN;2023.0;Condutor;Lesões Leves;22.0;Masculino;0.0;1.0;0.0;0.0;-5,818085;-35,250283;SPRF-RN;DEL01-RN;UOP02-DEL01-RN
687545.0;1527827.0;2025-04-26;sábado;21:20:00;RN;226.0;2;NATAL;Sim;Conversão proibida;2;Tombamento;Com Vítimas Feridas;Plena Noite;Crescente;Céu Claro;Simples;Reta;Não;1218792.0;Automóvel;RENAULT/LOGAN EXPR 16 M;2014.0;Condutor;Ileso;31.0;Masculino;1.0;0.0;0.0;0.0;-5,818085;-35,250283;SPRF-RN;DEL01-RN;UOP02-DEL01-RN
687545.0;1527828.0;2025-04-26;sábado;21:20:00;RN;226.0;2;NATAL;Sim;Conversão proibida;1;Colisão transversal;Com Vítimas Feridas;Plena Noite;Crescente;Céu Claro;Simples;Reta;Não;1218793.0;Motocicleta;HONDA/CG 160 FAN;2023.0;Condutor;Lesões Leves;22.0;Masculino;0.0;1.0;0.0;0.0;-5,818085;-35,250283;SPRF-RN;DEL01-RN;UOP02-DEL01-RN
687545.0;1527827.0;2025-04-26;sábado;21:20:00;RN;226.0;2;NATAL;Sim;Conversão proibida;1;Colisão transversal;Com Vítimas Feridas;Plena Noite;Crescente;Céu Claro;Simples;Reta;Não;1218792.0;Automóvel;RENAULT/LOGAN EXPR 16 M;2014.0;Condutor;Ileso;31.0;Masculino;1.0;0.0;0.0;0.0;-5,818085;-35,250283;SPRF-RN;DEL01-RN;UOP02-DEL01-RN
687917.0;1528750.0;2025-04-28;segunda-feira;18:41:00;RN;101.0;94;NATAL;Sim;Ausência de reação do condutor;1;Colisão traseira;Com Vítimas Feridas;Plena Noite;Decrescente;Céu Claro;Dupla;Reta;Sim;1219509.0;Motocicleta;HONDA/POP 110I;2023.0;Condutor;Lesões Graves;51.0;Masculino;0.0;0.0;1.0;0.0;-5,83629086;-35,21169361;SPRF-RN;DEL01-RN;UOP01-DEL01-RN
687917.0;1528751.0;2025-04-28;segunda-feira;18:41:00;RN;101.0;94;NATAL;Sim;Ausência de reação do condutor;1;Colisão traseira;Com Vítimas Feridas;Plena Noite;Decrescente;Céu Claro;Dupla;Reta;Sim;1219510.0;Automóvel;CHEV/PRISMA 1.4MT LTZ;2015.0;Condutor;Ileso;62.0;Feminino;1.0;0.0;0.0;0.0;-5,83629086;-35,21169361;SPRF-RN;DEL01-RN;UOP01-DEL01-RN