id;pesid;data_inversa;dia_semana;horario;uf;br;km;municipio;causa_principal;causa_acidente;ordem_tipo_acidente;tipo_acidente;classificacao_acidente;fase_dia;sentido_via;condicao_metereologica;tipo_pista;tracado_via;uso_solo;id_veiculo;tipo_veiculo;marca;ano_fabricacao_veiculo;tipo_envolvido;estado_fisico;idade;sexo;ilesos;feridos_leves;feridos_graves;mortos;latitude;longitude;regional;delegacia;uop
688070.0;1528988.0;2025-04-28;segunda-feira;09:10:00;RN;101.0;82,3;NATAL;Sim;Manobra de mudança de faixa;3;Queda de ocupante de veículo;Com Vítimas Feridas;Pleno dia;Decrescente;Garoa/Chuvisco;Dupla;Reta;Sim;1219715.0;Motocicleta;HONDA/POP100;2011.0;Condutor;Lesões Leves;49.0;Feminino;0.0;1.0;0.0;0.0;-5,76883205;-35,2721972;SPRF-RN;DEL02-RN;UOP01-DEL02-RN
688070.0;1528986.0;2025-04-28;segunda-feira;09:10:00;RN;101.0;82,3;NATAL;Sim;Manobra de mudança de faixa;3;Queda de ocupante de veículo;Com Vítimas Feridas;Pleno dia;Decrescente;Garoa/Chuvisco;Dupla;Reta;Sim;1219714.0;Automóvel;VW/FOX 1.0 PLUS;2005.0;Condutor;Ileso;51.0;Masculino;1.0;0.0;0.0;0.0;-5,76883205;-35,2721972;SPRF-RN;DEL02-RN;UOP01-DEL02-RN
688070.0;1528988.0;2025-04-28;segunda-feira;09:10:00;RN;101.0;82,3;NATAL;Sim;Manobra de mudança de faixa;2;Tombamento;Com Vítimas Feridas;Pleno dia;Decrescente;Garoa/Chuvisco;Dupla;Reta;Sim;1219715.0;Motocicleta;HONDA/POP100;2011.0;Condutor;Lesões Leves;49.0;Feminino;0.0;1.0;0.0;0.0;-5,76883205;-35,2721972;SPRF-RN;DEL02-RN;UOP01-DEL02-RN
688070.0;1528986.0;2025-04-28;segunda-feira;09:10:00;RN;101.0;82,3;NATAL;Sim;Manobra de mudança de faixa;2;Tombamento;Com Vítimas Feridas;Pleno dia;Decrescente;Garoa/Chuvisco;Dupla;Reta;Sim;1219714.0;Automóvel;VW/FOX 1.0 PLUS;2005.0;Condutor;Ileso;51.0;Masculino;1.0;0.0;0.0;0.0;-5,76883205;-35,2721972;SPRF-RN;DEL02-RN;UOP01-DEL02-RN
688070.0;1528988.0;2025-04-28;segunda-feira;09:10:00;RN;101.0;82,3;NATAL;Sim;Manobra de mudança de faixa;1;Colisão transversal;Com Vítimas Feridas;Pleno dia;Decrescente;Garoa/Chuvisco;Dupla;Reta;Sim;1219715.0;Motocicleta;HONDA/POP100;2011.0;Condutor;Lesões Leves;49.0;Feminino;0.0;1.0;0.0;0.0;-5,76883205;-35,2721972;SPRF-RN;DEL02-RN;UOP01-DEL02-RN
688070.0;1528986.0;2025-04-28;segunda-feira;09:10:00;RN;101.0;82,3;NATAL;Sim;Manobra de mudança de faixa;1;Colisão transversal;Com Vítimas Feridas;Pleno dia;Decrescente;Garoa/Chuvisco;Dupla;Reta;Sim;1219714.0;Automóvel;VW/FOX 1.0 PLUS;2005.0;Condutor;Ileso;51.0;Masculino;1.0;0.0;0.0;0.0;-5,76883205;-35,2721972;SPRF-RN;DEL02-RN;UOP01-DEL02-RN
688127.0;1529125.0;2025-04-06;domingo;16:00:00;RN;101.0;94;NATAL;Sim;Velocidade Incompatível;2;Saída de leito carroçável;Com Vítimas Feridas;Pleno dia;Decrescente;Céu Claro;Dupla;Reta;Sim;1219845.0;Motocicleta;HONDA/CG 160 START;2024.0;Condutor;Lesões Graves;24.0;Masculino;0.0;0.0;1.0;0.0;-5,83091276;-35,21162029;SPRF-RN;DEL01-RN;UOP01-DEL01-RN
688127.0;1529125.0;2025-04-06;domingo;16:00:00;RN;101.0;94;NATAL;Sim;Velocidade Incompatível;1;Queda de ocupante de veículo;Com Vítimas Feridas;Pleno dia;Decrescente;Céu Claro;Dupla;Reta;Sim;1219845.0;Motocicleta;HONDA/CG 160 START;2024.0;Condutor;Lesões Graves;24.0;Masculino;0.0;0.0;1.0;0.0;-5,83091276;-35,21162029;SPRF-RN;DEL01-RN;UOP01-DEL01-RN
688381.0;1529835.0;2025-04-30;quarta-feira;22:05:00;RN;101.0;98;NATAL;Sim;Ausência de reação do condutor;1;Colisão traseira;Com Vítimas Feridas;Plena Noite;Crescente;Céu Claro;Múltipla;"Reta;Interseção de Vias";Sim;1220414.0;Automóvel;CITROEN/C3 GLX 14 FLEX;2007.0;Condutor;Ileso;63.0;Feminino;1.0;0.0;0.0;0.0;-5,86172297;-35,21493363;SPRF-RN;DEL01-RN;UOP01-DEL01-RN
688381.0;1529830.0;2025-04-30;quarta-feira;22:05:00;RN;101.0;98;NATAL;Sim;Ausência de reação do condutor;1;Colisão traseira;Com Vítimas Feridas;Plena Noite;Crescente;Céu Claro;Múltipla;"Reta;Interseção de Vias";Sim;1220412.0;Motocicleta;Não Informado/Não Informado;0.0;Condutor;Lesões Leves;35.0;Masculino;0.0;1.0;0.0;0.0;-5,86172297;-35,21493363;SPRF-RN;DEL01-RN;UOP01-DEL01-RN
688503.0;1530088.0;2025-05-01;quinta-feira;16:30:00;RN;101.0;78;NATAL;Sim;Demais falhas mecânicas ou elétricas;2;Tombamento;Com Vítimas Feridas;Pleno dia;Decrescente;Céu Claro;Dupla;Reta;Sim;1220615.0;Motocicleta;HONDA/CG 160 TITAN EX;2015.0;Passageiro;Lesões Leves;25.0;Masculino;0.0;1.0;0.0;0.0;-5,739233;-35,290382;SPRF-RN;DEL02-RN;UOP01-DEL02-RN
688503.0;1530086.0;2025-05-01;quinta-feira;16:30:00;RN;101.0;78;NATAL;Sim;Demais falhas mecânicas ou elétricas;2;Tombamento;Com Vítimas Feridas;Pleno dia;Decrescente;Céu Claro;Dupla;Reta;Sim;1220615.0;Motocicleta;HONDA/CG 160 TITAN EX;2015.0;Condutor;Lesões Leves;28.0;Masculino;0.0;1.0;0.0;0.0;-5,739233;-35,290382;SPRF-RN;DEL02-RN;UOP01-DEL02-RN
688503.0;1530088.0;2025-05-01;quinta-feira;16:30:00;RN;101.0;78;NATAL;Sim;Demais falhas mecânicas ou elétricas;1;Queda de ocupante de veículo;Com Vítimas Feridas;Pleno dia;Decrescente;Céu Claro;Dupla;Reta;Sim;1220615.0;Motocicleta;HONDA/CG 160 TITAN EX;2015.0;Passageiro;Lesões Leves;25.0;Masculino;0.0;1.0;0.0;0.0;-5,739233;-35,290382;SPRF-RN;DEL02-RN;UOP01-DEL02-RN
688503.0;1530086.0;2025-05-01;quinta-feira;16:30:00;RN;101.0;78;NATAL;Sim;Demais falhas mecânicas ou elétricas;1;Queda de ocupante de veículo;Com Vítimas Feridas;Pleno dia;Decrescente;Céu Claro;Dupla;Reta;Sim;1220615.0;Motocicleta;HONDA/CG 160 TITAN EX;2015.0;Condutor;Lesões Leves;28.0;Masculino;0.0;1.0;0.0;0.0;-5,739233;-35,290382;SPRF-RN;DEL02-RN;UOP01-DEL02-RN
688881.0;1531064.0;2025-05-03;sábado;13:44:00;RN;101.0;85;NATAL;Sim;Trafegar com motocicleta (ou similar) entre as faixas;3;Queda de ocupante de veículo;Com Vítimas Feridas;Pleno dia;Decrescente;Céu Claro;Dupla;"Reta;Ponte;Em Obras";Sim;1221387.0;Motocicleta;Não Informado/Não Informado;0.0;Condutor;Lesões Leves;25.0;Masculino;0.0;1.0;0.0;0.0;-5,78163647;-35,24760453;SPRF-RN;DEL02-RN;UOP01-DEL02-RN
688881.0;1531063.0;2025-05-03;sábado;13:44:00;RN;101.0;85;NATAL;Sim;Trafegar com motocicleta (ou similar) entre as faixas;3;Queda de ocupante de veículo;Com Vítimas Feridas;Pleno dia;Decrescente;Céu Claro;Dupla;"Reta;Ponte;Em Obras";Sim;1221386.0;Ônibus;M.BENZ/INDUSCAR FOZ O LO;2007.0;Condutor;Ileso;38.0;Masculino;1.0;0.0;0.0;0.0;-5,78163647;-35,24760453;SPRF-RN;DEL02-RN;UOP01-DEL02-RN
688881.0;1531064.0;2025-05-03;sábado;13:44:00;RN;101.0;85;NATAL;Sim;Trafegar com motocicleta (ou similar) entre as faixas;2;Tombamento;Com Vítimas Feridas;Pleno dia;Decrescente;Céu Claro;Dupla;"Reta;Ponte;Em Obras";Sim;1221387.0;Motocicleta;Não Informado/Não Informado;0.0;Condutor;Lesões Leves;25.0;Masculino;0.0;1.0;0.0;0.0;-5,78163647;-35,24760453;SPRF-RN;DEL02-RN;UOP01-DEL02-RN
688881.0;1531063.0;2025-05-03;sábado;13:44:00;RN;101.0;85;NATAL;Sim;Trafegar com motocicleta (ou similar) entre as faixas;2;Tombamento;Com Vítimas Feridas;Pleno dia;Decrescente;Céu Claro;Dupla;"Reta;Ponte;Em Obras";Sim;1221386.0;Ônibus;M.BENZ/INDUSCAR FOZ O LO;2007.0;Condutor;Ileso;38.0;Masculino;1.0;0.0;0.0;0.0;-5,78163647;-35,24760453;SPRF-RN;DEL02-RN;UOP01-DEL02-RN
688881.0;1531064.0;2025-05-03;sábado;13:44:00;RN;101.0;85;NATAL;Sim;Trafegar com motocicleta (ou similar) entre as faixas;1;Colisão lateral mesmo sentido;Com Vítimas Feridas;Pleno dia;Decrescente;Céu Claro;Dupla;"Reta;Ponte;Em Obras";Sim;1221387.0;Motocicleta;Não Informado/Não Informado;0.0;Condutor;Lesões Leves;25.0;Masculino;0.0;1.0;0.0;0.0;-5,78163647;-35,24760453;SPRF-RN;DEL02-RN;UOP01-DEL02-RN
688881.0;1531063.0;2025-05-03;sábado;13:44:00;RN;101.0;85;NATAL;Sim;Trafegar com motocicleta (ou similar) entre as faixas;1;Colisão lateral mesmo sentido;Com Vítimas Feridas;Pleno dia;Decrescente;Céu Claro;Dupla;"Reta;Ponte;Em Obras";Sim;1221386.0;Ônibus;M.BENZ/INDUSCAR FOZ O LO;2007.0;Condutor;Ileso;38.0;Masculino;1.0;0.0;0.0;0.0;-5,78163647;-35,24760453;SPRF-RN;DEL02-RN;UOP01-DEL02-RN
689284.0;1532022.0;2025-05-05;segunda-feira;16:07:00;RN;101.0;82,9;NATAL;Sim;Reação tardia ou ineficiente do condutor;2;Queda de ocupante de veículo;Com Vítimas Feridas;Pleno dia;Decrescente;Sol;Múltipla;"Reta;Viaduto;Interseção de Vias";Sim;1222058.0;Motocicleta;HONDA/CG 160 FAN;2024.0;Condutor;Lesões Leves;31.0;Masculino;0.0;1.0;0.0;0.0;-5,7697982;-35,2691804;SPRF-RN;DEL02-RN;UOP01-DEL02-RN
689284.0;1532024.0;2025-05-05;segunda-feira;16:07:00;RN;101.0;82,9;NATAL;Sim;Reação tardia ou ineficiente do condutor;2;Queda de ocupante de veículo;Com Vítimas Feridas;Pleno dia;Decrescente;Sol;Múltipla;"Reta;Viaduto;Interseção de Vias";Sim;1222058.0;Motocicleta;HONDA/CG 160 FAN;2024.0;Passageiro;Lesões Graves;33.0;Feminino;0.0;0.0;1.0;0.0;-5,7697982;-35,2691804;SPRF-RN;DEL02-RN;UOP01-DEL02-RN
689284.0;1532022.0;2025-05-05;segunda-feira;16:07:00;RN;101.0;82,9;NATAL;Sim;Reação tardia ou ineficiente do condutor;1;Tombamento;Com Vítimas Feridas;Pleno dia;Decrescente;Sol;Múltipla;"Reta;Viaduto;Interseção de Vias";Sim;1222058.0;Motocicleta;HONDA/CG 160 FAN;2024.0;Condutor;Lesões Leves;31.0;Masculino;0.0;1.0;0.0;0.0;-5,7697982;-35,2691804;SPRF-RN;DEL02-RN;UOP01-DEL02-RN
689284.0;1532024.0;2025-05-05;segunda-feira;16:07:00;RN;101.0;82,9;NATAL;Sim;Reação tardia ou ineficiente do condutor;1;Tombamento;Com Vítimas Feridas;Pleno dia;Decrescente;Sol;Múltipla;"Reta;Viaduto;Interseção de Vias";Sim;1222058.0;Motocicleta;HONDA/CG 160 FAN;2024.0;Passageiro;Lesões Graves;33.0;Feminino;0.0;0.0;1.0;0.0;-5,7697982;-35,2691804;SPRF-RN;DEL02-RN;UOP01-DEL02-RN
689435.0;1532708.0;2025-05-06;terça-feira;11:00:00;RN;101.0;83;NATAL;Sim;Condutor deixou de manter distância do veículo da frente;2;Queda de ocupante de veículo;Com Vítimas Feridas;Pleno dia;Decrescente;Céu Claro;Dupla;Reta;Sim;1222565.0;Caminhonete;CHEVROLET/MONTANA SPORT;2013.0;Condutor;Ileso;73.0;Masculino;1.0;0.0;0.0;0.0;-5,77253866;-35,26227015;SPRF-RN;DEL02-RN;UOP01-DEL02-RN
689435.0;1532707.0;2025-05-06;terça-feira;11:00:00;RN;101.0;83;NATAL;Sim;Condutor deixou de manter distância do veículo da frente;2;Queda de ocupante de veículo;Com Vítimas Feridas;Pleno dia;Decrescente;Céu Claro;Dupla;Reta;Sim;1222564.0;Motoneta;HONDA/BIZ 110I;2022.0;Passageiro;Lesões Leves;;Feminino;0.0;1.0;0.0;0.0;-5,77253866;-35,26227015;SPRF-RN;DEL02-RN;UOP01-DEL02-RN
689435.0;1532706.0;2025-05-06;terça-feira;11:00:00;RN;101.0;83;NATAL;Sim;Condutor deixou de manter distância do veículo da frente;2;Queda de ocupante de veículo;Com Vítimas Feridas;Pleno dia;Decrescente;Céu Claro;Dupla;Reta;Sim;1222564.0;Motoneta;HONDA/BIZ 110I;2022.0;Condutor;Lesões Leves;32.0;Masculino;0.0;1.0;0.0;0.0;-5,77253866;-35,26227015;SPRF-RN;DEL02-RN;UOP01-DEL02-RN
689435.0;1532708.0;2025-05-06;terça-feira;11:00:00;RN;101.0;83;NATAL;Sim;Condutor deixou de manter distância do veículo da frente;1;Colisão traseira;Com Vítimas Feridas;Pleno dia;Decrescente;Céu Claro;Dupla;Reta;Sim;1222565.0;Caminhonete;CHEVROLET/MONTANA SPORT;2013.0;Condutor;Ileso;73.0;Masculino;1.0;0.0;0.0;0.0;-5,77253866;-35,26227015;SPRF-RN;DEL02-RN;UOP01-DEL02-RN
689435.0;1532707.0;2025-05-06;terça-feira;11:00:00;RN;101.0;83;NATAL;Sim;Condutor deixou de manter distância do veículo da frente;1;Colisão traseira;Com Vítimas Feridas;Pleno dia;Decrescente;Céu Claro;Dupla;Reta;Sim;1222564.0;Motoneta;HONDA/BIZ 110I;2022.0;Passageiro;Lesões Leves;;Feminino;0.0;1.0;0.0;0.0;-5,77253866;-35,26227015;SPRF-RN;DEL02-RN;UOP01-DEL02-RN
689435.0;1532706.0;2025-05-06;terça-feira;11:00:00;RN;101.0;83;NATAL;Sim;Condutor deixou de manter distância do veículo da frente;1;Colisão traseira;Com Vítimas Feridas;Pleno dia;Decrescente;Céu Claro;Dupla;Reta;Sim;1222564.0;Motoneta;HONDA/BIZ 110I;2022.0;Condutor;Lesões Leves;32.0;Masculino;0.0;1.0;0.0;0.0;-5,77253866;-35,26227015;SPRF-RN;DEL02-RN;UOP01-DEL02-RN
690191.0;1534492.0;2025-05-09;sexta-feira;22:32:00;RN;101.0;83,9;NATAL;Sim;Ingestão de álcool pelo condutor;3;Tombamento;Com Vítimas Feridas;Plena Noite;Crescente;Chuva;Dupla;Reta;Sim;1224082.0;Ciclomotor;Não Informado/Não Informado;0.0;Condutor;Lesões Graves;31.0;Masculino;0.0;0.0;1.0;0.0;-5,773913;-35,258687;SPRF-RN;DEL02-RN;UOP01-DEL02-RN
690191.0;1534493.0;2025-05-09;sexta-feira;22:32:00;RN;101.0;83,9;NATAL;Sim;Ingestão de álcool pelo condutor;3;Tombamento;Com Vítimas Feridas;Plena Noite;Crescente;Chuva;Dupla;Reta;Sim;;;NA/NA;;Pedestre;Lesões Graves;61.0;Masculino;0.0;0.0;1.0;0.0;-5,773913;-35,258687;SPRF-RN;DEL02-RN;UOP01-DEL02-RN
690191.0;1534492.0;2025-05-09;sexta-feira;22:32:00;RN;101.0;83,9;NATAL;Sim;Ingestão de álcool pelo condutor;2;Queda de ocupante de veículo;Com Vítimas Feridas;Plena Noite;Crescente;Chuva;Dupla;Reta;Sim;1224082.0;Ciclomotor;Não Informado/Não Informado;0.0;Condutor;Lesões Graves;31.0;Masculino;0.0;0.0;1.0;0.0;-5,773913;-35,258687;SPRF-RN;DEL02-RN;UOP01-DEL02-RN
690191.0;1534493.0;2025-05-09;sexta-feira;22:32:00;RN;101.0;83,9;NATAL;Sim;Ingestão de álcool pelo condutor;2;Queda de ocupante de veículo;Com Vítimas Feridas;Plena Noite;Crescente;Chuva;Dupla;Reta;Sim;;;NA/NA;;Pedestre;Lesões Graves;61.0;Masculino;0.0;0.0;1.0;0.0;-5,773913;-35,258687;SPRF-RN;DEL02-RN;UOP01-DEL02-RN
690191.0;1534492.0;2025-05-09;sexta-feira;22:32:00;RN;101.0;83,9;NATAL;Sim;Ingestão de álcool pelo condutor;1;Atropelamento de Pedestre;Com Vítimas Feridas;Plena Noite;Crescente;Chuva;Dupla;Reta;Sim;1224082.0;Ciclomotor;Não Informado/Não Informado;0.0;Condutor;Lesões Graves;31.0;Masculino;0.0;0.0;1.0;0.0;-5,773913;-35,258687;SPRF-RN;DEL02-RN;UOP01-DEL02-RN
690191.0;1534493.0;2025-05-09;sexta-feira;22:32:00;RN;101.0;83,9;NATAL;Sim;Ingestão de álcool pelo condutor;1;Atropelamento de Pedestre;Com Vítimas Feridas;Plena Noite;Crescente;Chuva;Dupla;Reta;Sim;;;NA/NA;;Pedestre;Lesões Graves;61.0;Masculino;0.0;0.0;1.0;0.0;-5,773913;-35,258687;SPRF-RN;DEL02-RN;UOP01-DEL02-RN
690723.0;1535737.0;2025-05-12;segunda-feira;04:50:00;RN;101.0;73;NATAL;Sim;Ausência de reação do condutor;3;Queda de ocupante de veículo;Com Vítimas Feridas;Amanhecer;Crescente;Céu Claro;Simples;"Reta;Declive";Não;1225065.0;Carroça-charrete;Não Informado/Não Informado;0.0;Condutor;Não Informado;;Não Informado;0.0;0.0;0.0;0.0;-5,71475079;-35,27258992;SPRF-RN;DEL02-RN;UOP01-DEL02-RN
690723.0;1535400.0;2025-05-12;segunda-feira;04:50:00;RN;101.0;73;NATAL;Sim;Ausência de reação do condutor;3;Queda de ocupante de veículo;Com Vítimas Feridas;Amanhecer;Crescente;Céu Claro;Simples;"Reta;Declive";Não;1224790.0;Motocicleta;HONDA/CG 160 START;2020.0;Condutor;Lesões Graves;30.0;Masculino;0.0;0.0;1.0;0.0;-5,71475079;-35,27258992;SPRF-RN;DEL02-RN;UOP01-DEL02-RN
690723.0;1535401.0;2025-05-12;segunda-feira;04:50:00;RN;101.0;73;NATAL;Sim;Ausência de reação do condutor;3;Queda de ocupante de veículo;Com Vítimas Feridas;Amanhecer;Crescente;Céu Claro;Simples;"Reta;Declive";Não;1224791.0;Ônibus;M.BENZ/INDUSCAR FOZ O LO;2007.0;Condutor;Ileso;53.0;Masculino;1.0;0.0;0.0;0.0;-5,71475079;-35,27258992;SPRF-RN;DEL02-RN;UOP01-DEL02-RN
690723.0;1535737.0;2025-05-12;segunda-feira;04:50:00;RN;101.0;73;NATAL;Sim;Ausência de reação do condutor;2;Tombamento;Com Vítimas Feridas;Amanhecer;Crescente;Céu Claro;Simples;"Reta;Declive";Não;1225065.0;Carroça-charrete;Não Informado/Não Informado;0.0;Condutor;Não Informado;;Não Informado;0.0;0.0;0.0;0.0;-5,71475079;-35,27258992;SPRF-RN;DEL02-RN;UOP01-DEL02-RN
690723.0;1535400.0;2025-05-12;segunda-feira;04:50:00;RN;101.0;73;NATAL;Sim;Ausência de reação do condutor;2;Tombamento;Com Vítimas Feridas;Amanhecer;Crescente;Céu Claro;Simples;"Reta;Declive";Não;1224790.0;Motocicleta;HONDA/CG 160 START;2020.0;Condutor;Lesões Graves;30.0;Masculino;0.0;0.0;1.0;0.0;-5,71475079;-35,27258992;SPRF-RN;DEL02-RN;UOP01-DEL02-RN
690723.0;1535401.0;2025-05-12;segunda-feira;04:50:00;RN;101.0;73;NATAL;Sim;Ausência de reação do condutor;2;Tombamento;Com Vítimas Feridas;Amanhecer;Crescente;Céu Claro;Simples;"Reta;Declive";Não;1224791.0;Ônibus;M.BENZ/INDUSCAR FOZ O LO;2007.0;Condutor;Ileso;53.0;Masculino;1.0;0.0;0.0;0.0;-5,71475079;-35,27258992;SPRF-RN;DEL02-RN;UOP01-DEL02-RN
690723.0;1535737.0;2025-05-12;segunda-feira;04:50:00;RN;101.0;73;NATAL;Sim;Ausência de reação do condutor;1;Colisão lateral mesmo sentido;Com Vítimas Feridas;Amanhecer;Crescente;Céu Claro;Simples;"Reta;Declive";Não;1225065.0;Carroça-charrete;Não Informado/Não Informado;0.0;Condutor;Não Informado;;Não Informado;0.0;0.0;0.0;0.0;-5,71475079;-35,27258992;SPRF-RN;DEL02-RN;UOP01-DEL02-RN
690723.0;1535400.0;2025-05-12;segunda-feira;04:50:00;RN;101.0;73;NATAL;Sim;Ausência de reação do condutor;1;Colisão lateral mesmo sentido;Com Vítimas Feridas;Amanhecer;Crescente;Céu Claro;Simples;"Reta;Declive";Não;1224790.0;Motocicleta;HONDA/CG 160 START;2020.0;Condutor;Lesões Graves;30.0;Masculino;0.0;0.0;1.0;0.0;-5,71475079;-35,27258992;SPRF-RN;DEL02-RN;UOP01-DEL02-RN
690723.0;1535401.0;2025-05-12;segunda-feira;04:50:00;RN;101.0;73;NATAL;Sim;Ausência de reação do condutor;1;Colisão lateral mesmo sentido;Com Vítimas Feridas;Amanhecer;Crescente;Céu Claro;Simples;"Reta;Declive";Não;1224791.0;Ônibus;M.BENZ/INDUSCAR FOZ O LO;2007.0;Condutor;Ileso;53.0;Masculino;1.0;0.0;0.0;0.0;-5,71475079;-35,27258992;SPRF-RN;DEL02-RN;UOP01-DEL02-RN
690838.0;1536011.0;2025-05-12;segunda-feira;14:10:00;RN;101.0;104,2;NATAL;Sim;Acessar a via sem observar a presença dos outros veículos;1;Colisão lateral mesmo sentido;Com Vítimas Feridas;Pleno dia;Crescente;Céu Claro;Dupla;Curva;Não;1225308.0;Motocicleta;YAMAHA/YBR125I FACTOR ED;2019.0;Condutor;Lesões Graves;60.0;Masculino;0.0;0.0;1.0;0.0;-5,8922401;-35,25872338;SPRF-RN;DEL01-RN;UOP01-DEL01-RN
690838.0;1537740.0;2025-05-12;segunda-feira;14:10:00;RN;101.0;104,2;NATAL;Sim;Acessar a via sem observar a presença dos outros veículos;1;Colisão lateral mesmo sentido;Com Vítimas Feridas;Pleno dia;Crescente;Céu Claro;Dupla;Curva;Não;1225309.0;Caminhão;I/MB 416SPRINTER REV AMB;2022.0;Passageiro;Ileso;37.0;Feminino;1.0;0.0;0.0;0.0;-5,8922401;-35,25872338;SPRF-RN;DEL01-RN;UOP01-DEL01-RN
690838.0;1536012.0;2025-05-12;segunda-feira;14:10:00;RN;101.0;104,2;NATAL;Sim;Acessar a via sem observar a presença dos outros veículos;1;Colisão lateral mesmo sentido;Com Vítimas Feridas;Pleno dia;Crescente;Céu Claro;Dupla;Curva;Não;1225309.0;Caminhão;I/MB 416SPRINTER REV AMB;2022.0;Condutor;Ileso;48.0;Masculino;1.0;0.0;0.0;0.0;-5,8922401;-35,25872338;SPRF-RN;DEL01-RN;UOP01-DEL01-RN
691033.0;1536162.0;2025-05-13;terça-feira;13:39:00;RN;101.0;85,8;NATAL;Sim;Ultrapassagem Indevida;3;Queda de ocupante de veículo;Com Vítimas Feridas;Pleno dia;Decrescente;Sol;Dupla;"Reta;Ponte;Em Obras";Sim;1225427.0;Ônibus;M.BENZ/MPOLO SENIOR ON;2010.0;Condutor;Ileso;34.0;Masculino;1.0;0.0;0.0;0.0;-5,78231959;-35,24722195;SPRF-RN;DEL02-RN;UOP01-DEL02-RN
691033.0;1536155.0;2025-05-13;terça-feira;13:39:00;RN;101.0;85,8;NATAL;Sim;Ultrapassagem Indevida;3;Queda de ocupante de veículo;Com Vítimas Feridas;Pleno dia;Decrescente;Sol;Dupla;"Reta;Ponte;Em Obras";Sim;1225399.0;Motocicleta;YAMAHA/MT03;2016.0;Condutor;Lesões Leves;24.0;Masculino;0.0;1.0;0.0;0.0;-5,78231959;-35,24722195;SPRF-RN;DEL02-RN;UOP01-DEL02-RN
691033.0;1536162.0;2025-05-13;terça-feira;13:39:00;RN;101.0;85,8;NATAL;Sim;Ultrapassagem Indevida;2;Tombamento;Com Vítimas Feridas;Pleno dia;Decrescente;Sol;Dupla;"Reta;Ponte;Em Obras";Sim;1225427.0;Ônibus;M.BENZ/MPOLO SENIOR ON;2010.0;Condutor;Ileso;34.0;Masculino;1.0;0.0;0.0;0.0;-5,78231959;-35,24722195;SPRF-RN;DEL02-RN;UOP01-DEL02-RN
691033.0;1536155.0;2025-05-13;terça-feira;13:39:00;RN;101.0;85,8;NATAL;Sim;Ultrapassagem Indevida;2;Tombamento;Com Vítimas Feridas;Pleno dia;Decrescente;Sol;Dupla;"Reta;Ponte;Em Obras";Sim;1225399.0;Motocicleta;YAMAHA/MT03;2016.0;Condutor;Lesões Leves;24.0;Masculino;0.0;1.0;0.0;0.0;-5,78231959;-35,24722195;SPRF-RN;DEL02-RN;UOP01-DEL02-RN
691033.0;1536162.0;2025-05-13;terça-feira;13:39:00;RN;101.0;85,8;NATAL;Sim;Ultrapassagem Indevida;1;Colisão lateral mesmo sentido;Com Vítimas Feridas;Pleno dia;Decrescente;Sol;Dupla;"Reta;Ponte;Em Obras";Sim;1225427.0;Ônibus;M.BENZ/MPOLO SENIOR ON;2010.0;Condutor;Ileso;34.0;Masculino;1.0;0.0;0.0;0.0;-5,78231959;-35,24722195;SPRF-RN;DEL02-RN;UOP01-DEL02-RN
691033.0;1536155.0;2025-05-13;terça-feira;13:39:00;RN;101.0;85,8;NATAL;Sim;Ultrapassagem Indevida;1;Colisão lateral mesmo sentido;Com Vítimas Feridas;Pleno dia;Decrescente;Sol;Dupla;"Reta;Ponte;Em Obras";Sim;1225399.0;Motocicleta;YAMAHA/MT03;2016.0;Condutor;Lesões Leves;24.0;Masculino;0.0;1.0;0.0;0.0;-5,78231959;-35,24722195;SPRF-RN;DEL02-RN;UOP01-DEL02-RN
691841.0;1538293.0;2025-05-17;sábado;13:30:00;RN;101.0;95;NATAL;Sim;Acessar a via sem observar a presença dos outros veículos;1;Colisão transversal;Com Vítimas Feridas;Pleno dia;Decrescente;Céu Claro;Dupla;Reta;Sim;1227162.0;Automóvel;TOYOTA/COROLLA XEI20FLEX;2010.0;Condutor;Ileso;43.0;Masculino;1.0;0.0;0.0;0.0;-5,843797;-35,208913;SPRF-RN;DEL01-RN;UOP01-DEL01-RN
691841.0;1538294.0;2025-05-17;sábado;13:30:00;RN;101.0;95;NATAL;Sim;Acessar a via sem observar a presença dos outros veículos;1;Colisão transversal;Com Vítimas Feridas;Pleno dia;Decrescente;Céu Claro;Dupla;Reta;Sim;1227164.0;Motocicleta;MOTTU/SPORT 110I;2023.0;Condutor;Lesões Leves;31.0;Masculino;0.0;1.0;0.0;0.0;-5,843797;-35,208913;SPRF-RN;DEL01-RN;UOP01-DEL01-RN
691928.0;1538335.0;2025-05-17;sábado;19:30:00;RN;101.0;83;NATAL;Sim;Reação tardia ou ineficiente do condutor;2;Queda de ocupante de veículo;Com Vítimas Feridas;Plena Noite;Crescente;Céu Claro;Dupla;Reta;Sim;1227195.0;Motocicleta;MOTTU/SPORT 110I;2023.0;Condutor;Lesões Leves;27.0;Masculino;0.0;1.0;0.0;0.0;-5,77201888;-35,26372997;SPRF-RN;DEL02-RN;UOP01-DEL02-RN
691928.0;1538335.0;2025-05-17;sábado;19:30:00;RN;101.0;83;NATAL;Sim;Reação tardia ou ineficiente do condutor;1;Tombamento;Com Vítimas Feridas;Plena Noite;Crescente;Céu Claro;Dupla;Reta;Sim;1227195.0;Motocicleta;MOTTU/SPORT 110I;2023.0;Condutor;Lesões Leves;27.0;Masculino;0.0;1.0;0.0;0.0;-5,77201888;-35,26372997;SPRF-RN;DEL02-RN;UOP01-DEL02-RN