id;pesid;data_inversa;dia_semana;horario;uf;br;km;municipio;causa_principal;causa_acidente;ordem_tipo_acidente;tipo_acidente;classificacao_acidente;fase_dia;sentido_via;condicao_metereologica;tipo_pista;tracado_via;uso_solo;id_veiculo;tipo_veiculo;marca;ano_fabricacao_veiculo;tipo_envolvido;estado_fisico;idade;sexo;ilesos;feridos_leves;feridos_graves;mortos;latitude;longitude;regional;delegacia;uop
692021.0;1540495.0;2025-05-18;domingo;05:55:00;RN;101.0;97;NATAL;Sim;Reação tardia ou ineficiente do condutor;1;Queda de ocupante de veículo;Sem Vítimas;Amanhecer;Crescente;Céu Claro;Dupla;Reta;Sim;1228922.0;Motocicleta;HONDA/NXR150 BROS ES;2012.0;Condutor;Ileso;28.0;Masculino;1.0;0.0;0.0;0.0;-5,85995501;-35,21416336;SPRF-RN;DEL01-RN;UOP01-DEL01-RN
692316.0;1539199.0;2025-05-19;segunda-feira;10:10:00;RN;101.0;84,2;NATAL;Sim;Entrada inopinada do pedestre;1;Atropelamento de Pedestre;Com Vítimas Feridas;Pleno dia;Decrescente;Nublado;Dupla;Reta;Sim;1227890.0;Motocicleta;MOTTU/SPORT 110I;2022.0;Condutor;Lesões Leves;20.0;Masculino;0.0;1.0;0.0;0.0;-5,7745;-35,257063;SPRF-RN;DEL02-RN;UOP01-DEL02-RN
692316.0;1539469.0;2025-05-19;segunda-feira;10:10:00;RN;101.0;84,2;NATAL;Sim;Entrada inopinada do pedestre;1;Atropelamento de Pedestre;Com Vítimas Feridas;Pleno dia;Decrescente;Nublado;Dupla;Reta;Sim;;;NA/NA;;Pedestre;Não Informado;;Não Informado;0.0;0.0;0.0;0.0;-5,7745;-35,257063;SPRF-RN;DEL02-RN;UOP01-DEL02-RN
692316.0;1539468.0;2025-05-19;segunda-feira;10:10:00;RN;101.0;84,2;NATAL;Sim;Entrada inopinada do pedestre;1;Atropelamento de Pedestre;Com Vítimas Feridas;Pleno dia;Decrescente;Nublado;Dupla;Reta;Sim;;;NA/NA;;Pedestre;Não Informado;;Não Informado;0.0;0.0;0.0;0.0;-5,7745;-35,257063;SPRF-RN;DEL02-RN;UOP01-DEL02-RN
692753.0;1540379.0;2025-05-21;quarta-feira;15:42:00;RN;101.0;81;NATAL;Sim;Acumulo de areia ou detritos sobre o pavimento;1;Queda de ocupante de veículo;Com Vítimas Feridas;Pleno dia;Decrescente;Céu Claro;Dupla;Reta;Não;1228814.0;Motocicleta;HONDA/CG 160 START;2022.0;Passageiro;Lesões Leves;44.0;Feminino;0.0;1.0;0.0;0.0;-5,76485629;-35,28251616;SPRF-RN;DEL02-RN;UOP01-DEL02-RN
692753.0;1540378.0;2025-05-21;quarta-feira;15:42:00;RN;101.0;81;NATAL;Sim;Acumulo de areia ou detritos sobre o pavimento;1;Queda de ocupante de veículo;Com Vítimas Feridas;Pleno dia;Decrescente;Céu Claro;Dupla;Reta;Não;1228814.0;Motocicleta;HONDA/CG 160 START;2022.0;Condutor;Lesões Leves;28.0;Masculino;0.0;1.0;0.0;0.0;-5,76485629;-35,28251616;SPRF-RN;DEL02-RN;UOP01-DEL02-RN
693226.0;1541418.0;2025-05-23;sexta-feira;17:50:00;RN;101.0;95;NATAL;Sim;Condutor deixou de manter distância do veículo da frente;1;Colisão traseira;Com Vítimas Feridas;Anoitecer;Crescente;Céu Claro;Simples;Reta;Sim;1229722.0;Automóvel;FIAT/FASTBACK IMPETUS HY;2024.0;Condutor;Ileso;45.0;Feminino;1.0;0.0;0.0;0.0;-5,83622836;-35,21207964;SPRF-RN;DEL01-RN;UOP01-DEL01-RN
693226.0;1541416.0;2025-05-23;sexta-feira;17:50:00;RN;101.0;95;NATAL;Sim;Condutor deixou de manter distância do veículo da frente;1;Colisão traseira;Com Vítimas Feridas;Anoitecer;Crescente;Céu Claro;Simples;Reta;Sim;1229719.0;Motocicleta;HONDA/CG 160 START;2016.0;Condutor;Lesões Leves;39.0;Masculino;0.0;1.0;0.0;0.0;-5,83622836;-35,21207964;SPRF-RN;DEL01-RN;UOP01-DEL01-RN
693858.0;1543106.0;2025-05-26;segunda-feira;14:00:00;RN;101.0;79;NATAL;Sim;Condutor deixou de manter distância do veículo da frente;2;Queda de ocupante de veículo;Com Vítimas Feridas;Pleno dia;Decrescente;Céu Claro;Dupla;Reta;Não;1231064.0;Motocicleta;HONDA/CG 160 START;2023.0;Condutor;Lesões Leves;22.0;Masculino;0.0;1.0;0.0;0.0;-5,744788;-35,289603;SPRF-RN;DEL02-RN;UOP01-DEL02-RN
693858.0;1543107.0;2025-05-26;segunda-feira;14:00:00;RN;101.0;79;NATAL;Sim;Condutor deixou de manter distância do veículo da frente;2;Queda de ocupante de veículo;Com Vítimas Feridas;Pleno dia;Decrescente;Céu Claro;Dupla;Reta;Não;1231065.0;Ciclomotor;I/SHINERAY XY 50 Q;2013.0;Condutor;Ileso;32.0;Masculino;1.0;0.0;0.0;0.0;-5,744788;-35,289603;SPRF-RN;DEL02-RN;UOP01-DEL02-RN
693858.0;1543106.0;2025-05-26;segunda-feira;14:00:00;RN;101.0;79;NATAL;Sim;Condutor deixou de manter distância do veículo da frente;1;Colisão traseira;Com Vítimas Feridas;Pleno dia;Decrescente;Céu Claro;Dupla;Reta;Não;1231064.0;Motocicleta;HONDA/CG 160 START;2023.0;Condutor;Lesões Leves;22.0;Masculino;0.0;1.0;0.0;0.0;-5,744788;-35,289603;SPRF-RN;DEL02-RN;UOP01-DEL02-RN
693858.0;1543107.0;2025-05-26;segunda-feira;14:00:00;RN;101.0;79;NATAL;Sim;Condutor deixou de manter distância do veículo da frente;1;Colisão traseira;Com Vítimas Feridas;Pleno dia;Decrescente;Céu Claro;Dupla;Reta;Não;1231065.0;Ciclomotor;I/SHINERAY XY 50 Q;2013.0;Condutor;Ileso;32.0;Masculino;1.0;0.0;0.0;0.0;-5,744788;-35,289603;SPRF-RN;DEL02-RN;UOP01-DEL02-RN
693915.0;1543051.0;2025-05-26;segunda-feira;17:40:00;RN;101.0;97;NATAL;Não;Acessar a via sem observar a presença dos outros veículos;2;Queda de ocupante de veículo;Com Vítimas Feridas;Plena Noite;Decrescente;Céu Claro;Dupla;"Reta;Interseção de Vias";Sim;1231022.0;Motocicleta;HONDA/NXR160 BROS ESDD;2023.0;Condutor;Lesões Leves;30.0;Feminino;0.0;1.0;0.0;0.0;-5,8559671;-35,21181313;SPRF-RN;DEL01-RN;UOP01-DEL01-RN
693915.0;1543047.0;2025-05-26;segunda-feira;17:40:00;RN;101.0;97;NATAL;Não;Acessar a via sem observar a presença dos outros veículos;2;Queda de ocupante de veículo;Com Vítimas Feridas;Plena Noite;Decrescente;Céu Claro;Dupla;"Reta;Interseção de Vias";Sim;1231012.0;Automóvel;FIAT/SIENA EL FLEX;2009.0;Condutor;Ileso;47.0;Feminino;1.0;0.0;0.0;0.0;-5,8559671;-35,21181313;SPRF-RN;DEL01-RN;UOP01-DEL01-RN
693915.0;1543051.0;2025-05-26;segunda-feira;17:40:00;RN;101.0;97;NATAL;Não;Acessar a via sem observar a presença dos outros veículos;1;Colisão transversal;Com Vítimas Feridas;Plena Noite;Decrescente;Céu Claro;Dupla;"Reta;Interseção de Vias";Sim;1231022.0;Motocicleta;HONDA/NXR160 BROS ESDD;2023.0;Condutor;Lesões Leves;30.0;Feminino;0.0;1.0;0.0;0.0;-5,8559671;-35,21181313;SPRF-RN;DEL01-RN;UOP01-DEL01-RN
693915.0;1543047.0;2025-05-26;segunda-feira;17:40:00;RN;101.0;97;NATAL;Não;Acessar a via sem observar a presença dos outros veículos;1;Colisão transversal;Com Vítimas Feridas;Plena Noite;Decrescente;Céu Claro;Dupla;"Reta;Interseção de Vias";Sim;1231012.0;Automóvel;FIAT/SIENA EL FLEX;2009.0;Condutor;Ileso;47.0;Feminino;1.0;0.0;0.0;0.0;-5,8559671;-35,21181313;SPRF-RN;DEL01-RN;UOP01-DEL01-RN
693915.0;1543051.0;2025-05-26;segunda-feira;17:40:00;RN;101.0;97;NATAL;Sim;Desrespeitar a preferência no cruzamento;2;Queda de ocupante de veículo;Com Vítimas Feridas;Plena Noite;Decrescente;Céu Claro;Dupla;"Reta;Interseção de Vias";Sim;1231022.0;Motocicleta;HONDA/NXR160 BROS ESDD;2023.0;Condutor;Lesões Leves;30.0;Feminino;0.0;1.0;0.0;0.0;-5,8559671;-35,21181313;SPRF-RN;DEL01-RN;UOP01-DEL01-RN
693915.0;1543047.0;2025-05-26;segunda-feira;17:40:00;RN;101.0;97;NATAL;Sim;Desrespeitar a preferência no cruzamento;2;Queda de ocupante de veículo;Com Vítimas Feridas;Plena Noite;Decrescente;Céu Claro;Dupla;"Reta;Interseção de Vias";Sim;1231012.0;Automóvel;FIAT/SIENA EL FLEX;2009.0;Condutor;Ileso;47.0;Feminino;1.0;0.0;0.0;0.0;-5,8559671;-35,21181313;SPRF-RN;DEL01-RN;UOP01-DEL01-RN
693915.0;1543051.0;2025-05-26;segunda-feira;17:40:00;RN;101.0;97;NATAL;Sim;Desrespeitar a preferência no cruzamento;1;Colisão transversal;Com Vítimas Feridas;Plena Noite;Decrescente;Céu Claro;Dupla;"Reta;Interseção de Vias";Sim;1231022.0;Motocicleta;HONDA/NXR160 BROS ESDD;2023.0;Condutor;Lesões Leves;30.0;Feminino;0.0;1.0;0.0;0.0;-5,8559671;-35,21181313;SPRF-RN;DEL01-RN;UOP01-DEL01-RN
693915.0;1543047.0;2025-05-26;segunda-feira;17:40:00;RN;101.0;97;NATAL;Sim;Desrespeitar a preferência no cruzamento;1;Colisão transversal;Com Vítimas Feridas;Plena Noite;Decrescente;Céu Claro;Dupla;"Reta;Interseção de Vias";Sim;1231012.0;Automóvel;FIAT/SIENA EL FLEX;2009.0;Condutor;Ileso;47.0;Feminino;1.0;0.0;0.0;0.0;-5,8559671;-35,21181313;SPRF-RN;DEL01-RN;UOP01-DEL01-RN
693916.0;1543087.0;2025-05-26;segunda-feira;17:20:00;RN;226.0;5,2;NATAL;Sim;Reação tardia ou ineficiente do condutor;4;Queda de ocupante de veículo;Com Vítimas Feridas;Anoitecer;Crescente;Céu Claro;Simples;Reta;Não;1231042.0;Caminhonete;VW/SAVEIRO CS RB MPI;2022.0;Condutor;Ileso;37.0;Masculino;1.0;0.0;0.0;0.0;-5,821528;-35,271144;SPRF-RN;DEL01-RN;UOP02-DEL01-RN
693916.0;1543086.0;2025-05-26;segunda-feira;17:20:00;RN;226.0;5,2;NATAL;Sim;Reação tardia ou ineficiente do condutor;4;Queda de ocupante de veículo;Com Vítimas Feridas;Anoitecer;Crescente;Céu Claro;Simples;Reta;Não;1231041.0;Motocicleta;MOTTU/SPORT 110I;2024.0;Passageiro;Lesões Leves;40.0;Feminino;0.0;1.0;0.0;0.0;-5,821528;-35,271144;SPRF-RN;DEL01-RN;UOP02-DEL01-RN
693916.0;1543085.0;2025-05-26;segunda-feira;17:20:00;RN;226.0;5,2;NATAL;Sim;Reação tardia ou ineficiente do condutor;4;Queda de ocupante de veículo;Com Vítimas Feridas;Anoitecer;Crescente;Céu Claro;Simples;Reta;Não;1231041.0;Motocicleta;MOTTU/SPORT 110I;2024.0;Condutor;Ileso;45.0;Masculino;1.0;0.0;0.0;0.0;-5,821528;-35,271144;SPRF-RN;DEL01-RN;UOP02-DEL01-RN
693916.0;1543087.0;2025-05-26;segunda-feira;17:20:00;RN;226.0;5,2;NATAL;Sim;Reação tardia ou ineficiente do condutor;3;Queda de ocupante de veículo;Com Vítimas Feridas;Anoitecer;Crescente;Céu Claro;Simples;Reta;Não;1231042.0;Caminhonete;VW/SAVEIRO CS RB MPI;2022.0;Condutor;Ileso;37.0;Masculino;1.0;0.0;0.0;0.0;-5,821528;-35,271144;SPRF-RN;DEL01-RN;UOP02-DEL01-RN
693916.0;1543086.0;2025-05-26;segunda-feira;17:20:00;RN;226.0;5,2;NATAL;Sim;Reação tardia ou ineficiente do condutor;3;Queda de ocupante de veículo;Com Vítimas Feridas;Anoitecer;Crescente;Céu Claro;Simples;Reta;Não;1231041.0;Motocicleta;MOTTU/SPORT 110I;2024.0;Passageiro;Lesões Leves;40.0;Feminino;0.0;1.0;0.0;0.0;-5,821528;-35,271144;SPRF-RN;DEL01-RN;UOP02-DEL01-RN
693916.0;1543085.0;2025-05-26;segunda-feira;17:20:00;RN;226.0;5,2;NATAL;Sim;Reação tardia ou ineficiente do condutor;3;Queda de ocupante de veículo;Com Vítimas Feridas;Anoitecer;Crescente;Céu Claro;Simples;Reta;Não;1231041.0;Motocicleta;MOTTU/SPORT 110I;2024.0;Condutor;Ileso;45.0;Masculino;1.0;0.0;0.0;0.0;-5,821528;-35,271144;SPRF-RN;DEL01-RN;UOP02-DEL01-RN
693916.0;1543087.0;2025-05-26;segunda-feira;17:20:00;RN;226.0;5,2;NATAL;Sim;Reação tardia ou ineficiente do condutor;2;Tombamento;Com Vítimas Feridas;Anoitecer;Crescente;Céu Claro;Simples;Reta;Não;1231042.0;Caminhonete;VW/SAVEIRO CS RB MPI;2022.0;Condutor;Ileso;37.0;Masculino;1.0;0.0;0.0;0.0;-5,821528;-35,271144;SPRF-RN;DEL01-RN;UOP02-DEL01-RN
693916.0;1543086.0;2025-05-26;segunda-feira;17:20:00;RN;226.0;5,2;NATAL;Sim;Reação tardia ou ineficiente do condutor;2;Tombamento;Com Vítimas Feridas;Anoitecer;Crescente;Céu Claro;Simples;Reta;Não;1231041.0;Motocicleta;MOTTU/SPORT 110I;2024.0;Passageiro;Lesões Leves;40.0;Feminino;0.0;1.0;0.0;0.0;-5,821528;-35,271144;SPRF-RN;DEL01-RN;UOP02-DEL01-RN
693916.0;1543085.0;2025-05-26;segunda-feira;17:20:00;RN;226.0;5,2;NATAL;Sim;Reação tardia ou ineficiente do condutor;2;Tombamento;Com Vítimas Feridas;Anoitecer;Crescente;Céu Claro;Simples;Reta;Não;1231041.0;Motocicleta;MOTTU/SPORT 110I;2024.0;Condutor;Ileso;45.0;Masculino;1.0;0.0;0.0;0.0;-5,821528;-35,271144;SPRF-RN;DEL01-RN;UOP02-DEL01-RN
693916.0;1543087.0;2025-05-26;segunda-feira;17:20:00;RN;226.0;5,2;NATAL;Sim;Reação tardia ou ineficiente do condutor;1;Colisão traseira;Com Vítimas Feridas;Anoitecer;Crescente;Céu Claro;Simples;Reta;Não;1231042.0;Caminhonete;VW/SAVEIRO CS RB MPI;2022.0;Condutor;Ileso;37.0;Masculino;1.0;0.0;0.0;0.0;-5,821528;-35,271144;SPRF-RN;DEL01-RN;UOP02-DEL01-RN
693916.0;1543086.0;2025-05-26;segunda-feira;17:20:00;RN;226.0;5,2;NATAL;Sim;Reação tardia ou ineficiente do condutor;1;Colisão traseira;Com Vítimas Feridas;Anoitecer;Crescente;Céu Claro;Simples;Reta;Não;1231041.0;Motocicleta;MOTTU/SPORT 110I;2024.0;Passageiro;Lesões Leves;40.0;Feminino;0.0;1.0;0.0;0.0;-5,821528;-35,271144;SPRF-RN;DEL01-RN;UOP02-DEL01-RN
693916.0;1543085.0;2025-05-26;segunda-feira;17:20:00;RN;226.0;5,2;NATAL;Sim;Reação tardia ou ineficiente do condutor;1;Colisão traseira;Com Vítimas Feridas;Anoitecer;Crescente;Céu Claro;Simples;Reta;Não;1231041.0;Motocicleta;MOTTU/SPORT 110I;2024.0;Condutor;Ileso;45.0;Masculino;1.0;0.0;0.0;0.0;-5,821528;-35,271144;SPRF-RN;DEL01-RN;UOP02-DEL01-RN
694025.0;1543305.0;2025-05-27;terça-feira;10:20:00;RN;101.0;82,3;NATAL;Sim;Manobra de mudança de faixa;3;Queda de ocupante de veículo;Sem Vítimas;Pleno dia;Decrescente;Céu Claro;Dupla;Reta;Sim;1231237.0;Ônibus;Não Informado/Não Informado;0.0;Condutor;Não Informado;;Não Informado;0.0;0.0;0.0;0.0;-5,76867;-35,272627;SPRF-RN;DEL02-RN;UOP01-DEL02-RN
694025.0;1543300.0;2025-05-27;terça-feira;10:20:00;RN;101.0;82,3;NATAL;Sim;Manobra de mudança de faixa;3;Queda de ocupante de veículo;Sem Vítimas;Pleno dia;Decrescente;Céu Claro;Dupla;Reta;Sim;1231236.0;Motocicleta;HONDA/CG 160 TITAN;2025.0;Condutor;Ileso;39.0;Masculino;1.0;0.0;0.0;0.0;-5,76867;-35,272627;SPRF-RN;DEL02-RN;UOP01-DEL02-RN
694025.0;1543305.0;2025-05-27;terça-feira;10:20:00;RN;101.0;82,3;NATAL;Sim;Manobra de mudança de faixa;2;Tombamento;Sem Vítimas;Pleno dia;Decrescente;Céu Claro;Dupla;Reta;Sim;1231237.0;Ônibus;Não Informado/Não Informado;0.0;Condutor;Não Informado;;Não Informado;0.0;0.0;0.0;0.0;-5,76867;-35,272627;SPRF-RN;DEL02-RN;UOP01-DEL02-RN
694025.0;1543300.0;2025-05-27;terça-feira;10:20:00;RN;101.0;82,3;NATAL;Sim;Manobra de mudança de faixa;2;Tombamento;Sem Vítimas;Pleno dia;Decrescente;Céu Claro;Dupla;Reta;Sim;1231236.0;Motocicleta;HONDA/CG 160 TITAN;2025.0;Condutor;Ileso;39.0;Masculino;1.0;0.0;0.0;0.0;-5,76867;-35,272627;SPRF-RN;DEL02-RN;UOP01-DEL02-RN
694025.0;1543305.0;2025-05-27;terça-feira;10:20:00;RN;101.0;82,3;NATAL;Sim;Manobra de mudança de faixa;1;Colisão lateral mesmo sentido;Sem Vítimas;Pleno dia;Decrescente;Céu Claro;Dupla;Reta;Sim;1231237.0;Ônibus;Não Informado/Não Informado;0.0;Condutor;Não Informado;;Não Informado;0.0;0.0;0.0;0.0;-5,76867;-35,272627;SPRF-RN;DEL02-RN;UOP01-DEL02-RN
694025.0;1543300.0;2025-05-27;terça-feira;10:20:00;RN;101.0;82,3;NATAL;Sim;Manobra de mudança de faixa;1;Colisão lateral mesmo sentido;Sem Vítimas;Pleno dia;Decrescente;Céu Claro;Dupla;Reta;Sim;1231236.0;Motocicleta;HONDA/CG 160 TITAN;2025.0;Condutor;Ileso;39.0;Masculino;1.0;0.0;0.0;0.0;-5,76867;-35,272627;SPRF-RN;DEL02-RN;UOP01-DEL02-RN
694269.0;1545956.0;2025-05-28;quarta-feira;12:41:00;RN;101.0;78;NATAL;Sim;Ausência de reação do condutor;1;Colisão traseira;Com Vítimas Feridas;Pleno dia;Decrescente;Céu Claro;Dupla;Reta;Não;1233358.0;Outros;Não Informado/Não Informado;0.0;Condutor;Não Informado;;Não Informado;0.0;0.0;0.0;0.0;-5,73943955;-35,29032676;SPRF-RN;DEL02-RN;UOP01-DEL02-RN
694269.0;1543900.0;2025-05-28;quarta-feira;12:41:00;RN;101.0;78;NATAL;Sim;Ausência de reação do condutor;1;Colisão traseira;Com Vítimas Feridas;Pleno dia;Decrescente;Céu Claro;Dupla;Reta;Não;1231739.0;Motocicleta;MOTTU/SPORT 110I;2024.0;Condutor;Lesões Graves;26.0;Masculino;0.0;0.0;1.0;0.0;-5,73943955;-35,29032676;SPRF-RN;DEL02-RN;UOP01-DEL02-RN
694323.0;1543996.0;2025-05-28;quarta-feira;19:00:00;RN;101.0;76,3;NATAL;Sim;Frear bruscamente;2;Tombamento;Com Vítimas Fatais;Plena Noite;Decrescente;Nublado;Dupla;Reta;Sim;1231821.0;Motocicleta;HONDA/SHADOW 750;2006.0;Condutor;Lesões Leves;27.0;Masculino;0.0;1.0;0.0;0.0;-5,72686798;-35,2862596;SPRF-RN;DEL02-RN;UOP01-DEL02-RN
694323.0;1543997.0;2025-05-28;quarta-feira;19:00:00;RN;101.0;76,3;NATAL;Sim;Frear bruscamente;2;Tombamento;Com Vítimas Fatais;Plena Noite;Decrescente;Nublado;Dupla;Reta;Sim;1231821.0;Motocicleta;HONDA/SHADOW 750;2006.0;Passageiro;Óbito;24.0;Feminino;0.0;0.0;0.0;1.0;-5,72686798;-35,2862596;SPRF-RN;DEL02-RN;UOP01-DEL02-RN
694323.0;1543996.0;2025-05-28;quarta-feira;19:00:00;RN;101.0;76,3;NATAL;Sim;Frear bruscamente;1;Queda de ocupante de veículo;Com Vítimas Fatais;Plena Noite;Decrescente;Nublado;Dupla;Reta;Sim;1231821.0;Motocicleta;HONDA/SHADOW 750;2006.0;Condutor;Lesões Leves;27.0;Masculino;0.0;1.0;0.0;0.0;-5,72686798;-35,2862596;SPRF-RN;DEL02-RN;UOP01-DEL02-RN
694323.0;1543997.0;2025-05-28;quarta-feira;19:00:00;RN;101.0;76,3;NATAL;Sim;Frear bruscamente;1;Queda de ocupante de veículo;Com Vítimas Fatais;Plena Noite;Decrescente;Nublado;Dupla;Reta;Sim;1231821.0;Motocicleta;HONDA/SHADOW 750;2006.0;Passageiro;Óbito;24.0;Feminino;0.0;0.0;0.0;1.0;-5,72686798;-35,2862596;SPRF-RN;DEL02-RN;UOP01-DEL02-RN
694546.0;1544704.0;2025-05-30;sexta-feira;00:22:00;RN;101.0;81,1;NATAL;Sim;Ingestão de álcool pelo condutor;3;Tombamento;Com Vítimas Fatais;Pleno dia;Decrescente;Chuva;Dupla;Reta;Sim;1232393.0;Automóvel;VW/GOL SPECIAL MB;2015.0;Condutor;Lesões Leves;32.0;Masculino;0.0;1.0;0.0;0.0;-5,76469;-35,282895;SPRF-RN;DEL02-RN;UOP01-DEL02-RN
694546.0;1544702.0;2025-05-30;sexta-feira;00:22:00;RN;101.0;81,1;NATAL;Sim;Ingestão de álcool pelo condutor;3;Tombamento;Com Vítimas Fatais;Pleno dia;Decrescente;Chuva;Dupla;Reta;Sim;1232391.0;Motoneta;HONDA/BIZ 125 ES;2010.0;Condutor;Óbito;32.0;Feminino;0.0;0.0;0.0;1.0;-5,76469;-35,282895;SPRF-RN;DEL02-RN;UOP01-DEL02-RN
694546.0;1544704.0;2025-05-30;sexta-feira;00:22:00;RN;101.0;81,1;NATAL;Sim;Ingestão de álcool pelo condutor;2;Queda de ocupante de veículo;Com Vítimas Fatais;Pleno dia;Decrescente;Chuva;Dupla;Reta;Sim;1232393.0;Automóvel;VW/GOL SPECIAL MB;2015.0;Condutor;Lesões Leves;32.0;Masculino;0.0;1.0;0.0;0.0;-5,76469;-35,282895;SPRF-RN;DEL02-RN;UOP01-DEL02-RN
694546.0;1544702.0;2025-05-30;sexta-feira;00:22:00;RN;101.0;81,1;NATAL;Sim;Ingestão de álcool pelo condutor;2;Queda de ocupante de veículo;Com Vítimas Fatais;Pleno dia;Decrescente;Chuva;Dupla;Reta;Sim;1232391.0;Motoneta;HONDA/BIZ 125 ES;2010.0;Condutor;Óbito;32.0;Feminino;0.0;0.0;0.0;1.0;-5,76469;-35,282895;SPRF-RN;DEL02-RN;UOP01-DEL02-RN
694546.0;1544704.0;2025-05-30;sexta-feira;00:22:00;RN;101.0;81,1;NATAL;Sim;Ingestão de álcool pelo condutor;1;Colisão traseira;Com Vítimas Fatais;Pleno dia;Decrescente;Chuva;Dupla;Reta;Sim;1232393.0;Automóvel;VW/GOL SPECIAL MB;2015.0;Condutor;Lesões Leves;32.0;Masculino;0.0;1.0;0.0;0.0;-5,76469;-35,282895;SPRF-RN;DEL02-RN;UOP01-DEL02-RN
694546.0;1544702.0;2025-05-30;sexta-feira;00:22:00;RN;101.0;81,1;NATAL;Sim;Ingestão de álcool pelo condutor;1;Colisão traseira;Com Vítimas Fatais;Pleno dia;Decrescente;Chuva;Dupla;Reta;Sim;1232391.0;Motoneta;HONDA/BIZ 125 ES;2010.0;Condutor;Óbito;32.0;Feminino;0.0;0.0;0.0;1.0;-5,76469;-35,282895;SPRF-RN;DEL02-RN;UOP01-DEL02-RN
695209.0;1547742.0;2025-06-01;domingo;19:43:00;RN;226.0;1;NATAL;Sim;Ingestão de álcool pelo condutor;1;Colisão frontal;Com Vítimas Feridas;Plena Noite;Crescente;Céu Claro;Dupla;Reta;Sim;1233916.0;Automóvel;FIAT/MOBI LIKE;2019.0;Condutor;Não Informado;;Não Informado;0.0;0.0;0.0;0.0;-5,81906977;-35,26288616;SPRF-RN;DEL01-RN;UOP02-DEL01-RN
695209.0;1546641.0;2025-06-01;domingo;19:43:00;RN;226.0;1;NATAL;Sim;Ingestão de álcool pelo condutor;1;Colisão frontal;Com Vítimas Feridas;Plena Noite;Crescente;Céu Claro;Dupla;Reta;Sim;1233914.0;Motocicleta;HONDA/NXR 160 BROS;2016.0;Condutor;Lesões Graves;22.0;Masculino;0.0;0.0;1.0;0.0;-5,81906977;-35,26288616;SPRF-RN;DEL01-RN;UOP02-DEL01-RN
695316.0;1546540.0;2025-06-02;segunda-feira;08:00:00;RN;101.0;79,3;NATAL;Sim;Condutor deixou de manter distância do veículo da frente;3;Queda de ocupante de veículo;Com Vítimas Feridas;Pleno dia;Crescente;Céu Claro;Dupla;Reta;Sim;1233831.0;Motocicleta;I/HONDA CBR 250R;2012.0;Condutor;Lesões Leves;24.0;Feminino;0.0;1.0;0.0;0.0;-5,74874244;-35,2893984;SPRF-RN;DEL02-RN;UOP01-DEL02-RN
695316.0;1546513.0;2025-06-02;segunda-feira;08:00:00;RN;101.0;79,3;NATAL;Sim;Condutor deixou de manter distância do veículo da frente;3;Queda de ocupante de veículo;Com Vítimas Feridas;Pleno dia;Crescente;Céu Claro;Dupla;Reta;Sim;1233827.0;Automóvel;I/CHEVROLET CLASSIC LS;2015.0;Condutor;Ileso;42.0;Masculino;1.0;0.0;0.0;0.0;-5,74874244;-35,2893984;SPRF-RN;DEL02-RN;UOP01-DEL02-RN
695316.0;1546540.0;2025-06-02;segunda-feira;08:00:00;RN;101.0;79,3;NATAL;Sim;Condutor deixou de manter distância do veículo da frente;2;Tombamento;Com Vítimas Feridas;Pleno dia;Crescente;Céu Claro;Dupla;Reta;Sim;1233831.0;Motocicleta;I/HONDA CBR 250R;2012.0;Condutor;Lesões Leves;24.0;Feminino;0.0;1.0;0.0;0.0;-5,74874244;-35,2893984;SPRF-RN;DEL02-RN;UOP01-DEL02-RN
695316.0;1546513.0;2025-06-02;segunda-feira;08:00:00;RN;101.0;79,3;NATAL;Sim;Condutor deixou de manter distância do veículo da frente;2;Tombamento;Com Vítimas Feridas;Pleno dia;Crescente;Céu Claro;Dupla;Reta;Sim;1233827.0;Automóvel;I/CHEVROLET CLASSIC LS;2015.0;Condutor;Ileso;42.0;Masculino;1.0;0.0;0.0;0.0;-5,74874244;-35,2893984;SPRF-RN;DEL02-RN;UOP01-DEL02-RN
695316.0;1546540.0;2025-06-02;segunda-feira;08:00:00;RN;101.0;79,3;NATAL;Sim;Condutor deixou de manter distância do veículo da frente;1;Colisão traseira;Com Vítimas Feridas;Pleno dia;Crescente;Céu Claro;Dupla;Reta;Sim;1233831.0;Motocicleta;I/HONDA CBR 250R;2012.0;Condutor;Lesões Leves;24.0;Feminino;0.0;1.0;0.0;0.0;-5,74874244;-35,2893984;SPRF-RN;DEL02-RN;UOP01-DEL02-RN
695316.0;1546513.0;2025-06-02;segunda-feira;08:00:00;RN;101.0;79,3;NATAL;Sim;Condutor deixou de manter distância do veículo da frente;1;Colisão traseira;Com Vítimas Feridas;Pleno dia;Crescente;Céu Claro;Dupla;Reta;Sim;1233827.0;Automóvel;I/CHEVROLET CLASSIC LS;2015.0;Condutor;Ileso;42.0;Masculino;1.0;0.0;0.0;0.0;-5,74874244;-35,2893984;SPRF-RN;DEL02-RN;UOP01-DEL02-RN