id;pesid;data_inversa;dia_semana;horario;uf;br;km;municipio;causa_principal;causa_acidente;ordem_tipo_acidente;tipo_acidente;classificacao_acidente;fase_dia;sentido_via;condicao_metereologica;tipo_pista;tracado_via;uso_solo;id_veiculo;tipo_veiculo;marca;ano_fabricacao_veiculo;tipo_envolvido;estado_fisico;idade;sexo;ilesos;feridos_leves;feridos_graves;mortos;latitude;longitude;regional;delegacia;uop
700060.0;1557836.0;2025-06-23;segunda-feira;18:00:00;RN;101.0;85;NATAL;Sim;Condutor deixou de manter distância do veículo da frente;2;Queda de ocupante de veículo;Com Vítimas Feridas;Anoitecer;Decrescente;Céu Claro;Dupla;"Reta;Ponte";Sim;1243055.0;Motocicleta;HONDA/CG150 FAN ESDI;2014.0;Passageiro;Lesões Leves;34.0;Feminino;0.0;1.0;0.0;0.0;-5,78332937;-35,24701273;SPRF-RN;DEL02-RN;UOP01-DEL02-RN
700060.0;1557835.0;2025-06-23;segunda-feira;18:00:00;RN;101.0;85;NATAL;Sim;Condutor deixou de manter distância do veículo da frente;2;Queda de ocupante de veículo;Com Vítimas Feridas;Anoitecer;Decrescente;Céu Claro;Dupla;"Reta;Ponte";Sim;1243055.0;Motocicleta;HONDA/CG150 FAN ESDI;2014.0;Condutor;Ileso;46.0;Masculino;1.0;0.0;0.0;0.0;-5,78332937;-35,24701273;SPRF-RN;DEL02-RN;UOP01-DEL02-RN
700060.0;1557834.0;2025-06-23;segunda-feira;18:00:00;RN;101.0;85;NATAL;Sim;Condutor deixou de manter distância do veículo da frente;2;Queda de ocupante de veículo;Com Vítimas Feridas;Anoitecer;Decrescente;Céu Claro;Dupla;"Reta;Ponte";Sim;1243054.0;Automóvel;HONDA/FIT LX FLEX;2009.0;Condutor;Ileso;57.0;Masculino;1.0;0.0;0.0;0.0;-5,78332937;-35,24701273;SPRF-RN;DEL02-RN;UOP01-DEL02-RN
700060.0;1557836.0;2025-06-23;segunda-feira;18:00:00;RN;101.0;85;NATAL;Sim;Condutor deixou de manter distância do veículo da frente;1;Colisão traseira;Com Vítimas Feridas;Anoitecer;Decrescente;Céu Claro;Dupla;"Reta;Ponte";Sim;1243055.0;Motocicleta;HONDA/CG150 FAN ESDI;2014.0;Passageiro;Lesões Leves;34.0;Feminino;0.0;1.0;0.0;0.0;-5,78332937;-35,24701273;SPRF-RN;DEL02-RN;UOP01-DEL02-RN
700060.0;1557835.0;2025-06-23;segunda-feira;18:00:00;RN;101.0;85;NATAL;Sim;Condutor deixou de manter distância do veículo da frente;1;Colisão traseira;Com Vítimas Feridas;Anoitecer;Decrescente;Céu Claro;Dupla;"Reta;Ponte";Sim;1243055.0;Motocicleta;HONDA/CG150 FAN ESDI;2014.0;Condutor;Ileso;46.0;Masculino;1.0;0.0;0.0;0.0;-5,78332937;-35,24701273;SPRF-RN;DEL02-RN;UOP01-DEL02-RN
700060.0;1557834.0;2025-06-23;segunda-feira;18:00:00;RN;101.0;85;NATAL;Sim;Condutor deixou de manter distância do veículo da frente;1;Colisão traseira;Com Vítimas Feridas;Anoitecer;Decrescente;Céu Claro;Dupla;"Reta;Ponte";Sim;1243054.0;Automóvel;HONDA/FIT LX FLEX;2009.0;Condutor;Ileso;57.0;Masculino;1.0;0.0;0.0;0.0;-5,78332937;-35,24701273;SPRF-RN;DEL02-RN;UOP01-DEL02-RN
700187.0;1558075.0;2025-06-24;terça-feira;10:00:00;RN;101.0;97;NATAL;Não;Acumulo de óleo sobre o pavimento;2;Queda de ocupante de veículo;Com Vítimas Feridas;Pleno dia;Decrescente;Céu Claro;Simples;Curva;Sim;1243252.0;Motocicleta;HONDA/CG 160 FAN ESDI;2016.0;Condutor;Lesões Leves;40.0;Masculino;0.0;1.0;0.0;0.0;-5,85886672;-35,21312104;SPRF-RN;DEL01-RN;UOP01-DEL01-RN
700187.0;1558075.0;2025-06-24;terça-feira;10:00:00;RN;101.0;97;NATAL;Não;Acumulo de óleo sobre o pavimento;1;Tombamento;Com Vítimas Feridas;Pleno dia;Decrescente;Céu Claro;Simples;Curva;Sim;1243252.0;Motocicleta;HONDA/CG 160 FAN ESDI;2016.0;Condutor;Lesões Leves;40.0;Masculino;0.0;1.0;0.0;0.0;-5,85886672;-35,21312104;SPRF-RN;DEL01-RN;UOP01-DEL01-RN
700187.0;1558075.0;2025-06-24;terça-feira;10:00:00;RN;101.0;97;NATAL;Não;Acumulo de areia ou detritos sobre o pavimento;2;Queda de ocupante de veículo;Com Vítimas Feridas;Pleno dia;Decrescente;Céu Claro;Simples;Curva;Sim;1243252.0;Motocicleta;HONDA/CG 160 FAN ESDI;2016.0;Condutor;Lesões Leves;40.0;Masculino;0.0;1.0;0.0;0.0;-5,85886672;-35,21312104;SPRF-RN;DEL01-RN;UOP01-DEL01-RN
700187.0;1558075.0;2025-06-24;terça-feira;10:00:00;RN;101.0;97;NATAL;Não;Acumulo de areia ou detritos sobre o pavimento;1;Tombamento;Com Vítimas Feridas;Pleno dia;Decrescente;Céu Claro;Simples;Curva;Sim;1243252.0;Motocicleta;HONDA/CG 160 FAN ESDI;2016.0;Condutor;Lesões Leves;40.0;Masculino;0.0;1.0;0.0;0.0;-5,85886672;-35,21312104;SPRF-RN;DEL01-RN;UOP01-DEL01-RN
700187.0;1558075.0;2025-06-24;terça-feira;10:00:00;RN;101.0;97;NATAL;Sim;Pista Escorregadia;2;Queda de ocupante de veículo;Com Vítimas Feridas;Pleno dia;Decrescente;Céu Claro;Simples;Curva;Sim;1243252.0;Motocicleta;HONDA/CG 160 FAN ESDI;2016.0;Condutor;Lesões Leves;40.0;Masculino;0.0;1.0;0.0;0.0;-5,85886672;-35,21312104;SPRF-RN;DEL01-RN;UOP01-DEL01-RN
700187.0;1558075.0;2025-06-24;terça-feira;10:00:00;RN;101.0;97;NATAL;Sim;Pista Escorregadia;1;Tombamento;Com Vítimas Feridas;Pleno dia;Decrescente;Céu Claro;Simples;Curva;Sim;1243252.0;Motocicleta;HONDA/CG 160 FAN ESDI;2016.0;Condutor;Lesões Leves;40.0;Masculino;0.0;1.0;0.0;0.0;-5,85886672;-35,21312104;SPRF-RN;DEL01-RN;UOP01-DEL01-RN
700828.0;1559610.0;2025-06-27;sexta-feira;09:45:00;RN;101.0;96,6;NATAL;Sim;Condutor deixou de manter distância do veículo da frente;3;Queda de ocupante de veículo;Com Vítimas Feridas;Pleno dia;Decrescente;Sol;Simples;Curva;Não;1244548.0;Motoneta;HONDA/PCX 160;2023.0;Condutor;Ileso;30.0;Feminino;1.0;0.0;0.0;0.0;-5,8489855;-35,2078059;SPRF-RN;DEL01-RN;UOP01-DEL01-RN
700828.0;1559609.0;2025-06-27;sexta-feira;09:45:00;RN;101.0;96,6;NATAL;Sim;Condutor deixou de manter distância do veículo da frente;3;Queda de ocupante de veículo;Com Vítimas Feridas;Pleno dia;Decrescente;Sol;Simples;Curva;Não;1244547.0;Motocicleta;HONDA/CG150 START;2015.0;Condutor;Lesões Leves;40.0;Masculino;0.0;1.0;0.0;0.0;-5,8489855;-35,2078059;SPRF-RN;DEL01-RN;UOP01-DEL01-RN
700828.0;1559610.0;2025-06-27;sexta-feira;09:45:00;RN;101.0;96,6;NATAL;Sim;Condutor deixou de manter distância do veículo da frente;2;Tombamento;Com Vítimas Feridas;Pleno dia;Decrescente;Sol;Simples;Curva;Não;1244548.0;Motoneta;HONDA/PCX 160;2023.0;Condutor;Ileso;30.0;Feminino;1.0;0.0;0.0;0.0;-5,8489855;-35,2078059;SPRF-RN;DEL01-RN;UOP01-DEL01-RN
700828.0;1559609.0;2025-06-27;sexta-feira;09:45:00;RN;101.0;96,6;NATAL;Sim;Condutor deixou de manter distância do veículo da frente;2;Tombamento;Com Vítimas Feridas;Pleno dia;Decrescente;Sol;Simples;Curva;Não;1244547.0;Motocicleta;HONDA/CG150 START;2015.0;Condutor;Lesões Leves;40.0;Masculino;0.0;1.0;0.0;0.0;-5,8489855;-35,2078059;SPRF-RN;DEL01-RN;UOP01-DEL01-RN
700828.0;1559610.0;2025-06-27;sexta-feira;09:45:00;RN;101.0;96,6;NATAL;Sim;Condutor deixou de manter distância do veículo da frente;1;Colisão lateral mesmo sentido;Com Vítimas Feridas;Pleno dia;Decrescente;Sol;Simples;Curva;Não;1244548.0;Motoneta;HONDA/PCX 160;2023.0;Condutor;Ileso;30.0;Feminino;1.0;0.0;0.0;0.0;-5,8489855;-35,2078059;SPRF-RN;DEL01-RN;UOP01-DEL01-RN
700828.0;1559609.0;2025-06-27;sexta-feira;09:45:00;RN;101.0;96,6;NATAL;Sim;Condutor deixou de manter distância do veículo da frente;1;Colisão lateral mesmo sentido;Com Vítimas Feridas;Pleno dia;Decrescente;Sol;Simples;Curva;Não;1244547.0;Motocicleta;HONDA/CG150 START;2015.0;Condutor;Lesões Leves;40.0;Masculino;0.0;1.0;0.0;0.0;-5,8489855;-35,2078059;SPRF-RN;DEL01-RN;UOP01-DEL01-RN
700920.0;1560189.0;2025-06-27;sexta-feira;18:10:00;RN;101.0;98,7;NATAL;Sim;Condutor deixou de manter distância do veículo da frente;4;Queda de ocupante de veículo;Com Vítimas Feridas;Plena Noite;Crescente;Céu Claro;Múltipla;"Reta;Interseção de Vias";Sim;1245025.0;Automóvel;RENAULT/SANDERO;0.0;Condutor;Não Informado;;Não Informado;0.0;0.0;0.0;0.0;-5,872599;-35,22016;SPRF-RN;DEL01-RN;UOP01-DEL01-RN
700920.0;1560192.0;2025-06-27;sexta-feira;18:10:00;RN;101.0;98,7;NATAL;Sim;Condutor deixou de manter distância do veículo da frente;4;Queda de ocupante de veículo;Com Vítimas Feridas;Plena Noite;Crescente;Céu Claro;Múltipla;"Reta;Interseção de Vias";Sim;1245027.0;Motocicleta;HONDA/CG 160 FAN;2019.0;Condutor;Lesões Leves;35.0;Masculino;0.0;1.0;0.0;0.0;-5,872599;-35,22016;SPRF-RN;DEL01-RN;UOP01-DEL01-RN
700920.0;1560193.0;2025-06-27;sexta-feira;18:10:00;RN;101.0;98,7;NATAL;Sim;Condutor deixou de manter distância do veículo da frente;4;Queda de ocupante de veículo;Com Vítimas Feridas;Plena Noite;Crescente;Céu Claro;Múltipla;"Reta;Interseção de Vias";Sim;1245027.0;Motocicleta;HONDA/CG 160 FAN;2019.0;Passageiro;Lesões Graves;28.0;Masculino;0.0;0.0;1.0;0.0;-5,872599;-35,22016;SPRF-RN;DEL01-RN;UOP01-DEL01-RN
700920.0;1560189.0;2025-06-27;sexta-feira;18:10:00;RN;101.0;98,7;NATAL;Sim;Condutor deixou de manter distância do veículo da frente;3;Queda de ocupante de veículo;Com Vítimas Feridas;Plena Noite;Crescente;Céu Claro;Múltipla;"Reta;Interseção de Vias";Sim;1245025.0;Automóvel;RENAULT/SANDERO;0.0;Condutor;Não Informado;;Não Informado;0.0;0.0;0.0;0.0;-5,872599;-35,22016;SPRF-RN;DEL01-RN;UOP01-DEL01-RN
700920.0;1560192.0;2025-06-27;sexta-feira;18:10:00;RN;101.0;98,7;NATAL;Sim;Condutor deixou de manter distância do veículo da frente;3;Queda de ocupante de veículo;Com Vítimas Feridas;Plena Noite;Crescente;Céu Claro;Múltipla;"Reta;Interseção de Vias";Sim;1245027.0;Motocicleta;HONDA/CG 160 FAN;2019.0;Condutor;Lesões Leves;35.0;Masculino;0.0;1.0;0.0;0.0;-5,872599;-35,22016;SPRF-RN;DEL01-RN;UOP01-DEL01-RN
700920.0;1560193.0;2025-06-27;sexta-feira;18:10:00;RN;101.0;98,7;NATAL;Sim;Condutor deixou de manter distância do veículo da frente;3;Queda de ocupante de veículo;Com Vítimas Feridas;Plena Noite;Crescente;Céu Claro;Múltipla;"Reta;Interseção de Vias";Sim;1245027.0;Motocicleta;HONDA/CG 160 FAN;2019.0;Passageiro;Lesões Graves;28.0;Masculino;0.0;0.0;1.0;0.0;-5,872599;-35,22016;SPRF-RN;DEL01-RN;UOP01-DEL01-RN
700920.0;1560189.0;2025-06-27;sexta-feira;18:10:00;RN;101.0;98,7;NATAL;Sim;Condutor deixou de manter distância do veículo da frente;2;Tombamento;Com Vítimas Feridas;Plena Noite;Crescente;Céu Claro;Múltipla;"Reta;Interseção de Vias";Sim;1245025.0;Automóvel;RENAULT/SANDERO;0.0;Condutor;Não Informado;;Não Informado;0.0;0.0;0.0;0.0;-5,872599;-35,22016;SPRF-RN;DEL01-RN;UOP01-DEL01-RN
700920.0;1560192.0;2025-06-27;sexta-feira;18:10:00;RN;101.0;98,7;NATAL;Sim;Condutor deixou de manter distância do veículo da frente;2;Tombamento;Com Vítimas Feridas;Plena Noite;Crescente;Céu Claro;Múltipla;"Reta;Interseção de Vias";Sim;1245027.0;Motocicleta;HONDA/CG 160 FAN;2019.0;Condutor;Lesões Leves;35.0;Masculino;0.0;1.0;0.0;0.0;-5,872599;-35,22016;SPRF-RN;DEL01-RN;UOP01-DEL01-RN
700920.0;1560193.0;2025-06-27;sexta-feira;18:10:00;RN;101.0;98,7;NATAL;Sim;Condutor deixou de manter distância do veículo da frente;2;Tombamento;Com Vítimas Feridas;Plena Noite;Crescente;Céu Claro;Múltipla;"Reta;Interseção de Vias";Sim;1245027.0;Motocicleta;HONDA/CG 160 FAN;2019.0;Passageiro;Lesões Graves;28.0;Masculino;0.0;0.0;1.0;0.0;-5,872599;-35,22016;SPRF-RN;DEL01-RN;UOP01-DEL01-RN
700920.0;1560189.0;2025-06-27;sexta-feira;18:10:00;RN;101.0;98,7;NATAL;Sim;Condutor deixou de manter distância do veículo da frente;1;Colisão traseira;Com Vítimas Feridas;Plena Noite;Crescente;Céu Claro;Múltipla;"Reta;Interseção de Vias";Sim;1245025.0;Automóvel;RENAULT/SANDERO;0.0;Condutor;Não Informado;;Não Informado;0.0;0.0;0.0;0.0;-5,872599;-35,22016;SPRF-RN;DEL01-RN;UOP01-DEL01-RN
700920.0;1560192.0;2025-06-27;sexta-feira;18:10:00;RN;101.0;98,7;NATAL;Sim;Condutor deixou de manter distância do veículo da frente;1;Colisão traseira;Com Vítimas Feridas;Plena Noite;Crescente;Céu Claro;Múltipla;"Reta;Interseção de Vias";Sim;1245027.0;Motocicleta;HONDA/CG 160 FAN;2019.0;Condutor;Lesões Leves;35.0;Masculino;0.0;1.0;0.0;0.0;-5,872599;-35,22016;SPRF-RN;DEL01-RN;UOP01-DEL01-RN
700920.0;1560193.0;2025-06-27;sexta-feira;18:10:00;RN;101.0;98,7;NATAL;Sim;Condutor deixou de manter distância do veículo da frente;1;Colisão traseira;Com Vítimas Feridas;Plena Noite;Crescente;Céu Claro;Múltipla;"Reta;Interseção de Vias";Sim;1245027.0;Motocicleta;HONDA/CG 160 FAN;2019.0;Passageiro;Lesões Graves;28.0;Masculino;0.0;0.0;1.0;0.0;-5,872599;-35,22016;SPRF-RN;DEL01-RN;UOP01-DEL01-RN
701790.0;1562006.0;2025-07-01;terça-feira;13:15:00;RN;101.0;96;NATAL;Sim;Reação tardia ou ineficiente do condutor;1;Colisão traseira;Sem Vítimas;Pleno dia;Decrescente;Sol;Dupla;Reta;Sim;1246422.0;Camioneta;RENAULT/DUSTER INTP MT;2024.0;Condutor;Ileso;44.0;Masculino;1.0;0.0;0.0;0.0;-5,8533183;-35,2106917;SPRF-RN;DEL01-RN;UOP01-DEL01-RN
701790.0;1561988.0;2025-07-01;terça-feira;13:15:00;RN;101.0;96;NATAL;Sim;Reação tardia ou ineficiente do condutor;1;Colisão traseira;Sem Vítimas;Pleno dia;Decrescente;Sol;Dupla;Reta;Sim;1246405.0;Automóvel;FIAT/ARGO DRIVE 1.0;2021.0;Condutor;Ileso;31.0;Feminino;1.0;0.0;0.0;0.0;-5,8533183;-35,2106917;SPRF-RN;DEL01-RN;UOP01-DEL01-RN
701790.0;1562008.0;2025-07-01;terça-feira;13:15:00;RN;101.0;96;NATAL;Sim;Reação tardia ou ineficiente do condutor;1;Colisão traseira;Sem Vítimas;Pleno dia;Decrescente;Sol;Dupla;Reta;Sim;;;NA/NA;;Testemunha;Não Informado;;Não Informado;0.0;0.0;0.0;0.0;-5,8533183;-35,2106917;SPRF-RN;DEL01-RN;UOP01-DEL01-RN
701804.0;1562052.0;2025-07-01;terça-feira;15:10:00;RN;101.0;96;NATAL;Sim;Manobra de mudança de faixa;1;Queda de ocupante de veículo;Com Vítimas Feridas;Pleno dia;Decrescente;Garoa/Chuvisco;Dupla;Reta;Não;1246456.0;Motocicleta;HONDA/CG150 FAN ESDI;2011.0;Condutor;Lesões Leves;26.0;Masculino;0.0;1.0;0.0;0.0;-5,850043;-35,209367;SPRF-RN;DEL01-RN;UOP01-DEL01-RN
701807.0;1562064.0;2025-07-01;terça-feira;16:00:00;RN;101.0;97,8;NATAL;Sim;Reação tardia ou ineficiente do condutor;1;Engavetamento;Sem Vítimas;Pleno dia;Decrescente;Céu Claro;Dupla;Reta;Sim;1246473.0;Automóvel;HONDA/CITY LX FLEX;2013.0;Condutor;Ileso;44.0;Masculino;1.0;0.0;0.0;0.0;-5,8605698;-35,2134986;SPRF-RN;DEL01-RN;UOP01-DEL01-RN
701807.0;1562065.0;2025-07-01;terça-feira;16:00:00;RN;101.0;97,8;NATAL;Sim;Reação tardia ou ineficiente do condutor;1;Engavetamento;Sem Vítimas;Pleno dia;Decrescente;Céu Claro;Dupla;Reta;Sim;1246475.0;Automóvel;CHEVROLET/CELTA 1.0L LT;2012.0;Condutor;Ileso;41.0;Masculino;1.0;0.0;0.0;0.0;-5,8605698;-35,2134986;SPRF-RN;DEL01-RN;UOP01-DEL01-RN
701807.0;1562062.0;2025-07-01;terça-feira;16:00:00;RN;101.0;97,8;NATAL;Sim;Reação tardia ou ineficiente do condutor;1;Engavetamento;Sem Vítimas;Pleno dia;Decrescente;Céu Claro;Dupla;Reta;Sim;1246471.0;Automóvel;CHEVROLET/CRUZE LT NB;2015.0;Condutor;Ileso;32.0;Masculino;1.0;0.0;0.0;0.0;-5,8605698;-35,2134986;SPRF-RN;DEL01-RN;UOP01-DEL01-RN
701873.0;1562232.0;2025-07-01;terça-feira;21:15:00;RN;101.0;79,4;NATAL;Sim;Retorno proibido;1;Colisão lateral mesmo sentido;Com Vítimas Feridas;Plena Noite;Decrescente;Chuva;Dupla;Interseção de Vias;Não;1246602.0;Motocicleta;Não Informado/Não Informado;0.0;Condutor;Não Informado;;Não Informado;0.0;0.0;0.0;0.0;-5,753107;-35,288887;SPRF-RN;DEL02-RN;UOP01-DEL02-RN
701873.0;1562230.0;2025-07-01;terça-feira;21:15:00;RN;101.0;79,4;NATAL;Sim;Retorno proibido;1;Colisão lateral mesmo sentido;Com Vítimas Feridas;Plena Noite;Decrescente;Chuva;Dupla;Interseção de Vias;Não;1246600.0;Motocicleta;YAMAHA/FACTOR YBR125 ED;2009.0;Condutor;Lesões Graves;29.0;Masculino;0.0;0.0;1.0;0.0;-5,753107;-35,288887;SPRF-RN;DEL02-RN;UOP01-DEL02-RN
702250.0;1563295.0;2025-07-03;quinta-feira;19:09:00;RN;101.0;76;NATAL;Sim;Acumulo de água sobre o pavimento;1;Colisão com objeto;Com Vítimas Feridas;Plena Noite;Decrescente;Chuva;Dupla;Reta;Não;1247470.0;Motocicleta;HONDA/CG 160 FAN;2018.0;Passageiro;Lesões Graves;25.0;Feminino;0.0;0.0;1.0;0.0;-5,7258986;-35,284186;SPRF-RN;DEL02-RN;UOP01-DEL02-RN
702250.0;1563294.0;2025-07-03;quinta-feira;19:09:00;RN;101.0;76;NATAL;Sim;Acumulo de água sobre o pavimento;1;Colisão com objeto;Com Vítimas Feridas;Plena Noite;Decrescente;Chuva;Dupla;Reta;Não;1247470.0;Motocicleta;HONDA/CG 160 FAN;2018.0;Condutor;Lesões Graves;25.0;Masculino;0.0;0.0;1.0;0.0;-5,7258986;-35,284186;SPRF-RN;DEL02-RN;UOP01-DEL02-RN
702682.0;1564844.0;2025-07-05;sábado;13:30:00;RN;101.0;83,7;NATAL;Sim;Demais falhas mecânicas ou elétricas;1;Eventos atípicos;Com Vítimas Feridas;Pleno dia;Decrescente;Céu Claro;Dupla;Reta;Sim;1248193.0;Automóvel;Não Informado/Não Informado;0.0;Condutor;Não Informado;;Não Informado;0.0;0.0;0.0;0.0;-5,771893;-35,263798;SPRF-RN;DEL02-RN;UOP01-DEL02-RN
702682.0;1564165.0;2025-07-05;sábado;13:30:00;RN;101.0;83,7;NATAL;Sim;Demais falhas mecânicas ou elétricas;1;Eventos atípicos;Com Vítimas Feridas;Pleno dia;Decrescente;Céu Claro;Dupla;Reta;Sim;;;NA/NA;;Pedestre;Lesões Leves;70.0;Masculino;0.0;1.0;0.0;0.0;-5,771893;-35,263798;SPRF-RN;DEL02-RN;UOP01-DEL02-RN
703213.0;1565429.0;2025-07-07;segunda-feira;17:20:00;RN;101.0;84,3;NATAL;Não;Ingestão de álcool pelo condutor;1;Colisão traseira;Sem Vítimas;Anoitecer;Decrescente;Nublado;Dupla;Viaduto;Sim;1249197.0;Automóvel;VW/GOL 1.0 PLUS;2001.0;Condutor;Ileso;30.0;Masculino;1.0;0.0;0.0;0.0;-5,775241;-35,254839;SPRF-RN;DEL02-RN;UOP01-DEL02-RN
703213.0;1565426.0;2025-07-07;segunda-feira;17:20:00;RN;101.0;84,3;NATAL;Não;Ingestão de álcool pelo condutor;1;Colisão traseira;Sem Vítimas;Anoitecer;Decrescente;Nublado;Dupla;Viaduto;Sim;1249196.0;Automóvel;GM/CELTA 3 PORTAS SUPER;2002.0;Condutor;Ileso;46.0;Masculino;1.0;0.0;0.0;0.0;-5,775241;-35,254839;SPRF-RN;DEL02-RN;UOP01-DEL02-RN
703213.0;1565429.0;2025-07-07;segunda-feira;17:20:00;RN;101.0;84,3;NATAL;Sim;Reação tardia ou ineficiente do condutor;1;Colisão traseira;Sem Vítimas;Anoitecer;Decrescente;Nublado;Dupla;Viaduto;Sim;1249197.0;Automóvel;VW/GOL 1.0 PLUS;2001.0;Condutor;Ileso;30.0;Masculino;1.0;0.0;0.0;0.0;-5,775241;-35,254839;SPRF-RN;DEL02-RN;UOP01-DEL02-RN
703213.0;1565426.0;2025-07-07;segunda-feira;17:20:00;RN;101.0;84,3;NATAL;Sim;Reação tardia ou ineficiente do condutor;1;Colisão traseira;Sem Vítimas;Anoitecer;Decrescente;Nublado;Dupla;Viaduto;Sim;1249196.0;Automóvel;GM/CELTA 3 PORTAS SUPER;2002.0;Condutor;Ileso;46.0;Masculino;1.0;0.0;0.0;0.0;-5,775241;-35,254839;SPRF-RN;DEL02-RN;UOP01-DEL02-RN
703984.0;1567339.0;2025-07-11;sexta-feira;08:54:00;RN;101.0;79;NATAL;Sim;Demais falhas mecânicas ou elétricas;1;Queda de ocupante de veículo;Com Vítimas Feridas;Pleno dia;Decrescente;Céu Claro;Dupla;Reta;Não;1250780.0;Motocicleta;HONDA/CG 160 START;2024.0;Passageiro;Lesões Leves;52.0;Feminino;0.0;1.0;0.0;0.0;-5,74832;-35,28947;SPRF-RN;DEL02-RN;UOP01-DEL02-RN
703984.0;1567338.0;2025-07-11;sexta-feira;08:54:00;RN;101.0;79;NATAL;Sim;Demais falhas mecânicas ou elétricas;1;Queda de ocupante de veículo;Com Vítimas Feridas;Pleno dia;Decrescente;Céu Claro;Dupla;Reta;Não;1250780.0;Motocicleta;HONDA/CG 160 START;2024.0;Condutor;Lesões Leves;54.0;Masculino;0.0;1.0;0.0;0.0;-5,74832;-35,28947;SPRF-RN;DEL02-RN;UOP01-DEL02-RN
704241.0;1568340.0;2025-07-12;sábado;11:20:00;RN;101.0;95;NATAL;Sim;Condutor deixou de manter distância do veículo da frente;1;Engavetamento;Sem Vítimas;Pleno dia;Crescente;Céu Claro;Múltipla;"Aclive;Curva";Sim;1251602.0;Automóvel;PEUGEOT/208 GRIFFE A;2014.0;Condutor;Ileso;40.0;Masculino;1.0;0.0;0.0;0.0;-5,84587033;-35,20848781;SPRF-RN;DEL01-RN;UOP01-DEL01-RN
704241.0;1568343.0;2025-07-12;sábado;11:20:00;RN;101.0;95;NATAL;Sim;Condutor deixou de manter distância do veículo da frente;1;Engavetamento;Sem Vítimas;Pleno dia;Crescente;Céu Claro;Múltipla;"Aclive;Curva";Sim;1251601.0;Automóvel;I/FIAT CRONOS DRIVE 1.3;2022.0;Condutor;Ileso;48.0;Masculino;1.0;0.0;0.0;0.0;-5,84587033;-35,20848781;SPRF-RN;DEL01-RN;UOP01-DEL01-RN
704241.0;1568344.0;2025-07-12;sábado;11:20:00;RN;101.0;95;NATAL;Sim;Condutor deixou de manter distância do veículo da frente;1;Engavetamento;Sem Vítimas;Pleno dia;Crescente;Céu Claro;Múltipla;"Aclive;Curva";Sim;1251599.0;Automóvel;HYUNDAI/CRETA1TF LIMITED;2025.0;Condutor;Ileso;38.0;Masculino;1.0;0.0;0.0;0.0;-5,84587033;-35,20848781;SPRF-RN;DEL01-RN;UOP01-DEL01-RN
704247.0;1568348.0;2025-07-12;sábado;11:00:00;RN;101.0;95;NATAL;Sim;Manobra de mudança de faixa;1;Colisão lateral mesmo sentido;Sem Vítimas;Pleno dia;Crescente;Céu Claro;Múltipla;Reta;Sim;1251606.0;Automóvel;I/CHEV SONIC LT NB AT;2012.0;Condutor;Ileso;29.0;Masculino;1.0;0.0;0.0;0.0;-5,84624;-35,20844;SPRF-RN;DEL01-RN;UOP01-DEL01-RN
704247.0;1568347.0;2025-07-12;sábado;11:00:00;RN;101.0;95;NATAL;Sim;Manobra de mudança de faixa;1;Colisão lateral mesmo sentido;Sem Vítimas;Pleno dia;Crescente;Céu Claro;Múltipla;Reta;Sim;1251608.0;Caminhonete;Não Informado/Não Informado;0.0;Condutor;Não Informado;;Não Informado;0.0;0.0;0.0;0.0;-5,84624;-35,20844;SPRF-RN;DEL01-RN;UOP01-DEL01-RN
704509.0;1568601.0;2025-07-13;domingo;15:15:00;RN;101.0;82;NATAL;Sim;Reação tardia ou ineficiente do condutor;1;Colisão lateral mesmo sentido;Com Vítimas Feridas;Pleno dia;Decrescente;Céu Claro;Dupla;Reta;Sim;1251783.0;Automóvel;FIAT/PALIO FIRE;2004.0;Passageiro;Ileso;59.0;Masculino;1.0;0.0;0.0;0.0;-5,766943;-35,276992;SPRF-RN;DEL02-RN;UOP01-DEL02-RN
704509.0;1568562.0;2025-07-13;domingo;15:15:00;RN;101.0;82;NATAL;Sim;Reação tardia ou ineficiente do condutor;1;Colisão lateral mesmo sentido;Com Vítimas Feridas;Pleno dia;Decrescente;Céu Claro;Dupla;Reta;Sim;1251783.0;Automóvel;FIAT/PALIO FIRE;2004.0;Condutor;Ileso;59.0;Masculino;1.0;0.0;0.0;0.0;-5,766943;-35,276992;SPRF-RN;DEL02-RN;UOP01-DEL02-RN
704509.0;1568605.0;2025-07-13;domingo;15:15:00;RN;101.0;82;NATAL;Sim;Reação tardia ou ineficiente do condutor;1;Colisão lateral mesmo sentido;Com Vítimas Feridas;Pleno dia;Decrescente;Céu Claro;Dupla;Reta;Sim;1251807.0;Automóvel;FIAT/IDEA ATTRACTIVE 1.4;2014.0;Passageiro;Ileso;27.0;Masculino;1.0;0.0;0.0;0.0;-5,766943;-35,276992;SPRF-RN;DEL02-RN;UOP01-DEL02-RN