id;pesid;data_inversa;dia_semana;horario;uf;br;km;municipio;causa_principal;causa_acidente;ordem_tipo_acidente;tipo_acidente;classificacao_acidente;fase_dia;sentido_via;condicao_metereologica;tipo_pista;tracado_via;uso_solo;id_veiculo;tipo_veiculo;marca;ano_fabricacao_veiculo;tipo_envolvido;estado_fisico;idade;sexo;ilesos;feridos_leves;feridos_graves;mortos;latitude;longitude;regional;delegacia;uop
704509.0;1568604.0;2025-07-13;domingo;15:15:00;RN;101.0;82;NATAL;Sim;Reação tardia ou ineficiente do condutor;1;Colisão lateral mesmo sentido;Com Vítimas Feridas;Pleno dia;Decrescente;Céu Claro;Dupla;Reta;Sim;1251807.0;Automóvel;FIAT/IDEA ATTRACTIVE 1.4;2014.0;Condutor;Lesões Leves;60.0;Masculino;0.0;1.0;0.0;0.0;-5,766943;-35,276992;SPRF-RN;DEL02-RN;UOP01-DEL02-RN
704679.0;1569008.0;2025-07-14;segunda-feira;08:00:00;RN;101.0;96;NATAL;Sim;Ausência de reação do condutor;1;Colisão traseira;Sem Vítimas;Pleno dia;Decrescente;Nublado;Múltipla;Reta;Sim;1252136.0;Automóvel;FIAT/MOBI LIKE;2018.0;Condutor;Ileso;47.0;Masculino;1.0;0.0;0.0;0.0;-5,8496274;-35,20896999;SPRF-RN;DEL01-RN;UOP01-DEL01-RN
704679.0;1569007.0;2025-07-14;segunda-feira;08:00:00;RN;101.0;96;NATAL;Sim;Ausência de reação do condutor;1;Colisão traseira;Sem Vítimas;Pleno dia;Decrescente;Nublado;Múltipla;Reta;Sim;1252135.0;Automóvel;HYUNDAI/HB20S 10M VISION;2021.0;Condutor;Ileso;28.0;Feminino;1.0;0.0;0.0;0.0;-5,8496274;-35,20896999;SPRF-RN;DEL01-RN;UOP01-DEL01-RN
704683.0;1568946.0;2025-07-14;segunda-feira;07:00:00;RN;226.0;2,3;NATAL;Sim;Acessar a via sem observar a presença dos outros veículos;1;Colisão transversal;Sem Vítimas;Pleno dia;Decrescente;Céu Claro;Simples;Reta;Sim;1252102.0;Caminhonete;FIAT/STRADA TREK CE FLEX;2004.0;Condutor;Não Informado;;Não Informado;0.0;0.0;0.0;0.0;-5,816052;-35,249003;SPRF-RN;DEL01-RN;UOP02-DEL01-RN
704683.0;1568945.0;2025-07-14;segunda-feira;07:00:00;RN;226.0;2,3;NATAL;Sim;Acessar a via sem observar a presença dos outros veículos;1;Colisão transversal;Sem Vítimas;Pleno dia;Decrescente;Céu Claro;Simples;Reta;Sim;1252101.0;Camioneta;RENAULT/DUSTER ZEN 16;2021.0;Condutor;Ileso;53.0;Feminino;1.0;0.0;0.0;0.0;-5,816052;-35,249003;SPRF-RN;DEL01-RN;UOP02-DEL01-RN
704720.0;1568985.0;2025-07-14;segunda-feira;11:00:00;RN;101.0;94,3;NATAL;Sim;Mal súbito do condutor;2;Colisão com objeto;Com Vítimas Feridas;Pleno dia;Crescente;Céu Claro;Dupla;Reta;Sim;1252121.0;Automóvel;FIAT/MOBI LIKE;2022.0;Passageiro;Lesões Graves;41.0;Feminino;0.0;0.0;1.0;0.0;-5,8278808;-35,2106598;SPRF-RN;DEL01-RN;UOP01-DEL01-RN
704720.0;1568982.0;2025-07-14;segunda-feira;11:00:00;RN;101.0;94,3;NATAL;Sim;Mal súbito do condutor;2;Colisão com objeto;Com Vítimas Feridas;Pleno dia;Crescente;Céu Claro;Dupla;Reta;Sim;1252121.0;Automóvel;FIAT/MOBI LIKE;2022.0;Condutor;Ileso;61.0;Masculino;1.0;0.0;0.0;0.0;-5,8278808;-35,2106598;SPRF-RN;DEL01-RN;UOP01-DEL01-RN
704720.0;1568985.0;2025-07-14;segunda-feira;11:00:00;RN;101.0;94,3;NATAL;Sim;Mal súbito do condutor;1;Queda de ocupante de veículo;Com Vítimas Feridas;Pleno dia;Crescente;Céu Claro;Dupla;Reta;Sim;1252121.0;Automóvel;FIAT/MOBI LIKE;2022.0;Passageiro;Lesões Graves;41.0;Feminino;0.0;0.0;1.0;0.0;-5,8278808;-35,2106598;SPRF-RN;DEL01-RN;UOP01-DEL01-RN
704720.0;1568982.0;2025-07-14;segunda-feira;11:00:00;RN;101.0;94,3;NATAL;Sim;Mal súbito do condutor;1;Queda de ocupante de veículo;Com Vítimas Feridas;Pleno dia;Crescente;Céu Claro;Dupla;Reta;Sim;1252121.0;Automóvel;FIAT/MOBI LIKE;2022.0;Condutor;Ileso;61.0;Masculino;1.0;0.0;0.0;0.0;-5,8278808;-35,2106598;SPRF-RN;DEL01-RN;UOP01-DEL01-RN
704871.0;1569537.0;2025-07-15;terça-feira;06:47:00;RN;226.0;4;NATAL;Sim;Reação tardia ou ineficiente do condutor;3;Queda de ocupante de veículo;Com Vítimas Feridas;Pleno dia;Crescente;Céu Claro;Simples;Reta;Não;1252566.0;Caminhão;VW/13.190 CRM 4X2;2012.0;Condutor;Ileso;44.0;Masculino;1.0;0.0;0.0;0.0;-5,819151;-35,261821;SPRF-RN;DEL01-RN;UOP02-DEL01-RN
704871.0;1569535.0;2025-07-15;terça-feira;06:47:00;RN;226.0;4;NATAL;Sim;Reação tardia ou ineficiente do condutor;3;Queda de ocupante de veículo;Com Vítimas Feridas;Pleno dia;Crescente;Céu Claro;Simples;Reta;Não;1252565.0;Motocicleta;HONDA/NXR150 BROS ES;2014.0;Condutor;Lesões Leves;65.0;Masculino;0.0;1.0;0.0;0.0;-5,819151;-35,261821;SPRF-RN;DEL01-RN;UOP02-DEL01-RN
704871.0;1569537.0;2025-07-15;terça-feira;06:47:00;RN;226.0;4;NATAL;Sim;Reação tardia ou ineficiente do condutor;2;Tombamento;Com Vítimas Feridas;Pleno dia;Crescente;Céu Claro;Simples;Reta;Não;1252566.0;Caminhão;VW/13.190 CRM 4X2;2012.0;Condutor;Ileso;44.0;Masculino;1.0;0.0;0.0;0.0;-5,819151;-35,261821;SPRF-RN;DEL01-RN;UOP02-DEL01-RN
704871.0;1569535.0;2025-07-15;terça-feira;06:47:00;RN;226.0;4;NATAL;Sim;Reação tardia ou ineficiente do condutor;2;Tombamento;Com Vítimas Feridas;Pleno dia;Crescente;Céu Claro;Simples;Reta;Não;1252565.0;Motocicleta;HONDA/NXR150 BROS ES;2014.0;Condutor;Lesões Leves;65.0;Masculino;0.0;1.0;0.0;0.0;-5,819151;-35,261821;SPRF-RN;DEL01-RN;UOP02-DEL01-RN
704871.0;1569537.0;2025-07-15;terça-feira;06:47:00;RN;226.0;4;NATAL;Sim;Reação tardia ou ineficiente do condutor;1;Colisão traseira;Com Vítimas Feridas;Pleno dia;Crescente;Céu Claro;Simples;Reta;Não;1252566.0;Caminhão;VW/13.190 CRM 4X2;2012.0;Condutor;Ileso;44.0;Masculino;1.0;0.0;0.0;0.0;-5,819151;-35,261821;SPRF-RN;DEL01-RN;UOP02-DEL01-RN
704871.0;1569535.0;2025-07-15;terça-feira;06:47:00;RN;226.0;4;NATAL;Sim;Reação tardia ou ineficiente do condutor;1;Colisão traseira;Com Vítimas Feridas;Pleno dia;Crescente;Céu Claro;Simples;Reta;Não;1252565.0;Motocicleta;HONDA/NXR150 BROS ES;2014.0;Condutor;Lesões Leves;65.0;Masculino;0.0;1.0;0.0;0.0;-5,819151;-35,261821;SPRF-RN;DEL01-RN;UOP02-DEL01-RN
705025.0;1569785.0;2025-07-15;terça-feira;18:14:00;RN;101.0;76;NATAL;Não;Ausência de sinalização;2;Queda de ocupante de veículo;Com Vítimas Feridas;Plena Noite;Decrescente;Céu Claro;Dupla;Reta;Sim;1252790.0;Motocicleta;HONDA/CG 125 FAN KS;2010.0;Passageiro;Lesões Graves;51.0;Feminino;0.0;0.0;1.0;0.0;-5,72595897;-35,28419137;SPRF-RN;DEL02-RN;UOP01-DEL02-RN
705025.0;1569782.0;2025-07-15;terça-feira;18:14:00;RN;101.0;76;NATAL;Não;Ausência de sinalização;2;Queda de ocupante de veículo;Com Vítimas Feridas;Plena Noite;Decrescente;Céu Claro;Dupla;Reta;Sim;1252790.0;Motocicleta;HONDA/CG 125 FAN KS;2010.0;Condutor;Lesões Leves;48.0;Masculino;0.0;1.0;0.0;0.0;-5,72595897;-35,28419137;SPRF-RN;DEL02-RN;UOP01-DEL02-RN
705025.0;1569785.0;2025-07-15;terça-feira;18:14:00;RN;101.0;76;NATAL;Não;Ausência de sinalização;1;Saída de leito carroçável;Com Vítimas Feridas;Plena Noite;Decrescente;Céu Claro;Dupla;Reta;Sim;1252790.0;Motocicleta;HONDA/CG 125 FAN KS;2010.0;Passageiro;Lesões Graves;51.0;Feminino;0.0;0.0;1.0;0.0;-5,72595897;-35,28419137;SPRF-RN;DEL02-RN;UOP01-DEL02-RN
705025.0;1569782.0;2025-07-15;terça-feira;18:14:00;RN;101.0;76;NATAL;Não;Ausência de sinalização;1;Saída de leito carroçável;Com Vítimas Feridas;Plena Noite;Decrescente;Céu Claro;Dupla;Reta;Sim;1252790.0;Motocicleta;HONDA/CG 125 FAN KS;2010.0;Condutor;Lesões Leves;48.0;Masculino;0.0;1.0;0.0;0.0;-5,72595897;-35,28419137;SPRF-RN;DEL02-RN;UOP01-DEL02-RN
705025.0;1569785.0;2025-07-15;terça-feira;18:14:00;RN;101.0;76;NATAL;Sim;Deficiência do Sistema de Iluminação/Sinalização;2;Queda de ocupante de veículo;Com Vítimas Feridas;Plena Noite;Decrescente;Céu Claro;Dupla;Reta;Sim;1252790.0;Motocicleta;HONDA/CG 125 FAN KS;2010.0;Passageiro;Lesões Graves;51.0;Feminino;0.0;0.0;1.0;0.0;-5,72595897;-35,28419137;SPRF-RN;DEL02-RN;UOP01-DEL02-RN
705025.0;1569782.0;2025-07-15;terça-feira;18:14:00;RN;101.0;76;NATAL;Sim;Deficiência do Sistema de Iluminação/Sinalização;2;Queda de ocupante de veículo;Com Vítimas Feridas;Plena Noite;Decrescente;Céu Claro;Dupla;Reta;Sim;1252790.0;Motocicleta;HONDA/CG 125 FAN KS;2010.0;Condutor;Lesões Leves;48.0;Masculino;0.0;1.0;0.0;0.0;-5,72595897;-35,28419137;SPRF-RN;DEL02-RN;UOP01-DEL02-RN
705025.0;1569785.0;2025-07-15;terça-feira;18:14:00;RN;101.0;76;NATAL;Sim;Deficiência do Sistema de Iluminação/Sinalização;1;Saída de leito carroçável;Com Vítimas Feridas;Plena Noite;Decrescente;Céu Claro;Dupla;Reta;Sim;1252790.0;Motocicleta;HONDA/CG 125 FAN KS;2010.0;Passageiro;Lesões Graves;51.0;Feminino;0.0;0.0;1.0;0.0;-5,72595897;-35,28419137;SPRF-RN;DEL02-RN;UOP01-DEL02-RN
705025.0;1569782.0;2025-07-15;terça-feira;18:14:00;RN;101.0;76;NATAL;Sim;Deficiência do Sistema de Iluminação/Sinalização;1;Saída de leito carroçável;Com Vítimas Feridas;Plena Noite;Decrescente;Céu Claro;Dupla;Reta;Sim;1252790.0;Motocicleta;HONDA/CG 125 FAN KS;2010.0;Condutor;Lesões Leves;48.0;Masculino;0.0;1.0;0.0;0.0;-5,72595897;-35,28419137;SPRF-RN;DEL02-RN;UOP01-DEL02-RN
705307.0;1570850.0;2025-07-17;quinta-feira;10:30:00;RN;101.0;81;NATAL;Sim;Acessar a via sem observar a presença dos outros veículos;2;Tombamento;Com Vítimas Feridas;Pleno dia;Crescente;Nublado;Dupla;Reta;Sim;1253602.0;Automóvel;Não Informado/Não Informado;0.0;Condutor;Não Informado;;Não Informado;0.0;0.0;0.0;0.0;-5,763543;-35,286137;SPRF-RN;DEL02-RN;UOP01-DEL02-RN
705307.0;1570512.0;2025-07-17;quinta-feira;10:30:00;RN;101.0;81;NATAL;Sim;Acessar a via sem observar a presença dos outros veículos;2;Tombamento;Com Vítimas Feridas;Pleno dia;Crescente;Nublado;Dupla;Reta;Sim;1253374.0;Motocicleta;MOTTU/SPORT 110I;2024.0;Passageiro;Lesões Leves;20.0;Feminino;0.0;1.0;0.0;0.0;-5,763543;-35,286137;SPRF-RN;DEL02-RN;UOP01-DEL02-RN
705307.0;1570511.0;2025-07-17;quinta-feira;10:30:00;RN;101.0;81;NATAL;Sim;Acessar a via sem observar a presença dos outros veículos;2;Tombamento;Com Vítimas Feridas;Pleno dia;Crescente;Nublado;Dupla;Reta;Sim;1253374.0;Motocicleta;MOTTU/SPORT 110I;2024.0;Condutor;Lesões Leves;52.0;Masculino;0.0;1.0;0.0;0.0;-5,763543;-35,286137;SPRF-RN;DEL02-RN;UOP01-DEL02-RN
705307.0;1570850.0;2025-07-17;quinta-feira;10:30:00;RN;101.0;81;NATAL;Sim;Acessar a via sem observar a presença dos outros veículos;1;Queda de ocupante de veículo;Com Vítimas Feridas;Pleno dia;Crescente;Nublado;Dupla;Reta;Sim;1253602.0;Automóvel;Não Informado/Não Informado;0.0;Condutor;Não Informado;;Não Informado;0.0;0.0;0.0;0.0;-5,763543;-35,286137;SPRF-RN;DEL02-RN;UOP01-DEL02-RN
705307.0;1570512.0;2025-07-17;quinta-feira;10:30:00;RN;101.0;81;NATAL;Sim;Acessar a via sem observar a presença dos outros veículos;1;Queda de ocupante de veículo;Com Vítimas Feridas;Pleno dia;Crescente;Nublado;Dupla;Reta;Sim;1253374.0;Motocicleta;MOTTU/SPORT 110I;2024.0;Passageiro;Lesões Leves;20.0;Feminino;0.0;1.0;0.0;0.0;-5,763543;-35,286137;SPRF-RN;DEL02-RN;UOP01-DEL02-RN
705307.0;1570511.0;2025-07-17;quinta-feira;10:30:00;RN;101.0;81;NATAL;Sim;Acessar a via sem observar a presença dos outros veículos;1;Queda de ocupante de veículo;Com Vítimas Feridas;Pleno dia;Crescente;Nublado;Dupla;Reta;Sim;1253374.0;Motocicleta;MOTTU/SPORT 110I;2024.0;Condutor;Lesões Leves;52.0;Masculino;0.0;1.0;0.0;0.0;-5,763543;-35,286137;SPRF-RN;DEL02-RN;UOP01-DEL02-RN
705344.0;1570773.0;2025-07-17;quinta-feira;13:45:00;RN;101.0;85;NATAL;Sim;Reação tardia ou ineficiente do condutor;2;Queda de ocupante de veículo;Com Vítimas Feridas;Pleno dia;Crescente;Céu Claro;Dupla;"Reta;Ponte";Não;1253576.0;Motocicleta;HONDA/CB 300R;2015.0;Condutor;Lesões Leves;40.0;Masculino;0.0;1.0;0.0;0.0;-5,78215951;-35,24758307;SPRF-RN;DEL02-RN;UOP01-DEL02-RN
705344.0;1570771.0;2025-07-17;quinta-feira;13:45:00;RN;101.0;85;NATAL;Sim;Reação tardia ou ineficiente do condutor;2;Queda de ocupante de veículo;Com Vítimas Feridas;Pleno dia;Crescente;Céu Claro;Dupla;"Reta;Ponte";Não;1253575.0;Automóvel;FIAT/UNO MILLE FIRE FLEX;2007.0;Condutor;Ileso;54.0;Masculino;1.0;0.0;0.0;0.0;-5,78215951;-35,24758307;SPRF-RN;DEL02-RN;UOP01-DEL02-RN
705344.0;1570773.0;2025-07-17;quinta-feira;13:45:00;RN;101.0;85;NATAL;Sim;Reação tardia ou ineficiente do condutor;1;Colisão traseira;Com Vítimas Feridas;Pleno dia;Crescente;Céu Claro;Dupla;"Reta;Ponte";Não;1253576.0;Motocicleta;HONDA/CB 300R;2015.0;Condutor;Lesões Leves;40.0;Masculino;0.0;1.0;0.0;0.0;-5,78215951;-35,24758307;SPRF-RN;DEL02-RN;UOP01-DEL02-RN
705344.0;1570771.0;2025-07-17;quinta-feira;13:45:00;RN;101.0;85;NATAL;Sim;Reação tardia ou ineficiente do condutor;1;Colisão traseira;Com Vítimas Feridas;Pleno dia;Crescente;Céu Claro;Dupla;"Reta;Ponte";Não;1253575.0;Automóvel;FIAT/UNO MILLE FIRE FLEX;2007.0;Condutor;Ileso;54.0;Masculino;1.0;0.0;0.0;0.0;-5,78215951;-35,24758307;SPRF-RN;DEL02-RN;UOP01-DEL02-RN
705388.0;1570831.0;2025-07-17;quinta-feira;16:50:00;RN;101.0;95;NATAL;Sim;Condutor deixou de manter distância do veículo da frente;1;Colisão traseira;Com Vítimas Feridas;Anoitecer;Crescente;Céu Claro;Múltipla;"Viaduto;Reta";Não;1253622.0;Automóvel;RENAULT/SANDERO EXPR 10;2017.0;Condutor;Lesões Graves;60.0;Feminino;0.0;0.0;1.0;0.0;-5,83519736;-35,212135;SPRF-RN;DEL01-RN;UOP01-DEL01-RN
705388.0;1570830.0;2025-07-17;quinta-feira;16:50:00;RN;101.0;95;NATAL;Sim;Condutor deixou de manter distância do veículo da frente;1;Colisão traseira;Com Vítimas Feridas;Anoitecer;Crescente;Céu Claro;Múltipla;"Viaduto;Reta";Não;1253621.0;Automóvel;VW/VOYAGE 1.6;2012.0;Condutor;Ileso;37.0;Masculino;1.0;0.0;0.0;0.0;-5,83519736;-35,212135;SPRF-RN;DEL01-RN;UOP01-DEL01-RN
705388.0;1573162.0;2025-07-17;quinta-feira;16:50:00;RN;101.0;95;NATAL;Sim;Condutor deixou de manter distância do veículo da frente;1;Colisão traseira;Com Vítimas Feridas;Anoitecer;Crescente;Céu Claro;Múltipla;"Viaduto;Reta";Não;;;NA/NA;;Testemunha;Não Informado;;Não Informado;0.0;0.0;0.0;0.0;-5,83519736;-35,212135;SPRF-RN;DEL01-RN;UOP01-DEL01-RN
705596.0;1571263.0;2025-07-18;sexta-feira;18:00:00;RN;101.0;94;NATAL;Não;Reação tardia ou ineficiente do condutor;3;Queda de ocupante de veículo;Com Vítimas Feridas;Plena Noite;Crescente;Céu Claro;Simples;Viaduto;Sim;1253958.0;Automóvel;VW/FOX CONNECT MB;2018.0;Condutor;Ileso;46.0;Masculino;1.0;0.0;0.0;0.0;-5,82734179;-35,21019308;SPRF-RN;DEL01-RN;UOP01-DEL01-RN
705596.0;1571264.0;2025-07-18;sexta-feira;18:00:00;RN;101.0;94;NATAL;Não;Reação tardia ou ineficiente do condutor;3;Queda de ocupante de veículo;Com Vítimas Feridas;Plena Noite;Crescente;Céu Claro;Simples;Viaduto;Sim;1253956.0;Motoneta;HONDA/PCX 150 DLX;2018.0;Passageiro;Ileso;32.0;Feminino;1.0;0.0;0.0;0.0;-5,82734179;-35,21019308;SPRF-RN;DEL01-RN;UOP01-DEL01-RN
705596.0;1571261.0;2025-07-18;sexta-feira;18:00:00;RN;101.0;94;NATAL;Não;Reação tardia ou ineficiente do condutor;3;Queda de ocupante de veículo;Com Vítimas Feridas;Plena Noite;Crescente;Céu Claro;Simples;Viaduto;Sim;1253956.0;Motoneta;HONDA/PCX 150 DLX;2018.0;Condutor;Lesões Leves;28.0;Masculino;0.0;1.0;0.0;0.0;-5,82734179;-35,21019308;SPRF-RN;DEL01-RN;UOP01-DEL01-RN
705596.0;1571263.0;2025-07-18;sexta-feira;18:00:00;RN;101.0;94;NATAL;Não;Reação tardia ou ineficiente do condutor;2;Tombamento;Com Vítimas Feridas;Plena Noite;Crescente;Céu Claro;Simples;Viaduto;Sim;1253958.0;Automóvel;VW/FOX CONNECT MB;2018.0;Condutor;Ileso;46.0;Masculino;1.0;0.0;0.0;0.0;-5,82734179;-35,21019308;SPRF-RN;DEL01-RN;UOP01-DEL01-RN
705596.0;1571264.0;2025-07-18;sexta-feira;18:00:00;RN;101.0;94;NATAL;Não;Reação tardia ou ineficiente do condutor;2;Tombamento;Com Vítimas Feridas;Plena Noite;Crescente;Céu Claro;Simples;Viaduto;Sim;1253956.0;Motoneta;HONDA/PCX 150 DLX;2018.0;Passageiro;Ileso;32.0;Feminino;1.0;0.0;0.0;0.0;-5,82734179;-35,21019308;SPRF-RN;DEL01-RN;UOP01-DEL01-RN
705596.0;1571261.0;2025-07-18;sexta-feira;18:00:00;RN;101.0;94;NATAL;Não;Reação tardia ou ineficiente do condutor;2;Tombamento;Com Vítimas Feridas;Plena Noite;Crescente;Céu Claro;Simples;Viaduto;Sim;1253956.0;Motoneta;HONDA/PCX 150 DLX;2018.0;Condutor;Lesões Leves;28.0;Masculino;0.0;1.0;0.0;0.0;-5,82734179;-35,21019308;SPRF-RN;DEL01-RN;UOP01-DEL01-RN
705596.0;1571263.0;2025-07-18;sexta-feira;18:00:00;RN;101.0;94;NATAL;Não;Reação tardia ou ineficiente do condutor;1;Colisão traseira;Com Vítimas Feridas;Plena Noite;Crescente;Céu Claro;Simples;Viaduto;Sim;1253958.0;Automóvel;VW/FOX CONNECT MB;2018.0;Condutor;Ileso;46.0;Masculino;1.0;0.0;0.0;0.0;-5,82734179;-35,21019308;SPRF-RN;DEL01-RN;UOP01-DEL01-RN
705596.0;1571264.0;2025-07-18;sexta-feira;18:00:00;RN;101.0;94;NATAL;Não;Reação tardia ou ineficiente do condutor;1;Colisão traseira;Com Vítimas Feridas;Plena Noite;Crescente;Céu Claro;Simples;Viaduto;Sim;1253956.0;Motoneta;HONDA/PCX 150 DLX;2018.0;Passageiro;Ileso;32.0;Feminino;1.0;0.0;0.0;0.0;-5,82734179;-35,21019308;SPRF-RN;DEL01-RN;UOP01-DEL01-RN
705596.0;1571261.0;2025-07-18;sexta-feira;18:00:00;RN;101.0;94;NATAL;Não;Reação tardia ou ineficiente do condutor;1;Colisão traseira;Com Vítimas Feridas;Plena Noite;Crescente;Céu Claro;Simples;Viaduto;Sim;1253956.0;Motoneta;HONDA/PCX 150 DLX;2018.0;Condutor;Lesões Leves;28.0;Masculino;0.0;1.0;0.0;0.0;-5,82734179;-35,21019308;SPRF-RN;DEL01-RN;UOP01-DEL01-RN
705596.0;1571263.0;2025-07-18;sexta-feira;18:00:00;RN;101.0;94;NATAL;Sim;Condutor deixou de manter distância do veículo da frente;3;Queda de ocupante de veículo;Com Vítimas Feridas;Plena Noite;Crescente;Céu Claro;Simples;Viaduto;Sim;1253958.0;Automóvel;VW/FOX CONNECT MB;2018.0;Condutor;Ileso;46.0;Masculino;1.0;0.0;0.0;0.0;-5,82734179;-35,21019308;SPRF-RN;DEL01-RN;UOP01-DEL01-RN
705596.0;1571264.0;2025-07-18;sexta-feira;18:00:00;RN;101.0;94;NATAL;Sim;Condutor deixou de manter distância do veículo da frente;3;Queda de ocupante de veículo;Com Vítimas Feridas;Plena Noite;Crescente;Céu Claro;Simples;Viaduto;Sim;1253956.0;Motoneta;HONDA/PCX 150 DLX;2018.0;Passageiro;Ileso;32.0;Feminino;1.0;0.0;0.0;0.0;-5,82734179;-35,21019308;SPRF-RN;DEL01-RN;UOP01-DEL01-RN
705596.0;1571261.0;2025-07-18;sexta-feira;18:00:00;RN;101.0;94;NATAL;Sim;Condutor deixou de manter distância do veículo da frente;3;Queda de ocupante de veículo;Com Vítimas Feridas;Plena Noite;Crescente;Céu Claro;Simples;Viaduto;Sim;1253956.0;Motoneta;HONDA/PCX 150 DLX;2018.0;Condutor;Lesões Leves;28.0;Masculino;0.0;1.0;0.0;0.0;-5,82734179;-35,21019308;SPRF-RN;DEL01-RN;UOP01-DEL01-RN
705596.0;1571263.0;2025-07-18;sexta-feira;18:00:00;RN;101.0;94;NATAL;Sim;Condutor deixou de manter distância do veículo da frente;2;Tombamento;Com Vítimas Feridas;Plena Noite;Crescente;Céu Claro;Simples;Viaduto;Sim;1253958.0;Automóvel;VW/FOX CONNECT MB;2018.0;Condutor;Ileso;46.0;Masculino;1.0;0.0;0.0;0.0;-5,82734179;-35,21019308;SPRF-RN;DEL01-RN;UOP01-DEL01-RN
705596.0;1571264.0;2025-07-18;sexta-feira;18:00:00;RN;101.0;94;NATAL;Sim;Condutor deixou de manter distância do veículo da frente;2;Tombamento;Com Vítimas Feridas;Plena Noite;Crescente;Céu Claro;Simples;Viaduto;Sim;1253956.0;Motoneta;HONDA/PCX 150 DLX;2018.0;Passageiro;Ileso;32.0;Feminino;1.0;0.0;0.0;0.0;-5,82734179;-35,21019308;SPRF-RN;DEL01-RN;UOP01-DEL01-RN
705596.0;1571261.0;2025-07-18;sexta-feira;18:00:00;RN;101.0;94;NATAL;Sim;Condutor deixou de manter distância do veículo da frente;2;Tombamento;Com Vítimas Feridas;Plena Noite;Crescente;Céu Claro;Simples;Viaduto;Sim;1253956.0;Motoneta;HONDA/PCX 150 DLX;2018.0;Condutor;Lesões Leves;28.0;Masculino;0.0;1.0;0.0;0.0;-5,82734179;-35,21019308;SPRF-RN;DEL01-RN;UOP01-DEL01-RN
705596.0;1571263.0;2025-07-18;sexta-feira;18:00:00;RN;101.0;94;NATAL;Sim;Condutor deixou de manter distância do veículo da frente;1;Colisão traseira;Com Vítimas Feridas;Plena Noite;Crescente;Céu Claro;Simples;Viaduto;Sim;1253958.0;Automóvel;VW/FOX CONNECT MB;2018.0;Condutor;Ileso;46.0;Masculino;1.0;0.0;0.0;0.0;-5,82734179;-35,21019308;SPRF-RN;DEL01-RN;UOP01-DEL01-RN
705596.0;1571264.0;2025-07-18;sexta-feira;18:00:00;RN;101.0;94;NATAL;Sim;Condutor deixou de manter distância do veículo da frente;1;Colisão traseira;Com Vítimas Feridas;Plena Noite;Crescente;Céu Claro;Simples;Viaduto;Sim;1253956.0;Motoneta;HONDA/PCX 150 DLX;2018.0;Passageiro;Ileso;32.0;Feminino;1.0;0.0;0.0;0.0;-5,82734179;-35,21019308;SPRF-RN;DEL01-RN;UOP01-DEL01-RN
705596.0;1571261.0;2025-07-18;sexta-feira;18:00:00;RN;101.0;94;NATAL;Sim;Condutor deixou de manter distância do veículo da frente;1;Colisão traseira;Com Vítimas Feridas;Plena Noite;Crescente;Céu Claro;Simples;Viaduto;Sim;1253956.0;Motoneta;HONDA/PCX 150 DLX;2018.0;Condutor;Lesões Leves;28.0;Masculino;0.0;1.0;0.0;0.0;-5,82734179;-35,21019308;SPRF-RN;DEL01-RN;UOP01-DEL01-RN
706484.0;1573551.0;2025-07-22;terça-feira;15:00:00;RN;101.0;79,5;NATAL;Não;Velocidade Incompatível;4;Queda de ocupante de veículo;Com Vítimas Feridas;Pleno dia;Crescente;Sol;Dupla;Reta;Sim;1255658.0;Ônibus;M.BENZ/MPOLO TORINO U;2011.0;Condutor;Ileso;49.0;Masculino;1.0;0.0;0.0;0.0;-5,75416;-35,288775;SPRF-RN;DEL02-RN;UOP01-DEL02-RN
706484.0;1573552.0;2025-07-22;terça-feira;15:00:00;RN;101.0;79,5;NATAL;Não;Velocidade Incompatível;4;Queda de ocupante de veículo;Com Vítimas Feridas;Pleno dia;Crescente;Sol;Dupla;Reta;Sim;1255659.0;Automóvel;Não Informado/Não Informado;0.0;Condutor;Não Informado;;Não Informado;0.0;0.0;0.0;0.0;-5,75416;-35,288775;SPRF-RN;DEL02-RN;UOP01-DEL02-RN
706484.0;1573550.0;2025-07-22;terça-feira;15:00:00;RN;101.0;79,5;NATAL;Não;Velocidade Incompatível;4;Queda de ocupante de veículo;Com Vítimas Feridas;Pleno dia;Crescente;Sol;Dupla;Reta;Sim;1255656.0;Motocicleta;HONDA/CG 160 START;2022.0;Condutor;Lesões Graves;25.0;Masculino;0.0;0.0;1.0;0.0;-5,75416;-35,288775;SPRF-RN;DEL02-RN;UOP01-DEL02-RN
706484.0;1573551.0;2025-07-22;terça-feira;15:00:00;RN;101.0;79,5;NATAL;Não;Velocidade Incompatível;3;Tombamento;Com Vítimas Feridas;Pleno dia;Crescente;Sol;Dupla;Reta;Sim;1255658.0;Ônibus;M.BENZ/MPOLO TORINO U;2011.0;Condutor;Ileso;49.0;Masculino;1.0;0.0;0.0;0.0;-5,75416;-35,288775;SPRF-RN;DEL02-RN;UOP01-DEL02-RN