id;pesid;data_inversa;dia_semana;horario;uf;br;km;municipio;causa_principal;causa_acidente;ordem_tipo_acidente;tipo_acidente;classificacao_acidente;fase_dia;sentido_via;condicao_metereologica;tipo_pista;tracado_via;uso_solo;id_veiculo;tipo_veiculo;marca;ano_fabricacao_veiculo;tipo_envolvido;estado_fisico;idade;sexo;ilesos;feridos_leves;feridos_graves;mortos;latitude;longitude;regional;delegacia;uop
706484.0;1573552.0;2025-07-22;terça-feira;15:00:00;RN;101.0;79,5;NATAL;Não;Velocidade Incompatível;3;Tombamento;Com Vítimas Feridas;Pleno dia;Crescente;Sol;Dupla;Reta;Sim;1255659.0;Automóvel;Não Informado/Não Informado;0.0;Condutor;Não Informado;;Não Informado;0.0;0.0;0.0;0.0;-5,75416;-35,288775;SPRF-RN;DEL02-RN;UOP01-DEL02-RN
706484.0;1573550.0;2025-07-22;terça-feira;15:00:00;RN;101.0;79,5;NATAL;Não;Velocidade Incompatível;3;Tombamento;Com Vítimas Feridas;Pleno dia;Crescente;Sol;Dupla;Reta;Sim;1255656.0;Motocicleta;HONDA/CG 160 START;2022.0;Condutor;Lesões Graves;25.0;Masculino;0.0;0.0;1.0;0.0;-5,75416;-35,288775;SPRF-RN;DEL02-RN;UOP01-DEL02-RN
706484.0;1573551.0;2025-07-22;terça-feira;15:00:00;RN;101.0;79,5;NATAL;Não;Velocidade Incompatível;2;Colisão lateral mesmo sentido;Com Vítimas Feridas;Pleno dia;Crescente;Sol;Dupla;Reta;Sim;1255658.0;Ônibus;M.BENZ/MPOLO TORINO U;2011.0;Condutor;Ileso;49.0;Masculino;1.0;0.0;0.0;0.0;-5,75416;-35,288775;SPRF-RN;DEL02-RN;UOP01-DEL02-RN
706484.0;1573552.0;2025-07-22;terça-feira;15:00:00;RN;101.0;79,5;NATAL;Não;Velocidade Incompatível;2;Colisão lateral mesmo sentido;Com Vítimas Feridas;Pleno dia;Crescente;Sol;Dupla;Reta;Sim;1255659.0;Automóvel;Não Informado/Não Informado;0.0;Condutor;Não Informado;;Não Informado;0.0;0.0;0.0;0.0;-5,75416;-35,288775;SPRF-RN;DEL02-RN;UOP01-DEL02-RN
706484.0;1573550.0;2025-07-22;terça-feira;15:00:00;RN;101.0;79,5;NATAL;Não;Velocidade Incompatível;2;Colisão lateral mesmo sentido;Com Vítimas Feridas;Pleno dia;Crescente;Sol;Dupla;Reta;Sim;1255656.0;Motocicleta;HONDA/CG 160 START;2022.0;Condutor;Lesões Graves;25.0;Masculino;0.0;0.0;1.0;0.0;-5,75416;-35,288775;SPRF-RN;DEL02-RN;UOP01-DEL02-RN
706484.0;1573551.0;2025-07-22;terça-feira;15:00:00;RN;101.0;79,5;NATAL;Não;Velocidade Incompatível;1;Colisão traseira;Com Vítimas Feridas;Pleno dia;Crescente;Sol;Dupla;Reta;Sim;1255658.0;Ônibus;M.BENZ/MPOLO TORINO U;2011.0;Condutor;Ileso;49.0;Masculino;1.0;0.0;0.0;0.0;-5,75416;-35,288775;SPRF-RN;DEL02-RN;UOP01-DEL02-RN
706484.0;1573552.0;2025-07-22;terça-feira;15:00:00;RN;101.0;79,5;NATAL;Não;Velocidade Incompatível;1;Colisão traseira;Com Vítimas Feridas;Pleno dia;Crescente;Sol;Dupla;Reta;Sim;1255659.0;Automóvel;Não Informado/Não Informado;0.0;Condutor;Não Informado;;Não Informado;0.0;0.0;0.0;0.0;-5,75416;-35,288775;SPRF-RN;DEL02-RN;UOP01-DEL02-RN
706484.0;1573550.0;2025-07-22;terça-feira;15:00:00;RN;101.0;79,5;NATAL;Não;Velocidade Incompatível;1;Colisão traseira;Com Vítimas Feridas;Pleno dia;Crescente;Sol;Dupla;Reta;Sim;1255656.0;Motocicleta;HONDA/CG 160 START;2022.0;Condutor;Lesões Graves;25.0;Masculino;0.0;0.0;1.0;0.0;-5,75416;-35,288775;SPRF-RN;DEL02-RN;UOP01-DEL02-RN
706484.0;1573551.0;2025-07-22;terça-feira;15:00:00;RN;101.0;79,5;NATAL;Sim;Ausência de reação do condutor;4;Queda de ocupante de veículo;Com Vítimas Feridas;Pleno dia;Crescente;Sol;Dupla;Reta;Sim;1255658.0;Ônibus;M.BENZ/MPOLO TORINO U;2011.0;Condutor;Ileso;49.0;Masculino;1.0;0.0;0.0;0.0;-5,75416;-35,288775;SPRF-RN;DEL02-RN;UOP01-DEL02-RN
706484.0;1573552.0;2025-07-22;terça-feira;15:00:00;RN;101.0;79,5;NATAL;Sim;Ausência de reação do condutor;4;Queda de ocupante de veículo;Com Vítimas Feridas;Pleno dia;Crescente;Sol;Dupla;Reta;Sim;1255659.0;Automóvel;Não Informado/Não Informado;0.0;Condutor;Não Informado;;Não Informado;0.0;0.0;0.0;0.0;-5,75416;-35,288775;SPRF-RN;DEL02-RN;UOP01-DEL02-RN
706484.0;1573550.0;2025-07-22;terça-feira;15:00:00;RN;101.0;79,5;NATAL;Sim;Ausência de reação do condutor;4;Queda de ocupante de veículo;Com Vítimas Feridas;Pleno dia;Crescente;Sol;Dupla;Reta;Sim;1255656.0;Motocicleta;HONDA/CG 160 START;2022.0;Condutor;Lesões Graves;25.0;Masculino;0.0;0.0;1.0;0.0;-5,75416;-35,288775;SPRF-RN;DEL02-RN;UOP01-DEL02-RN
706484.0;1573551.0;2025-07-22;terça-feira;15:00:00;RN;101.0;79,5;NATAL;Sim;Ausência de reação do condutor;3;Tombamento;Com Vítimas Feridas;Pleno dia;Crescente;Sol;Dupla;Reta;Sim;1255658.0;Ônibus;M.BENZ/MPOLO TORINO U;2011.0;Condutor;Ileso;49.0;Masculino;1.0;0.0;0.0;0.0;-5,75416;-35,288775;SPRF-RN;DEL02-RN;UOP01-DEL02-RN
706484.0;1573552.0;2025-07-22;terça-feira;15:00:00;RN;101.0;79,5;NATAL;Sim;Ausência de reação do condutor;3;Tombamento;Com Vítimas Feridas;Pleno dia;Crescente;Sol;Dupla;Reta;Sim;1255659.0;Automóvel;Não Informado/Não Informado;0.0;Condutor;Não Informado;;Não Informado;0.0;0.0;0.0;0.0;-5,75416;-35,288775;SPRF-RN;DEL02-RN;UOP01-DEL02-RN
706484.0;1573550.0;2025-07-22;terça-feira;15:00:00;RN;101.0;79,5;NATAL;Sim;Ausência de reação do condutor;3;Tombamento;Com Vítimas Feridas;Pleno dia;Crescente;Sol;Dupla;Reta;Sim;1255656.0;Motocicleta;HONDA/CG 160 START;2022.0;Condutor;Lesões Graves;25.0;Masculino;0.0;0.0;1.0;0.0;-5,75416;-35,288775;SPRF-RN;DEL02-RN;UOP01-DEL02-RN
706484.0;1573551.0;2025-07-22;terça-feira;15:00:00;RN;101.0;79,5;NATAL;Sim;Ausência de reação do condutor;2;Colisão lateral mesmo sentido;Com Vítimas Feridas;Pleno dia;Crescente;Sol;Dupla;Reta;Sim;1255658.0;Ônibus;M.BENZ/MPOLO TORINO U;2011.0;Condutor;Ileso;49.0;Masculino;1.0;0.0;0.0;0.0;-5,75416;-35,288775;SPRF-RN;DEL02-RN;UOP01-DEL02-RN
706484.0;1573552.0;2025-07-22;terça-feira;15:00:00;RN;101.0;79,5;NATAL;Sim;Ausência de reação do condutor;2;Colisão lateral mesmo sentido;Com Vítimas Feridas;Pleno dia;Crescente;Sol;Dupla;Reta;Sim;1255659.0;Automóvel;Não Informado/Não Informado;0.0;Condutor;Não Informado;;Não Informado;0.0;0.0;0.0;0.0;-5,75416;-35,288775;SPRF-RN;DEL02-RN;UOP01-DEL02-RN
706484.0;1573550.0;2025-07-22;terça-feira;15:00:00;RN;101.0;79,5;NATAL;Sim;Ausência de reação do condutor;2;Colisão lateral mesmo sentido;Com Vítimas Feridas;Pleno dia;Crescente;Sol;Dupla;Reta;Sim;1255656.0;Motocicleta;HONDA/CG 160 START;2022.0;Condutor;Lesões Graves;25.0;Masculino;0.0;0.0;1.0;0.0;-5,75416;-35,288775;SPRF-RN;DEL02-RN;UOP01-DEL02-RN
706484.0;1573551.0;2025-07-22;terça-feira;15:00:00;RN;101.0;79,5;NATAL;Sim;Ausência de reação do condutor;1;Colisão traseira;Com Vítimas Feridas;Pleno dia;Crescente;Sol;Dupla;Reta;Sim;1255658.0;Ônibus;M.BENZ/MPOLO TORINO U;2011.0;Condutor;Ileso;49.0;Masculino;1.0;0.0;0.0;0.0;-5,75416;-35,288775;SPRF-RN;DEL02-RN;UOP01-DEL02-RN
706484.0;1573552.0;2025-07-22;terça-feira;15:00:00;RN;101.0;79,5;NATAL;Sim;Ausência de reação do condutor;1;Colisão traseira;Com Vítimas Feridas;Pleno dia;Crescente;Sol;Dupla;Reta;Sim;1255659.0;Automóvel;Não Informado/Não Informado;0.0;Condutor;Não Informado;;Não Informado;0.0;0.0;0.0;0.0;-5,75416;-35,288775;SPRF-RN;DEL02-RN;UOP01-DEL02-RN
706484.0;1573550.0;2025-07-22;terça-feira;15:00:00;RN;101.0;79,5;NATAL;Sim;Ausência de reação do condutor;1;Colisão traseira;Com Vítimas Feridas;Pleno dia;Crescente;Sol;Dupla;Reta;Sim;1255656.0;Motocicleta;HONDA/CG 160 START;2022.0;Condutor;Lesões Graves;25.0;Masculino;0.0;0.0;1.0;0.0;-5,75416;-35,288775;SPRF-RN;DEL02-RN;UOP01-DEL02-RN
706503.0;1573583.0;2025-07-22;terça-feira;17:30:00;RN;101.0;94;NATAL;Sim;Manobra de mudança de faixa;1;Colisão lateral mesmo sentido;Com Vítimas Feridas;Plena Noite;Decrescente;Céu Claro;Múltipla;Reta;Sim;1255691.0;Motocicleta;YAMAHA/YZF R15 ABS;2024.0;Condutor;Lesões Leves;25.0;Masculino;0.0;1.0;0.0;0.0;-5,82629797;-35,21000147;SPRF-RN;DEL01-RN;UOP01-DEL01-RN
706503.0;1573587.0;2025-07-22;terça-feira;17:30:00;RN;101.0;94;NATAL;Sim;Manobra de mudança de faixa;1;Colisão lateral mesmo sentido;Com Vítimas Feridas;Plena Noite;Decrescente;Céu Claro;Múltipla;Reta;Sim;1255694.0;Motocicleta;I/YAMAHA YZF R1;2005.0;Condutor;Lesões Leves;41.0;Masculino;0.0;1.0;0.0;0.0;-5,82629797;-35,21000147;SPRF-RN;DEL01-RN;UOP01-DEL01-RN
706503.0;1573581.0;2025-07-22;terça-feira;17:30:00;RN;101.0;94;NATAL;Sim;Manobra de mudança de faixa;1;Colisão lateral mesmo sentido;Com Vítimas Feridas;Plena Noite;Decrescente;Céu Claro;Múltipla;Reta;Sim;1255688.0;Caminhonete;RENAULT/MASTER L2 RAY AB;2024.0;Condutor;Ileso;41.0;Masculino;1.0;0.0;0.0;0.0;-5,82629797;-35,21000147;SPRF-RN;DEL01-RN;UOP01-DEL01-RN
706774.0;1574311.0;2025-07-23;quarta-feira;22:00:00;RN;226.0;2;NATAL;Sim;Reação tardia ou ineficiente do condutor;1;Colisão lateral mesmo sentido;Sem Vítimas;Plena Noite;Crescente;Céu Claro;Simples;Reta;Sim;1256316.0;Automóvel;TOYOTA/COROLLA XEI 20;2024.0;Condutor;Não Informado;;Não Informado;0.0;0.0;0.0;0.0;-5,81;-35,25;SPRF-RN;DEL01-RN;UOP02-DEL01-RN
706774.0;1574315.0;2025-07-23;quarta-feira;22:00:00;RN;226.0;2;NATAL;Sim;Reação tardia ou ineficiente do condutor;1;Colisão lateral mesmo sentido;Sem Vítimas;Plena Noite;Crescente;Céu Claro;Simples;Reta;Sim;1256320.0;Automóvel;HYUNDAI/HB20 10M VISION;2021.0;Condutor;Ileso;32.0;Feminino;1.0;0.0;0.0;0.0;-5,81;-35,25;SPRF-RN;DEL01-RN;UOP02-DEL01-RN
706774.0;1574314.0;2025-07-23;quarta-feira;22:00:00;RN;226.0;2;NATAL;Sim;Reação tardia ou ineficiente do condutor;1;Colisão lateral mesmo sentido;Sem Vítimas;Plena Noite;Crescente;Céu Claro;Simples;Reta;Sim;1256318.0;Automóvel;FIAT/PALIO ELX FLEX;2009.0;Condutor;Ileso;66.0;Masculino;1.0;0.0;0.0;0.0;-5,81;-35,25;SPRF-RN;DEL01-RN;UOP02-DEL01-RN
706774.0;1574312.0;2025-07-23;quarta-feira;22:00:00;RN;226.0;2;NATAL;Sim;Reação tardia ou ineficiente do condutor;1;Colisão lateral mesmo sentido;Sem Vítimas;Plena Noite;Crescente;Céu Claro;Simples;Reta;Sim;1256317.0;Automóvel;I/FORD FOCUS SE AT 2.0SC;2017.0;Condutor;Ileso;40.0;Feminino;1.0;0.0;0.0;0.0;-5,81;-35,25;SPRF-RN;DEL01-RN;UOP02-DEL01-RN
706823.0;1574366.0;2025-07-24;quinta-feira;08:15:00;RN;101.0;98;NATAL;Sim;Condutor deixou de manter distância do veículo da frente;1;Colisão traseira;Com Vítimas Feridas;Pleno dia;Crescente;Nublado;Dupla;"Reta;Interseção de Vias";Sim;1256370.0;Motocicleta;MOTTU/SPORT 110I;2024.0;Condutor;Lesões Leves;24.0;Masculino;0.0;1.0;0.0;0.0;-5,8560166;-35,2124844;SPRF-RN;DEL01-RN;UOP01-DEL01-RN
706823.0;1574367.0;2025-07-24;quinta-feira;08:15:00;RN;101.0;98;NATAL;Sim;Condutor deixou de manter distância do veículo da frente;1;Colisão traseira;Com Vítimas Feridas;Pleno dia;Crescente;Nublado;Dupla;"Reta;Interseção de Vias";Sim;1256369.0;Automóvel;HONDA/CIVIC LXL;2012.0;Condutor;Ileso;78.0;Masculino;1.0;0.0;0.0;0.0;-5,8560166;-35,2124844;SPRF-RN;DEL01-RN;UOP01-DEL01-RN
706858.0;1577705.0;2025-07-24;quinta-feira;12:00:00;RN;101.0;97;NATAL;Sim;Manobra de mudança de faixa;1;Colisão lateral mesmo sentido;Com Vítimas Feridas;Pleno dia;Crescente;Sol;Dupla;Reta;Sim;1256673.0;Motocicleta;HONDA/CG 125 FAN ES;2010.0;Passageiro;Lesões Leves;57.0;Feminino;0.0;1.0;0.0;0.0;-5,85597778;-35,21219937;SPRF-RN;DEL01-RN;UOP01-DEL01-RN
706858.0;1574809.0;2025-07-24;quinta-feira;12:00:00;RN;101.0;97;NATAL;Sim;Manobra de mudança de faixa;1;Colisão lateral mesmo sentido;Com Vítimas Feridas;Pleno dia;Crescente;Sol;Dupla;Reta;Sim;1256673.0;Motocicleta;HONDA/CG 125 FAN ES;2010.0;Condutor;Lesões Leves;37.0;Masculino;0.0;1.0;0.0;0.0;-5,85597778;-35,21219937;SPRF-RN;DEL01-RN;UOP01-DEL01-RN
706858.0;1577702.0;2025-07-24;quinta-feira;12:00:00;RN;101.0;97;NATAL;Sim;Manobra de mudança de faixa;1;Colisão lateral mesmo sentido;Com Vítimas Feridas;Pleno dia;Crescente;Sol;Dupla;Reta;Sim;1258834.0;Automóvel;I/CHEVROLET CLASSIC LS;2015.0;Condutor;Ileso;32.0;Masculino;1.0;0.0;0.0;0.0;-5,85597778;-35,21219937;SPRF-RN;DEL01-RN;UOP01-DEL01-RN
706921.0;1574802.0;2025-07-24;quinta-feira;17:00:00;RN;101.0;98;NATAL;Não;Ultrapassagem Indevida;2;Tombamento;Com Vítimas Feridas;Pleno dia;Crescente;Céu Claro;Dupla;Reta;Sim;1256703.0;Motocicleta;MOTTU/SPORT 110I;2025.0;Condutor;Lesões Leves;41.0;Masculino;0.0;1.0;0.0;0.0;-5,86395034;-35,21596519;SPRF-RN;DEL01-RN;UOP01-DEL01-RN
706921.0;1574801.0;2025-07-24;quinta-feira;17:00:00;RN;101.0;98;NATAL;Não;Ultrapassagem Indevida;2;Tombamento;Com Vítimas Feridas;Pleno dia;Crescente;Céu Claro;Dupla;Reta;Sim;1256702.0;Automóvel;FORD/KA SE 1.0 HA C;2019.0;Condutor;Ileso;32.0;Masculino;1.0;0.0;0.0;0.0;-5,86395034;-35,21596519;SPRF-RN;DEL01-RN;UOP01-DEL01-RN
706921.0;1574806.0;2025-07-24;quinta-feira;17:00:00;RN;101.0;98;NATAL;Não;Ultrapassagem Indevida;2;Tombamento;Com Vítimas Feridas;Pleno dia;Crescente;Céu Claro;Dupla;Reta;Sim;;;NA/NA;;Testemunha;Não Informado;;Não Informado;0.0;0.0;0.0;0.0;-5,86395034;-35,21596519;SPRF-RN;DEL01-RN;UOP01-DEL01-RN
706921.0;1574802.0;2025-07-24;quinta-feira;17:00:00;RN;101.0;98;NATAL;Não;Ultrapassagem Indevida;1;Colisão lateral mesmo sentido;Com Vítimas Feridas;Pleno dia;Crescente;Céu Claro;Dupla;Reta;Sim;1256703.0;Motocicleta;MOTTU/SPORT 110I;2025.0;Condutor;Lesões Leves;41.0;Masculino;0.0;1.0;0.0;0.0;-5,86395034;-35,21596519;SPRF-RN;DEL01-RN;UOP01-DEL01-RN
706921.0;1574801.0;2025-07-24;quinta-feira;17:00:00;RN;101.0;98;NATAL;Não;Ultrapassagem Indevida;1;Colisão lateral mesmo sentido;Com Vítimas Feridas;Pleno dia;Crescente;Céu Claro;Dupla;Reta;Sim;1256702.0;Automóvel;FORD/KA SE 1.0 HA C;2019.0;Condutor;Ileso;32.0;Masculino;1.0;0.0;0.0;0.0;-5,86395034;-35,21596519;SPRF-RN;DEL01-RN;UOP01-DEL01-RN
706921.0;1574806.0;2025-07-24;quinta-feira;17:00:00;RN;101.0;98;NATAL;Não;Ultrapassagem Indevida;1;Colisão lateral mesmo sentido;Com Vítimas Feridas;Pleno dia;Crescente;Céu Claro;Dupla;Reta;Sim;;;NA/NA;;Testemunha;Não Informado;;Não Informado;0.0;0.0;0.0;0.0;-5,86395034;-35,21596519;SPRF-RN;DEL01-RN;UOP01-DEL01-RN
706921.0;1574802.0;2025-07-24;quinta-feira;17:00:00;RN;101.0;98;NATAL;Não;Trafegar com motocicleta (ou similar) entre as faixas;2;Tombamento;Com Vítimas Feridas;Pleno dia;Crescente;Céu Claro;Dupla;Reta;Sim;1256703.0;Motocicleta;MOTTU/SPORT 110I;2025.0;Condutor;Lesões Leves;41.0;Masculino;0.0;1.0;0.0;0.0;-5,86395034;-35,21596519;SPRF-RN;DEL01-RN;UOP01-DEL01-RN
706921.0;1574801.0;2025-07-24;quinta-feira;17:00:00;RN;101.0;98;NATAL;Não;Trafegar com motocicleta (ou similar) entre as faixas;2;Tombamento;Com Vítimas Feridas;Pleno dia;Crescente;Céu Claro;Dupla;Reta;Sim;1256702.0;Automóvel;FORD/KA SE 1.0 HA C;2019.0;Condutor;Ileso;32.0;Masculino;1.0;0.0;0.0;0.0;-5,86395034;-35,21596519;SPRF-RN;DEL01-RN;UOP01-DEL01-RN
706921.0;1574806.0;2025-07-24;quinta-feira;17:00:00;RN;101.0;98;NATAL;Não;Trafegar com motocicleta (ou similar) entre as faixas;2;Tombamento;Com Vítimas Feridas;Pleno dia;Crescente;Céu Claro;Dupla;Reta;Sim;;;NA/NA;;Testemunha;Não Informado;;Não Informado;0.0;0.0;0.0;0.0;-5,86395034;-35,21596519;SPRF-RN;DEL01-RN;UOP01-DEL01-RN
706921.0;1574802.0;2025-07-24;quinta-feira;17:00:00;RN;101.0;98;NATAL;Não;Trafegar com motocicleta (ou similar) entre as faixas;1;Colisão lateral mesmo sentido;Com Vítimas Feridas;Pleno dia;Crescente;Céu Claro;Dupla;Reta;Sim;1256703.0;Motocicleta;MOTTU/SPORT 110I;2025.0;Condutor;Lesões Leves;41.0;Masculino;0.0;1.0;0.0;0.0;-5,86395034;-35,21596519;SPRF-RN;DEL01-RN;UOP01-DEL01-RN
706921.0;1574801.0;2025-07-24;quinta-feira;17:00:00;RN;101.0;98;NATAL;Não;Trafegar com motocicleta (ou similar) entre as faixas;1;Colisão lateral mesmo sentido;Com Vítimas Feridas;Pleno dia;Crescente;Céu Claro;Dupla;Reta;Sim;1256702.0;Automóvel;FORD/KA SE 1.0 HA C;2019.0;Condutor;Ileso;32.0;Masculino;1.0;0.0;0.0;0.0;-5,86395034;-35,21596519;SPRF-RN;DEL01-RN;UOP01-DEL01-RN
706921.0;1574806.0;2025-07-24;quinta-feira;17:00:00;RN;101.0;98;NATAL;Não;Trafegar com motocicleta (ou similar) entre as faixas;1;Colisão lateral mesmo sentido;Com Vítimas Feridas;Pleno dia;Crescente;Céu Claro;Dupla;Reta;Sim;;;NA/NA;;Testemunha;Não Informado;;Não Informado;0.0;0.0;0.0;0.0;-5,86395034;-35,21596519;SPRF-RN;DEL01-RN;UOP01-DEL01-RN
706921.0;1574802.0;2025-07-24;quinta-feira;17:00:00;RN;101.0;98;NATAL;Não;Reação tardia ou ineficiente do condutor;2;Tombamento;Com Vítimas Feridas;Pleno dia;Crescente;Céu Claro;Dupla;Reta;Sim;1256703.0;Motocicleta;MOTTU/SPORT 110I;2025.0;Condutor;Lesões Leves;41.0;Masculino;0.0;1.0;0.0;0.0;-5,86395034;-35,21596519;SPRF-RN;DEL01-RN;UOP01-DEL01-RN
706921.0;1574801.0;2025-07-24;quinta-feira;17:00:00;RN;101.0;98;NATAL;Não;Reação tardia ou ineficiente do condutor;2;Tombamento;Com Vítimas Feridas;Pleno dia;Crescente;Céu Claro;Dupla;Reta;Sim;1256702.0;Automóvel;FORD/KA SE 1.0 HA C;2019.0;Condutor;Ileso;32.0;Masculino;1.0;0.0;0.0;0.0;-5,86395034;-35,21596519;SPRF-RN;DEL01-RN;UOP01-DEL01-RN
706921.0;1574806.0;2025-07-24;quinta-feira;17:00:00;RN;101.0;98;NATAL;Não;Reação tardia ou ineficiente do condutor;2;Tombamento;Com Vítimas Feridas;Pleno dia;Crescente;Céu Claro;Dupla;Reta;Sim;;;NA/NA;;Testemunha;Não Informado;;Não Informado;0.0;0.0;0.0;0.0;-5,86395034;-35,21596519;SPRF-RN;DEL01-RN;UOP01-DEL01-RN
706921.0;1574802.0;2025-07-24;quinta-feira;17:00:00;RN;101.0;98;NATAL;Não;Reação tardia ou ineficiente do condutor;1;Colisão lateral mesmo sentido;Com Vítimas Feridas;Pleno dia;Crescente;Céu Claro;Dupla;Reta;Sim;1256703.0;Motocicleta;MOTTU/SPORT 110I;2025.0;Condutor;Lesões Leves;41.0;Masculino;0.0;1.0;0.0;0.0;-5,86395034;-35,21596519;SPRF-RN;DEL01-RN;UOP01-DEL01-RN
706921.0;1574801.0;2025-07-24;quinta-feira;17:00:00;RN;101.0;98;NATAL;Não;Reação tardia ou ineficiente do condutor;1;Colisão lateral mesmo sentido;Com Vítimas Feridas;Pleno dia;Crescente;Céu Claro;Dupla;Reta;Sim;1256702.0;Automóvel;FORD/KA SE 1.0 HA C;2019.0;Condutor;Ileso;32.0;Masculino;1.0;0.0;0.0;0.0;-5,86395034;-35,21596519;SPRF-RN;DEL01-RN;UOP01-DEL01-RN
706921.0;1574806.0;2025-07-24;quinta-feira;17:00:00;RN;101.0;98;NATAL;Não;Reação tardia ou ineficiente do condutor;1;Colisão lateral mesmo sentido;Com Vítimas Feridas;Pleno dia;Crescente;Céu Claro;Dupla;Reta;Sim;;;NA/NA;;Testemunha;Não Informado;;Não Informado;0.0;0.0;0.0;0.0;-5,86395034;-35,21596519;SPRF-RN;DEL01-RN;UOP01-DEL01-RN
706921.0;1574802.0;2025-07-24;quinta-feira;17:00:00;RN;101.0;98;NATAL;Não;Manobra de mudança de faixa;2;Tombamento;Com Vítimas Feridas;Pleno dia;Crescente;Céu Claro;Dupla;Reta;Sim;1256703.0;Motocicleta;MOTTU/SPORT 110I;2025.0;Condutor;Lesões Leves;41.0;Masculino;0.0;1.0;0.0;0.0;-5,86395034;-35,21596519;SPRF-RN;DEL01-RN;UOP01-DEL01-RN
706921.0;1574801.0;2025-07-24;quinta-feira;17:00:00;RN;101.0;98;NATAL;Não;Manobra de mudança de faixa;2;Tombamento;Com Vítimas Feridas;Pleno dia;Crescente;Céu Claro;Dupla;Reta;Sim;1256702.0;Automóvel;FORD/KA SE 1.0 HA C;2019.0;Condutor;Ileso;32.0;Masculino;1.0;0.0;0.0;0.0;-5,86395034;-35,21596519;SPRF-RN;DEL01-RN;UOP01-DEL01-RN
706921.0;1574806.0;2025-07-24;quinta-feira;17:00:00;RN;101.0;98;NATAL;Não;Manobra de mudança de faixa;2;Tombamento;Com Vítimas Feridas;Pleno dia;Crescente;Céu Claro;Dupla;Reta;Sim;;;NA/NA;;Testemunha;Não Informado;;Não Informado;0.0;0.0;0.0;0.0;-5,86395034;-35,21596519;SPRF-RN;DEL01-RN;UOP01-DEL01-RN
706921.0;1574802.0;2025-07-24;quinta-feira;17:00:00;RN;101.0;98;NATAL;Não;Manobra de mudança de faixa;1;Colisão lateral mesmo sentido;Com Vítimas Feridas;Pleno dia;Crescente;Céu Claro;Dupla;Reta;Sim;1256703.0;Motocicleta;MOTTU/SPORT 110I;2025.0;Condutor;Lesões Leves;41.0;Masculino;0.0;1.0;0.0;0.0;-5,86395034;-35,21596519;SPRF-RN;DEL01-RN;UOP01-DEL01-RN
706921.0;1574801.0;2025-07-24;quinta-feira;17:00:00;RN;101.0;98;NATAL;Não;Manobra de mudança de faixa;1;Colisão lateral mesmo sentido;Com Vítimas Feridas;Pleno dia;Crescente;Céu Claro;Dupla;Reta;Sim;1256702.0;Automóvel;FORD/KA SE 1.0 HA C;2019.0;Condutor;Ileso;32.0;Masculino;1.0;0.0;0.0;0.0;-5,86395034;-35,21596519;SPRF-RN;DEL01-RN;UOP01-DEL01-RN
706921.0;1574806.0;2025-07-24;quinta-feira;17:00:00;RN;101.0;98;NATAL;Não;Manobra de mudança de faixa;1;Colisão lateral mesmo sentido;Com Vítimas Feridas;Pleno dia;Crescente;Céu Claro;Dupla;Reta;Sim;;;NA/NA;;Testemunha;Não Informado;;Não Informado;0.0;0.0;0.0;0.0;-5,86395034;-35,21596519;SPRF-RN;DEL01-RN;UOP01-DEL01-RN
706921.0;1574802.0;2025-07-24;quinta-feira;17:00:00;RN;101.0;98;NATAL;Sim;Condutor deixou de manter distância do veículo da frente;2;Tombamento;Com Vítimas Feridas;Pleno dia;Crescente;Céu Claro;Dupla;Reta;Sim;1256703.0;Motocicleta;MOTTU/SPORT 110I;2025.0;Condutor;Lesões Leves;41.0;Masculino;0.0;1.0;0.0;0.0;-5,86395034;-35,21596519;SPRF-RN;DEL01-RN;UOP01-DEL01-RN
706921.0;1574801.0;2025-07-24;quinta-feira;17:00:00;RN;101.0;98;NATAL;Sim;Condutor deixou de manter distância do veículo da frente;2;Tombamento;Com Vítimas Feridas;Pleno dia;Crescente;Céu Claro;Dupla;Reta;Sim;1256702.0;Automóvel;FORD/KA SE 1.0 HA C;2019.0;Condutor;Ileso;32.0;Masculino;1.0;0.0;0.0;0.0;-5,86395034;-35,21596519;SPRF-RN;DEL01-RN;UOP01-DEL01-RN
706921.0;1574806.0;2025-07-24;quinta-feira;17:00:00;RN;101.0;98;NATAL;Sim;Condutor deixou de manter distância do veículo da frente;2;Tombamento;Com Vítimas Feridas;Pleno dia;Crescente;Céu Claro;Dupla;Reta;Sim;;;NA/NA;;Testemunha;Não Informado;;Não Informado;0.0;0.0;0.0;0.0;-5,86395034;-35,21596519;SPRF-RN;DEL01-RN;UOP01-DEL01-RN
706921.0;1574802.0;2025-07-24;quinta-feira;17:00:00;RN;101.0;98;NATAL;Sim;Condutor deixou de manter distância do veículo da frente;1;Colisão lateral mesmo sentido;Com Vítimas Feridas;Pleno dia;Crescente;Céu Claro;Dupla;Reta;Sim;1256703.0;Motocicleta;MOTTU/SPORT 110I;2025.0;Condutor;Lesões Leves;41.0;Masculino;0.0;1.0;0.0;0.0;-5,86395034;-35,21596519;SPRF-RN;DEL01-RN;UOP01-DEL01-RN
706921.0;1574801.0;2025-07-24;quinta-feira;17:00:00;RN;101.0;98;NATAL;Sim;Condutor deixou de manter distância do veículo da frente;1;Colisão lateral mesmo sentido;Com Vítimas Feridas;Pleno dia;Crescente;Céu Claro;Dupla;Reta;Sim;1256702.0;Automóvel;FORD/KA SE 1.0 HA C;2019.0;Condutor;Ileso;32.0;Masculino;1.0;0.0;0.0;0.0;-5,86395034;-35,21596519;SPRF-RN;DEL01-RN;UOP01-DEL01-RN