id;pesid;data_inversa;dia_semana;horario;uf;br;km;municipio;causa_principal;causa_acidente;ordem_tipo_acidente;tipo_acidente;classificacao_acidente;fase_dia;sentido_via;condicao_metereologica;tipo_pista;tracado_via;uso_solo;id_veiculo;tipo_veiculo;marca;ano_fabricacao_veiculo;tipo_envolvido;estado_fisico;idade;sexo;ilesos;feridos_leves;feridos_graves;mortos;latitude;longitude;regional;delegacia;uop
706921.0;1574806.0;2025-07-24;quinta-feira;17:00:00;RN;101.0;98;NATAL;Sim;Condutor deixou de manter distância do veículo da frente;1;Colisão lateral mesmo sentido;Com Vítimas Feridas;Pleno dia;Crescente;Céu Claro;Dupla;Reta;Sim;;;NA/NA;;Testemunha;Não Informado;;Não Informado;0.0;0.0;0.0;0.0;-5,86395034;-35,21596519;SPRF-RN;DEL01-RN;UOP01-DEL01-RN
707078.0;1575314.0;2025-07-25;sexta-feira;11:20:00;RN;101.0;98;NATAL;Sim;Acessar a via sem observar a presença dos outros veículos;1;Atropelamento de Pedestre;Com Vítimas Feridas;Pleno dia;Crescente;Céu Claro;Múltipla;Reta;Não;1257059.0;Automóvel;HONDA/HR-V EXL HS;2025.0;Condutor;Ileso;64.0;Masculino;1.0;0.0;0.0;0.0;-5,872328;-35,220015;SPRF-RN;DEL01-RN;UOP01-DEL01-RN
707078.0;1575316.0;2025-07-25;sexta-feira;11:20:00;RN;101.0;98;NATAL;Sim;Acessar a via sem observar a presença dos outros veículos;1;Atropelamento de Pedestre;Com Vítimas Feridas;Pleno dia;Crescente;Céu Claro;Múltipla;Reta;Não;;;NA/NA;;Pedestre;Lesões Graves;40.0;Masculino;0.0;0.0;1.0;0.0;-5,872328;-35,220015;SPRF-RN;DEL01-RN;UOP01-DEL01-RN
707487.0;1577999.0;2025-07-27;domingo;01:42:00;RN;101.0;76;NATAL;Não;Chuva;1;Colisão com objeto;Com Vítimas Fatais;Plena Noite;Crescente;Nevoeiro/Neblina;Dupla;"Declive;Rotatória";Sim;1257640.0;Caminhonete;VW/NOVA SAVEIRO RB MBVS;2019.0;Condutor;Não Informado;;Não Informado;0.0;0.0;0.0;0.0;-5,72646225;-35,28317022;SPRF-RN;DEL02-RN;UOP01-DEL02-RN
707487.0;1577996.0;2025-07-27;domingo;01:42:00;RN;101.0;76;NATAL;Não;Chuva;1;Colisão com objeto;Com Vítimas Fatais;Plena Noite;Crescente;Nevoeiro/Neblina;Dupla;"Declive;Rotatória";Sim;1257640.0;Caminhonete;VW/NOVA SAVEIRO RB MBVS;2019.0;Passageiro;Ileso;42.0;Masculino;1.0;0.0;0.0;0.0;-5,72646225;-35,28317022;SPRF-RN;DEL02-RN;UOP01-DEL02-RN
707487.0;1576096.0;2025-07-27;domingo;01:42:00;RN;101.0;76;NATAL;Não;Chuva;1;Colisão com objeto;Com Vítimas Fatais;Plena Noite;Crescente;Nevoeiro/Neblina;Dupla;"Declive;Rotatória";Sim;1257640.0;Caminhonete;VW/NOVA SAVEIRO RB MBVS;2019.0;Passageiro;Óbito;41.0;Feminino;0.0;0.0;0.0;1.0;-5,72646225;-35,28317022;SPRF-RN;DEL02-RN;UOP01-DEL02-RN
707487.0;1576097.0;2025-07-27;domingo;01:42:00;RN;101.0;76;NATAL;Não;Chuva;1;Colisão com objeto;Com Vítimas Fatais;Plena Noite;Crescente;Nevoeiro/Neblina;Dupla;"Declive;Rotatória";Sim;1257640.0;Caminhonete;VW/NOVA SAVEIRO RB MBVS;2019.0;Passageiro;Óbito;50.0;Feminino;0.0;0.0;0.0;1.0;-5,72646225;-35,28317022;SPRF-RN;DEL02-RN;UOP01-DEL02-RN
707487.0;1576095.0;2025-07-27;domingo;01:42:00;RN;101.0;76;NATAL;Não;Chuva;1;Colisão com objeto;Com Vítimas Fatais;Plena Noite;Crescente;Nevoeiro/Neblina;Dupla;"Declive;Rotatória";Sim;1257640.0;Caminhonete;VW/NOVA SAVEIRO RB MBVS;2019.0;Passageiro;Ileso;41.0;Masculino;1.0;0.0;0.0;0.0;-5,72646225;-35,28317022;SPRF-RN;DEL02-RN;UOP01-DEL02-RN
707487.0;1577999.0;2025-07-27;domingo;01:42:00;RN;101.0;76;NATAL;Não;Chuva;4;Capotamento;Com Vítimas Fatais;Plena Noite;Crescente;Nevoeiro/Neblina;Dupla;"Declive;Rotatória";Sim;1257640.0;Caminhonete;VW/NOVA SAVEIRO RB MBVS;2019.0;Condutor;Não Informado;;Não Informado;0.0;0.0;0.0;0.0;-5,72646225;-35,28317022;SPRF-RN;DEL02-RN;UOP01-DEL02-RN
707487.0;1577996.0;2025-07-27;domingo;01:42:00;RN;101.0;76;NATAL;Não;Chuva;4;Capotamento;Com Vítimas Fatais;Plena Noite;Crescente;Nevoeiro/Neblina;Dupla;"Declive;Rotatória";Sim;1257640.0;Caminhonete;VW/NOVA SAVEIRO RB MBVS;2019.0;Passageiro;Ileso;42.0;Masculino;1.0;0.0;0.0;0.0;-5,72646225;-35,28317022;SPRF-RN;DEL02-RN;UOP01-DEL02-RN
707487.0;1576096.0;2025-07-27;domingo;01:42:00;RN;101.0;76;NATAL;Não;Chuva;4;Capotamento;Com Vítimas Fatais;Plena Noite;Crescente;Nevoeiro/Neblina;Dupla;"Declive;Rotatória";Sim;1257640.0;Caminhonete;VW/NOVA SAVEIRO RB MBVS;2019.0;Passageiro;Óbito;41.0;Feminino;0.0;0.0;0.0;1.0;-5,72646225;-35,28317022;SPRF-RN;DEL02-RN;UOP01-DEL02-RN
707487.0;1576097.0;2025-07-27;domingo;01:42:00;RN;101.0;76;NATAL;Não;Chuva;4;Capotamento;Com Vítimas Fatais;Plena Noite;Crescente;Nevoeiro/Neblina;Dupla;"Declive;Rotatória";Sim;1257640.0;Caminhonete;VW/NOVA SAVEIRO RB MBVS;2019.0;Passageiro;Óbito;50.0;Feminino;0.0;0.0;0.0;1.0;-5,72646225;-35,28317022;SPRF-RN;DEL02-RN;UOP01-DEL02-RN
707487.0;1576095.0;2025-07-27;domingo;01:42:00;RN;101.0;76;NATAL;Não;Chuva;4;Capotamento;Com Vítimas Fatais;Plena Noite;Crescente;Nevoeiro/Neblina;Dupla;"Declive;Rotatória";Sim;1257640.0;Caminhonete;VW/NOVA SAVEIRO RB MBVS;2019.0;Passageiro;Ileso;41.0;Masculino;1.0;0.0;0.0;0.0;-5,72646225;-35,28317022;SPRF-RN;DEL02-RN;UOP01-DEL02-RN
707487.0;1577999.0;2025-07-27;domingo;01:42:00;RN;101.0;76;NATAL;Não;Chuva;3;Queda de ocupante de veículo;Com Vítimas Fatais;Plena Noite;Crescente;Nevoeiro/Neblina;Dupla;"Declive;Rotatória";Sim;1257640.0;Caminhonete;VW/NOVA SAVEIRO RB MBVS;2019.0;Condutor;Não Informado;;Não Informado;0.0;0.0;0.0;0.0;-5,72646225;-35,28317022;SPRF-RN;DEL02-RN;UOP01-DEL02-RN
707487.0;1577996.0;2025-07-27;domingo;01:42:00;RN;101.0;76;NATAL;Não;Chuva;3;Queda de ocupante de veículo;Com Vítimas Fatais;Plena Noite;Crescente;Nevoeiro/Neblina;Dupla;"Declive;Rotatória";Sim;1257640.0;Caminhonete;VW/NOVA SAVEIRO RB MBVS;2019.0;Passageiro;Ileso;42.0;Masculino;1.0;0.0;0.0;0.0;-5,72646225;-35,28317022;SPRF-RN;DEL02-RN;UOP01-DEL02-RN
707487.0;1576096.0;2025-07-27;domingo;01:42:00;RN;101.0;76;NATAL;Não;Chuva;3;Queda de ocupante de veículo;Com Vítimas Fatais;Plena Noite;Crescente;Nevoeiro/Neblina;Dupla;"Declive;Rotatória";Sim;1257640.0;Caminhonete;VW/NOVA SAVEIRO RB MBVS;2019.0;Passageiro;Óbito;41.0;Feminino;0.0;0.0;0.0;1.0;-5,72646225;-35,28317022;SPRF-RN;DEL02-RN;UOP01-DEL02-RN
707487.0;1576097.0;2025-07-27;domingo;01:42:00;RN;101.0;76;NATAL;Não;Chuva;3;Queda de ocupante de veículo;Com Vítimas Fatais;Plena Noite;Crescente;Nevoeiro/Neblina;Dupla;"Declive;Rotatória";Sim;1257640.0;Caminhonete;VW/NOVA SAVEIRO RB MBVS;2019.0;Passageiro;Óbito;50.0;Feminino;0.0;0.0;0.0;1.0;-5,72646225;-35,28317022;SPRF-RN;DEL02-RN;UOP01-DEL02-RN
707487.0;1576095.0;2025-07-27;domingo;01:42:00;RN;101.0;76;NATAL;Não;Chuva;3;Queda de ocupante de veículo;Com Vítimas Fatais;Plena Noite;Crescente;Nevoeiro/Neblina;Dupla;"Declive;Rotatória";Sim;1257640.0;Caminhonete;VW/NOVA SAVEIRO RB MBVS;2019.0;Passageiro;Ileso;41.0;Masculino;1.0;0.0;0.0;0.0;-5,72646225;-35,28317022;SPRF-RN;DEL02-RN;UOP01-DEL02-RN
707487.0;1577999.0;2025-07-27;domingo;01:42:00;RN;101.0;76;NATAL;Não;Chuva;2;Saída de leito carroçável;Com Vítimas Fatais;Plena Noite;Crescente;Nevoeiro/Neblina;Dupla;"Declive;Rotatória";Sim;1257640.0;Caminhonete;VW/NOVA SAVEIRO RB MBVS;2019.0;Condutor;Não Informado;;Não Informado;0.0;0.0;0.0;0.0;-5,72646225;-35,28317022;SPRF-RN;DEL02-RN;UOP01-DEL02-RN
707487.0;1577996.0;2025-07-27;domingo;01:42:00;RN;101.0;76;NATAL;Não;Chuva;2;Saída de leito carroçável;Com Vítimas Fatais;Plena Noite;Crescente;Nevoeiro/Neblina;Dupla;"Declive;Rotatória";Sim;1257640.0;Caminhonete;VW/NOVA SAVEIRO RB MBVS;2019.0;Passageiro;Ileso;42.0;Masculino;1.0;0.0;0.0;0.0;-5,72646225;-35,28317022;SPRF-RN;DEL02-RN;UOP01-DEL02-RN
707487.0;1576096.0;2025-07-27;domingo;01:42:00;RN;101.0;76;NATAL;Não;Chuva;2;Saída de leito carroçável;Com Vítimas Fatais;Plena Noite;Crescente;Nevoeiro/Neblina;Dupla;"Declive;Rotatória";Sim;1257640.0;Caminhonete;VW/NOVA SAVEIRO RB MBVS;2019.0;Passageiro;Óbito;41.0;Feminino;0.0;0.0;0.0;1.0;-5,72646225;-35,28317022;SPRF-RN;DEL02-RN;UOP01-DEL02-RN
707487.0;1576097.0;2025-07-27;domingo;01:42:00;RN;101.0;76;NATAL;Não;Chuva;2;Saída de leito carroçável;Com Vítimas Fatais;Plena Noite;Crescente;Nevoeiro/Neblina;Dupla;"Declive;Rotatória";Sim;1257640.0;Caminhonete;VW/NOVA SAVEIRO RB MBVS;2019.0;Passageiro;Óbito;50.0;Feminino;0.0;0.0;0.0;1.0;-5,72646225;-35,28317022;SPRF-RN;DEL02-RN;UOP01-DEL02-RN
707487.0;1576095.0;2025-07-27;domingo;01:42:00;RN;101.0;76;NATAL;Não;Chuva;2;Saída de leito carroçável;Com Vítimas Fatais;Plena Noite;Crescente;Nevoeiro/Neblina;Dupla;"Declive;Rotatória";Sim;1257640.0;Caminhonete;VW/NOVA SAVEIRO RB MBVS;2019.0;Passageiro;Ileso;41.0;Masculino;1.0;0.0;0.0;0.0;-5,72646225;-35,28317022;SPRF-RN;DEL02-RN;UOP01-DEL02-RN
707487.0;1577999.0;2025-07-27;domingo;01:42:00;RN;101.0;76;NATAL;Sim;Ingestão de álcool pelo condutor;1;Colisão com objeto;Com Vítimas Fatais;Plena Noite;Crescente;Nevoeiro/Neblina;Dupla;"Declive;Rotatória";Sim;1257640.0;Caminhonete;VW/NOVA SAVEIRO RB MBVS;2019.0;Condutor;Não Informado;;Não Informado;0.0;0.0;0.0;0.0;-5,72646225;-35,28317022;SPRF-RN;DEL02-RN;UOP01-DEL02-RN
707487.0;1577996.0;2025-07-27;domingo;01:42:00;RN;101.0;76;NATAL;Sim;Ingestão de álcool pelo condutor;1;Colisão com objeto;Com Vítimas Fatais;Plena Noite;Crescente;Nevoeiro/Neblina;Dupla;"Declive;Rotatória";Sim;1257640.0;Caminhonete;VW/NOVA SAVEIRO RB MBVS;2019.0;Passageiro;Ileso;42.0;Masculino;1.0;0.0;0.0;0.0;-5,72646225;-35,28317022;SPRF-RN;DEL02-RN;UOP01-DEL02-RN
707487.0;1576096.0;2025-07-27;domingo;01:42:00;RN;101.0;76;NATAL;Sim;Ingestão de álcool pelo condutor;1;Colisão com objeto;Com Vítimas Fatais;Plena Noite;Crescente;Nevoeiro/Neblina;Dupla;"Declive;Rotatória";Sim;1257640.0;Caminhonete;VW/NOVA SAVEIRO RB MBVS;2019.0;Passageiro;Óbito;41.0;Feminino;0.0;0.0;0.0;1.0;-5,72646225;-35,28317022;SPRF-RN;DEL02-RN;UOP01-DEL02-RN
707487.0;1576097.0;2025-07-27;domingo;01:42:00;RN;101.0;76;NATAL;Sim;Ingestão de álcool pelo condutor;1;Colisão com objeto;Com Vítimas Fatais;Plena Noite;Crescente;Nevoeiro/Neblina;Dupla;"Declive;Rotatória";Sim;1257640.0;Caminhonete;VW/NOVA SAVEIRO RB MBVS;2019.0;Passageiro;Óbito;50.0;Feminino;0.0;0.0;0.0;1.0;-5,72646225;-35,28317022;SPRF-RN;DEL02-RN;UOP01-DEL02-RN
707487.0;1576095.0;2025-07-27;domingo;01:42:00;RN;101.0;76;NATAL;Sim;Ingestão de álcool pelo condutor;1;Colisão com objeto;Com Vítimas Fatais;Plena Noite;Crescente;Nevoeiro/Neblina;Dupla;"Declive;Rotatória";Sim;1257640.0;Caminhonete;VW/NOVA SAVEIRO RB MBVS;2019.0;Passageiro;Ileso;41.0;Masculino;1.0;0.0;0.0;0.0;-5,72646225;-35,28317022;SPRF-RN;DEL02-RN;UOP01-DEL02-RN
707487.0;1577999.0;2025-07-27;domingo;01:42:00;RN;101.0;76;NATAL;Sim;Ingestão de álcool pelo condutor;4;Capotamento;Com Vítimas Fatais;Plena Noite;Crescente;Nevoeiro/Neblina;Dupla;"Declive;Rotatória";Sim;1257640.0;Caminhonete;VW/NOVA SAVEIRO RB MBVS;2019.0;Condutor;Não Informado;;Não Informado;0.0;0.0;0.0;0.0;-5,72646225;-35,28317022;SPRF-RN;DEL02-RN;UOP01-DEL02-RN
707487.0;1577996.0;2025-07-27;domingo;01:42:00;RN;101.0;76;NATAL;Sim;Ingestão de álcool pelo condutor;4;Capotamento;Com Vítimas Fatais;Plena Noite;Crescente;Nevoeiro/Neblina;Dupla;"Declive;Rotatória";Sim;1257640.0;Caminhonete;VW/NOVA SAVEIRO RB MBVS;2019.0;Passageiro;Ileso;42.0;Masculino;1.0;0.0;0.0;0.0;-5,72646225;-35,28317022;SPRF-RN;DEL02-RN;UOP01-DEL02-RN
707487.0;1576096.0;2025-07-27;domingo;01:42:00;RN;101.0;76;NATAL;Sim;Ingestão de álcool pelo condutor;4;Capotamento;Com Vítimas Fatais;Plena Noite;Crescente;Nevoeiro/Neblina;Dupla;"Declive;Rotatória";Sim;1257640.0;Caminhonete;VW/NOVA SAVEIRO RB MBVS;2019.0;Passageiro;Óbito;41.0;Feminino;0.0;0.0;0.0;1.0;-5,72646225;-35,28317022;SPRF-RN;DEL02-RN;UOP01-DEL02-RN
707487.0;1576097.0;2025-07-27;domingo;01:42:00;RN;101.0;76;NATAL;Sim;Ingestão de álcool pelo condutor;4;Capotamento;Com Vítimas Fatais;Plena Noite;Crescente;Nevoeiro/Neblina;Dupla;"Declive;Rotatória";Sim;1257640.0;Caminhonete;VW/NOVA SAVEIRO RB MBVS;2019.0;Passageiro;Óbito;50.0;Feminino;0.0;0.0;0.0;1.0;-5,72646225;-35,28317022;SPRF-RN;DEL02-RN;UOP01-DEL02-RN
707487.0;1576095.0;2025-07-27;domingo;01:42:00;RN;101.0;76;NATAL;Sim;Ingestão de álcool pelo condutor;4;Capotamento;Com Vítimas Fatais;Plena Noite;Crescente;Nevoeiro/Neblina;Dupla;"Declive;Rotatória";Sim;1257640.0;Caminhonete;VW/NOVA SAVEIRO RB MBVS;2019.0;Passageiro;Ileso;41.0;Masculino;1.0;0.0;0.0;0.0;-5,72646225;-35,28317022;SPRF-RN;DEL02-RN;UOP01-DEL02-RN
707487.0;1577999.0;2025-07-27;domingo;01:42:00;RN;101.0;76;NATAL;Sim;Ingestão de álcool pelo condutor;3;Queda de ocupante de veículo;Com Vítimas Fatais;Plena Noite;Crescente;Nevoeiro/Neblina;Dupla;"Declive;Rotatória";Sim;1257640.0;Caminhonete;VW/NOVA SAVEIRO RB MBVS;2019.0;Condutor;Não Informado;;Não Informado;0.0;0.0;0.0;0.0;-5,72646225;-35,28317022;SPRF-RN;DEL02-RN;UOP01-DEL02-RN
707487.0;1577996.0;2025-07-27;domingo;01:42:00;RN;101.0;76;NATAL;Sim;Ingestão de álcool pelo condutor;3;Queda de ocupante de veículo;Com Vítimas Fatais;Plena Noite;Crescente;Nevoeiro/Neblina;Dupla;"Declive;Rotatória";Sim;1257640.0;Caminhonete;VW/NOVA SAVEIRO RB MBVS;2019.0;Passageiro;Ileso;42.0;Masculino;1.0;0.0;0.0;0.0;-5,72646225;-35,28317022;SPRF-RN;DEL02-RN;UOP01-DEL02-RN
707487.0;1576096.0;2025-07-27;domingo;01:42:00;RN;101.0;76;NATAL;Sim;Ingestão de álcool pelo condutor;3;Queda de ocupante de veículo;Com Vítimas Fatais;Plena Noite;Crescente;Nevoeiro/Neblina;Dupla;"Declive;Rotatória";Sim;1257640.0;Caminhonete;VW/NOVA SAVEIRO RB MBVS;2019.0;Passageiro;Óbito;41.0;Feminino;0.0;0.0;0.0;1.0;-5,72646225;-35,28317022;SPRF-RN;DEL02-RN;UOP01-DEL02-RN
707487.0;1576097.0;2025-07-27;domingo;01:42:00;RN;101.0;76;NATAL;Sim;Ingestão de álcool pelo condutor;3;Queda de ocupante de veículo;Com Vítimas Fatais;Plena Noite;Crescente;Nevoeiro/Neblina;Dupla;"Declive;Rotatória";Sim;1257640.0;Caminhonete;VW/NOVA SAVEIRO RB MBVS;2019.0;Passageiro;Óbito;50.0;Feminino;0.0;0.0;0.0;1.0;-5,72646225;-35,28317022;SPRF-RN;DEL02-RN;UOP01-DEL02-RN
707487.0;1576095.0;2025-07-27;domingo;01:42:00;RN;101.0;76;NATAL;Sim;Ingestão de álcool pelo condutor;3;Queda de ocupante de veículo;Com Vítimas Fatais;Plena Noite;Crescente;Nevoeiro/Neblina;Dupla;"Declive;Rotatória";Sim;1257640.0;Caminhonete;VW/NOVA SAVEIRO RB MBVS;2019.0;Passageiro;Ileso;41.0;Masculino;1.0;0.0;0.0;0.0;-5,72646225;-35,28317022;SPRF-RN;DEL02-RN;UOP01-DEL02-RN
707487.0;1577999.0;2025-07-27;domingo;01:42:00;RN;101.0;76;NATAL;Sim;Ingestão de álcool pelo condutor;2;Saída de leito carroçável;Com Vítimas Fatais;Plena Noite;Crescente;Nevoeiro/Neblina;Dupla;"Declive;Rotatória";Sim;1257640.0;Caminhonete;VW/NOVA SAVEIRO RB MBVS;2019.0;Condutor;Não Informado;;Não Informado;0.0;0.0;0.0;0.0;-5,72646225;-35,28317022;SPRF-RN;DEL02-RN;UOP01-DEL02-RN
707487.0;1577996.0;2025-07-27;domingo;01:42:00;RN;101.0;76;NATAL;Sim;Ingestão de álcool pelo condutor;2;Saída de leito carroçável;Com Vítimas Fatais;Plena Noite;Crescente;Nevoeiro/Neblina;Dupla;"Declive;Rotatória";Sim;1257640.0;Caminhonete;VW/NOVA SAVEIRO RB MBVS;2019.0;Passageiro;Ileso;42.0;Masculino;1.0;0.0;0.0;0.0;-5,72646225;-35,28317022;SPRF-RN;DEL02-RN;UOP01-DEL02-RN
707487.0;1576096.0;2025-07-27;domingo;01:42:00;RN;101.0;76;NATAL;Sim;Ingestão de álcool pelo condutor;2;Saída de leito carroçável;Com Vítimas Fatais;Plena Noite;Crescente;Nevoeiro/Neblina;Dupla;"Declive;Rotatória";Sim;1257640.0;Caminhonete;VW/NOVA SAVEIRO RB MBVS;2019.0;Passageiro;Óbito;41.0;Feminino;0.0;0.0;0.0;1.0;-5,72646225;-35,28317022;SPRF-RN;DEL02-RN;UOP01-DEL02-RN
707487.0;1576097.0;2025-07-27;domingo;01:42:00;RN;101.0;76;NATAL;Sim;Ingestão de álcool pelo condutor;2;Saída de leito carroçável;Com Vítimas Fatais;Plena Noite;Crescente;Nevoeiro/Neblina;Dupla;"Declive;Rotatória";Sim;1257640.0;Caminhonete;VW/NOVA SAVEIRO RB MBVS;2019.0;Passageiro;Óbito;50.0;Feminino;0.0;0.0;0.0;1.0;-5,72646225;-35,28317022;SPRF-RN;DEL02-RN;UOP01-DEL02-RN
707487.0;1576095.0;2025-07-27;domingo;01:42:00;RN;101.0;76;NATAL;Sim;Ingestão de álcool pelo condutor;2;Saída de leito carroçável;Com Vítimas Fatais;Plena Noite;Crescente;Nevoeiro/Neblina;Dupla;"Declive;Rotatória";Sim;1257640.0;Caminhonete;VW/NOVA SAVEIRO RB MBVS;2019.0;Passageiro;Ileso;41.0;Masculino;1.0;0.0;0.0;0.0;-5,72646225;-35,28317022;SPRF-RN;DEL02-RN;UOP01-DEL02-RN
707487.0;1577999.0;2025-07-27;domingo;01:42:00;RN;101.0;76;NATAL;Não;Velocidade Incompatível;1;Colisão com objeto;Com Vítimas Fatais;Plena Noite;Crescente;Nevoeiro/Neblina;Dupla;"Declive;Rotatória";Sim;1257640.0;Caminhonete;VW/NOVA SAVEIRO RB MBVS;2019.0;Condutor;Não Informado;;Não Informado;0.0;0.0;0.0;0.0;-5,72646225;-35,28317022;SPRF-RN;DEL02-RN;UOP01-DEL02-RN
707487.0;1577996.0;2025-07-27;domingo;01:42:00;RN;101.0;76;NATAL;Não;Velocidade Incompatível;1;Colisão com objeto;Com Vítimas Fatais;Plena Noite;Crescente;Nevoeiro/Neblina;Dupla;"Declive;Rotatória";Sim;1257640.0;Caminhonete;VW/NOVA SAVEIRO RB MBVS;2019.0;Passageiro;Ileso;42.0;Masculino;1.0;0.0;0.0;0.0;-5,72646225;-35,28317022;SPRF-RN;DEL02-RN;UOP01-DEL02-RN
707487.0;1576096.0;2025-07-27;domingo;01:42:00;RN;101.0;76;NATAL;Não;Velocidade Incompatível;1;Colisão com objeto;Com Vítimas Fatais;Plena Noite;Crescente;Nevoeiro/Neblina;Dupla;"Declive;Rotatória";Sim;1257640.0;Caminhonete;VW/NOVA SAVEIRO RB MBVS;2019.0;Passageiro;Óbito;41.0;Feminino;0.0;0.0;0.0;1.0;-5,72646225;-35,28317022;SPRF-RN;DEL02-RN;UOP01-DEL02-RN
707487.0;1576097.0;2025-07-27;domingo;01:42:00;RN;101.0;76;NATAL;Não;Velocidade Incompatível;1;Colisão com objeto;Com Vítimas Fatais;Plena Noite;Crescente;Nevoeiro/Neblina;Dupla;"Declive;Rotatória";Sim;1257640.0;Caminhonete;VW/NOVA SAVEIRO RB MBVS;2019.0;Passageiro;Óbito;50.0;Feminino;0.0;0.0;0.0;1.0;-5,72646225;-35,28317022;SPRF-RN;DEL02-RN;UOP01-DEL02-RN
707487.0;1576095.0;2025-07-27;domingo;01:42:00;RN;101.0;76;NATAL;Não;Velocidade Incompatível;1;Colisão com objeto;Com Vítimas Fatais;Plena Noite;Crescente;Nevoeiro/Neblina;Dupla;"Declive;Rotatória";Sim;1257640.0;Caminhonete;VW/NOVA SAVEIRO RB MBVS;2019.0;Passageiro;Ileso;41.0;Masculino;1.0;0.0;0.0;0.0;-5,72646225;-35,28317022;SPRF-RN;DEL02-RN;UOP01-DEL02-RN
707487.0;1577999.0;2025-07-27;domingo;01:42:00;RN;101.0;76;NATAL;Não;Velocidade Incompatível;4;Capotamento;Com Vítimas Fatais;Plena Noite;Crescente;Nevoeiro/Neblina;Dupla;"Declive;Rotatória";Sim;1257640.0;Caminhonete;VW/NOVA SAVEIRO RB MBVS;2019.0;Condutor;Não Informado;;Não Informado;0.0;0.0;0.0;0.0;-5,72646225;-35,28317022;SPRF-RN;DEL02-RN;UOP01-DEL02-RN
707487.0;1577996.0;2025-07-27;domingo;01:42:00;RN;101.0;76;NATAL;Não;Velocidade Incompatível;4;Capotamento;Com Vítimas Fatais;Plena Noite;Crescente;Nevoeiro/Neblina;Dupla;"Declive;Rotatória";Sim;1257640.0;Caminhonete;VW/NOVA SAVEIRO RB MBVS;2019.0;Passageiro;Ileso;42.0;Masculino;1.0;0.0;0.0;0.0;-5,72646225;-35,28317022;SPRF-RN;DEL02-RN;UOP01-DEL02-RN
707487.0;1576096.0;2025-07-27;domingo;01:42:00;RN;101.0;76;NATAL;Não;Velocidade Incompatível;4;Capotamento;Com Vítimas Fatais;Plena Noite;Crescente;Nevoeiro/Neblina;Dupla;"Declive;Rotatória";Sim;1257640.0;Caminhonete;VW/NOVA SAVEIRO RB MBVS;2019.0;Passageiro;Óbito;41.0;Feminino;0.0;0.0;0.0;1.0;-5,72646225;-35,28317022;SPRF-RN;DEL02-RN;UOP01-DEL02-RN
707487.0;1576097.0;2025-07-27;domingo;01:42:00;RN;101.0;76;NATAL;Não;Velocidade Incompatível;4;Capotamento;Com Vítimas Fatais;Plena Noite;Crescente;Nevoeiro/Neblina;Dupla;"Declive;Rotatória";Sim;1257640.0;Caminhonete;VW/NOVA SAVEIRO RB MBVS;2019.0;Passageiro;Óbito;50.0;Feminino;0.0;0.0;0.0;1.0;-5,72646225;-35,28317022;SPRF-RN;DEL02-RN;UOP01-DEL02-RN
707487.0;1576095.0;2025-07-27;domingo;01:42:00;RN;101.0;76;NATAL;Não;Velocidade Incompatível;4;Capotamento;Com Vítimas Fatais;Plena Noite;Crescente;Nevoeiro/Neblina;Dupla;"Declive;Rotatória";Sim;1257640.0;Caminhonete;VW/NOVA SAVEIRO RB MBVS;2019.0;Passageiro;Ileso;41.0;Masculino;1.0;0.0;0.0;0.0;-5,72646225;-35,28317022;SPRF-RN;DEL02-RN;UOP01-DEL02-RN
707487.0;1577999.0;2025-07-27;domingo;01:42:00;RN;101.0;76;NATAL;Não;Velocidade Incompatível;3;Queda de ocupante de veículo;Com Vítimas Fatais;Plena Noite;Crescente;Nevoeiro/Neblina;Dupla;"Declive;Rotatória";Sim;1257640.0;Caminhonete;VW/NOVA SAVEIRO RB MBVS;2019.0;Condutor;Não Informado;;Não Informado;0.0;0.0;0.0;0.0;-5,72646225;-35,28317022;SPRF-RN;DEL02-RN;UOP01-DEL02-RN
707487.0;1577996.0;2025-07-27;domingo;01:42:00;RN;101.0;76;NATAL;Não;Velocidade Incompatível;3;Queda de ocupante de veículo;Com Vítimas Fatais;Plena Noite;Crescente;Nevoeiro/Neblina;Dupla;"Declive;Rotatória";Sim;1257640.0;Caminhonete;VW/NOVA SAVEIRO RB MBVS;2019.0;Passageiro;Ileso;42.0;Masculino;1.0;0.0;0.0;0.0;-5,72646225;-35,28317022;SPRF-RN;DEL02-RN;UOP01-DEL02-RN
707487.0;1576096.0;2025-07-27;domingo;01:42:00;RN;101.0;76;NATAL;Não;Velocidade Incompatível;3;Queda de ocupante de veículo;Com Vítimas Fatais;Plena Noite;Crescente;Nevoeiro/Neblina;Dupla;"Declive;Rotatória";Sim;1257640.0;Caminhonete;VW/NOVA SAVEIRO RB MBVS;2019.0;Passageiro;Óbito;41.0;Feminino;0.0;0.0;0.0;1.0;-5,72646225;-35,28317022;SPRF-RN;DEL02-RN;UOP01-DEL02-RN
707487.0;1576097.0;2025-07-27;domingo;01:42:00;RN;101.0;76;NATAL;Não;Velocidade Incompatível;3;Queda de ocupante de veículo;Com Vítimas Fatais;Plena Noite;Crescente;Nevoeiro/Neblina;Dupla;"Declive;Rotatória";Sim;1257640.0;Caminhonete;VW/NOVA SAVEIRO RB MBVS;2019.0;Passageiro;Óbito;50.0;Feminino;0.0;0.0;0.0;1.0;-5,72646225;-35,28317022;SPRF-RN;DEL02-RN;UOP01-DEL02-RN
707487.0;1576095.0;2025-07-27;domingo;01:42:00;RN;101.0;76;NATAL;Não;Velocidade Incompatível;3;Queda de ocupante de veículo;Com Vítimas Fatais;Plena Noite;Crescente;Nevoeiro/Neblina;Dupla;"Declive;Rotatória";Sim;1257640.0;Caminhonete;VW/NOVA SAVEIRO RB MBVS;2019.0;Passageiro;Ileso;41.0;Masculino;1.0;0.0;0.0;0.0;-5,72646225;-35,28317022;SPRF-RN;DEL02-RN;UOP01-DEL02-RN