id;pesid;data_inversa;dia_semana;horario;uf;br;km;municipio;causa_principal;causa_acidente;ordem_tipo_acidente;tipo_acidente;classificacao_acidente;fase_dia;sentido_via;condicao_metereologica;tipo_pista;tracado_via;uso_solo;id_veiculo;tipo_veiculo;marca;ano_fabricacao_veiculo;tipo_envolvido;estado_fisico;idade;sexo;ilesos;feridos_leves;feridos_graves;mortos;latitude;longitude;regional;delegacia;uop
713092.0;1590269.0;2025-08-21;quinta-feira;18:00:00;RN;101.0;85;NATAL;Sim;Condutor deixou de manter distância do veículo da frente;3;Queda de ocupante de veículo;Com Vítimas Feridas;Plena Noite;Decrescente;Céu Claro;Dupla;"Ponte;Reta";Sim;1268988.0;Motocicleta;YAMAHA/FAZER250 BLUEFLEX;2017.0;Condutor;Lesões Leves;40.0;Masculino;0.0;1.0;0.0;0.0;-5,781108;-35,247834;SPRF-RN;DEL02-RN;UOP01-DEL02-RN
713092.0;1590268.0;2025-08-21;quinta-feira;18:00:00;RN;101.0;85;NATAL;Sim;Condutor deixou de manter distância do veículo da frente;3;Queda de ocupante de veículo;Com Vítimas Feridas;Plena Noite;Decrescente;Céu Claro;Dupla;"Ponte;Reta";Sim;1268987.0;Caminhonete;VW/KOMBI FURGAO;2012.0;Passageiro;Ileso;29.0;Feminino;1.0;0.0;0.0;0.0;-5,781108;-35,247834;SPRF-RN;DEL02-RN;UOP01-DEL02-RN
713092.0;1590267.0;2025-08-21;quinta-feira;18:00:00;RN;101.0;85;NATAL;Sim;Condutor deixou de manter distância do veículo da frente;3;Queda de ocupante de veículo;Com Vítimas Feridas;Plena Noite;Decrescente;Céu Claro;Dupla;"Ponte;Reta";Sim;1268987.0;Caminhonete;VW/KOMBI FURGAO;2012.0;Condutor;Ileso;28.0;Masculino;1.0;0.0;0.0;0.0;-5,781108;-35,247834;SPRF-RN;DEL02-RN;UOP01-DEL02-RN
713092.0;1590270.0;2025-08-21;quinta-feira;18:00:00;RN;101.0;85;NATAL;Sim;Condutor deixou de manter distância do veículo da frente;2;Tombamento;Com Vítimas Feridas;Plena Noite;Decrescente;Céu Claro;Dupla;"Ponte;Reta";Sim;1268988.0;Motocicleta;YAMAHA/FAZER250 BLUEFLEX;2017.0;Passageiro;Lesões Graves;23.0;Feminino;0.0;0.0;1.0;0.0;-5,781108;-35,247834;SPRF-RN;DEL02-RN;UOP01-DEL02-RN
713092.0;1590269.0;2025-08-21;quinta-feira;18:00:00;RN;101.0;85;NATAL;Sim;Condutor deixou de manter distância do veículo da frente;2;Tombamento;Com Vítimas Feridas;Plena Noite;Decrescente;Céu Claro;Dupla;"Ponte;Reta";Sim;1268988.0;Motocicleta;YAMAHA/FAZER250 BLUEFLEX;2017.0;Condutor;Lesões Leves;40.0;Masculino;0.0;1.0;0.0;0.0;-5,781108;-35,247834;SPRF-RN;DEL02-RN;UOP01-DEL02-RN
713092.0;1590268.0;2025-08-21;quinta-feira;18:00:00;RN;101.0;85;NATAL;Sim;Condutor deixou de manter distância do veículo da frente;2;Tombamento;Com Vítimas Feridas;Plena Noite;Decrescente;Céu Claro;Dupla;"Ponte;Reta";Sim;1268987.0;Caminhonete;VW/KOMBI FURGAO;2012.0;Passageiro;Ileso;29.0;Feminino;1.0;0.0;0.0;0.0;-5,781108;-35,247834;SPRF-RN;DEL02-RN;UOP01-DEL02-RN
713092.0;1590267.0;2025-08-21;quinta-feira;18:00:00;RN;101.0;85;NATAL;Sim;Condutor deixou de manter distância do veículo da frente;2;Tombamento;Com Vítimas Feridas;Plena Noite;Decrescente;Céu Claro;Dupla;"Ponte;Reta";Sim;1268987.0;Caminhonete;VW/KOMBI FURGAO;2012.0;Condutor;Ileso;28.0;Masculino;1.0;0.0;0.0;0.0;-5,781108;-35,247834;SPRF-RN;DEL02-RN;UOP01-DEL02-RN
713092.0;1590270.0;2025-08-21;quinta-feira;18:00:00;RN;101.0;85;NATAL;Sim;Condutor deixou de manter distância do veículo da frente;1;Colisão traseira;Com Vítimas Feridas;Plena Noite;Decrescente;Céu Claro;Dupla;"Ponte;Reta";Sim;1268988.0;Motocicleta;YAMAHA/FAZER250 BLUEFLEX;2017.0;Passageiro;Lesões Graves;23.0;Feminino;0.0;0.0;1.0;0.0;-5,781108;-35,247834;SPRF-RN;DEL02-RN;UOP01-DEL02-RN
713092.0;1590269.0;2025-08-21;quinta-feira;18:00:00;RN;101.0;85;NATAL;Sim;Condutor deixou de manter distância do veículo da frente;1;Colisão traseira;Com Vítimas Feridas;Plena Noite;Decrescente;Céu Claro;Dupla;"Ponte;Reta";Sim;1268988.0;Motocicleta;YAMAHA/FAZER250 BLUEFLEX;2017.0;Condutor;Lesões Leves;40.0;Masculino;0.0;1.0;0.0;0.0;-5,781108;-35,247834;SPRF-RN;DEL02-RN;UOP01-DEL02-RN
713092.0;1590268.0;2025-08-21;quinta-feira;18:00:00;RN;101.0;85;NATAL;Sim;Condutor deixou de manter distância do veículo da frente;1;Colisão traseira;Com Vítimas Feridas;Plena Noite;Decrescente;Céu Claro;Dupla;"Ponte;Reta";Sim;1268987.0;Caminhonete;VW/KOMBI FURGAO;2012.0;Passageiro;Ileso;29.0;Feminino;1.0;0.0;0.0;0.0;-5,781108;-35,247834;SPRF-RN;DEL02-RN;UOP01-DEL02-RN
713092.0;1590267.0;2025-08-21;quinta-feira;18:00:00;RN;101.0;85;NATAL;Sim;Condutor deixou de manter distância do veículo da frente;1;Colisão traseira;Com Vítimas Feridas;Plena Noite;Decrescente;Céu Claro;Dupla;"Ponte;Reta";Sim;1268987.0;Caminhonete;VW/KOMBI FURGAO;2012.0;Condutor;Ileso;28.0;Masculino;1.0;0.0;0.0;0.0;-5,781108;-35,247834;SPRF-RN;DEL02-RN;UOP01-DEL02-RN
713487.0;1591123.0;2025-08-23;sábado;11:42:00;RN;101.0;98,9;NATAL;Não;Ingestão de álcool pelo condutor;1;Colisão traseira;Sem Vítimas;Pleno dia;Crescente;Sol;Dupla;Reta;Sim;1269681.0;Caminhonete;VW/SAVEIRO 1.6 CS;2009.0;Condutor;Ileso;61.0;Masculino;1.0;0.0;0.0;0.0;-5,87097293;-35,21933405;SPRF-RN;DEL01-RN;UOP01-DEL01-RN
713487.0;1591121.0;2025-08-23;sábado;11:42:00;RN;101.0;98,9;NATAL;Não;Ingestão de álcool pelo condutor;1;Colisão traseira;Sem Vítimas;Pleno dia;Crescente;Sol;Dupla;Reta;Sim;1269680.0;Automóvel;CHEV/PRISMA 1.4MT LTZ;2016.0;Condutor;Ileso;28.0;Masculino;1.0;0.0;0.0;0.0;-5,87097293;-35,21933405;SPRF-RN;DEL01-RN;UOP01-DEL01-RN
713487.0;1591123.0;2025-08-23;sábado;11:42:00;RN;101.0;98,9;NATAL;Sim;Ausência de reação do condutor;1;Colisão traseira;Sem Vítimas;Pleno dia;Crescente;Sol;Dupla;Reta;Sim;1269681.0;Caminhonete;VW/SAVEIRO 1.6 CS;2009.0;Condutor;Ileso;61.0;Masculino;1.0;0.0;0.0;0.0;-5,87097293;-35,21933405;SPRF-RN;DEL01-RN;UOP01-DEL01-RN
713487.0;1591121.0;2025-08-23;sábado;11:42:00;RN;101.0;98,9;NATAL;Sim;Ausência de reação do condutor;1;Colisão traseira;Sem Vítimas;Pleno dia;Crescente;Sol;Dupla;Reta;Sim;1269680.0;Automóvel;CHEV/PRISMA 1.4MT LTZ;2016.0;Condutor;Ileso;28.0;Masculino;1.0;0.0;0.0;0.0;-5,87097293;-35,21933405;SPRF-RN;DEL01-RN;UOP01-DEL01-RN
713614.0;1591321.0;2025-08-18;segunda-feira;07:40:00;RN;101.0;100;NATAL;Não;Trafegar com motocicleta (ou similar) entre as faixas;2;Colisão traseira;Com Vítimas Feridas;Pleno dia;Decrescente;Céu Claro;Dupla;"Aclive;Reta";Sim;1269854.0;Caminhonete;CHEV/MONTANA T A PR;2023.0;Condutor;Ileso;42.0;Masculino;1.0;0.0;0.0;0.0;-5,87973503;-35,2248594;SPRF-RN;DEL01-RN;UOP01-DEL01-RN
713614.0;1591320.0;2025-08-18;segunda-feira;07:40:00;RN;101.0;100;NATAL;Não;Trafegar com motocicleta (ou similar) entre as faixas;2;Colisão traseira;Com Vítimas Feridas;Pleno dia;Decrescente;Céu Claro;Dupla;"Aclive;Reta";Sim;1269853.0;Motocicleta;HONDA/XRE 300;2012.0;Condutor;Lesões Leves;25.0;Masculino;0.0;1.0;0.0;0.0;-5,87973503;-35,2248594;SPRF-RN;DEL01-RN;UOP01-DEL01-RN
713614.0;1591319.0;2025-08-18;segunda-feira;07:40:00;RN;101.0;100;NATAL;Não;Trafegar com motocicleta (ou similar) entre as faixas;2;Colisão traseira;Com Vítimas Feridas;Pleno dia;Decrescente;Céu Claro;Dupla;"Aclive;Reta";Sim;1269852.0;Motocicleta;MOTTU/SPORT 110I;2025.0;Passageiro;Lesões Leves;22.0;Feminino;0.0;1.0;0.0;0.0;-5,87973503;-35,2248594;SPRF-RN;DEL01-RN;UOP01-DEL01-RN
713614.0;1591318.0;2025-08-18;segunda-feira;07:40:00;RN;101.0;100;NATAL;Não;Trafegar com motocicleta (ou similar) entre as faixas;2;Colisão traseira;Com Vítimas Feridas;Pleno dia;Decrescente;Céu Claro;Dupla;"Aclive;Reta";Sim;1269852.0;Motocicleta;MOTTU/SPORT 110I;2025.0;Condutor;Lesões Leves;23.0;Masculino;0.0;1.0;0.0;0.0;-5,87973503;-35,2248594;SPRF-RN;DEL01-RN;UOP01-DEL01-RN
713614.0;1591321.0;2025-08-18;segunda-feira;07:40:00;RN;101.0;100;NATAL;Não;Trafegar com motocicleta (ou similar) entre as faixas;1;Colisão lateral mesmo sentido;Com Vítimas Feridas;Pleno dia;Decrescente;Céu Claro;Dupla;"Aclive;Reta";Sim;1269854.0;Caminhonete;CHEV/MONTANA T A PR;2023.0;Condutor;Ileso;42.0;Masculino;1.0;0.0;0.0;0.0;-5,87973503;-35,2248594;SPRF-RN;DEL01-RN;UOP01-DEL01-RN
713614.0;1591320.0;2025-08-18;segunda-feira;07:40:00;RN;101.0;100;NATAL;Não;Trafegar com motocicleta (ou similar) entre as faixas;1;Colisão lateral mesmo sentido;Com Vítimas Feridas;Pleno dia;Decrescente;Céu Claro;Dupla;"Aclive;Reta";Sim;1269853.0;Motocicleta;HONDA/XRE 300;2012.0;Condutor;Lesões Leves;25.0;Masculino;0.0;1.0;0.0;0.0;-5,87973503;-35,2248594;SPRF-RN;DEL01-RN;UOP01-DEL01-RN
713614.0;1591319.0;2025-08-18;segunda-feira;07:40:00;RN;101.0;100;NATAL;Não;Trafegar com motocicleta (ou similar) entre as faixas;1;Colisão lateral mesmo sentido;Com Vítimas Feridas;Pleno dia;Decrescente;Céu Claro;Dupla;"Aclive;Reta";Sim;1269852.0;Motocicleta;MOTTU/SPORT 110I;2025.0;Passageiro;Lesões Leves;22.0;Feminino;0.0;1.0;0.0;0.0;-5,87973503;-35,2248594;SPRF-RN;DEL01-RN;UOP01-DEL01-RN
713614.0;1591318.0;2025-08-18;segunda-feira;07:40:00;RN;101.0;100;NATAL;Não;Trafegar com motocicleta (ou similar) entre as faixas;1;Colisão lateral mesmo sentido;Com Vítimas Feridas;Pleno dia;Decrescente;Céu Claro;Dupla;"Aclive;Reta";Sim;1269852.0;Motocicleta;MOTTU/SPORT 110I;2025.0;Condutor;Lesões Leves;23.0;Masculino;0.0;1.0;0.0;0.0;-5,87973503;-35,2248594;SPRF-RN;DEL01-RN;UOP01-DEL01-RN
713614.0;1591321.0;2025-08-18;segunda-feira;07:40:00;RN;101.0;100;NATAL;Sim;Condutor deixou de manter distância do veículo da frente;2;Colisão traseira;Com Vítimas Feridas;Pleno dia;Decrescente;Céu Claro;Dupla;"Aclive;Reta";Sim;1269854.0;Caminhonete;CHEV/MONTANA T A PR;2023.0;Condutor;Ileso;42.0;Masculino;1.0;0.0;0.0;0.0;-5,87973503;-35,2248594;SPRF-RN;DEL01-RN;UOP01-DEL01-RN
713614.0;1591320.0;2025-08-18;segunda-feira;07:40:00;RN;101.0;100;NATAL;Sim;Condutor deixou de manter distância do veículo da frente;2;Colisão traseira;Com Vítimas Feridas;Pleno dia;Decrescente;Céu Claro;Dupla;"Aclive;Reta";Sim;1269853.0;Motocicleta;HONDA/XRE 300;2012.0;Condutor;Lesões Leves;25.0;Masculino;0.0;1.0;0.0;0.0;-5,87973503;-35,2248594;SPRF-RN;DEL01-RN;UOP01-DEL01-RN
713614.0;1591319.0;2025-08-18;segunda-feira;07:40:00;RN;101.0;100;NATAL;Sim;Condutor deixou de manter distância do veículo da frente;2;Colisão traseira;Com Vítimas Feridas;Pleno dia;Decrescente;Céu Claro;Dupla;"Aclive;Reta";Sim;1269852.0;Motocicleta;MOTTU/SPORT 110I;2025.0;Passageiro;Lesões Leves;22.0;Feminino;0.0;1.0;0.0;0.0;-5,87973503;-35,2248594;SPRF-RN;DEL01-RN;UOP01-DEL01-RN
713614.0;1591318.0;2025-08-18;segunda-feira;07:40:00;RN;101.0;100;NATAL;Sim;Condutor deixou de manter distância do veículo da frente;2;Colisão traseira;Com Vítimas Feridas;Pleno dia;Decrescente;Céu Claro;Dupla;"Aclive;Reta";Sim;1269852.0;Motocicleta;MOTTU/SPORT 110I;2025.0;Condutor;Lesões Leves;23.0;Masculino;0.0;1.0;0.0;0.0;-5,87973503;-35,2248594;SPRF-RN;DEL01-RN;UOP01-DEL01-RN
713614.0;1591321.0;2025-08-18;segunda-feira;07:40:00;RN;101.0;100;NATAL;Sim;Condutor deixou de manter distância do veículo da frente;1;Colisão lateral mesmo sentido;Com Vítimas Feridas;Pleno dia;Decrescente;Céu Claro;Dupla;"Aclive;Reta";Sim;1269854.0;Caminhonete;CHEV/MONTANA T A PR;2023.0;Condutor;Ileso;42.0;Masculino;1.0;0.0;0.0;0.0;-5,87973503;-35,2248594;SPRF-RN;DEL01-RN;UOP01-DEL01-RN
713614.0;1591320.0;2025-08-18;segunda-feira;07:40:00;RN;101.0;100;NATAL;Sim;Condutor deixou de manter distância do veículo da frente;1;Colisão lateral mesmo sentido;Com Vítimas Feridas;Pleno dia;Decrescente;Céu Claro;Dupla;"Aclive;Reta";Sim;1269853.0;Motocicleta;HONDA/XRE 300;2012.0;Condutor;Lesões Leves;25.0;Masculino;0.0;1.0;0.0;0.0;-5,87973503;-35,2248594;SPRF-RN;DEL01-RN;UOP01-DEL01-RN
713614.0;1591319.0;2025-08-18;segunda-feira;07:40:00;RN;101.0;100;NATAL;Sim;Condutor deixou de manter distância do veículo da frente;1;Colisão lateral mesmo sentido;Com Vítimas Feridas;Pleno dia;Decrescente;Céu Claro;Dupla;"Aclive;Reta";Sim;1269852.0;Motocicleta;MOTTU/SPORT 110I;2025.0;Passageiro;Lesões Leves;22.0;Feminino;0.0;1.0;0.0;0.0;-5,87973503;-35,2248594;SPRF-RN;DEL01-RN;UOP01-DEL01-RN
713614.0;1591318.0;2025-08-18;segunda-feira;07:40:00;RN;101.0;100;NATAL;Sim;Condutor deixou de manter distância do veículo da frente;1;Colisão lateral mesmo sentido;Com Vítimas Feridas;Pleno dia;Decrescente;Céu Claro;Dupla;"Aclive;Reta";Sim;1269852.0;Motocicleta;MOTTU/SPORT 110I;2025.0;Condutor;Lesões Leves;23.0;Masculino;0.0;1.0;0.0;0.0;-5,87973503;-35,2248594;SPRF-RN;DEL01-RN;UOP01-DEL01-RN
713906.0;1591991.0;2025-08-25;segunda-feira;07:49:00;RN;101.0;94;NATAL;Não;Condutor deixou de manter distância do veículo da frente;3;Atropelamento de Pedestre;Com Vítimas Feridas;Pleno dia;Crescente;Céu Claro;Dupla;Reta;Sim;1270355.0;Automóvel;VW/FOX 1.0 GII;2013.0;Condutor;Ileso;24.0;Masculino;1.0;0.0;0.0;0.0;-5,82887583;-35,211222;SPRF-RN;DEL01-RN;UOP01-DEL01-RN
713906.0;1592008.0;2025-08-25;segunda-feira;07:49:00;RN;101.0;94;NATAL;Não;Condutor deixou de manter distância do veículo da frente;3;Atropelamento de Pedestre;Com Vítimas Feridas;Pleno dia;Crescente;Céu Claro;Dupla;Reta;Sim;1270353.0;Motocicleta;HONDA/CG 160 FAN;2017.0;Passageiro;Lesões Graves;50.0;Feminino;0.0;0.0;1.0;0.0;-5,82887583;-35,211222;SPRF-RN;DEL01-RN;UOP01-DEL01-RN
713906.0;1591990.0;2025-08-25;segunda-feira;07:49:00;RN;101.0;94;NATAL;Não;Condutor deixou de manter distância do veículo da frente;3;Atropelamento de Pedestre;Com Vítimas Feridas;Pleno dia;Crescente;Céu Claro;Dupla;Reta;Sim;1270353.0;Motocicleta;HONDA/CG 160 FAN;2017.0;Condutor;Lesões Leves;34.0;Masculino;0.0;1.0;0.0;0.0;-5,82887583;-35,211222;SPRF-RN;DEL01-RN;UOP01-DEL01-RN
713906.0;1591989.0;2025-08-25;segunda-feira;07:49:00;RN;101.0;94;NATAL;Não;Condutor deixou de manter distância do veículo da frente;3;Atropelamento de Pedestre;Com Vítimas Feridas;Pleno dia;Crescente;Céu Claro;Dupla;Reta;Sim;1270352.0;Automóvel;TOYOTA/ETIOS SD X 15L MT;2016.0;Condutor;Ileso;63.0;Masculino;1.0;0.0;0.0;0.0;-5,82887583;-35,211222;SPRF-RN;DEL01-RN;UOP01-DEL01-RN
713906.0;1591991.0;2025-08-25;segunda-feira;07:49:00;RN;101.0;94;NATAL;Não;Condutor deixou de manter distância do veículo da frente;2;Queda de ocupante de veículo;Com Vítimas Feridas;Pleno dia;Crescente;Céu Claro;Dupla;Reta;Sim;1270355.0;Automóvel;VW/FOX 1.0 GII;2013.0;Condutor;Ileso;24.0;Masculino;1.0;0.0;0.0;0.0;-5,82887583;-35,211222;SPRF-RN;DEL01-RN;UOP01-DEL01-RN
713906.0;1592008.0;2025-08-25;segunda-feira;07:49:00;RN;101.0;94;NATAL;Não;Condutor deixou de manter distância do veículo da frente;2;Queda de ocupante de veículo;Com Vítimas Feridas;Pleno dia;Crescente;Céu Claro;Dupla;Reta;Sim;1270353.0;Motocicleta;HONDA/CG 160 FAN;2017.0;Passageiro;Lesões Graves;50.0;Feminino;0.0;0.0;1.0;0.0;-5,82887583;-35,211222;SPRF-RN;DEL01-RN;UOP01-DEL01-RN
713906.0;1591990.0;2025-08-25;segunda-feira;07:49:00;RN;101.0;94;NATAL;Não;Condutor deixou de manter distância do veículo da frente;2;Queda de ocupante de veículo;Com Vítimas Feridas;Pleno dia;Crescente;Céu Claro;Dupla;Reta;Sim;1270353.0;Motocicleta;HONDA/CG 160 FAN;2017.0;Condutor;Lesões Leves;34.0;Masculino;0.0;1.0;0.0;0.0;-5,82887583;-35,211222;SPRF-RN;DEL01-RN;UOP01-DEL01-RN
713906.0;1591989.0;2025-08-25;segunda-feira;07:49:00;RN;101.0;94;NATAL;Não;Condutor deixou de manter distância do veículo da frente;2;Queda de ocupante de veículo;Com Vítimas Feridas;Pleno dia;Crescente;Céu Claro;Dupla;Reta;Sim;1270352.0;Automóvel;TOYOTA/ETIOS SD X 15L MT;2016.0;Condutor;Ileso;63.0;Masculino;1.0;0.0;0.0;0.0;-5,82887583;-35,211222;SPRF-RN;DEL01-RN;UOP01-DEL01-RN
713906.0;1591991.0;2025-08-25;segunda-feira;07:49:00;RN;101.0;94;NATAL;Não;Condutor deixou de manter distância do veículo da frente;1;Colisão lateral mesmo sentido;Com Vítimas Feridas;Pleno dia;Crescente;Céu Claro;Dupla;Reta;Sim;1270355.0;Automóvel;VW/FOX 1.0 GII;2013.0;Condutor;Ileso;24.0;Masculino;1.0;0.0;0.0;0.0;-5,82887583;-35,211222;SPRF-RN;DEL01-RN;UOP01-DEL01-RN
713906.0;1592008.0;2025-08-25;segunda-feira;07:49:00;RN;101.0;94;NATAL;Não;Condutor deixou de manter distância do veículo da frente;1;Colisão lateral mesmo sentido;Com Vítimas Feridas;Pleno dia;Crescente;Céu Claro;Dupla;Reta;Sim;1270353.0;Motocicleta;HONDA/CG 160 FAN;2017.0;Passageiro;Lesões Graves;50.0;Feminino;0.0;0.0;1.0;0.0;-5,82887583;-35,211222;SPRF-RN;DEL01-RN;UOP01-DEL01-RN
713906.0;1591990.0;2025-08-25;segunda-feira;07:49:00;RN;101.0;94;NATAL;Não;Condutor deixou de manter distância do veículo da frente;1;Colisão lateral mesmo sentido;Com Vítimas Feridas;Pleno dia;Crescente;Céu Claro;Dupla;Reta;Sim;1270353.0;Motocicleta;HONDA/CG 160 FAN;2017.0;Condutor;Lesões Leves;34.0;Masculino;0.0;1.0;0.0;0.0;-5,82887583;-35,211222;SPRF-RN;DEL01-RN;UOP01-DEL01-RN
713906.0;1591989.0;2025-08-25;segunda-feira;07:49:00;RN;101.0;94;NATAL;Não;Condutor deixou de manter distância do veículo da frente;1;Colisão lateral mesmo sentido;Com Vítimas Feridas;Pleno dia;Crescente;Céu Claro;Dupla;Reta;Sim;1270352.0;Automóvel;TOYOTA/ETIOS SD X 15L MT;2016.0;Condutor;Ileso;63.0;Masculino;1.0;0.0;0.0;0.0;-5,82887583;-35,211222;SPRF-RN;DEL01-RN;UOP01-DEL01-RN
713906.0;1591991.0;2025-08-25;segunda-feira;07:49:00;RN;101.0;94;NATAL;Sim;Trafegar com motocicleta (ou similar) entre as faixas;3;Atropelamento de Pedestre;Com Vítimas Feridas;Pleno dia;Crescente;Céu Claro;Dupla;Reta;Sim;1270355.0;Automóvel;VW/FOX 1.0 GII;2013.0;Condutor;Ileso;24.0;Masculino;1.0;0.0;0.0;0.0;-5,82887583;-35,211222;SPRF-RN;DEL01-RN;UOP01-DEL01-RN
713906.0;1592008.0;2025-08-25;segunda-feira;07:49:00;RN;101.0;94;NATAL;Sim;Trafegar com motocicleta (ou similar) entre as faixas;3;Atropelamento de Pedestre;Com Vítimas Feridas;Pleno dia;Crescente;Céu Claro;Dupla;Reta;Sim;1270353.0;Motocicleta;HONDA/CG 160 FAN;2017.0;Passageiro;Lesões Graves;50.0;Feminino;0.0;0.0;1.0;0.0;-5,82887583;-35,211222;SPRF-RN;DEL01-RN;UOP01-DEL01-RN
713906.0;1591990.0;2025-08-25;segunda-feira;07:49:00;RN;101.0;94;NATAL;Sim;Trafegar com motocicleta (ou similar) entre as faixas;3;Atropelamento de Pedestre;Com Vítimas Feridas;Pleno dia;Crescente;Céu Claro;Dupla;Reta;Sim;1270353.0;Motocicleta;HONDA/CG 160 FAN;2017.0;Condutor;Lesões Leves;34.0;Masculino;0.0;1.0;0.0;0.0;-5,82887583;-35,211222;SPRF-RN;DEL01-RN;UOP01-DEL01-RN
713906.0;1591989.0;2025-08-25;segunda-feira;07:49:00;RN;101.0;94;NATAL;Sim;Trafegar com motocicleta (ou similar) entre as faixas;3;Atropelamento de Pedestre;Com Vítimas Feridas;Pleno dia;Crescente;Céu Claro;Dupla;Reta;Sim;1270352.0;Automóvel;TOYOTA/ETIOS SD X 15L MT;2016.0;Condutor;Ileso;63.0;Masculino;1.0;0.0;0.0;0.0;-5,82887583;-35,211222;SPRF-RN;DEL01-RN;UOP01-DEL01-RN
713906.0;1591991.0;2025-08-25;segunda-feira;07:49:00;RN;101.0;94;NATAL;Sim;Trafegar com motocicleta (ou similar) entre as faixas;2;Queda de ocupante de veículo;Com Vítimas Feridas;Pleno dia;Crescente;Céu Claro;Dupla;Reta;Sim;1270355.0;Automóvel;VW/FOX 1.0 GII;2013.0;Condutor;Ileso;24.0;Masculino;1.0;0.0;0.0;0.0;-5,82887583;-35,211222;SPRF-RN;DEL01-RN;UOP01-DEL01-RN
713906.0;1592008.0;2025-08-25;segunda-feira;07:49:00;RN;101.0;94;NATAL;Sim;Trafegar com motocicleta (ou similar) entre as faixas;2;Queda de ocupante de veículo;Com Vítimas Feridas;Pleno dia;Crescente;Céu Claro;Dupla;Reta;Sim;1270353.0;Motocicleta;HONDA/CG 160 FAN;2017.0;Passageiro;Lesões Graves;50.0;Feminino;0.0;0.0;1.0;0.0;-5,82887583;-35,211222;SPRF-RN;DEL01-RN;UOP01-DEL01-RN
713906.0;1591990.0;2025-08-25;segunda-feira;07:49:00;RN;101.0;94;NATAL;Sim;Trafegar com motocicleta (ou similar) entre as faixas;2;Queda de ocupante de veículo;Com Vítimas Feridas;Pleno dia;Crescente;Céu Claro;Dupla;Reta;Sim;1270353.0;Motocicleta;HONDA/CG 160 FAN;2017.0;Condutor;Lesões Leves;34.0;Masculino;0.0;1.0;0.0;0.0;-5,82887583;-35,211222;SPRF-RN;DEL01-RN;UOP01-DEL01-RN
713906.0;1591989.0;2025-08-25;segunda-feira;07:49:00;RN;101.0;94;NATAL;Sim;Trafegar com motocicleta (ou similar) entre as faixas;2;Queda de ocupante de veículo;Com Vítimas Feridas;Pleno dia;Crescente;Céu Claro;Dupla;Reta;Sim;1270352.0;Automóvel;TOYOTA/ETIOS SD X 15L MT;2016.0;Condutor;Ileso;63.0;Masculino;1.0;0.0;0.0;0.0;-5,82887583;-35,211222;SPRF-RN;DEL01-RN;UOP01-DEL01-RN
713906.0;1591991.0;2025-08-25;segunda-feira;07:49:00;RN;101.0;94;NATAL;Sim;Trafegar com motocicleta (ou similar) entre as faixas;1;Colisão lateral mesmo sentido;Com Vítimas Feridas;Pleno dia;Crescente;Céu Claro;Dupla;Reta;Sim;1270355.0;Automóvel;VW/FOX 1.0 GII;2013.0;Condutor;Ileso;24.0;Masculino;1.0;0.0;0.0;0.0;-5,82887583;-35,211222;SPRF-RN;DEL01-RN;UOP01-DEL01-RN
713906.0;1592008.0;2025-08-25;segunda-feira;07:49:00;RN;101.0;94;NATAL;Sim;Trafegar com motocicleta (ou similar) entre as faixas;1;Colisão lateral mesmo sentido;Com Vítimas Feridas;Pleno dia;Crescente;Céu Claro;Dupla;Reta;Sim;1270353.0;Motocicleta;HONDA/CG 160 FAN;2017.0;Passageiro;Lesões Graves;50.0;Feminino;0.0;0.0;1.0;0.0;-5,82887583;-35,211222;SPRF-RN;DEL01-RN;UOP01-DEL01-RN
713906.0;1591990.0;2025-08-25;segunda-feira;07:49:00;RN;101.0;94;NATAL;Sim;Trafegar com motocicleta (ou similar) entre as faixas;1;Colisão lateral mesmo sentido;Com Vítimas Feridas;Pleno dia;Crescente;Céu Claro;Dupla;Reta;Sim;1270353.0;Motocicleta;HONDA/CG 160 FAN;2017.0;Condutor;Lesões Leves;34.0;Masculino;0.0;1.0;0.0;0.0;-5,82887583;-35,211222;SPRF-RN;DEL01-RN;UOP01-DEL01-RN
713906.0;1591989.0;2025-08-25;segunda-feira;07:49:00;RN;101.0;94;NATAL;Sim;Trafegar com motocicleta (ou similar) entre as faixas;1;Colisão lateral mesmo sentido;Com Vítimas Feridas;Pleno dia;Crescente;Céu Claro;Dupla;Reta;Sim;1270352.0;Automóvel;TOYOTA/ETIOS SD X 15L MT;2016.0;Condutor;Ileso;63.0;Masculino;1.0;0.0;0.0;0.0;-5,82887583;-35,211222;SPRF-RN;DEL01-RN;UOP01-DEL01-RN
714102.0;1592877.0;2025-08-26;terça-feira;08:45:00;RN;101.0;97;NATAL;Sim;Acessar a via sem observar a presença dos outros veículos;1;Colisão transversal;Com Vítimas Feridas;Pleno dia;Decrescente;Céu Claro;Dupla;"Reta;Interseção de Vias";Não;1271128.0;Motocicleta;MOTTU/SPORT 110I;2024.0;Condutor;Lesões Leves;30.0;Masculino;0.0;1.0;0.0;0.0;-5,85911559;-35,21310059;SPRF-RN;DEL01-RN;UOP01-DEL01-RN