id;pesid;data_inversa;dia_semana;horario;uf;br;km;municipio;causa_principal;causa_acidente;ordem_tipo_acidente;tipo_acidente;classificacao_acidente;fase_dia;sentido_via;condicao_metereologica;tipo_pista;tracado_via;uso_solo;id_veiculo;tipo_veiculo;marca;ano_fabricacao_veiculo;tipo_envolvido;estado_fisico;idade;sexo;ilesos;feridos_leves;feridos_graves;mortos;latitude;longitude;regional;delegacia;uop
714102.0;1592876.0;2025-08-26;terça-feira;08:45:00;RN;101.0;97;NATAL;Sim;Acessar a via sem observar a presença dos outros veículos;1;Colisão transversal;Com Vítimas Feridas;Pleno dia;Decrescente;Céu Claro;Dupla;"Reta;Interseção de Vias";Não;1271127.0;Caminhonete;FIAT/TORO FREED T270 AT;2025.0;Condutor;Ileso;36.0;Feminino;1.0;0.0;0.0;0.0;-5,85911559;-35,21310059;SPRF-RN;DEL01-RN;UOP01-DEL01-RN
714303.0;1592939.0;2025-07-26;sábado;21:32:00;RN;101.0;79;NATAL;Sim;Animais na Pista;2;Tombamento;Com Vítimas Feridas;Plena Noite;Decrescente;Céu Claro;Dupla;Reta;Sim;1271171.0;Motocicleta;MOTTU/SPORT 110I;2024.0;Condutor;Lesões Leves;;Masculino;0.0;1.0;0.0;0.0;-5,75414158;-35,28864233;SPRF-RN;DEL02-RN;UOP01-DEL02-RN
714303.0;1592939.0;2025-07-26;sábado;21:32:00;RN;101.0;79;NATAL;Sim;Animais na Pista;1;Queda de ocupante de veículo;Com Vítimas Feridas;Plena Noite;Decrescente;Céu Claro;Dupla;Reta;Sim;1271171.0;Motocicleta;MOTTU/SPORT 110I;2024.0;Condutor;Lesões Leves;;Masculino;0.0;1.0;0.0;0.0;-5,75414158;-35,28864233;SPRF-RN;DEL02-RN;UOP01-DEL02-RN
714320.0;1592970.0;2025-08-27;quarta-feira;16:30:00;RN;101.0;83,5;NATAL;Sim;Reação tardia ou ineficiente do condutor;1;Engavetamento;Sem Vítimas;Pleno dia;Decrescente;Céu Claro;Dupla;Reta;Sim;1271209.0;Automóvel;VW/FOX CONNECT MB;2018.0;Condutor;Ileso;33.0;Masculino;1.0;0.0;0.0;0.0;-5,7724;-35,262522;SPRF-RN;DEL02-RN;UOP01-DEL02-RN
714320.0;1592971.0;2025-08-27;quarta-feira;16:30:00;RN;101.0;83,5;NATAL;Sim;Reação tardia ou ineficiente do condutor;1;Engavetamento;Sem Vítimas;Pleno dia;Decrescente;Céu Claro;Dupla;Reta;Sim;1271211.0;Automóvel;RENAULT/SANDERO PRI 16;2008.0;Condutor;Ileso;42.0;Masculino;1.0;0.0;0.0;0.0;-5,7724;-35,262522;SPRF-RN;DEL02-RN;UOP01-DEL02-RN
714320.0;1592968.0;2025-08-27;quarta-feira;16:30:00;RN;101.0;83,5;NATAL;Sim;Reação tardia ou ineficiente do condutor;1;Engavetamento;Sem Vítimas;Pleno dia;Decrescente;Céu Claro;Dupla;Reta;Sim;1271207.0;Automóvel;CHEV/PRISMA 1.4MT LT;2019.0;Condutor;Ileso;61.0;Masculino;1.0;0.0;0.0;0.0;-5,7724;-35,262522;SPRF-RN;DEL02-RN;UOP01-DEL02-RN
714400.0;1593104.0;2025-08-27;quarta-feira;20:00:00;RN;101.0;97;NATAL;Sim;Reação tardia ou ineficiente do condutor;1;Colisão traseira;Com Vítimas Feridas;Plena Noite;Decrescente;Céu Claro;Dupla;"Reta;Aclive";Sim;1271325.0;Motocicleta;HONDA/CG150 START;2014.0;Condutor;Lesões Leves;37.0;Masculino;0.0;1.0;0.0;0.0;-5,860527;-35,2135027;SPRF-RN;DEL01-RN;UOP01-DEL01-RN
714400.0;1593109.0;2025-08-27;quarta-feira;20:00:00;RN;101.0;97;NATAL;Sim;Reação tardia ou ineficiente do condutor;1;Colisão traseira;Com Vítimas Feridas;Plena Noite;Decrescente;Céu Claro;Dupla;"Reta;Aclive";Sim;1271319.0;Automóvel;FORD/KA SE 1.0 HA B;2016.0;Passageiro;Ileso;13.0;Masculino;1.0;0.0;0.0;0.0;-5,860527;-35,2135027;SPRF-RN;DEL01-RN;UOP01-DEL01-RN
714400.0;1593100.0;2025-08-27;quarta-feira;20:00:00;RN;101.0;97;NATAL;Sim;Reação tardia ou ineficiente do condutor;1;Colisão traseira;Com Vítimas Feridas;Plena Noite;Decrescente;Céu Claro;Dupla;"Reta;Aclive";Sim;1271319.0;Automóvel;FORD/KA SE 1.0 HA B;2016.0;Condutor;Ileso;36.0;Feminino;1.0;0.0;0.0;0.0;-5,860527;-35,2135027;SPRF-RN;DEL01-RN;UOP01-DEL01-RN
714411.0;1593312.0;2025-08-27;quarta-feira;20:30:00;RN;101.0;79,5;NATAL;Sim;Pedestre cruzava a pista fora da faixa;3;Queda de ocupante de veículo;Com Vítimas Fatais;Plena Noite;Decrescente;Céu Claro;Dupla;Reta;Sim;1271469.0;Motocicleta;HONDA/XRE 300;2010.0;Condutor;Lesões Graves;33.0;Masculino;0.0;0.0;1.0;0.0;-5,7539953;-35,2888155;SPRF-RN;DEL02-RN;UOP01-DEL02-RN
714411.0;1593313.0;2025-08-27;quarta-feira;20:30:00;RN;101.0;79,5;NATAL;Sim;Pedestre cruzava a pista fora da faixa;3;Queda de ocupante de veículo;Com Vítimas Fatais;Plena Noite;Decrescente;Céu Claro;Dupla;Reta;Sim;;;NA/NA;;Pedestre;Óbito;67.0;Masculino;0.0;0.0;0.0;1.0;-5,7539953;-35,2888155;SPRF-RN;DEL02-RN;UOP01-DEL02-RN
714411.0;1593312.0;2025-08-27;quarta-feira;20:30:00;RN;101.0;79,5;NATAL;Sim;Pedestre cruzava a pista fora da faixa;2;Tombamento;Com Vítimas Fatais;Plena Noite;Decrescente;Céu Claro;Dupla;Reta;Sim;1271469.0;Motocicleta;HONDA/XRE 300;2010.0;Condutor;Lesões Graves;33.0;Masculino;0.0;0.0;1.0;0.0;-5,7539953;-35,2888155;SPRF-RN;DEL02-RN;UOP01-DEL02-RN
714411.0;1593313.0;2025-08-27;quarta-feira;20:30:00;RN;101.0;79,5;NATAL;Sim;Pedestre cruzava a pista fora da faixa;2;Tombamento;Com Vítimas Fatais;Plena Noite;Decrescente;Céu Claro;Dupla;Reta;Sim;;;NA/NA;;Pedestre;Óbito;67.0;Masculino;0.0;0.0;0.0;1.0;-5,7539953;-35,2888155;SPRF-RN;DEL02-RN;UOP01-DEL02-RN
714411.0;1593312.0;2025-08-27;quarta-feira;20:30:00;RN;101.0;79,5;NATAL;Sim;Pedestre cruzava a pista fora da faixa;1;Atropelamento de Pedestre;Com Vítimas Fatais;Plena Noite;Decrescente;Céu Claro;Dupla;Reta;Sim;1271469.0;Motocicleta;HONDA/XRE 300;2010.0;Condutor;Lesões Graves;33.0;Masculino;0.0;0.0;1.0;0.0;-5,7539953;-35,2888155;SPRF-RN;DEL02-RN;UOP01-DEL02-RN
714411.0;1593313.0;2025-08-27;quarta-feira;20:30:00;RN;101.0;79,5;NATAL;Sim;Pedestre cruzava a pista fora da faixa;1;Atropelamento de Pedestre;Com Vítimas Fatais;Plena Noite;Decrescente;Céu Claro;Dupla;Reta;Sim;;;NA/NA;;Pedestre;Óbito;67.0;Masculino;0.0;0.0;0.0;1.0;-5,7539953;-35,2888155;SPRF-RN;DEL02-RN;UOP01-DEL02-RN
714585.0;1593629.0;2025-07-31;quinta-feira;08:50:00;RN;101.0;99;NATAL;Sim;Condutor deixou de manter distância do veículo da frente;2;Queda de ocupante de veículo;Com Vítimas Feridas;Pleno dia;Crescente;Céu Claro;Dupla;Reta;Não;1271731.0;Motocicleta;HONDA/CBX 250 TWISTER;2006.0;Condutor;Lesões Leves;;Masculino;0.0;1.0;0.0;0.0;-5,87356902;-35,22109006;SPRF-RN;DEL01-RN;UOP01-DEL01-RN
714585.0;1593628.0;2025-07-31;quinta-feira;08:50:00;RN;101.0;99;NATAL;Sim;Condutor deixou de manter distância do veículo da frente;2;Queda de ocupante de veículo;Com Vítimas Feridas;Pleno dia;Crescente;Céu Claro;Dupla;Reta;Não;1271730.0;Caminhonete;MMC/L200 TRITON SPO TP A;2024.0;Condutor;Ileso;;Masculino;1.0;0.0;0.0;0.0;-5,87356902;-35,22109006;SPRF-RN;DEL01-RN;UOP01-DEL01-RN
714585.0;1593629.0;2025-07-31;quinta-feira;08:50:00;RN;101.0;99;NATAL;Sim;Condutor deixou de manter distância do veículo da frente;1;Colisão traseira;Com Vítimas Feridas;Pleno dia;Crescente;Céu Claro;Dupla;Reta;Não;1271731.0;Motocicleta;HONDA/CBX 250 TWISTER;2006.0;Condutor;Lesões Leves;;Masculino;0.0;1.0;0.0;0.0;-5,87356902;-35,22109006;SPRF-RN;DEL01-RN;UOP01-DEL01-RN
714585.0;1593628.0;2025-07-31;quinta-feira;08:50:00;RN;101.0;99;NATAL;Sim;Condutor deixou de manter distância do veículo da frente;1;Colisão traseira;Com Vítimas Feridas;Pleno dia;Crescente;Céu Claro;Dupla;Reta;Não;1271730.0;Caminhonete;MMC/L200 TRITON SPO TP A;2024.0;Condutor;Ileso;;Masculino;1.0;0.0;0.0;0.0;-5,87356902;-35,22109006;SPRF-RN;DEL01-RN;UOP01-DEL01-RN
714690.0;1593867.0;2025-08-27;quarta-feira;15:20:00;RN;101.0;95;NATAL;Sim;Ingestão de álcool pelo condutor;1;Colisão com objeto;Sem Vítimas;Pleno dia;Decrescente;Céu Claro;Múltipla;"Viaduto;Reta";Sim;1271968.0;Automóvel;TOYOTA/ETIOS SD XS;2013.0;Condutor;Ileso;48.0;Masculino;1.0;0.0;0.0;0.0;-5,84699998;-35,20821975;SPRF-RN;DEL01-RN;UOP01-DEL01-RN
714826.0;1594227.0;2025-08-29;sexta-feira;19:00:00;RN;101.0;96;NATAL;Sim;Condutor deixou de manter distância do veículo da frente;1;Colisão traseira;Com Vítimas Feridas;Plena Noite;Crescente;Céu Claro;Dupla;"Reta;Declive";Sim;1272262.0;Automóvel;CHEV/ONIX PLUS 10TMT LT1;2020.0;Condutor;Ileso;37.0;Masculino;1.0;0.0;0.0;0.0;-5,84228;-35,20998;SPRF-RN;DEL01-RN;UOP01-DEL01-RN
714826.0;1594228.0;2025-08-29;sexta-feira;19:00:00;RN;101.0;96;NATAL;Sim;Condutor deixou de manter distância do veículo da frente;1;Colisão traseira;Com Vítimas Feridas;Plena Noite;Crescente;Céu Claro;Dupla;"Reta;Declive";Sim;1272261.0;Motocicleta;HONDA/NXR150 BROS ESD;2011.0;Passageiro;Lesões Leves;53.0;Feminino;0.0;1.0;0.0;0.0;-5,84228;-35,20998;SPRF-RN;DEL01-RN;UOP01-DEL01-RN
714826.0;1594226.0;2025-08-29;sexta-feira;19:00:00;RN;101.0;96;NATAL;Sim;Condutor deixou de manter distância do veículo da frente;1;Colisão traseira;Com Vítimas Feridas;Plena Noite;Crescente;Céu Claro;Dupla;"Reta;Declive";Sim;1272261.0;Motocicleta;HONDA/NXR150 BROS ESD;2011.0;Condutor;Ileso;34.0;Masculino;1.0;0.0;0.0;0.0;-5,84228;-35,20998;SPRF-RN;DEL01-RN;UOP01-DEL01-RN
716211.0;1597555.0;2025-09-05;sexta-feira;07:10:00;RN;101.0;97;NATAL;Sim;Condutor deixou de manter distância do veículo da frente;1;Queda de ocupante de veículo;Com Vítimas Feridas;Pleno dia;Crescente;Céu Claro;Múltipla;Reta;Sim;1274993.0;Motoneta;HONDA/PCX 150;2020.0;Condutor;Lesões Leves;39.0;Masculino;0.0;1.0;0.0;0.0;-5,86662918;-35,21702047;SPRF-RN;DEL01-RN;UOP01-DEL01-RN
716211.0;1597552.0;2025-09-05;sexta-feira;07:10:00;RN;101.0;97;NATAL;Sim;Condutor deixou de manter distância do veículo da frente;1;Queda de ocupante de veículo;Com Vítimas Feridas;Pleno dia;Crescente;Céu Claro;Múltipla;Reta;Sim;1274992.0;Automóvel;CHEV/SPIN 1.8L AT LT;2013.0;Condutor;Ileso;31.0;Feminino;1.0;0.0;0.0;0.0;-5,86662918;-35,21702047;SPRF-RN;DEL01-RN;UOP01-DEL01-RN
716269.0;1598087.0;2025-09-05;sexta-feira;11:35:00;RN;226.0;2,6;NATAL;Sim;Acessar a via sem observar a presença dos outros veículos;3;Tombamento;Com Vítimas Feridas;Pleno dia;Crescente;Nublado;Simples;Reta;Sim;1275421.0;Motocicleta;HONDA/CG 160 START;2024.0;Condutor;Lesões Leves;22.0;Masculino;0.0;1.0;0.0;0.0;-5,82000913;-35,25139181;SPRF-RN;DEL01-RN;UOP02-DEL01-RN
716269.0;1598086.0;2025-09-05;sexta-feira;11:35:00;RN;226.0;2,6;NATAL;Sim;Acessar a via sem observar a presença dos outros veículos;3;Tombamento;Com Vítimas Feridas;Pleno dia;Crescente;Nublado;Simples;Reta;Sim;1275421.0;Motocicleta;HONDA/CG 160 START;2024.0;Passageiro;Lesões Leves;20.0;Feminino;0.0;1.0;0.0;0.0;-5,82000913;-35,25139181;SPRF-RN;DEL01-RN;UOP02-DEL01-RN
716269.0;1598085.0;2025-09-05;sexta-feira;11:35:00;RN;226.0;2,6;NATAL;Sim;Acessar a via sem observar a presença dos outros veículos;3;Tombamento;Com Vítimas Feridas;Pleno dia;Crescente;Nublado;Simples;Reta;Sim;1275422.0;Motocicleta;Não Informado/Não Informado;0.0;Condutor;Não Informado;;Não Informado;0.0;0.0;0.0;0.0;-5,82000913;-35,25139181;SPRF-RN;DEL01-RN;UOP02-DEL01-RN
716269.0;1598087.0;2025-09-05;sexta-feira;11:35:00;RN;226.0;2,6;NATAL;Sim;Acessar a via sem observar a presença dos outros veículos;2;Queda de ocupante de veículo;Com Vítimas Feridas;Pleno dia;Crescente;Nublado;Simples;Reta;Sim;1275421.0;Motocicleta;HONDA/CG 160 START;2024.0;Condutor;Lesões Leves;22.0;Masculino;0.0;1.0;0.0;0.0;-5,82000913;-35,25139181;SPRF-RN;DEL01-RN;UOP02-DEL01-RN
716269.0;1598086.0;2025-09-05;sexta-feira;11:35:00;RN;226.0;2,6;NATAL;Sim;Acessar a via sem observar a presença dos outros veículos;2;Queda de ocupante de veículo;Com Vítimas Feridas;Pleno dia;Crescente;Nublado;Simples;Reta;Sim;1275421.0;Motocicleta;HONDA/CG 160 START;2024.0;Passageiro;Lesões Leves;20.0;Feminino;0.0;1.0;0.0;0.0;-5,82000913;-35,25139181;SPRF-RN;DEL01-RN;UOP02-DEL01-RN
716269.0;1598085.0;2025-09-05;sexta-feira;11:35:00;RN;226.0;2,6;NATAL;Sim;Acessar a via sem observar a presença dos outros veículos;2;Queda de ocupante de veículo;Com Vítimas Feridas;Pleno dia;Crescente;Nublado;Simples;Reta;Sim;1275422.0;Motocicleta;Não Informado/Não Informado;0.0;Condutor;Não Informado;;Não Informado;0.0;0.0;0.0;0.0;-5,82000913;-35,25139181;SPRF-RN;DEL01-RN;UOP02-DEL01-RN
716269.0;1598087.0;2025-09-05;sexta-feira;11:35:00;RN;226.0;2,6;NATAL;Sim;Acessar a via sem observar a presença dos outros veículos;1;Colisão transversal;Com Vítimas Feridas;Pleno dia;Crescente;Nublado;Simples;Reta;Sim;1275421.0;Motocicleta;HONDA/CG 160 START;2024.0;Condutor;Lesões Leves;22.0;Masculino;0.0;1.0;0.0;0.0;-5,82000913;-35,25139181;SPRF-RN;DEL01-RN;UOP02-DEL01-RN
716269.0;1598086.0;2025-09-05;sexta-feira;11:35:00;RN;226.0;2,6;NATAL;Sim;Acessar a via sem observar a presença dos outros veículos;1;Colisão transversal;Com Vítimas Feridas;Pleno dia;Crescente;Nublado;Simples;Reta;Sim;1275421.0;Motocicleta;HONDA/CG 160 START;2024.0;Passageiro;Lesões Leves;20.0;Feminino;0.0;1.0;0.0;0.0;-5,82000913;-35,25139181;SPRF-RN;DEL01-RN;UOP02-DEL01-RN
716269.0;1598085.0;2025-09-05;sexta-feira;11:35:00;RN;226.0;2,6;NATAL;Sim;Acessar a via sem observar a presença dos outros veículos;1;Colisão transversal;Com Vítimas Feridas;Pleno dia;Crescente;Nublado;Simples;Reta;Sim;1275422.0;Motocicleta;Não Informado/Não Informado;0.0;Condutor;Não Informado;;Não Informado;0.0;0.0;0.0;0.0;-5,82000913;-35,25139181;SPRF-RN;DEL01-RN;UOP02-DEL01-RN
716669.0;1598862.0;2025-09-06;sábado;20:00:00;RN;101.0;94;NATAL;Sim;Ingestão de álcool pelo condutor;3;Tombamento;Com Vítimas Feridas;Plena Noite;Crescente;Céu Claro;Dupla;"Reta;Viaduto";Sim;1276055.0;Motocicleta;HONDA/CB300F TWISTER ABS;2024.0;Condutor;Lesões Leves;37.0;Masculino;0.0;1.0;0.0;0.0;-5,825539;-35,209796;SPRF-RN;DEL01-RN;UOP01-DEL01-RN
716669.0;1599437.0;2025-09-06;sábado;20:00:00;RN;101.0;94;NATAL;Sim;Ingestão de álcool pelo condutor;3;Tombamento;Com Vítimas Feridas;Plena Noite;Crescente;Céu Claro;Dupla;"Reta;Viaduto";Sim;1276051.0;Automóvel;RENAULT/KWID ZEN 10MT;2018.0;Passageiro;Ileso;37.0;Masculino;1.0;0.0;0.0;0.0;-5,825539;-35,209796;SPRF-RN;DEL01-RN;UOP01-DEL01-RN
716669.0;1598857.0;2025-09-06;sábado;20:00:00;RN;101.0;94;NATAL;Sim;Ingestão de álcool pelo condutor;3;Tombamento;Com Vítimas Feridas;Plena Noite;Crescente;Céu Claro;Dupla;"Reta;Viaduto";Sim;1276051.0;Automóvel;RENAULT/KWID ZEN 10MT;2018.0;Condutor;Ileso;40.0;Feminino;1.0;0.0;0.0;0.0;-5,825539;-35,209796;SPRF-RN;DEL01-RN;UOP01-DEL01-RN
716669.0;1598862.0;2025-09-06;sábado;20:00:00;RN;101.0;94;NATAL;Sim;Ingestão de álcool pelo condutor;2;Queda de ocupante de veículo;Com Vítimas Feridas;Plena Noite;Crescente;Céu Claro;Dupla;"Reta;Viaduto";Sim;1276055.0;Motocicleta;HONDA/CB300F TWISTER ABS;2024.0;Condutor;Lesões Leves;37.0;Masculino;0.0;1.0;0.0;0.0;-5,825539;-35,209796;SPRF-RN;DEL01-RN;UOP01-DEL01-RN
716669.0;1599437.0;2025-09-06;sábado;20:00:00;RN;101.0;94;NATAL;Sim;Ingestão de álcool pelo condutor;2;Queda de ocupante de veículo;Com Vítimas Feridas;Plena Noite;Crescente;Céu Claro;Dupla;"Reta;Viaduto";Sim;1276051.0;Automóvel;RENAULT/KWID ZEN 10MT;2018.0;Passageiro;Ileso;37.0;Masculino;1.0;0.0;0.0;0.0;-5,825539;-35,209796;SPRF-RN;DEL01-RN;UOP01-DEL01-RN
716669.0;1598857.0;2025-09-06;sábado;20:00:00;RN;101.0;94;NATAL;Sim;Ingestão de álcool pelo condutor;2;Queda de ocupante de veículo;Com Vítimas Feridas;Plena Noite;Crescente;Céu Claro;Dupla;"Reta;Viaduto";Sim;1276051.0;Automóvel;RENAULT/KWID ZEN 10MT;2018.0;Condutor;Ileso;40.0;Feminino;1.0;0.0;0.0;0.0;-5,825539;-35,209796;SPRF-RN;DEL01-RN;UOP01-DEL01-RN
716669.0;1598862.0;2025-09-06;sábado;20:00:00;RN;101.0;94;NATAL;Sim;Ingestão de álcool pelo condutor;1;Colisão traseira;Com Vítimas Feridas;Plena Noite;Crescente;Céu Claro;Dupla;"Reta;Viaduto";Sim;1276055.0;Motocicleta;HONDA/CB300F TWISTER ABS;2024.0;Condutor;Lesões Leves;37.0;Masculino;0.0;1.0;0.0;0.0;-5,825539;-35,209796;SPRF-RN;DEL01-RN;UOP01-DEL01-RN
716669.0;1599437.0;2025-09-06;sábado;20:00:00;RN;101.0;94;NATAL;Sim;Ingestão de álcool pelo condutor;1;Colisão traseira;Com Vítimas Feridas;Plena Noite;Crescente;Céu Claro;Dupla;"Reta;Viaduto";Sim;1276051.0;Automóvel;RENAULT/KWID ZEN 10MT;2018.0;Passageiro;Ileso;37.0;Masculino;1.0;0.0;0.0;0.0;-5,825539;-35,209796;SPRF-RN;DEL01-RN;UOP01-DEL01-RN
716669.0;1598857.0;2025-09-06;sábado;20:00:00;RN;101.0;94;NATAL;Sim;Ingestão de álcool pelo condutor;1;Colisão traseira;Com Vítimas Feridas;Plena Noite;Crescente;Céu Claro;Dupla;"Reta;Viaduto";Sim;1276051.0;Automóvel;RENAULT/KWID ZEN 10MT;2018.0;Condutor;Ileso;40.0;Feminino;1.0;0.0;0.0;0.0;-5,825539;-35,209796;SPRF-RN;DEL01-RN;UOP01-DEL01-RN
717179.0;1599936.0;2025-09-09;terça-feira;08:35:00;RN;226.0;2,6;NATAL;Não;Ultrapassagem Indevida;3;Queda de ocupante de veículo;Com Vítimas Feridas;Pleno dia;Decrescente;Nublado;Simples;Reta;Sim;1276899.0;Motocicleta;HONDA/CBR 500R;2013.0;Condutor;Lesões Leves;31.0;Masculino;0.0;1.0;0.0;0.0;-5,81937939;-35,25104849;SPRF-RN;DEL01-RN;UOP02-DEL01-RN
717179.0;1599937.0;2025-09-09;terça-feira;08:35:00;RN;226.0;2,6;NATAL;Não;Ultrapassagem Indevida;3;Queda de ocupante de veículo;Com Vítimas Feridas;Pleno dia;Decrescente;Nublado;Simples;Reta;Sim;1276897.0;Motocicleta;YAMAHA/FAZER YS250;2014.0;Condutor;Lesões Leves;26.0;Masculino;0.0;1.0;0.0;0.0;-5,81937939;-35,25104849;SPRF-RN;DEL01-RN;UOP02-DEL01-RN
717179.0;1599936.0;2025-09-09;terça-feira;08:35:00;RN;226.0;2,6;NATAL;Não;Ultrapassagem Indevida;2;Tombamento;Com Vítimas Feridas;Pleno dia;Decrescente;Nublado;Simples;Reta;Sim;1276899.0;Motocicleta;HONDA/CBR 500R;2013.0;Condutor;Lesões Leves;31.0;Masculino;0.0;1.0;0.0;0.0;-5,81937939;-35,25104849;SPRF-RN;DEL01-RN;UOP02-DEL01-RN
717179.0;1599937.0;2025-09-09;terça-feira;08:35:00;RN;226.0;2,6;NATAL;Não;Ultrapassagem Indevida;2;Tombamento;Com Vítimas Feridas;Pleno dia;Decrescente;Nublado;Simples;Reta;Sim;1276897.0;Motocicleta;YAMAHA/FAZER YS250;2014.0;Condutor;Lesões Leves;26.0;Masculino;0.0;1.0;0.0;0.0;-5,81937939;-35,25104849;SPRF-RN;DEL01-RN;UOP02-DEL01-RN
717179.0;1599936.0;2025-09-09;terça-feira;08:35:00;RN;226.0;2,6;NATAL;Não;Ultrapassagem Indevida;1;Colisão transversal;Com Vítimas Feridas;Pleno dia;Decrescente;Nublado;Simples;Reta;Sim;1276899.0;Motocicleta;HONDA/CBR 500R;2013.0;Condutor;Lesões Leves;31.0;Masculino;0.0;1.0;0.0;0.0;-5,81937939;-35,25104849;SPRF-RN;DEL01-RN;UOP02-DEL01-RN
717179.0;1599937.0;2025-09-09;terça-feira;08:35:00;RN;226.0;2,6;NATAL;Não;Ultrapassagem Indevida;1;Colisão transversal;Com Vítimas Feridas;Pleno dia;Decrescente;Nublado;Simples;Reta;Sim;1276897.0;Motocicleta;YAMAHA/FAZER YS250;2014.0;Condutor;Lesões Leves;26.0;Masculino;0.0;1.0;0.0;0.0;-5,81937939;-35,25104849;SPRF-RN;DEL01-RN;UOP02-DEL01-RN
717179.0;1599936.0;2025-09-09;terça-feira;08:35:00;RN;226.0;2,6;NATAL;Sim;Acessar a via sem observar a presença dos outros veículos;3;Queda de ocupante de veículo;Com Vítimas Feridas;Pleno dia;Decrescente;Nublado;Simples;Reta;Sim;1276899.0;Motocicleta;HONDA/CBR 500R;2013.0;Condutor;Lesões Leves;31.0;Masculino;0.0;1.0;0.0;0.0;-5,81937939;-35,25104849;SPRF-RN;DEL01-RN;UOP02-DEL01-RN
717179.0;1599937.0;2025-09-09;terça-feira;08:35:00;RN;226.0;2,6;NATAL;Sim;Acessar a via sem observar a presença dos outros veículos;3;Queda de ocupante de veículo;Com Vítimas Feridas;Pleno dia;Decrescente;Nublado;Simples;Reta;Sim;1276897.0;Motocicleta;YAMAHA/FAZER YS250;2014.0;Condutor;Lesões Leves;26.0;Masculino;0.0;1.0;0.0;0.0;-5,81937939;-35,25104849;SPRF-RN;DEL01-RN;UOP02-DEL01-RN
717179.0;1599936.0;2025-09-09;terça-feira;08:35:00;RN;226.0;2,6;NATAL;Sim;Acessar a via sem observar a presença dos outros veículos;2;Tombamento;Com Vítimas Feridas;Pleno dia;Decrescente;Nublado;Simples;Reta;Sim;1276899.0;Motocicleta;HONDA/CBR 500R;2013.0;Condutor;Lesões Leves;31.0;Masculino;0.0;1.0;0.0;0.0;-5,81937939;-35,25104849;SPRF-RN;DEL01-RN;UOP02-DEL01-RN
717179.0;1599937.0;2025-09-09;terça-feira;08:35:00;RN;226.0;2,6;NATAL;Sim;Acessar a via sem observar a presença dos outros veículos;2;Tombamento;Com Vítimas Feridas;Pleno dia;Decrescente;Nublado;Simples;Reta;Sim;1276897.0;Motocicleta;YAMAHA/FAZER YS250;2014.0;Condutor;Lesões Leves;26.0;Masculino;0.0;1.0;0.0;0.0;-5,81937939;-35,25104849;SPRF-RN;DEL01-RN;UOP02-DEL01-RN
717179.0;1599936.0;2025-09-09;terça-feira;08:35:00;RN;226.0;2,6;NATAL;Sim;Acessar a via sem observar a presença dos outros veículos;1;Colisão transversal;Com Vítimas Feridas;Pleno dia;Decrescente;Nublado;Simples;Reta;Sim;1276899.0;Motocicleta;HONDA/CBR 500R;2013.0;Condutor;Lesões Leves;31.0;Masculino;0.0;1.0;0.0;0.0;-5,81937939;-35,25104849;SPRF-RN;DEL01-RN;UOP02-DEL01-RN
717179.0;1599937.0;2025-09-09;terça-feira;08:35:00;RN;226.0;2,6;NATAL;Sim;Acessar a via sem observar a presença dos outros veículos;1;Colisão transversal;Com Vítimas Feridas;Pleno dia;Decrescente;Nublado;Simples;Reta;Sim;1276897.0;Motocicleta;YAMAHA/FAZER YS250;2014.0;Condutor;Lesões Leves;26.0;Masculino;0.0;1.0;0.0;0.0;-5,81937939;-35,25104849;SPRF-RN;DEL01-RN;UOP02-DEL01-RN
717737.0;1604583.0;2025-09-12;sexta-feira;02:20:00;RN;101.0;85;NATAL;Não;Iluminação deficiente;1;Atropelamento de Animal;Com Vítimas Feridas;Plena Noite;Decrescente;Céu Claro;Dupla;Aclive;Não;1278315.0;Automóvel;RENAULT/LOGAN AUTH 1016V;2014.0;Passageiro;Lesões Leves;;Feminino;0.0;1.0;0.0;0.0;-5,77724924;-35,24988012;SPRF-RN;DEL02-RN;UOP01-DEL02-RN
717737.0;1601652.0;2025-09-12;sexta-feira;02:20:00;RN;101.0;85;NATAL;Não;Iluminação deficiente;1;Atropelamento de Animal;Com Vítimas Feridas;Plena Noite;Decrescente;Céu Claro;Dupla;Aclive;Não;1278315.0;Automóvel;RENAULT/LOGAN AUTH 1016V;2014.0;Condutor;Lesões Leves;44.0;Masculino;0.0;1.0;0.0;0.0;-5,77724924;-35,24988012;SPRF-RN;DEL02-RN;UOP01-DEL02-RN
717737.0;1604583.0;2025-09-12;sexta-feira;02:20:00;RN;101.0;85;NATAL;Sim;Ausência de reação do condutor;1;Atropelamento de Animal;Com Vítimas Feridas;Plena Noite;Decrescente;Céu Claro;Dupla;Aclive;Não;1278315.0;Automóvel;RENAULT/LOGAN AUTH 1016V;2014.0;Passageiro;Lesões Leves;;Feminino;0.0;1.0;0.0;0.0;-5,77724924;-35,24988012;SPRF-RN;DEL02-RN;UOP01-DEL02-RN