id;pesid;data_inversa;dia_semana;horario;uf;br;km;municipio;causa_principal;causa_acidente;ordem_tipo_acidente;tipo_acidente;classificacao_acidente;fase_dia;sentido_via;condicao_metereologica;tipo_pista;tracado_via;uso_solo;id_veiculo;tipo_veiculo;marca;ano_fabricacao_veiculo;tipo_envolvido;estado_fisico;idade;sexo;ilesos;feridos_leves;feridos_graves;mortos;latitude;longitude;regional;delegacia;uop
720336.0;1607531.0;2025-09-22;segunda-feira;21:10:00;RN;101.0;78;NATAL;Sim;Ausência de reação do condutor;3;Queda de ocupante de veículo;Sem Vítimas;Plena Noite;Decrescente;Céu Claro;Dupla;Reta;Sim;1283121.0;Motocicleta;MOTTU/SPORT 110I;2024.0;Condutor;Ileso;25.0;Masculino;1.0;0.0;0.0;0.0;-5,74245248;-35,29002192;SPRF-RN;DEL02-RN;UOP01-DEL02-RN
720336.0;1607530.0;2025-09-22;segunda-feira;21:10:00;RN;101.0;78;NATAL;Sim;Ausência de reação do condutor;3;Queda de ocupante de veículo;Sem Vítimas;Plena Noite;Decrescente;Céu Claro;Dupla;Reta;Sim;1283120.0;Motocicleta;YAMAHA/XTZ250 LANDER;2020.0;Condutor;Ileso;42.0;Masculino;1.0;0.0;0.0;0.0;-5,74245248;-35,29002192;SPRF-RN;DEL02-RN;UOP01-DEL02-RN
720336.0;1607531.0;2025-09-22;segunda-feira;21:10:00;RN;101.0;78;NATAL;Sim;Ausência de reação do condutor;2;Tombamento;Sem Vítimas;Plena Noite;Decrescente;Céu Claro;Dupla;Reta;Sim;1283121.0;Motocicleta;MOTTU/SPORT 110I;2024.0;Condutor;Ileso;25.0;Masculino;1.0;0.0;0.0;0.0;-5,74245248;-35,29002192;SPRF-RN;DEL02-RN;UOP01-DEL02-RN
720336.0;1607530.0;2025-09-22;segunda-feira;21:10:00;RN;101.0;78;NATAL;Sim;Ausência de reação do condutor;2;Tombamento;Sem Vítimas;Plena Noite;Decrescente;Céu Claro;Dupla;Reta;Sim;1283120.0;Motocicleta;YAMAHA/XTZ250 LANDER;2020.0;Condutor;Ileso;42.0;Masculino;1.0;0.0;0.0;0.0;-5,74245248;-35,29002192;SPRF-RN;DEL02-RN;UOP01-DEL02-RN
720336.0;1607531.0;2025-09-22;segunda-feira;21:10:00;RN;101.0;78;NATAL;Sim;Ausência de reação do condutor;1;Colisão lateral mesmo sentido;Sem Vítimas;Plena Noite;Decrescente;Céu Claro;Dupla;Reta;Sim;1283121.0;Motocicleta;MOTTU/SPORT 110I;2024.0;Condutor;Ileso;25.0;Masculino;1.0;0.0;0.0;0.0;-5,74245248;-35,29002192;SPRF-RN;DEL02-RN;UOP01-DEL02-RN
720336.0;1607530.0;2025-09-22;segunda-feira;21:10:00;RN;101.0;78;NATAL;Sim;Ausência de reação do condutor;1;Colisão lateral mesmo sentido;Sem Vítimas;Plena Noite;Decrescente;Céu Claro;Dupla;Reta;Sim;1283120.0;Motocicleta;YAMAHA/XTZ250 LANDER;2020.0;Condutor;Ileso;42.0;Masculino;1.0;0.0;0.0;0.0;-5,74245248;-35,29002192;SPRF-RN;DEL02-RN;UOP01-DEL02-RN
720392.0;1607650.0;2025-09-23;terça-feira;07:50:00;RN;101.0;79;NATAL;Sim;Condutor deixou de manter distância do veículo da frente;1;Colisão traseira;Com Vítimas Feridas;Pleno dia;Crescente;Céu Claro;Simples;Reta;Não;1283194.0;Motocicleta;HONDA/CB300F TWISTER CBS;0.0;Condutor;Lesões Leves;32.0;Masculino;0.0;1.0;0.0;0.0;-5,754468;-35,288494;SPRF-RN;DEL02-RN;UOP01-DEL02-RN
720392.0;1607653.0;2025-09-23;terça-feira;07:50:00;RN;101.0;79;NATAL;Sim;Condutor deixou de manter distância do veículo da frente;1;Colisão traseira;Com Vítimas Feridas;Pleno dia;Crescente;Céu Claro;Simples;Reta;Não;1283197.0;Motocicleta;HONDA/CG 160 START;2024.0;Condutor;Lesões Leves;23.0;Masculino;0.0;1.0;0.0;0.0;-5,754468;-35,288494;SPRF-RN;DEL02-RN;UOP01-DEL02-RN
720421.0;1607734.0;2025-09-16;terça-feira;08:50:00;RN;;;NATAL;Não;Condutor deixou de manter distância do veículo da frente;1;Colisão traseira;Sem Vítimas;Pleno dia;Não Informado;Céu Claro;Múltipla;Reta;Sim;1283265.0;Automóvel;I/NISSAN SENTRA ADV CVT;2024.0;Condutor;Ileso;42.0;Masculino;1.0;0.0;0.0;0.0;-5,81504898;-35,21737429;SPRF-RN;DEL01-RN;UOP01-DEL01-RN
720421.0;1607733.0;2025-09-16;terça-feira;08:50:00;RN;;;NATAL;Não;Condutor deixou de manter distância do veículo da frente;1;Colisão traseira;Sem Vítimas;Pleno dia;Não Informado;Céu Claro;Múltipla;Reta;Sim;1283264.0;Motocicleta;YAMAHA/FZ15 FAZER ABS;2024.0;Condutor;Ileso;24.0;Masculino;1.0;0.0;0.0;0.0;-5,81504898;-35,21737429;SPRF-RN;DEL01-RN;UOP01-DEL01-RN
720421.0;1607734.0;2025-09-16;terça-feira;08:50:00;RN;;;NATAL;Sim;Ausência de reação do condutor;1;Colisão traseira;Sem Vítimas;Pleno dia;Não Informado;Céu Claro;Múltipla;Reta;Sim;1283265.0;Automóvel;I/NISSAN SENTRA ADV CVT;2024.0;Condutor;Ileso;42.0;Masculino;1.0;0.0;0.0;0.0;-5,81504898;-35,21737429;SPRF-RN;DEL01-RN;UOP01-DEL01-RN
720421.0;1607733.0;2025-09-16;terça-feira;08:50:00;RN;;;NATAL;Sim;Ausência de reação do condutor;1;Colisão traseira;Sem Vítimas;Pleno dia;Não Informado;Céu Claro;Múltipla;Reta;Sim;1283264.0;Motocicleta;YAMAHA/FZ15 FAZER ABS;2024.0;Condutor;Ileso;24.0;Masculino;1.0;0.0;0.0;0.0;-5,81504898;-35,21737429;SPRF-RN;DEL01-RN;UOP01-DEL01-RN
720671.0;1608445.0;2025-09-24;quarta-feira;18:00:00;RN;101.0;82;NATAL;Não;Condutor deixou de manter distância do veículo da frente;3;Queda de ocupante de veículo;Com Vítimas Feridas;Plena Noite;Decrescente;Céu Claro;Dupla;Reta;Sim;1283872.0;Motocicleta;HONDA/CG 160 FAN;2023.0;Passageiro;Lesões Leves;47.0;Masculino;0.0;1.0;0.0;0.0;-5,769047;-35,271457;SPRF-RN;DEL02-RN;UOP01-DEL02-RN
720671.0;1608443.0;2025-09-24;quarta-feira;18:00:00;RN;101.0;82;NATAL;Não;Condutor deixou de manter distância do veículo da frente;3;Queda de ocupante de veículo;Com Vítimas Feridas;Plena Noite;Decrescente;Céu Claro;Dupla;Reta;Sim;1283872.0;Motocicleta;HONDA/CG 160 FAN;2023.0;Condutor;Lesões Leves;47.0;Masculino;0.0;1.0;0.0;0.0;-5,769047;-35,271457;SPRF-RN;DEL02-RN;UOP01-DEL02-RN
720671.0;1608442.0;2025-09-24;quarta-feira;18:00:00;RN;101.0;82;NATAL;Não;Condutor deixou de manter distância do veículo da frente;3;Queda de ocupante de veículo;Com Vítimas Feridas;Plena Noite;Decrescente;Céu Claro;Dupla;Reta;Sim;1283871.0;Motocicleta;YAMAHA/CROSSER S ABS;2023.0;Condutor;Lesões Leves;39.0;Masculino;0.0;1.0;0.0;0.0;-5,769047;-35,271457;SPRF-RN;DEL02-RN;UOP01-DEL02-RN
720671.0;1608445.0;2025-09-24;quarta-feira;18:00:00;RN;101.0;82;NATAL;Não;Condutor deixou de manter distância do veículo da frente;2;Tombamento;Com Vítimas Feridas;Plena Noite;Decrescente;Céu Claro;Dupla;Reta;Sim;1283872.0;Motocicleta;HONDA/CG 160 FAN;2023.0;Passageiro;Lesões Leves;47.0;Masculino;0.0;1.0;0.0;0.0;-5,769047;-35,271457;SPRF-RN;DEL02-RN;UOP01-DEL02-RN
720671.0;1608443.0;2025-09-24;quarta-feira;18:00:00;RN;101.0;82;NATAL;Não;Condutor deixou de manter distância do veículo da frente;2;Tombamento;Com Vítimas Feridas;Plena Noite;Decrescente;Céu Claro;Dupla;Reta;Sim;1283872.0;Motocicleta;HONDA/CG 160 FAN;2023.0;Condutor;Lesões Leves;47.0;Masculino;0.0;1.0;0.0;0.0;-5,769047;-35,271457;SPRF-RN;DEL02-RN;UOP01-DEL02-RN
720671.0;1608442.0;2025-09-24;quarta-feira;18:00:00;RN;101.0;82;NATAL;Não;Condutor deixou de manter distância do veículo da frente;2;Tombamento;Com Vítimas Feridas;Plena Noite;Decrescente;Céu Claro;Dupla;Reta;Sim;1283871.0;Motocicleta;YAMAHA/CROSSER S ABS;2023.0;Condutor;Lesões Leves;39.0;Masculino;0.0;1.0;0.0;0.0;-5,769047;-35,271457;SPRF-RN;DEL02-RN;UOP01-DEL02-RN
720671.0;1608445.0;2025-09-24;quarta-feira;18:00:00;RN;101.0;82;NATAL;Não;Condutor deixou de manter distância do veículo da frente;1;Colisão traseira;Com Vítimas Feridas;Plena Noite;Decrescente;Céu Claro;Dupla;Reta;Sim;1283872.0;Motocicleta;HONDA/CG 160 FAN;2023.0;Passageiro;Lesões Leves;47.0;Masculino;0.0;1.0;0.0;0.0;-5,769047;-35,271457;SPRF-RN;DEL02-RN;UOP01-DEL02-RN
720671.0;1608443.0;2025-09-24;quarta-feira;18:00:00;RN;101.0;82;NATAL;Não;Condutor deixou de manter distância do veículo da frente;1;Colisão traseira;Com Vítimas Feridas;Plena Noite;Decrescente;Céu Claro;Dupla;Reta;Sim;1283872.0;Motocicleta;HONDA/CG 160 FAN;2023.0;Condutor;Lesões Leves;47.0;Masculino;0.0;1.0;0.0;0.0;-5,769047;-35,271457;SPRF-RN;DEL02-RN;UOP01-DEL02-RN
720671.0;1608442.0;2025-09-24;quarta-feira;18:00:00;RN;101.0;82;NATAL;Não;Condutor deixou de manter distância do veículo da frente;1;Colisão traseira;Com Vítimas Feridas;Plena Noite;Decrescente;Céu Claro;Dupla;Reta;Sim;1283871.0;Motocicleta;YAMAHA/CROSSER S ABS;2023.0;Condutor;Lesões Leves;39.0;Masculino;0.0;1.0;0.0;0.0;-5,769047;-35,271457;SPRF-RN;DEL02-RN;UOP01-DEL02-RN
720671.0;1608445.0;2025-09-24;quarta-feira;18:00:00;RN;101.0;82;NATAL;Sim;Ausência de reação do condutor;3;Queda de ocupante de veículo;Com Vítimas Feridas;Plena Noite;Decrescente;Céu Claro;Dupla;Reta;Sim;1283872.0;Motocicleta;HONDA/CG 160 FAN;2023.0;Passageiro;Lesões Leves;47.0;Masculino;0.0;1.0;0.0;0.0;-5,769047;-35,271457;SPRF-RN;DEL02-RN;UOP01-DEL02-RN
720671.0;1608443.0;2025-09-24;quarta-feira;18:00:00;RN;101.0;82;NATAL;Sim;Ausência de reação do condutor;3;Queda de ocupante de veículo;Com Vítimas Feridas;Plena Noite;Decrescente;Céu Claro;Dupla;Reta;Sim;1283872.0;Motocicleta;HONDA/CG 160 FAN;2023.0;Condutor;Lesões Leves;47.0;Masculino;0.0;1.0;0.0;0.0;-5,769047;-35,271457;SPRF-RN;DEL02-RN;UOP01-DEL02-RN
720671.0;1608442.0;2025-09-24;quarta-feira;18:00:00;RN;101.0;82;NATAL;Sim;Ausência de reação do condutor;3;Queda de ocupante de veículo;Com Vítimas Feridas;Plena Noite;Decrescente;Céu Claro;Dupla;Reta;Sim;1283871.0;Motocicleta;YAMAHA/CROSSER S ABS;2023.0;Condutor;Lesões Leves;39.0;Masculino;0.0;1.0;0.0;0.0;-5,769047;-35,271457;SPRF-RN;DEL02-RN;UOP01-DEL02-RN
720671.0;1608445.0;2025-09-24;quarta-feira;18:00:00;RN;101.0;82;NATAL;Sim;Ausência de reação do condutor;2;Tombamento;Com Vítimas Feridas;Plena Noite;Decrescente;Céu Claro;Dupla;Reta;Sim;1283872.0;Motocicleta;HONDA/CG 160 FAN;2023.0;Passageiro;Lesões Leves;47.0;Masculino;0.0;1.0;0.0;0.0;-5,769047;-35,271457;SPRF-RN;DEL02-RN;UOP01-DEL02-RN
720671.0;1608443.0;2025-09-24;quarta-feira;18:00:00;RN;101.0;82;NATAL;Sim;Ausência de reação do condutor;2;Tombamento;Com Vítimas Feridas;Plena Noite;Decrescente;Céu Claro;Dupla;Reta;Sim;1283872.0;Motocicleta;HONDA/CG 160 FAN;2023.0;Condutor;Lesões Leves;47.0;Masculino;0.0;1.0;0.0;0.0;-5,769047;-35,271457;SPRF-RN;DEL02-RN;UOP01-DEL02-RN
720671.0;1608442.0;2025-09-24;quarta-feira;18:00:00;RN;101.0;82;NATAL;Sim;Ausência de reação do condutor;2;Tombamento;Com Vítimas Feridas;Plena Noite;Decrescente;Céu Claro;Dupla;Reta;Sim;1283871.0;Motocicleta;YAMAHA/CROSSER S ABS;2023.0;Condutor;Lesões Leves;39.0;Masculino;0.0;1.0;0.0;0.0;-5,769047;-35,271457;SPRF-RN;DEL02-RN;UOP01-DEL02-RN
720671.0;1608445.0;2025-09-24;quarta-feira;18:00:00;RN;101.0;82;NATAL;Sim;Ausência de reação do condutor;1;Colisão traseira;Com Vítimas Feridas;Plena Noite;Decrescente;Céu Claro;Dupla;Reta;Sim;1283872.0;Motocicleta;HONDA/CG 160 FAN;2023.0;Passageiro;Lesões Leves;47.0;Masculino;0.0;1.0;0.0;0.0;-5,769047;-35,271457;SPRF-RN;DEL02-RN;UOP01-DEL02-RN
720671.0;1608443.0;2025-09-24;quarta-feira;18:00:00;RN;101.0;82;NATAL;Sim;Ausência de reação do condutor;1;Colisão traseira;Com Vítimas Feridas;Plena Noite;Decrescente;Céu Claro;Dupla;Reta;Sim;1283872.0;Motocicleta;HONDA/CG 160 FAN;2023.0;Condutor;Lesões Leves;47.0;Masculino;0.0;1.0;0.0;0.0;-5,769047;-35,271457;SPRF-RN;DEL02-RN;UOP01-DEL02-RN
720671.0;1608442.0;2025-09-24;quarta-feira;18:00:00;RN;101.0;82;NATAL;Sim;Ausência de reação do condutor;1;Colisão traseira;Com Vítimas Feridas;Plena Noite;Decrescente;Céu Claro;Dupla;Reta;Sim;1283871.0;Motocicleta;YAMAHA/CROSSER S ABS;2023.0;Condutor;Lesões Leves;39.0;Masculino;0.0;1.0;0.0;0.0;-5,769047;-35,271457;SPRF-RN;DEL02-RN;UOP01-DEL02-RN
720809.0;1608709.0;2025-09-13;sábado;18:39:00;RN;101.0;96;NATAL;Sim;Ingestão de álcool pelo condutor;1;Colisão frontal;Sem Vítimas;Plena Noite;Crescente;Céu Claro;Dupla;Reta;Sim;1284107.0;Utilitário;SUZUKI/JIMNY 4 ALL;2019.0;Condutor;Ileso;43.0;Masculino;1.0;0.0;0.0;0.0;-5,853;-35,211;SPRF-RN;DEL01-RN;UOP01-DEL01-RN
720809.0;1608708.0;2025-09-13;sábado;18:39:00;RN;101.0;96;NATAL;Sim;Ingestão de álcool pelo condutor;1;Colisão frontal;Sem Vítimas;Plena Noite;Crescente;Céu Claro;Dupla;Reta;Sim;1284106.0;Automóvel;NISSAN/KICKS ACTIVE CVT;2022.0;Condutor;Ileso;70.0;Masculino;1.0;0.0;0.0;0.0;-5,853;-35,211;SPRF-RN;DEL01-RN;UOP01-DEL01-RN
721015.0;1610207.0;2025-09-26;sexta-feira;13:30:00;RN;101.0;94;NATAL;Sim;Acessar a via sem observar a presença dos outros veículos;1;Colisão transversal;Com Vítimas Feridas;Pleno dia;Crescente;Céu Claro;Dupla;Reta;Sim;1285339.0;Automóvel;RENAULT/SANDERO EXPR 10;2018.0;Condutor;Ileso;58.0;Feminino;1.0;0.0;0.0;0.0;-5,83567749;-35,21228671;SPRF-RN;DEL01-RN;UOP01-DEL01-RN
721015.0;1610206.0;2025-09-26;sexta-feira;13:30:00;RN;101.0;94;NATAL;Sim;Acessar a via sem observar a presença dos outros veículos;1;Colisão transversal;Com Vítimas Feridas;Pleno dia;Crescente;Céu Claro;Dupla;Reta;Sim;1285338.0;Motocicleta;HONDA/CB 300R;2012.0;Condutor;Lesões Leves;51.0;Masculino;0.0;1.0;0.0;0.0;-5,83567749;-35,21228671;SPRF-RN;DEL01-RN;UOP01-DEL01-RN
721022.0;1609338.0;2025-09-26;sexta-feira;16:21:00;RN;101.0;95;NATAL;Sim;Conversão proibida;1;Colisão lateral mesmo sentido;Com Vítimas Feridas;Pleno dia;Crescente;Céu Claro;Dupla;Reta;Sim;1284633.0;Automóvel;FIAT/MOBI LIKE;2021.0;Condutor;Ileso;63.0;Masculino;1.0;0.0;0.0;0.0;-5,835132;-35,21229;SPRF-RN;DEL01-RN;UOP01-DEL01-RN
721022.0;1609424.0;2025-09-26;sexta-feira;16:21:00;RN;101.0;95;NATAL;Sim;Conversão proibida;1;Colisão lateral mesmo sentido;Com Vítimas Feridas;Pleno dia;Crescente;Céu Claro;Dupla;Reta;Sim;1284710.0;Motocicleta;HONDA/CG 160 START;2022.0;Passageiro;Lesões Leves;40.0;Masculino;0.0;1.0;0.0;0.0;-5,835132;-35,21229;SPRF-RN;DEL01-RN;UOP01-DEL01-RN
721022.0;1609422.0;2025-09-26;sexta-feira;16:21:00;RN;101.0;95;NATAL;Sim;Conversão proibida;1;Colisão lateral mesmo sentido;Com Vítimas Feridas;Pleno dia;Crescente;Céu Claro;Dupla;Reta;Sim;1284710.0;Motocicleta;HONDA/CG 160 START;2022.0;Condutor;Lesões Leves;24.0;Masculino;0.0;1.0;0.0;0.0;-5,835132;-35,21229;SPRF-RN;DEL01-RN;UOP01-DEL01-RN
721031.0;1609332.0;2025-09-26;sexta-feira;17:00:00;RN;101.0;81;NATAL;Sim;Ausência de reação do condutor;3;Queda de ocupante de veículo;Com Vítimas Feridas;Anoitecer;Decrescente;Céu Claro;Dupla;Reta;Sim;1284626.0;Motocicleta;HONDA/NXR150 BROS ESD;2012.0;Condutor;Lesões Leves;71.0;Masculino;0.0;1.0;0.0;0.0;-5,76620142;-35,27892059;SPRF-RN;DEL02-RN;UOP01-DEL02-RN
721031.0;1609331.0;2025-09-26;sexta-feira;17:00:00;RN;101.0;81;NATAL;Sim;Ausência de reação do condutor;3;Queda de ocupante de veículo;Com Vítimas Feridas;Anoitecer;Decrescente;Céu Claro;Dupla;Reta;Sim;1284624.0;Caminhonete;FIAT/STRADA FIRE FLEX;2011.0;Condutor;Ileso;53.0;Masculino;1.0;0.0;0.0;0.0;-5,76620142;-35,27892059;SPRF-RN;DEL02-RN;UOP01-DEL02-RN
721031.0;1609332.0;2025-09-26;sexta-feira;17:00:00;RN;101.0;81;NATAL;Sim;Ausência de reação do condutor;2;Tombamento;Com Vítimas Feridas;Anoitecer;Decrescente;Céu Claro;Dupla;Reta;Sim;1284626.0;Motocicleta;HONDA/NXR150 BROS ESD;2012.0;Condutor;Lesões Leves;71.0;Masculino;0.0;1.0;0.0;0.0;-5,76620142;-35,27892059;SPRF-RN;DEL02-RN;UOP01-DEL02-RN
721031.0;1609331.0;2025-09-26;sexta-feira;17:00:00;RN;101.0;81;NATAL;Sim;Ausência de reação do condutor;2;Tombamento;Com Vítimas Feridas;Anoitecer;Decrescente;Céu Claro;Dupla;Reta;Sim;1284624.0;Caminhonete;FIAT/STRADA FIRE FLEX;2011.0;Condutor;Ileso;53.0;Masculino;1.0;0.0;0.0;0.0;-5,76620142;-35,27892059;SPRF-RN;DEL02-RN;UOP01-DEL02-RN
721031.0;1609332.0;2025-09-26;sexta-feira;17:00:00;RN;101.0;81;NATAL;Sim;Ausência de reação do condutor;1;Colisão traseira;Com Vítimas Feridas;Anoitecer;Decrescente;Céu Claro;Dupla;Reta;Sim;1284626.0;Motocicleta;HONDA/NXR150 BROS ESD;2012.0;Condutor;Lesões Leves;71.0;Masculino;0.0;1.0;0.0;0.0;-5,76620142;-35,27892059;SPRF-RN;DEL02-RN;UOP01-DEL02-RN
721031.0;1609331.0;2025-09-26;sexta-feira;17:00:00;RN;101.0;81;NATAL;Sim;Ausência de reação do condutor;1;Colisão traseira;Com Vítimas Feridas;Anoitecer;Decrescente;Céu Claro;Dupla;Reta;Sim;1284624.0;Caminhonete;FIAT/STRADA FIRE FLEX;2011.0;Condutor;Ileso;53.0;Masculino;1.0;0.0;0.0;0.0;-5,76620142;-35,27892059;SPRF-RN;DEL02-RN;UOP01-DEL02-RN
721876.0;1611513.0;2025-09-30;terça-feira;12:20:00;RN;101.0;94;NATAL;Sim;Manobra de mudança de faixa;1;Colisão transversal;Com Vítimas Feridas;Pleno dia;Decrescente;Sol;Múltipla;Reta;Sim;1286395.0;Automóvel;HYUNDAI/HB20 10M COMFORT;2024.0;Condutor;Ileso;38.0;Feminino;1.0;0.0;0.0;0.0;-5,832193;-35,21188;SPRF-RN;DEL01-RN;UOP01-DEL01-RN
721876.0;1615180.0;2025-09-30;terça-feira;12:20:00;RN;101.0;94;NATAL;Sim;Manobra de mudança de faixa;1;Colisão transversal;Com Vítimas Feridas;Pleno dia;Decrescente;Sol;Múltipla;Reta;Sim;1289372.0;Motocicleta;HONDA/CG 160 START;2018.0;Condutor;Lesões Leves;25.0;Masculino;0.0;1.0;0.0;0.0;-5,832193;-35,21188;SPRF-RN;DEL01-RN;UOP01-DEL01-RN
572041.0;1269640.0;2024-01-02;terça-feira;06:20:00;RN;101.0;83;NATAL;Sim;Reação tardia ou ineficiente do condutor;1;Queda de ocupante de veículo;Com Vítimas Feridas;Amanhecer;Crescente;Chuva;Múltipla;"Interseção de Vias;Reta";Sim;1018655.0;Motocicleta;YAMAHA/NMAX;2017.0;Condutor;Lesões Leves;36.0;Feminino;0.0;1.0;0.0;0.0;-5.7710445;-35.26616981;SPRF-RN;DEL02-RN;UOP01-DEL02-RN
572194.0;1270049.0;2024-01-02;terça-feira;16:40:00;RN;101.0;94;NATAL;Sim;Pedestre cruzava a pista fora da faixa;1;Atropelamento de Pedestre;Com Vítimas Feridas;Pleno dia;Crescente;Céu Claro;Múltipla;Reta;Sim;1018885.0;Utilitário;JEEP/COMPASS LONGITUDE D;2017.0;Condutor;Ileso;19.0;Masculino;1.0;0.0;0.0;0.0;-5.83176615;-35.21191342;SPRF-RN;DEL01-RN;UOP01-DEL01-RN
572194.0;1270051.0;2024-01-02;terça-feira;16:40:00;RN;101.0;94;NATAL;Sim;Pedestre cruzava a pista fora da faixa;1;Atropelamento de Pedestre;Com Vítimas Feridas;Pleno dia;Crescente;Céu Claro;Múltipla;Reta;Sim;;;NA/NA;;Pedestre;Lesões Leves;52.0;Masculino;0.0;1.0;0.0;0.0;-5.83176615;-35.21191342;SPRF-RN;DEL01-RN;UOP01-DEL01-RN
572261.0;1272281.0;2024-01-02;terça-feira;22:15:00;RN;101.0;83,7;NATAL;Não;Iluminação deficiente;3;Tombamento;Com Vítimas Feridas;Plena Noite;Crescente;Chuva;Múltipla;Reta;Sim;1020309.0;Motocicleta;HONDA/CG150 FAN ESDI;0.0;Condutor;Lesões Graves;24.0;Masculino;0.0;0.0;1.0;0.0;-5.7710445;-35.26616981;SPRF-RN;DEL02-RN;UOP01-DEL02-RN
572261.0;1274733.0;2024-01-02;terça-feira;22:15:00;RN;101.0;83,7;NATAL;Não;Iluminação deficiente;3;Tombamento;Com Vítimas Feridas;Plena Noite;Crescente;Chuva;Múltipla;Reta;Sim;;;NA/NA;;Pedestre;Lesões Leves;17.0;Feminino;0.0;1.0;0.0;0.0;-5.7710445;-35.26616981;SPRF-RN;DEL02-RN;UOP01-DEL02-RN
572261.0;1272281.0;2024-01-02;terça-feira;22:15:00;RN;101.0;83,7;NATAL;Sim;Entrada inopinada do pedestre;3;Tombamento;Com Vítimas Feridas;Plena Noite;Crescente;Chuva;Múltipla;Reta;Sim;1020309.0;Motocicleta;HONDA/CG150 FAN ESDI;0.0;Condutor;Lesões Graves;24.0;Masculino;0.0;0.0;1.0;0.0;-5.7710445;-35.26616981;SPRF-RN;DEL02-RN;UOP01-DEL02-RN
572261.0;1274733.0;2024-01-02;terça-feira;22:15:00;RN;101.0;83,7;NATAL;Sim;Entrada inopinada do pedestre;3;Tombamento;Com Vítimas Feridas;Plena Noite;Crescente;Chuva;Múltipla;Reta;Sim;;;NA/NA;;Pedestre;Lesões Leves;17.0;Feminino;0.0;1.0;0.0;0.0;-5.7710445;-35.26616981;SPRF-RN;DEL02-RN;UOP01-DEL02-RN
572261.0;1272281.0;2024-01-02;terça-feira;22:15:00;RN;101.0;83,7;NATAL;Não;Iluminação deficiente;2;Queda de ocupante de veículo;Com Vítimas Feridas;Plena Noite;Crescente;Chuva;Múltipla;Reta;Sim;1020309.0;Motocicleta;HONDA/CG150 FAN ESDI;0.0;Condutor;Lesões Graves;24.0;Masculino;0.0;0.0;1.0;0.0;-5.7710445;-35.26616981;SPRF-RN;DEL02-RN;UOP01-DEL02-RN
572261.0;1274733.0;2024-01-02;terça-feira;22:15:00;RN;101.0;83,7;NATAL;Não;Iluminação deficiente;2;Queda de ocupante de veículo;Com Vítimas Feridas;Plena Noite;Crescente;Chuva;Múltipla;Reta;Sim;;;NA/NA;;Pedestre;Lesões Leves;17.0;Feminino;0.0;1.0;0.0;0.0;-5.7710445;-35.26616981;SPRF-RN;DEL02-RN;UOP01-DEL02-RN
572261.0;1272281.0;2024-01-02;terça-feira;22:15:00;RN;101.0;83,7;NATAL;Sim;Entrada inopinada do pedestre;2;Queda de ocupante de veículo;Com Vítimas Feridas;Plena Noite;Crescente;Chuva;Múltipla;Reta;Sim;1020309.0;Motocicleta;HONDA/CG150 FAN ESDI;0.0;Condutor;Lesões Graves;24.0;Masculino;0.0;0.0;1.0;0.0;-5.7710445;-35.26616981;SPRF-RN;DEL02-RN;UOP01-DEL02-RN
572261.0;1274733.0;2024-01-02;terça-feira;22:15:00;RN;101.0;83,7;NATAL;Sim;Entrada inopinada do pedestre;2;Queda de ocupante de veículo;Com Vítimas Feridas;Plena Noite;Crescente;Chuva;Múltipla;Reta;Sim;;;NA/NA;;Pedestre;Lesões Leves;17.0;Feminino;0.0;1.0;0.0;0.0;-5.7710445;-35.26616981;SPRF-RN;DEL02-RN;UOP01-DEL02-RN
572261.0;1272281.0;2024-01-02;terça-feira;22:15:00;RN;101.0;83,7;NATAL;Não;Iluminação deficiente;1;Atropelamento de Pedestre;Com Vítimas Feridas;Plena Noite;Crescente;Chuva;Múltipla;Reta;Sim;1020309.0;Motocicleta;HONDA/CG150 FAN ESDI;0.0;Condutor;Lesões Graves;24.0;Masculino;0.0;0.0;1.0;0.0;-5.7710445;-35.26616981;SPRF-RN;DEL02-RN;UOP01-DEL02-RN
572261.0;1274733.0;2024-01-02;terça-feira;22:15:00;RN;101.0;83,7;NATAL;Não;Iluminação deficiente;1;Atropelamento de Pedestre;Com Vítimas Feridas;Plena Noite;Crescente;Chuva;Múltipla;Reta;Sim;;;NA/NA;;Pedestre;Lesões Leves;17.0;Feminino;0.0;1.0;0.0;0.0;-5.7710445;-35.26616981;SPRF-RN;DEL02-RN;UOP01-DEL02-RN
572261.0;1272281.0;2024-01-02;terça-feira;22:15:00;RN;101.0;83,7;NATAL;Sim;Entrada inopinada do pedestre;1;Atropelamento de Pedestre;Com Vítimas Feridas;Plena Noite;Crescente;Chuva;Múltipla;Reta;Sim;1020309.0;Motocicleta;HONDA/CG150 FAN ESDI;0.0;Condutor;Lesões Graves;24.0;Masculino;0.0;0.0;1.0;0.0;-5.7710445;-35.26616981;SPRF-RN;DEL02-RN;UOP01-DEL02-RN
572261.0;1274733.0;2024-01-02;terça-feira;22:15:00;RN;101.0;83,7;NATAL;Sim;Entrada inopinada do pedestre;1;Atropelamento de Pedestre;Com Vítimas Feridas;Plena Noite;Crescente;Chuva;Múltipla;Reta;Sim;;;NA/NA;;Pedestre;Lesões Leves;17.0;Feminino;0.0;1.0;0.0;0.0;-5.7710445;-35.26616981;SPRF-RN;DEL02-RN;UOP01-DEL02-RN