id;pesid;data_inversa;dia_semana;horario;uf;br;km;municipio;causa_principal;causa_acidente;ordem_tipo_acidente;tipo_acidente;classificacao_acidente;fase_dia;sentido_via;condicao_metereologica;tipo_pista;tracado_via;uso_solo;id_veiculo;tipo_veiculo;marca;ano_fabricacao_veiculo;tipo_envolvido;estado_fisico;idade;sexo;ilesos;feridos_leves;feridos_graves;mortos;latitude;longitude;regional;delegacia;uop
572422.0;1271548.0;2024-01-03;quarta-feira;16:30:00;RN;101.0;95;NATAL;Sim;Condutor deixou de manter distância do veículo da frente;1;Colisão lateral mesmo sentido;Com Vítimas Feridas;Anoitecer;Decrescente;Céu Claro;Múltipla;Reta;Sim;1019906.0;Ônibus;M.BENZ/MPOLO TORINO U;2022.0;Condutor;Ileso;45.0;Masculino;1.0;0.0;0.0;0.0;-5.84076841;-35.21035949;SPRF-RN;DEL01-RN;UOP01-DEL01-RN
572422.0;1271547.0;2024-01-03;quarta-feira;16:30:00;RN;101.0;95;NATAL;Sim;Condutor deixou de manter distância do veículo da frente;1;Colisão lateral mesmo sentido;Com Vítimas Feridas;Anoitecer;Decrescente;Céu Claro;Múltipla;Reta;Sim;1019905.0;Motocicleta;HONDA/CG 125 FAN KS;2012.0;Condutor;Ileso;43.0;Masculino;1.0;0.0;0.0;0.0;-5.84076841;-35.21035949;SPRF-RN;DEL01-RN;UOP01-DEL01-RN
572422.0;1271549.0;2024-01-03;quarta-feira;16:30:00;RN;101.0;95;NATAL;Sim;Condutor deixou de manter distância do veículo da frente;1;Colisão lateral mesmo sentido;Com Vítimas Feridas;Anoitecer;Decrescente;Céu Claro;Múltipla;Reta;Sim;1019905.0;Motocicleta;HONDA/CG 125 FAN KS;2012.0;Passageiro;Lesões Leves;;Feminino;0.0;1.0;0.0;0.0;-5.84076841;-35.21035949;SPRF-RN;DEL01-RN;UOP01-DEL01-RN
572643.0;1271346.0;2024-01-04;quinta-feira;19:41:00;RN;101.0;85,7;NATAL;Não;Reação tardia ou ineficiente do condutor;1;Engavetamento;Com Vítimas Feridas;Plena Noite;Decrescente;Céu Claro;Simples;"Reta;Ponte";Sim;1019752.0;Automóvel;NISSAN/VERSA 16SV CVT;2017.0;Condutor;Ileso;36.0;Masculino;1.0;0.0;0.0;0.0;-5.78230411;-35.24730563;SPRF-RN;DEL02-RN;UOP01-DEL02-RN
572643.0;1271349.0;2024-01-04;quinta-feira;19:41:00;RN;101.0;85,7;NATAL;Não;Reação tardia ou ineficiente do condutor;1;Engavetamento;Com Vítimas Feridas;Plena Noite;Decrescente;Céu Claro;Simples;"Reta;Ponte";Sim;1019754.0;Automóvel;GM/PRISMA JOY;2010.0;Condutor;Ileso;30.0;Masculino;1.0;0.0;0.0;0.0;-5.78230411;-35.24730563;SPRF-RN;DEL02-RN;UOP01-DEL02-RN
572643.0;1271351.0;2024-01-04;quinta-feira;19:41:00;RN;101.0;85,7;NATAL;Não;Reação tardia ou ineficiente do condutor;1;Engavetamento;Com Vítimas Feridas;Plena Noite;Decrescente;Céu Claro;Simples;"Reta;Ponte";Sim;1019756.0;Motocicleta;HONDA/CG 125 FAN KS;2011.0;Passageiro;Lesões Leves;31.0;Feminino;0.0;1.0;0.0;0.0;-5.78230411;-35.24730563;SPRF-RN;DEL02-RN;UOP01-DEL02-RN
572643.0;1271350.0;2024-01-04;quinta-feira;19:41:00;RN;101.0;85,7;NATAL;Não;Reação tardia ou ineficiente do condutor;1;Engavetamento;Com Vítimas Feridas;Plena Noite;Decrescente;Céu Claro;Simples;"Reta;Ponte";Sim;1019756.0;Motocicleta;HONDA/CG 125 FAN KS;2011.0;Condutor;Ileso;29.0;Masculino;1.0;0.0;0.0;0.0;-5.78230411;-35.24730563;SPRF-RN;DEL02-RN;UOP01-DEL02-RN
572643.0;1271348.0;2024-01-04;quinta-feira;19:41:00;RN;101.0;85,7;NATAL;Não;Reação tardia ou ineficiente do condutor;1;Engavetamento;Com Vítimas Feridas;Plena Noite;Decrescente;Céu Claro;Simples;"Reta;Ponte";Sim;1019753.0;Motocicleta;YAMAHA/YBR 125E;2006.0;Condutor;Ileso;48.0;Masculino;1.0;0.0;0.0;0.0;-5.78230411;-35.24730563;SPRF-RN;DEL02-RN;UOP01-DEL02-RN
572643.0;1271346.0;2024-01-04;quinta-feira;19:41:00;RN;101.0;85,7;NATAL;Sim;Condutor deixou de manter distância do veículo da frente;1;Engavetamento;Com Vítimas Feridas;Plena Noite;Decrescente;Céu Claro;Simples;"Reta;Ponte";Sim;1019752.0;Automóvel;NISSAN/VERSA 16SV CVT;2017.0;Condutor;Ileso;36.0;Masculino;1.0;0.0;0.0;0.0;-5.78230411;-35.24730563;SPRF-RN;DEL02-RN;UOP01-DEL02-RN
572643.0;1271349.0;2024-01-04;quinta-feira;19:41:00;RN;101.0;85,7;NATAL;Sim;Condutor deixou de manter distância do veículo da frente;1;Engavetamento;Com Vítimas Feridas;Plena Noite;Decrescente;Céu Claro;Simples;"Reta;Ponte";Sim;1019754.0;Automóvel;GM/PRISMA JOY;2010.0;Condutor;Ileso;30.0;Masculino;1.0;0.0;0.0;0.0;-5.78230411;-35.24730563;SPRF-RN;DEL02-RN;UOP01-DEL02-RN
572643.0;1271351.0;2024-01-04;quinta-feira;19:41:00;RN;101.0;85,7;NATAL;Sim;Condutor deixou de manter distância do veículo da frente;1;Engavetamento;Com Vítimas Feridas;Plena Noite;Decrescente;Céu Claro;Simples;"Reta;Ponte";Sim;1019756.0;Motocicleta;HONDA/CG 125 FAN KS;2011.0;Passageiro;Lesões Leves;31.0;Feminino;0.0;1.0;0.0;0.0;-5.78230411;-35.24730563;SPRF-RN;DEL02-RN;UOP01-DEL02-RN
572643.0;1271350.0;2024-01-04;quinta-feira;19:41:00;RN;101.0;85,7;NATAL;Sim;Condutor deixou de manter distância do veículo da frente;1;Engavetamento;Com Vítimas Feridas;Plena Noite;Decrescente;Céu Claro;Simples;"Reta;Ponte";Sim;1019756.0;Motocicleta;HONDA/CG 125 FAN KS;2011.0;Condutor;Ileso;29.0;Masculino;1.0;0.0;0.0;0.0;-5.78230411;-35.24730563;SPRF-RN;DEL02-RN;UOP01-DEL02-RN
572643.0;1271348.0;2024-01-04;quinta-feira;19:41:00;RN;101.0;85,7;NATAL;Sim;Condutor deixou de manter distância do veículo da frente;1;Engavetamento;Com Vítimas Feridas;Plena Noite;Decrescente;Céu Claro;Simples;"Reta;Ponte";Sim;1019753.0;Motocicleta;YAMAHA/YBR 125E;2006.0;Condutor;Ileso;48.0;Masculino;1.0;0.0;0.0;0.0;-5.78230411;-35.24730563;SPRF-RN;DEL02-RN;UOP01-DEL02-RN
573177.0;1272777.0;2024-01-07;domingo;15:30:00;RN;101.0;75,9;NATAL;Não;Velocidade Incompatível;1;Colisão com objeto;Sem Vítimas;Pleno dia;Decrescente;Céu Claro;Dupla;"Reta;Em Obras";Sim;1020729.0;Automóvel;FIAT/UNO MILLE EP;1996.0;Condutor;Não Informado;;Não Informado;0.0;0.0;0.0;0.0;-5.721906;-35.27672;SPRF-RN;DEL02-RN;UOP01-DEL02-RN
573177.0;1272777.0;2024-01-07;domingo;15:30:00;RN;101.0;75,9;NATAL;Sim;Avarias e/ou desgaste excessivo no pneu;1;Colisão com objeto;Sem Vítimas;Pleno dia;Decrescente;Céu Claro;Dupla;"Reta;Em Obras";Sim;1020729.0;Automóvel;FIAT/UNO MILLE EP;1996.0;Condutor;Não Informado;;Não Informado;0.0;0.0;0.0;0.0;-5.721906;-35.27672;SPRF-RN;DEL02-RN;UOP01-DEL02-RN
573177.0;1272777.0;2024-01-07;domingo;15:30:00;RN;101.0;75,9;NATAL;Não;Velocidade Incompatível;3;Capotamento;Sem Vítimas;Pleno dia;Decrescente;Céu Claro;Dupla;"Reta;Em Obras";Sim;1020729.0;Automóvel;FIAT/UNO MILLE EP;1996.0;Condutor;Não Informado;;Não Informado;0.0;0.0;0.0;0.0;-5.721906;-35.27672;SPRF-RN;DEL02-RN;UOP01-DEL02-RN
573177.0;1272777.0;2024-01-07;domingo;15:30:00;RN;101.0;75,9;NATAL;Sim;Avarias e/ou desgaste excessivo no pneu;3;Capotamento;Sem Vítimas;Pleno dia;Decrescente;Céu Claro;Dupla;"Reta;Em Obras";Sim;1020729.0;Automóvel;FIAT/UNO MILLE EP;1996.0;Condutor;Não Informado;;Não Informado;0.0;0.0;0.0;0.0;-5.721906;-35.27672;SPRF-RN;DEL02-RN;UOP01-DEL02-RN
573177.0;1272777.0;2024-01-07;domingo;15:30:00;RN;101.0;75,9;NATAL;Não;Velocidade Incompatível;2;Saída de leito carroçável;Sem Vítimas;Pleno dia;Decrescente;Céu Claro;Dupla;"Reta;Em Obras";Sim;1020729.0;Automóvel;FIAT/UNO MILLE EP;1996.0;Condutor;Não Informado;;Não Informado;0.0;0.0;0.0;0.0;-5.721906;-35.27672;SPRF-RN;DEL02-RN;UOP01-DEL02-RN
573177.0;1272777.0;2024-01-07;domingo;15:30:00;RN;101.0;75,9;NATAL;Sim;Avarias e/ou desgaste excessivo no pneu;2;Saída de leito carroçável;Sem Vítimas;Pleno dia;Decrescente;Céu Claro;Dupla;"Reta;Em Obras";Sim;1020729.0;Automóvel;FIAT/UNO MILLE EP;1996.0;Condutor;Não Informado;;Não Informado;0.0;0.0;0.0;0.0;-5.721906;-35.27672;SPRF-RN;DEL02-RN;UOP01-DEL02-RN
573377.0;1273615.0;2024-01-08;segunda-feira;14:17:00;RN;101.0;97;NATAL;Sim;Acumulo de areia ou detritos sobre o pavimento;1;Tombamento;Com Vítimas Feridas;Pleno dia;Decrescente;Céu Claro;Simples;"Declive;Curva";Não;1021311.0;Motocicleta;HONDA/CG150 FAN ESDI;2014.0;Condutor;Lesões Leves;24.0;Masculino;0.0;1.0;0.0;0.0;-5.85758898;-35.21271205;SPRF-RN;DEL01-RN;UOP01-DEL01-RN
573417.0;1273482.0;2024-01-08;segunda-feira;17:25:00;RN;101.0;96;NATAL;Sim;Condutor deixou de manter distância do veículo da frente;1;Colisão traseira;Com Vítimas Feridas;Anoitecer;Decrescente;Céu Claro;Dupla;Reta;Não;1021205.0;Motocicleta;HONDA/CG 125 FAN KS;2011.0;Condutor;Lesões Leves;39.0;Masculino;0.0;1.0;0.0;0.0;-5.84949622;-35.20890752;SPRF-RN;DEL01-RN;UOP01-DEL01-RN
573417.0;1273483.0;2024-01-08;segunda-feira;17:25:00;RN;101.0;96;NATAL;Sim;Condutor deixou de manter distância do veículo da frente;1;Colisão traseira;Com Vítimas Feridas;Anoitecer;Decrescente;Céu Claro;Dupla;Reta;Não;1021206.0;Automóvel;GM/CLASSIC LIFE;2006.0;Condutor;Ileso;25.0;Feminino;1.0;0.0;0.0;0.0;-5.84949622;-35.20890752;SPRF-RN;DEL01-RN;UOP01-DEL01-RN
573433.0;1273506.0;2024-01-08;segunda-feira;18:04:00;RN;101.0;96;NATAL;Não;Ausência de reação do condutor;2;Tombamento;Com Vítimas Feridas;Anoitecer;Crescente;Céu Claro;Dupla;Reta;Sim;1021225.0;Motocicleta;HONDA/CG 150 TITAN ES;2007.0;Condutor;Lesões Leves;41.0;Masculino;0.0;1.0;0.0;0.0;-5.84949622;-35.20890752;SPRF-RN;DEL01-RN;UOP01-DEL01-RN
573433.0;1273508.0;2024-01-08;segunda-feira;18:04:00;RN;101.0;96;NATAL;Não;Ausência de reação do condutor;2;Tombamento;Com Vítimas Feridas;Anoitecer;Crescente;Céu Claro;Dupla;Reta;Sim;1021228.0;Automóvel;CHEV/ONIX PLUS 10TAT PR2;2020.0;Passageiro;Ileso;57.0;Feminino;1.0;0.0;0.0;0.0;-5.84949622;-35.20890752;SPRF-RN;DEL01-RN;UOP01-DEL01-RN
573433.0;1273507.0;2024-01-08;segunda-feira;18:04:00;RN;101.0;96;NATAL;Não;Ausência de reação do condutor;2;Tombamento;Com Vítimas Feridas;Anoitecer;Crescente;Céu Claro;Dupla;Reta;Sim;1021228.0;Automóvel;CHEV/ONIX PLUS 10TAT PR2;2020.0;Condutor;Ileso;30.0;Masculino;1.0;0.0;0.0;0.0;-5.84949622;-35.20890752;SPRF-RN;DEL01-RN;UOP01-DEL01-RN
573433.0;1273506.0;2024-01-08;segunda-feira;18:04:00;RN;101.0;96;NATAL;Sim;Manobra de mudança de faixa;2;Tombamento;Com Vítimas Feridas;Anoitecer;Crescente;Céu Claro;Dupla;Reta;Sim;1021225.0;Motocicleta;HONDA/CG 150 TITAN ES;2007.0;Condutor;Lesões Leves;41.0;Masculino;0.0;1.0;0.0;0.0;-5.84949622;-35.20890752;SPRF-RN;DEL01-RN;UOP01-DEL01-RN
573433.0;1273508.0;2024-01-08;segunda-feira;18:04:00;RN;101.0;96;NATAL;Sim;Manobra de mudança de faixa;2;Tombamento;Com Vítimas Feridas;Anoitecer;Crescente;Céu Claro;Dupla;Reta;Sim;1021228.0;Automóvel;CHEV/ONIX PLUS 10TAT PR2;2020.0;Passageiro;Ileso;57.0;Feminino;1.0;0.0;0.0;0.0;-5.84949622;-35.20890752;SPRF-RN;DEL01-RN;UOP01-DEL01-RN
573433.0;1273507.0;2024-01-08;segunda-feira;18:04:00;RN;101.0;96;NATAL;Sim;Manobra de mudança de faixa;2;Tombamento;Com Vítimas Feridas;Anoitecer;Crescente;Céu Claro;Dupla;Reta;Sim;1021228.0;Automóvel;CHEV/ONIX PLUS 10TAT PR2;2020.0;Condutor;Ileso;30.0;Masculino;1.0;0.0;0.0;0.0;-5.84949622;-35.20890752;SPRF-RN;DEL01-RN;UOP01-DEL01-RN
573433.0;1273506.0;2024-01-08;segunda-feira;18:04:00;RN;101.0;96;NATAL;Não;Ausência de reação do condutor;1;Colisão traseira;Com Vítimas Feridas;Anoitecer;Crescente;Céu Claro;Dupla;Reta;Sim;1021225.0;Motocicleta;HONDA/CG 150 TITAN ES;2007.0;Condutor;Lesões Leves;41.0;Masculino;0.0;1.0;0.0;0.0;-5.84949622;-35.20890752;SPRF-RN;DEL01-RN;UOP01-DEL01-RN
573433.0;1273508.0;2024-01-08;segunda-feira;18:04:00;RN;101.0;96;NATAL;Não;Ausência de reação do condutor;1;Colisão traseira;Com Vítimas Feridas;Anoitecer;Crescente;Céu Claro;Dupla;Reta;Sim;1021228.0;Automóvel;CHEV/ONIX PLUS 10TAT PR2;2020.0;Passageiro;Ileso;57.0;Feminino;1.0;0.0;0.0;0.0;-5.84949622;-35.20890752;SPRF-RN;DEL01-RN;UOP01-DEL01-RN
573433.0;1273507.0;2024-01-08;segunda-feira;18:04:00;RN;101.0;96;NATAL;Não;Ausência de reação do condutor;1;Colisão traseira;Com Vítimas Feridas;Anoitecer;Crescente;Céu Claro;Dupla;Reta;Sim;1021228.0;Automóvel;CHEV/ONIX PLUS 10TAT PR2;2020.0;Condutor;Ileso;30.0;Masculino;1.0;0.0;0.0;0.0;-5.84949622;-35.20890752;SPRF-RN;DEL01-RN;UOP01-DEL01-RN
573433.0;1273506.0;2024-01-08;segunda-feira;18:04:00;RN;101.0;96;NATAL;Sim;Manobra de mudança de faixa;1;Colisão traseira;Com Vítimas Feridas;Anoitecer;Crescente;Céu Claro;Dupla;Reta;Sim;1021225.0;Motocicleta;HONDA/CG 150 TITAN ES;2007.0;Condutor;Lesões Leves;41.0;Masculino;0.0;1.0;0.0;0.0;-5.84949622;-35.20890752;SPRF-RN;DEL01-RN;UOP01-DEL01-RN
573433.0;1273508.0;2024-01-08;segunda-feira;18:04:00;RN;101.0;96;NATAL;Sim;Manobra de mudança de faixa;1;Colisão traseira;Com Vítimas Feridas;Anoitecer;Crescente;Céu Claro;Dupla;Reta;Sim;1021228.0;Automóvel;CHEV/ONIX PLUS 10TAT PR2;2020.0;Passageiro;Ileso;57.0;Feminino;1.0;0.0;0.0;0.0;-5.84949622;-35.20890752;SPRF-RN;DEL01-RN;UOP01-DEL01-RN
573433.0;1273507.0;2024-01-08;segunda-feira;18:04:00;RN;101.0;96;NATAL;Sim;Manobra de mudança de faixa;1;Colisão traseira;Com Vítimas Feridas;Anoitecer;Crescente;Céu Claro;Dupla;Reta;Sim;1021228.0;Automóvel;CHEV/ONIX PLUS 10TAT PR2;2020.0;Condutor;Ileso;30.0;Masculino;1.0;0.0;0.0;0.0;-5.84949622;-35.20890752;SPRF-RN;DEL01-RN;UOP01-DEL01-RN
574076.0;1275284.0;2024-01-11;quinta-feira;22:45:00;RN;101.0;82,8;NATAL;Não;Ausência de sinalização;1;Colisão transversal;Com Vítimas Feridas;Plena Noite;Decrescente;Céu Claro;Dupla;"Em Obras;Reta";Não;1022456.0;Motocicleta;HONDA/CG 160 TITAN S;2020.0;Passageiro;Lesões Graves;25.0;Feminino;0.0;0.0;1.0;0.0;-5.76791511;-35.27456305;SPRF-RN;DEL02-RN;UOP01-DEL02-RN
574076.0;1275283.0;2024-01-11;quinta-feira;22:45:00;RN;101.0;82,8;NATAL;Não;Ausência de sinalização;1;Colisão transversal;Com Vítimas Feridas;Plena Noite;Decrescente;Céu Claro;Dupla;"Em Obras;Reta";Não;1022456.0;Motocicleta;HONDA/CG 160 TITAN S;2020.0;Condutor;Lesões Graves;26.0;Masculino;0.0;0.0;1.0;0.0;-5.76791511;-35.27456305;SPRF-RN;DEL02-RN;UOP01-DEL02-RN
574076.0;1275281.0;2024-01-11;quinta-feira;22:45:00;RN;101.0;82,8;NATAL;Não;Ausência de sinalização;1;Colisão transversal;Com Vítimas Feridas;Plena Noite;Decrescente;Céu Claro;Dupla;"Em Obras;Reta";Não;1022455.0;Automóvel;FORD/KA;2005.0;Condutor;Ileso;54.0;Masculino;1.0;0.0;0.0;0.0;-5.76791511;-35.27456305;SPRF-RN;DEL02-RN;UOP01-DEL02-RN
574076.0;1275282.0;2024-01-11;quinta-feira;22:45:00;RN;101.0;82,8;NATAL;Não;Ausência de sinalização;1;Colisão transversal;Com Vítimas Feridas;Plena Noite;Decrescente;Céu Claro;Dupla;"Em Obras;Reta";Não;1022455.0;Automóvel;FORD/KA;2005.0;Passageiro;Ileso;64.0;Feminino;1.0;0.0;0.0;0.0;-5.76791511;-35.27456305;SPRF-RN;DEL02-RN;UOP01-DEL02-RN
574076.0;1275284.0;2024-01-11;quinta-feira;22:45:00;RN;101.0;82,8;NATAL;Sim;Acessar a via sem observar a presença dos outros veículos;1;Colisão transversal;Com Vítimas Feridas;Plena Noite;Decrescente;Céu Claro;Dupla;"Em Obras;Reta";Não;1022456.0;Motocicleta;HONDA/CG 160 TITAN S;2020.0;Passageiro;Lesões Graves;25.0;Feminino;0.0;0.0;1.0;0.0;-5.76791511;-35.27456305;SPRF-RN;DEL02-RN;UOP01-DEL02-RN
574076.0;1275283.0;2024-01-11;quinta-feira;22:45:00;RN;101.0;82,8;NATAL;Sim;Acessar a via sem observar a presença dos outros veículos;1;Colisão transversal;Com Vítimas Feridas;Plena Noite;Decrescente;Céu Claro;Dupla;"Em Obras;Reta";Não;1022456.0;Motocicleta;HONDA/CG 160 TITAN S;2020.0;Condutor;Lesões Graves;26.0;Masculino;0.0;0.0;1.0;0.0;-5.76791511;-35.27456305;SPRF-RN;DEL02-RN;UOP01-DEL02-RN
574076.0;1275281.0;2024-01-11;quinta-feira;22:45:00;RN;101.0;82,8;NATAL;Sim;Acessar a via sem observar a presença dos outros veículos;1;Colisão transversal;Com Vítimas Feridas;Plena Noite;Decrescente;Céu Claro;Dupla;"Em Obras;Reta";Não;1022455.0;Automóvel;FORD/KA;2005.0;Condutor;Ileso;54.0;Masculino;1.0;0.0;0.0;0.0;-5.76791511;-35.27456305;SPRF-RN;DEL02-RN;UOP01-DEL02-RN
574076.0;1275282.0;2024-01-11;quinta-feira;22:45:00;RN;101.0;82,8;NATAL;Sim;Acessar a via sem observar a presença dos outros veículos;1;Colisão transversal;Com Vítimas Feridas;Plena Noite;Decrescente;Céu Claro;Dupla;"Em Obras;Reta";Não;1022455.0;Automóvel;FORD/KA;2005.0;Passageiro;Ileso;64.0;Feminino;1.0;0.0;0.0;0.0;-5.76791511;-35.27456305;SPRF-RN;DEL02-RN;UOP01-DEL02-RN
574109.0;1275393.0;2024-01-12;sexta-feira;06:40:00;RN;101.0;85,4;NATAL;Não;Acessar a via sem observar a presença dos outros veículos;1;Queda de ocupante de veículo;Com Vítimas Feridas;Pleno dia;Decrescente;Nublado;Dupla;"Declive;Curva;Em Obras;Desvio Temporário";Sim;1022536.0;Motocicleta;YAMAHA/YBR125I FACTOR ED;2020.0;Condutor;Lesões Leves;52.0;Masculino;0.0;1.0;0.0;0.0;-5.777664;-35.24937;SPRF-RN;DEL02-RN;UOP01-DEL02-RN
574109.0;1275391.0;2024-01-12;sexta-feira;06:40:00;RN;101.0;85,4;NATAL;Não;Acessar a via sem observar a presença dos outros veículos;1;Queda de ocupante de veículo;Com Vítimas Feridas;Pleno dia;Decrescente;Nublado;Dupla;"Declive;Curva;Em Obras;Desvio Temporário";Sim;1022535.0;Automóvel;HYUNDAI/HB20 1.0M COMFOR;2016.0;Condutor;Ileso;28.0;Feminino;1.0;0.0;0.0;0.0;-5.777664;-35.24937;SPRF-RN;DEL02-RN;UOP01-DEL02-RN
574109.0;1275393.0;2024-01-12;sexta-feira;06:40:00;RN;101.0;85,4;NATAL;Sim;Acesso irregular;1;Queda de ocupante de veículo;Com Vítimas Feridas;Pleno dia;Decrescente;Nublado;Dupla;"Declive;Curva;Em Obras;Desvio Temporário";Sim;1022536.0;Motocicleta;YAMAHA/YBR125I FACTOR ED;2020.0;Condutor;Lesões Leves;52.0;Masculino;0.0;1.0;0.0;0.0;-5.777664;-35.24937;SPRF-RN;DEL02-RN;UOP01-DEL02-RN
574109.0;1275391.0;2024-01-12;sexta-feira;06:40:00;RN;101.0;85,4;NATAL;Sim;Acesso irregular;1;Queda de ocupante de veículo;Com Vítimas Feridas;Pleno dia;Decrescente;Nublado;Dupla;"Declive;Curva;Em Obras;Desvio Temporário";Sim;1022535.0;Automóvel;HYUNDAI/HB20 1.0M COMFOR;2016.0;Condutor;Ileso;28.0;Feminino;1.0;0.0;0.0;0.0;-5.777664;-35.24937;SPRF-RN;DEL02-RN;UOP01-DEL02-RN
574137.0;1275927.0;2024-01-12;sexta-feira;08:39:00;RN;101.0;96;NATAL;Sim;Condutor deixou de manter distância do veículo da frente;1;Colisão traseira;Com Vítimas Feridas;Pleno dia;Decrescente;Céu Claro;Dupla;Reta;Sim;1022902.0;Automóvel;I/CHEVROLET CLASSIC LS;2015.0;Passageiro;Lesões Leves;26.0;Feminino;0.0;1.0;0.0;0.0;-5.84949622;-35.20890752;SPRF-RN;DEL01-RN;UOP01-DEL01-RN
574137.0;1275925.0;2024-01-12;sexta-feira;08:39:00;RN;101.0;96;NATAL;Sim;Condutor deixou de manter distância do veículo da frente;1;Colisão traseira;Com Vítimas Feridas;Pleno dia;Decrescente;Céu Claro;Dupla;Reta;Sim;1022902.0;Automóvel;I/CHEVROLET CLASSIC LS;2015.0;Condutor;Ileso;29.0;Masculino;1.0;0.0;0.0;0.0;-5.84949622;-35.20890752;SPRF-RN;DEL01-RN;UOP01-DEL01-RN
574197.0;1277541.0;2024-01-12;sexta-feira;13:35:00;RN;101.0;85;NATAL;Sim;Condutor deixou de manter distância do veículo da frente;3;Queda de ocupante de veículo;Com Vítimas Feridas;Pleno dia;Decrescente;Céu Claro;Simples;"Ponte;Reta;Desvio Temporário";Sim;1022669.0;Automóvel;CHEVROLET/ONIX 1.4AT LTZ;2019.0;Passageiro;Ileso;;Masculino;1.0;0.0;0.0;0.0;-5.78023559;-35.24813175;SPRF-RN;DEL02-RN;UOP01-DEL02-RN
574197.0;1277540.0;2024-01-12;sexta-feira;13:35:00;RN;101.0;85;NATAL;Sim;Condutor deixou de manter distância do veículo da frente;3;Queda de ocupante de veículo;Com Vítimas Feridas;Pleno dia;Decrescente;Céu Claro;Simples;"Ponte;Reta;Desvio Temporário";Sim;1022669.0;Automóvel;CHEVROLET/ONIX 1.4AT LTZ;2019.0;Passageiro;Ileso;;Masculino;1.0;0.0;0.0;0.0;-5.78023559;-35.24813175;SPRF-RN;DEL02-RN;UOP01-DEL02-RN
574197.0;1277539.0;2024-01-12;sexta-feira;13:35:00;RN;101.0;85;NATAL;Sim;Condutor deixou de manter distância do veículo da frente;3;Queda de ocupante de veículo;Com Vítimas Feridas;Pleno dia;Decrescente;Céu Claro;Simples;"Ponte;Reta;Desvio Temporário";Sim;1022669.0;Automóvel;CHEVROLET/ONIX 1.4AT LTZ;2019.0;Passageiro;Ileso;;Masculino;1.0;0.0;0.0;0.0;-5.78023559;-35.24813175;SPRF-RN;DEL02-RN;UOP01-DEL02-RN
574197.0;1275586.0;2024-01-12;sexta-feira;13:35:00;RN;101.0;85;NATAL;Sim;Condutor deixou de manter distância do veículo da frente;3;Queda de ocupante de veículo;Com Vítimas Feridas;Pleno dia;Decrescente;Céu Claro;Simples;"Ponte;Reta;Desvio Temporário";Sim;1022669.0;Automóvel;CHEVROLET/ONIX 1.4AT LTZ;2019.0;Condutor;Ileso;41.0;Feminino;1.0;0.0;0.0;0.0;-5.78023559;-35.24813175;SPRF-RN;DEL02-RN;UOP01-DEL02-RN
574197.0;1277557.0;2024-01-12;sexta-feira;13:35:00;RN;101.0;85;NATAL;Sim;Condutor deixou de manter distância do veículo da frente;3;Queda de ocupante de veículo;Com Vítimas Feridas;Pleno dia;Decrescente;Céu Claro;Simples;"Ponte;Reta;Desvio Temporário";Sim;1022675.0;Motocicleta;HONDA/CG 125 FAN KS;2009.0;Condutor;Lesões Leves;23.0;Masculino;0.0;1.0;0.0;0.0;-5.78023559;-35.24813175;SPRF-RN;DEL02-RN;UOP01-DEL02-RN
574197.0;1277542.0;2024-01-12;sexta-feira;13:35:00;RN;101.0;85;NATAL;Sim;Condutor deixou de manter distância do veículo da frente;3;Queda de ocupante de veículo;Com Vítimas Feridas;Pleno dia;Decrescente;Céu Claro;Simples;"Ponte;Reta;Desvio Temporário";Sim;1022673.0;Caminhonete;FIAT/STRADA HD WK CD E;2018.0;Passageiro;Ileso;;Masculino;1.0;0.0;0.0;0.0;-5.78023559;-35.24813175;SPRF-RN;DEL02-RN;UOP01-DEL02-RN
574197.0;1277544.0;2024-01-12;sexta-feira;13:35:00;RN;101.0;85;NATAL;Sim;Condutor deixou de manter distância do veículo da frente;3;Queda de ocupante de veículo;Com Vítimas Feridas;Pleno dia;Decrescente;Céu Claro;Simples;"Ponte;Reta;Desvio Temporário";Sim;1022673.0;Caminhonete;FIAT/STRADA HD WK CD E;2018.0;Condutor;Ileso;63.0;Masculino;1.0;0.0;0.0;0.0;-5.78023559;-35.24813175;SPRF-RN;DEL02-RN;UOP01-DEL02-RN
574197.0;1277552.0;2024-01-12;sexta-feira;13:35:00;RN;101.0;85;NATAL;Sim;Condutor deixou de manter distância do veículo da frente;3;Queda de ocupante de veículo;Com Vítimas Feridas;Pleno dia;Decrescente;Céu Claro;Simples;"Ponte;Reta;Desvio Temporário";Sim;1022674.0;Caminhonete;MMC/TRITON SP OUTD HPE S;2020.0;Passageiro;Ileso;46.0;Masculino;1.0;0.0;0.0;0.0;-5.78023559;-35.24813175;SPRF-RN;DEL02-RN;UOP01-DEL02-RN