id;pesid;data_inversa;dia_semana;horario;uf;br;km;municipio;causa_principal;causa_acidente;ordem_tipo_acidente;tipo_acidente;classificacao_acidente;fase_dia;sentido_via;condicao_metereologica;tipo_pista;tracado_via;uso_solo;id_veiculo;tipo_veiculo;marca;ano_fabricacao_veiculo;tipo_envolvido;estado_fisico;idade;sexo;ilesos;feridos_leves;feridos_graves;mortos;latitude;longitude;regional;delegacia;uop
574197.0;1277545.0;2024-01-12;sexta-feira;13:35:00;RN;101.0;85;NATAL;Sim;Condutor deixou de manter distância do veículo da frente;3;Queda de ocupante de veículo;Com Vítimas Feridas;Pleno dia;Decrescente;Céu Claro;Simples;"Ponte;Reta;Desvio Temporário";Sim;1022674.0;Caminhonete;MMC/TRITON SP OUTD HPE S;2020.0;Condutor;Ileso;37.0;Masculino;1.0;0.0;0.0;0.0;-5.78023559;-35.24813175;SPRF-RN;DEL02-RN;UOP01-DEL02-RN
574197.0;1277547.0;2024-01-12;sexta-feira;13:35:00;RN;101.0;85;NATAL;Sim;Condutor deixou de manter distância do veículo da frente;3;Queda de ocupante de veículo;Com Vítimas Feridas;Pleno dia;Decrescente;Céu Claro;Simples;"Ponte;Reta;Desvio Temporário";Sim;1022674.0;Caminhonete;MMC/TRITON SP OUTD HPE S;2020.0;Passageiro;Ileso;31.0;Masculino;1.0;0.0;0.0;0.0;-5.78023559;-35.24813175;SPRF-RN;DEL02-RN;UOP01-DEL02-RN
574197.0;1277548.0;2024-01-12;sexta-feira;13:35:00;RN;101.0;85;NATAL;Sim;Condutor deixou de manter distância do veículo da frente;3;Queda de ocupante de veículo;Com Vítimas Feridas;Pleno dia;Decrescente;Céu Claro;Simples;"Ponte;Reta;Desvio Temporário";Sim;1022674.0;Caminhonete;MMC/TRITON SP OUTD HPE S;2020.0;Passageiro;Ileso;35.0;Masculino;1.0;0.0;0.0;0.0;-5.78023559;-35.24813175;SPRF-RN;DEL02-RN;UOP01-DEL02-RN
574197.0;1277549.0;2024-01-12;sexta-feira;13:35:00;RN;101.0;85;NATAL;Sim;Condutor deixou de manter distância do veículo da frente;3;Queda de ocupante de veículo;Com Vítimas Feridas;Pleno dia;Decrescente;Céu Claro;Simples;"Ponte;Reta;Desvio Temporário";Sim;1022674.0;Caminhonete;MMC/TRITON SP OUTD HPE S;2020.0;Passageiro;Ileso;50.0;Masculino;1.0;0.0;0.0;0.0;-5.78023559;-35.24813175;SPRF-RN;DEL02-RN;UOP01-DEL02-RN
574197.0;1277541.0;2024-01-12;sexta-feira;13:35:00;RN;101.0;85;NATAL;Sim;Condutor deixou de manter distância do veículo da frente;2;Tombamento;Com Vítimas Feridas;Pleno dia;Decrescente;Céu Claro;Simples;"Ponte;Reta;Desvio Temporário";Sim;1022669.0;Automóvel;CHEVROLET/ONIX 1.4AT LTZ;2019.0;Passageiro;Ileso;;Masculino;1.0;0.0;0.0;0.0;-5.78023559;-35.24813175;SPRF-RN;DEL02-RN;UOP01-DEL02-RN
574197.0;1277540.0;2024-01-12;sexta-feira;13:35:00;RN;101.0;85;NATAL;Sim;Condutor deixou de manter distância do veículo da frente;2;Tombamento;Com Vítimas Feridas;Pleno dia;Decrescente;Céu Claro;Simples;"Ponte;Reta;Desvio Temporário";Sim;1022669.0;Automóvel;CHEVROLET/ONIX 1.4AT LTZ;2019.0;Passageiro;Ileso;;Masculino;1.0;0.0;0.0;0.0;-5.78023559;-35.24813175;SPRF-RN;DEL02-RN;UOP01-DEL02-RN
574197.0;1277539.0;2024-01-12;sexta-feira;13:35:00;RN;101.0;85;NATAL;Sim;Condutor deixou de manter distância do veículo da frente;2;Tombamento;Com Vítimas Feridas;Pleno dia;Decrescente;Céu Claro;Simples;"Ponte;Reta;Desvio Temporário";Sim;1022669.0;Automóvel;CHEVROLET/ONIX 1.4AT LTZ;2019.0;Passageiro;Ileso;;Masculino;1.0;0.0;0.0;0.0;-5.78023559;-35.24813175;SPRF-RN;DEL02-RN;UOP01-DEL02-RN
574197.0;1275586.0;2024-01-12;sexta-feira;13:35:00;RN;101.0;85;NATAL;Sim;Condutor deixou de manter distância do veículo da frente;2;Tombamento;Com Vítimas Feridas;Pleno dia;Decrescente;Céu Claro;Simples;"Ponte;Reta;Desvio Temporário";Sim;1022669.0;Automóvel;CHEVROLET/ONIX 1.4AT LTZ;2019.0;Condutor;Ileso;41.0;Feminino;1.0;0.0;0.0;0.0;-5.78023559;-35.24813175;SPRF-RN;DEL02-RN;UOP01-DEL02-RN
574197.0;1277557.0;2024-01-12;sexta-feira;13:35:00;RN;101.0;85;NATAL;Sim;Condutor deixou de manter distância do veículo da frente;2;Tombamento;Com Vítimas Feridas;Pleno dia;Decrescente;Céu Claro;Simples;"Ponte;Reta;Desvio Temporário";Sim;1022675.0;Motocicleta;HONDA/CG 125 FAN KS;2009.0;Condutor;Lesões Leves;23.0;Masculino;0.0;1.0;0.0;0.0;-5.78023559;-35.24813175;SPRF-RN;DEL02-RN;UOP01-DEL02-RN
574197.0;1277542.0;2024-01-12;sexta-feira;13:35:00;RN;101.0;85;NATAL;Sim;Condutor deixou de manter distância do veículo da frente;2;Tombamento;Com Vítimas Feridas;Pleno dia;Decrescente;Céu Claro;Simples;"Ponte;Reta;Desvio Temporário";Sim;1022673.0;Caminhonete;FIAT/STRADA HD WK CD E;2018.0;Passageiro;Ileso;;Masculino;1.0;0.0;0.0;0.0;-5.78023559;-35.24813175;SPRF-RN;DEL02-RN;UOP01-DEL02-RN
574197.0;1277544.0;2024-01-12;sexta-feira;13:35:00;RN;101.0;85;NATAL;Sim;Condutor deixou de manter distância do veículo da frente;2;Tombamento;Com Vítimas Feridas;Pleno dia;Decrescente;Céu Claro;Simples;"Ponte;Reta;Desvio Temporário";Sim;1022673.0;Caminhonete;FIAT/STRADA HD WK CD E;2018.0;Condutor;Ileso;63.0;Masculino;1.0;0.0;0.0;0.0;-5.78023559;-35.24813175;SPRF-RN;DEL02-RN;UOP01-DEL02-RN
574197.0;1277552.0;2024-01-12;sexta-feira;13:35:00;RN;101.0;85;NATAL;Sim;Condutor deixou de manter distância do veículo da frente;2;Tombamento;Com Vítimas Feridas;Pleno dia;Decrescente;Céu Claro;Simples;"Ponte;Reta;Desvio Temporário";Sim;1022674.0;Caminhonete;MMC/TRITON SP OUTD HPE S;2020.0;Passageiro;Ileso;46.0;Masculino;1.0;0.0;0.0;0.0;-5.78023559;-35.24813175;SPRF-RN;DEL02-RN;UOP01-DEL02-RN
574197.0;1277545.0;2024-01-12;sexta-feira;13:35:00;RN;101.0;85;NATAL;Sim;Condutor deixou de manter distância do veículo da frente;2;Tombamento;Com Vítimas Feridas;Pleno dia;Decrescente;Céu Claro;Simples;"Ponte;Reta;Desvio Temporário";Sim;1022674.0;Caminhonete;MMC/TRITON SP OUTD HPE S;2020.0;Condutor;Ileso;37.0;Masculino;1.0;0.0;0.0;0.0;-5.78023559;-35.24813175;SPRF-RN;DEL02-RN;UOP01-DEL02-RN
574197.0;1277547.0;2024-01-12;sexta-feira;13:35:00;RN;101.0;85;NATAL;Sim;Condutor deixou de manter distância do veículo da frente;2;Tombamento;Com Vítimas Feridas;Pleno dia;Decrescente;Céu Claro;Simples;"Ponte;Reta;Desvio Temporário";Sim;1022674.0;Caminhonete;MMC/TRITON SP OUTD HPE S;2020.0;Passageiro;Ileso;31.0;Masculino;1.0;0.0;0.0;0.0;-5.78023559;-35.24813175;SPRF-RN;DEL02-RN;UOP01-DEL02-RN
574197.0;1277548.0;2024-01-12;sexta-feira;13:35:00;RN;101.0;85;NATAL;Sim;Condutor deixou de manter distância do veículo da frente;2;Tombamento;Com Vítimas Feridas;Pleno dia;Decrescente;Céu Claro;Simples;"Ponte;Reta;Desvio Temporário";Sim;1022674.0;Caminhonete;MMC/TRITON SP OUTD HPE S;2020.0;Passageiro;Ileso;35.0;Masculino;1.0;0.0;0.0;0.0;-5.78023559;-35.24813175;SPRF-RN;DEL02-RN;UOP01-DEL02-RN
574197.0;1277549.0;2024-01-12;sexta-feira;13:35:00;RN;101.0;85;NATAL;Sim;Condutor deixou de manter distância do veículo da frente;2;Tombamento;Com Vítimas Feridas;Pleno dia;Decrescente;Céu Claro;Simples;"Ponte;Reta;Desvio Temporário";Sim;1022674.0;Caminhonete;MMC/TRITON SP OUTD HPE S;2020.0;Passageiro;Ileso;50.0;Masculino;1.0;0.0;0.0;0.0;-5.78023559;-35.24813175;SPRF-RN;DEL02-RN;UOP01-DEL02-RN
574197.0;1277541.0;2024-01-12;sexta-feira;13:35:00;RN;101.0;85;NATAL;Sim;Condutor deixou de manter distância do veículo da frente;1;Engavetamento;Com Vítimas Feridas;Pleno dia;Decrescente;Céu Claro;Simples;"Ponte;Reta;Desvio Temporário";Sim;1022669.0;Automóvel;CHEVROLET/ONIX 1.4AT LTZ;2019.0;Passageiro;Ileso;;Masculino;1.0;0.0;0.0;0.0;-5.78023559;-35.24813175;SPRF-RN;DEL02-RN;UOP01-DEL02-RN
574197.0;1277540.0;2024-01-12;sexta-feira;13:35:00;RN;101.0;85;NATAL;Sim;Condutor deixou de manter distância do veículo da frente;1;Engavetamento;Com Vítimas Feridas;Pleno dia;Decrescente;Céu Claro;Simples;"Ponte;Reta;Desvio Temporário";Sim;1022669.0;Automóvel;CHEVROLET/ONIX 1.4AT LTZ;2019.0;Passageiro;Ileso;;Masculino;1.0;0.0;0.0;0.0;-5.78023559;-35.24813175;SPRF-RN;DEL02-RN;UOP01-DEL02-RN
574197.0;1277539.0;2024-01-12;sexta-feira;13:35:00;RN;101.0;85;NATAL;Sim;Condutor deixou de manter distância do veículo da frente;1;Engavetamento;Com Vítimas Feridas;Pleno dia;Decrescente;Céu Claro;Simples;"Ponte;Reta;Desvio Temporário";Sim;1022669.0;Automóvel;CHEVROLET/ONIX 1.4AT LTZ;2019.0;Passageiro;Ileso;;Masculino;1.0;0.0;0.0;0.0;-5.78023559;-35.24813175;SPRF-RN;DEL02-RN;UOP01-DEL02-RN
574197.0;1275586.0;2024-01-12;sexta-feira;13:35:00;RN;101.0;85;NATAL;Sim;Condutor deixou de manter distância do veículo da frente;1;Engavetamento;Com Vítimas Feridas;Pleno dia;Decrescente;Céu Claro;Simples;"Ponte;Reta;Desvio Temporário";Sim;1022669.0;Automóvel;CHEVROLET/ONIX 1.4AT LTZ;2019.0;Condutor;Ileso;41.0;Feminino;1.0;0.0;0.0;0.0;-5.78023559;-35.24813175;SPRF-RN;DEL02-RN;UOP01-DEL02-RN
574197.0;1277557.0;2024-01-12;sexta-feira;13:35:00;RN;101.0;85;NATAL;Sim;Condutor deixou de manter distância do veículo da frente;1;Engavetamento;Com Vítimas Feridas;Pleno dia;Decrescente;Céu Claro;Simples;"Ponte;Reta;Desvio Temporário";Sim;1022675.0;Motocicleta;HONDA/CG 125 FAN KS;2009.0;Condutor;Lesões Leves;23.0;Masculino;0.0;1.0;0.0;0.0;-5.78023559;-35.24813175;SPRF-RN;DEL02-RN;UOP01-DEL02-RN
574197.0;1277542.0;2024-01-12;sexta-feira;13:35:00;RN;101.0;85;NATAL;Sim;Condutor deixou de manter distância do veículo da frente;1;Engavetamento;Com Vítimas Feridas;Pleno dia;Decrescente;Céu Claro;Simples;"Ponte;Reta;Desvio Temporário";Sim;1022673.0;Caminhonete;FIAT/STRADA HD WK CD E;2018.0;Passageiro;Ileso;;Masculino;1.0;0.0;0.0;0.0;-5.78023559;-35.24813175;SPRF-RN;DEL02-RN;UOP01-DEL02-RN
574197.0;1277544.0;2024-01-12;sexta-feira;13:35:00;RN;101.0;85;NATAL;Sim;Condutor deixou de manter distância do veículo da frente;1;Engavetamento;Com Vítimas Feridas;Pleno dia;Decrescente;Céu Claro;Simples;"Ponte;Reta;Desvio Temporário";Sim;1022673.0;Caminhonete;FIAT/STRADA HD WK CD E;2018.0;Condutor;Ileso;63.0;Masculino;1.0;0.0;0.0;0.0;-5.78023559;-35.24813175;SPRF-RN;DEL02-RN;UOP01-DEL02-RN
574197.0;1277552.0;2024-01-12;sexta-feira;13:35:00;RN;101.0;85;NATAL;Sim;Condutor deixou de manter distância do veículo da frente;1;Engavetamento;Com Vítimas Feridas;Pleno dia;Decrescente;Céu Claro;Simples;"Ponte;Reta;Desvio Temporário";Sim;1022674.0;Caminhonete;MMC/TRITON SP OUTD HPE S;2020.0;Passageiro;Ileso;46.0;Masculino;1.0;0.0;0.0;0.0;-5.78023559;-35.24813175;SPRF-RN;DEL02-RN;UOP01-DEL02-RN
574197.0;1277545.0;2024-01-12;sexta-feira;13:35:00;RN;101.0;85;NATAL;Sim;Condutor deixou de manter distância do veículo da frente;1;Engavetamento;Com Vítimas Feridas;Pleno dia;Decrescente;Céu Claro;Simples;"Ponte;Reta;Desvio Temporário";Sim;1022674.0;Caminhonete;MMC/TRITON SP OUTD HPE S;2020.0;Condutor;Ileso;37.0;Masculino;1.0;0.0;0.0;0.0;-5.78023559;-35.24813175;SPRF-RN;DEL02-RN;UOP01-DEL02-RN
574197.0;1277547.0;2024-01-12;sexta-feira;13:35:00;RN;101.0;85;NATAL;Sim;Condutor deixou de manter distância do veículo da frente;1;Engavetamento;Com Vítimas Feridas;Pleno dia;Decrescente;Céu Claro;Simples;"Ponte;Reta;Desvio Temporário";Sim;1022674.0;Caminhonete;MMC/TRITON SP OUTD HPE S;2020.0;Passageiro;Ileso;31.0;Masculino;1.0;0.0;0.0;0.0;-5.78023559;-35.24813175;SPRF-RN;DEL02-RN;UOP01-DEL02-RN
574197.0;1277548.0;2024-01-12;sexta-feira;13:35:00;RN;101.0;85;NATAL;Sim;Condutor deixou de manter distância do veículo da frente;1;Engavetamento;Com Vítimas Feridas;Pleno dia;Decrescente;Céu Claro;Simples;"Ponte;Reta;Desvio Temporário";Sim;1022674.0;Caminhonete;MMC/TRITON SP OUTD HPE S;2020.0;Passageiro;Ileso;35.0;Masculino;1.0;0.0;0.0;0.0;-5.78023559;-35.24813175;SPRF-RN;DEL02-RN;UOP01-DEL02-RN
574197.0;1277549.0;2024-01-12;sexta-feira;13:35:00;RN;101.0;85;NATAL;Sim;Condutor deixou de manter distância do veículo da frente;1;Engavetamento;Com Vítimas Feridas;Pleno dia;Decrescente;Céu Claro;Simples;"Ponte;Reta;Desvio Temporário";Sim;1022674.0;Caminhonete;MMC/TRITON SP OUTD HPE S;2020.0;Passageiro;Ileso;50.0;Masculino;1.0;0.0;0.0;0.0;-5.78023559;-35.24813175;SPRF-RN;DEL02-RN;UOP01-DEL02-RN
574479.0;1276503.0;2024-01-13;sábado;16:05:00;RN;226.0;4;NATAL;Sim;Conversão proibida;3;Queda de ocupante de veículo;Com Vítimas Feridas;Pleno dia;Crescente;Nublado;Simples;Reta;Sim;1023332.0;Motocicleta;HONDA/CG 160 START;2023.0;Condutor;Lesões Leves;23.0;Masculino;0.0;1.0;0.0;0.0;-5.819303;-35.261163;SPRF-RN;DEL01-RN;UOP02-DEL01-RN
574479.0;1276504.0;2024-01-13;sábado;16:05:00;RN;226.0;4;NATAL;Sim;Conversão proibida;3;Queda de ocupante de veículo;Com Vítimas Feridas;Pleno dia;Crescente;Nublado;Simples;Reta;Sim;1023332.0;Motocicleta;HONDA/CG 160 START;2023.0;Passageiro;Não Informado;;Não Informado;0.0;0.0;0.0;0.0;-5.819303;-35.261163;SPRF-RN;DEL01-RN;UOP02-DEL01-RN
574479.0;1276502.0;2024-01-13;sábado;16:05:00;RN;226.0;4;NATAL;Sim;Conversão proibida;3;Queda de ocupante de veículo;Com Vítimas Feridas;Pleno dia;Crescente;Nublado;Simples;Reta;Sim;1023331.0;Motocicleta;HONDA/NXR160 BROS ESDD;2020.0;Condutor;Lesões Leves;56.0;Feminino;0.0;1.0;0.0;0.0;-5.819303;-35.261163;SPRF-RN;DEL01-RN;UOP02-DEL01-RN
574479.0;1276503.0;2024-01-13;sábado;16:05:00;RN;226.0;4;NATAL;Sim;Conversão proibida;2;Tombamento;Com Vítimas Feridas;Pleno dia;Crescente;Nublado;Simples;Reta;Sim;1023332.0;Motocicleta;HONDA/CG 160 START;2023.0;Condutor;Lesões Leves;23.0;Masculino;0.0;1.0;0.0;0.0;-5.819303;-35.261163;SPRF-RN;DEL01-RN;UOP02-DEL01-RN
574479.0;1276504.0;2024-01-13;sábado;16:05:00;RN;226.0;4;NATAL;Sim;Conversão proibida;2;Tombamento;Com Vítimas Feridas;Pleno dia;Crescente;Nublado;Simples;Reta;Sim;1023332.0;Motocicleta;HONDA/CG 160 START;2023.0;Passageiro;Não Informado;;Não Informado;0.0;0.0;0.0;0.0;-5.819303;-35.261163;SPRF-RN;DEL01-RN;UOP02-DEL01-RN
574479.0;1276502.0;2024-01-13;sábado;16:05:00;RN;226.0;4;NATAL;Sim;Conversão proibida;2;Tombamento;Com Vítimas Feridas;Pleno dia;Crescente;Nublado;Simples;Reta;Sim;1023331.0;Motocicleta;HONDA/NXR160 BROS ESDD;2020.0;Condutor;Lesões Leves;56.0;Feminino;0.0;1.0;0.0;0.0;-5.819303;-35.261163;SPRF-RN;DEL01-RN;UOP02-DEL01-RN
574479.0;1276503.0;2024-01-13;sábado;16:05:00;RN;226.0;4;NATAL;Sim;Conversão proibida;1;Colisão transversal;Com Vítimas Feridas;Pleno dia;Crescente;Nublado;Simples;Reta;Sim;1023332.0;Motocicleta;HONDA/CG 160 START;2023.0;Condutor;Lesões Leves;23.0;Masculino;0.0;1.0;0.0;0.0;-5.819303;-35.261163;SPRF-RN;DEL01-RN;UOP02-DEL01-RN
574479.0;1276504.0;2024-01-13;sábado;16:05:00;RN;226.0;4;NATAL;Sim;Conversão proibida;1;Colisão transversal;Com Vítimas Feridas;Pleno dia;Crescente;Nublado;Simples;Reta;Sim;1023332.0;Motocicleta;HONDA/CG 160 START;2023.0;Passageiro;Não Informado;;Não Informado;0.0;0.0;0.0;0.0;-5.819303;-35.261163;SPRF-RN;DEL01-RN;UOP02-DEL01-RN
574479.0;1276502.0;2024-01-13;sábado;16:05:00;RN;226.0;4;NATAL;Sim;Conversão proibida;1;Colisão transversal;Com Vítimas Feridas;Pleno dia;Crescente;Nublado;Simples;Reta;Sim;1023331.0;Motocicleta;HONDA/NXR160 BROS ESDD;2020.0;Condutor;Lesões Leves;56.0;Feminino;0.0;1.0;0.0;0.0;-5.819303;-35.261163;SPRF-RN;DEL01-RN;UOP02-DEL01-RN
574846.0;1277393.0;2024-01-15;segunda-feira;08:50:00;RN;101.0;97;NATAL;Sim;Condutor deixou de manter distância do veículo da frente;1;Colisão lateral mesmo sentido;Com Vítimas Feridas;Pleno dia;Crescente;Céu Claro;Dupla;"Reta;Declive";Sim;1023905.0;Automóvel;CHEV/PRISMA 1.0MT LT;2015.0;Condutor;Ileso;30.0;Feminino;1.0;0.0;0.0;0.0;-5.86567888;-35.21651625;SPRF-RN;DEL01-RN;UOP01-DEL01-RN
574846.0;1277399.0;2024-01-15;segunda-feira;08:50:00;RN;101.0;97;NATAL;Sim;Condutor deixou de manter distância do veículo da frente;1;Colisão lateral mesmo sentido;Com Vítimas Feridas;Pleno dia;Crescente;Céu Claro;Dupla;"Reta;Declive";Sim;1023905.0;Automóvel;CHEV/PRISMA 1.0MT LT;2015.0;Passageiro;Ileso;60.0;Feminino;1.0;0.0;0.0;0.0;-5.86567888;-35.21651625;SPRF-RN;DEL01-RN;UOP01-DEL01-RN
574846.0;1277395.0;2024-01-15;segunda-feira;08:50:00;RN;101.0;97;NATAL;Sim;Condutor deixou de manter distância do veículo da frente;1;Colisão lateral mesmo sentido;Com Vítimas Feridas;Pleno dia;Crescente;Céu Claro;Dupla;"Reta;Declive";Sim;1023906.0;Motocicleta;HONDA/NXR150BROS MIX ESD;2010.0;Condutor;Lesões Leves;50.0;Masculino;0.0;1.0;0.0;0.0;-5.86567888;-35.21651625;SPRF-RN;DEL01-RN;UOP01-DEL01-RN
574846.0;1277397.0;2024-01-15;segunda-feira;08:50:00;RN;101.0;97;NATAL;Sim;Condutor deixou de manter distância do veículo da frente;1;Colisão lateral mesmo sentido;Com Vítimas Feridas;Pleno dia;Crescente;Céu Claro;Dupla;"Reta;Declive";Sim;1023906.0;Motocicleta;HONDA/NXR150BROS MIX ESD;2010.0;Passageiro;Lesões Leves;38.0;Masculino;0.0;1.0;0.0;0.0;-5.86567888;-35.21651625;SPRF-RN;DEL01-RN;UOP01-DEL01-RN
574918.0;1277485.0;2024-01-15;segunda-feira;15:12:00;RN;101.0;85;NATAL;Não;Condutor deixou de manter distância do veículo da frente;1;Colisão lateral mesmo sentido;Sem Vítimas;Pleno dia;Crescente;Sol;Dupla;"Em Obras;Reta";Sim;1023971.0;Automóvel;TOYOTA/ETIOS SD XLS;2016.0;Condutor;Ileso;46.0;Masculino;1.0;0.0;0.0;0.0;-5.777664;-35.24937;SPRF-RN;DEL02-RN;UOP01-DEL02-RN
574918.0;1277467.0;2024-01-15;segunda-feira;15:12:00;RN;101.0;85;NATAL;Não;Condutor deixou de manter distância do veículo da frente;1;Colisão lateral mesmo sentido;Sem Vítimas;Pleno dia;Crescente;Sol;Dupla;"Em Obras;Reta";Sim;1023959.0;Utilitário;CHEV/TRAILBLAZER LT D4A;2018.0;Condutor;Ileso;50.0;Masculino;1.0;0.0;0.0;0.0;-5.777664;-35.24937;SPRF-RN;DEL02-RN;UOP01-DEL02-RN
574918.0;1277485.0;2024-01-15;segunda-feira;15:12:00;RN;101.0;85;NATAL;Sim;Reação tardia ou ineficiente do condutor;1;Colisão lateral mesmo sentido;Sem Vítimas;Pleno dia;Crescente;Sol;Dupla;"Em Obras;Reta";Sim;1023971.0;Automóvel;TOYOTA/ETIOS SD XLS;2016.0;Condutor;Ileso;46.0;Masculino;1.0;0.0;0.0;0.0;-5.777664;-35.24937;SPRF-RN;DEL02-RN;UOP01-DEL02-RN
574918.0;1277467.0;2024-01-15;segunda-feira;15:12:00;RN;101.0;85;NATAL;Sim;Reação tardia ou ineficiente do condutor;1;Colisão lateral mesmo sentido;Sem Vítimas;Pleno dia;Crescente;Sol;Dupla;"Em Obras;Reta";Sim;1023959.0;Utilitário;CHEV/TRAILBLAZER LT D4A;2018.0;Condutor;Ileso;50.0;Masculino;1.0;0.0;0.0;0.0;-5.777664;-35.24937;SPRF-RN;DEL02-RN;UOP01-DEL02-RN
574926.0;1277728.0;2024-01-15;segunda-feira;16:00:00;RN;101.0;93,5;NATAL;Sim;Manobra de mudança de faixa;2;Queda de ocupante de veículo;Com Vítimas Feridas;Pleno dia;Crescente;Céu Claro;Múltipla;Viaduto;Sim;1024154.0;Motocicleta;HONDA/CG 150 TITAN ESD;2006.0;Condutor;Lesões Leves;25.0;Masculino;0.0;1.0;0.0;0.0;-5.82309126;-35.20879637;SPRF-RN;DEL01-RN;UOP01-DEL01-RN
574926.0;1277729.0;2024-01-15;segunda-feira;16:00:00;RN;101.0;93,5;NATAL;Sim;Manobra de mudança de faixa;2;Queda de ocupante de veículo;Com Vítimas Feridas;Pleno dia;Crescente;Céu Claro;Múltipla;Viaduto;Sim;1024154.0;Motocicleta;HONDA/CG 150 TITAN ESD;2006.0;Passageiro;Lesões Leves;26.0;Feminino;0.0;1.0;0.0;0.0;-5.82309126;-35.20879637;SPRF-RN;DEL01-RN;UOP01-DEL01-RN
574926.0;1277728.0;2024-01-15;segunda-feira;16:00:00;RN;101.0;93,5;NATAL;Sim;Manobra de mudança de faixa;1;Tombamento;Com Vítimas Feridas;Pleno dia;Crescente;Céu Claro;Múltipla;Viaduto;Sim;1024154.0;Motocicleta;HONDA/CG 150 TITAN ESD;2006.0;Condutor;Lesões Leves;25.0;Masculino;0.0;1.0;0.0;0.0;-5.82309126;-35.20879637;SPRF-RN;DEL01-RN;UOP01-DEL01-RN
574926.0;1277729.0;2024-01-15;segunda-feira;16:00:00;RN;101.0;93,5;NATAL;Sim;Manobra de mudança de faixa;1;Tombamento;Com Vítimas Feridas;Pleno dia;Crescente;Céu Claro;Múltipla;Viaduto;Sim;1024154.0;Motocicleta;HONDA/CG 150 TITAN ESD;2006.0;Passageiro;Lesões Leves;26.0;Feminino;0.0;1.0;0.0;0.0;-5.82309126;-35.20879637;SPRF-RN;DEL01-RN;UOP01-DEL01-RN
574930.0;1277560.0;2024-01-15;segunda-feira;16:00:00;RN;101.0;97;NATAL;Sim;Manobra de mudança de faixa;1;Colisão transversal;Com Vítimas Feridas;Pleno dia;Decrescente;Céu Claro;Dupla;Reta;Sim;1024022.0;Caminhonete;VW/NOVA SAVEIRO RB MBVD;2019.0;Condutor;Ileso;55.0;Masculino;1.0;0.0;0.0;0.0;-5.8483995;-35.20713687;SPRF-RN;DEL01-RN;UOP01-DEL01-RN
574930.0;1277561.0;2024-01-15;segunda-feira;16:00:00;RN;101.0;97;NATAL;Sim;Manobra de mudança de faixa;1;Colisão transversal;Com Vítimas Feridas;Pleno dia;Decrescente;Céu Claro;Dupla;Reta;Sim;1024023.0;Ônibus;M.BENZ/MPOLO TORINO U;2014.0;Condutor;Ileso;64.0;Masculino;1.0;0.0;0.0;0.0;-5.8483995;-35.20713687;SPRF-RN;DEL01-RN;UOP01-DEL01-RN
574930.0;1277716.0;2024-01-15;segunda-feira;16:00:00;RN;101.0;97;NATAL;Sim;Manobra de mudança de faixa;1;Colisão transversal;Com Vítimas Feridas;Pleno dia;Decrescente;Céu Claro;Dupla;Reta;Sim;1024023.0;Ônibus;M.BENZ/MPOLO TORINO U;2014.0;Passageiro;Lesões Leves;66.0;Feminino;0.0;1.0;0.0;0.0;-5.8483995;-35.20713687;SPRF-RN;DEL01-RN;UOP01-DEL01-RN
574938.0;1277512.0;2024-01-15;segunda-feira;17:00:00;RN;101.0;83;NATAL;Não;Ausência de reação do condutor;1;Colisão traseira;Com Vítimas Feridas;Pleno dia;Decrescente;Céu Claro;Dupla;Viaduto;Sim;1023992.0;Motocicleta;MOTTU/SPORT 110I;2023.0;Condutor;Lesões Graves;35.0;Masculino;0.0;0.0;1.0;0.0;-5.7710445;-35.26616981;SPRF-RN;DEL02-RN;UOP01-DEL02-RN
574938.0;1277513.0;2024-01-15;segunda-feira;17:00:00;RN;101.0;83;NATAL;Não;Ausência de reação do condutor;1;Colisão traseira;Com Vítimas Feridas;Pleno dia;Decrescente;Céu Claro;Dupla;Viaduto;Sim;1023993.0;Motocicleta;HONDA/CG 160 FAN;2023.0;Condutor;Lesões Graves;30.0;Masculino;0.0;0.0;1.0;0.0;-5.7710445;-35.26616981;SPRF-RN;DEL02-RN;UOP01-DEL02-RN
574938.0;1277512.0;2024-01-15;segunda-feira;17:00:00;RN;101.0;83;NATAL;Sim;Demais falhas mecânicas ou elétricas;1;Colisão traseira;Com Vítimas Feridas;Pleno dia;Decrescente;Céu Claro;Dupla;Viaduto;Sim;1023992.0;Motocicleta;MOTTU/SPORT 110I;2023.0;Condutor;Lesões Graves;35.0;Masculino;0.0;0.0;1.0;0.0;-5.7710445;-35.26616981;SPRF-RN;DEL02-RN;UOP01-DEL02-RN
574938.0;1277513.0;2024-01-15;segunda-feira;17:00:00;RN;101.0;83;NATAL;Sim;Demais falhas mecânicas ou elétricas;1;Colisão traseira;Com Vítimas Feridas;Pleno dia;Decrescente;Céu Claro;Dupla;Viaduto;Sim;1023993.0;Motocicleta;HONDA/CG 160 FAN;2023.0;Condutor;Lesões Graves;30.0;Masculino;0.0;0.0;1.0;0.0;-5.7710445;-35.26616981;SPRF-RN;DEL02-RN;UOP01-DEL02-RN