id;pesid;data_inversa;dia_semana;horario;uf;br;km;municipio;causa_principal;causa_acidente;ordem_tipo_acidente;tipo_acidente;classificacao_acidente;fase_dia;sentido_via;condicao_metereologica;tipo_pista;tracado_via;uso_solo;id_veiculo;tipo_veiculo;marca;ano_fabricacao_veiculo;tipo_envolvido;estado_fisico;idade;sexo;ilesos;feridos_leves;feridos_graves;mortos;latitude;longitude;regional;delegacia;uop
578251.0;1285935.0;2024-01-31;quarta-feira;20:10:00;RN;226.0;4;NATAL;Sim;Acessar a via sem observar a presença dos outros veículos;1;Colisão transversal;Com Vítimas Feridas;Plena Noite;Crescente;Céu Claro;Simples;Reta;Sim;1030510.0;Motocicleta;YAMAHA/YBR 125K;2008.0;Condutor;Lesões Leves;50.0;Masculino;0.0;1.0;0.0;0.0;-5.81958019;-35.25969486;SPRF-RN;DEL01-RN;UOP02-DEL01-RN
578505.0;1286548.0;2024-02-02;sexta-feira;08:10:00;RN;101.0;98;NATAL;Sim;Ingestão de álcool pelo condutor;1;Colisão traseira;Sem Vítimas;Pleno dia;Decrescente;Céu Claro;Múltipla;Viaduto;Sim;1030990.0;Automóvel;GM/CORSA WIND;2000.0;Condutor;Ileso;33.0;Masculino;1.0;0.0;0.0;0.0;-5.86567888;-35.21651625;SPRF-RN;DEL01-RN;UOP01-DEL01-RN
578505.0;1286550.0;2024-02-02;sexta-feira;08:10:00;RN;101.0;98;NATAL;Sim;Ingestão de álcool pelo condutor;1;Colisão traseira;Sem Vítimas;Pleno dia;Decrescente;Céu Claro;Múltipla;Viaduto;Sim;1030992.0;Automóvel;VW/UP TAKE MA;2014.0;Condutor;Ileso;37.0;Masculino;1.0;0.0;0.0;0.0;-5.86567888;-35.21651625;SPRF-RN;DEL01-RN;UOP01-DEL01-RN
578898.0;1287907.0;2024-02-04;domingo;07:30:00;RN;101.0;99,8;NATAL;Sim;Ausência de reação do condutor;2;Atropelamento de Pedestre;Com Vítimas Feridas;Pleno dia;Decrescente;Céu Claro;Múltipla;"Retorno Regulamentado;Viaduto";Sim;1032038.0;Automóvel;TOYOTA/ETIOS SD XS;2013.0;Condutor;Ileso;34.0;Masculino;1.0;0.0;0.0;0.0;-5.87591697;-35.22191232;SPRF-RN;DEL01-RN;UOP01-DEL01-RN
578898.0;1287909.0;2024-02-04;domingo;07:30:00;RN;101.0;99,8;NATAL;Sim;Ausência de reação do condutor;2;Atropelamento de Pedestre;Com Vítimas Feridas;Pleno dia;Decrescente;Céu Claro;Múltipla;"Retorno Regulamentado;Viaduto";Sim;;;NA/NA;;Pedestre;Lesões Leves;65.0;Masculino;0.0;1.0;0.0;0.0;-5.87591697;-35.22191232;SPRF-RN;DEL01-RN;UOP01-DEL01-RN
578898.0;1287907.0;2024-02-04;domingo;07:30:00;RN;101.0;99,8;NATAL;Sim;Ausência de reação do condutor;1;Saída de leito carroçável;Com Vítimas Feridas;Pleno dia;Decrescente;Céu Claro;Múltipla;"Retorno Regulamentado;Viaduto";Sim;1032038.0;Automóvel;TOYOTA/ETIOS SD XS;2013.0;Condutor;Ileso;34.0;Masculino;1.0;0.0;0.0;0.0;-5.87591697;-35.22191232;SPRF-RN;DEL01-RN;UOP01-DEL01-RN
578898.0;1287909.0;2024-02-04;domingo;07:30:00;RN;101.0;99,8;NATAL;Sim;Ausência de reação do condutor;1;Saída de leito carroçável;Com Vítimas Feridas;Pleno dia;Decrescente;Céu Claro;Múltipla;"Retorno Regulamentado;Viaduto";Sim;;;NA/NA;;Pedestre;Lesões Leves;65.0;Masculino;0.0;1.0;0.0;0.0;-5.87591697;-35.22191232;SPRF-RN;DEL01-RN;UOP01-DEL01-RN
579189.0;1288225.0;2024-02-05;segunda-feira;15:10:00;RN;101.0;94,7;NATAL;Sim;Condutor deixou de manter distância do veículo da frente;1;Colisão traseira;Sem Vítimas;Pleno dia;Crescente;Céu Claro;Dupla;Reta;Sim;1032269.0;Caminhonete;VW/SAVEIRO 1.6 CE CROSS;2013.0;Condutor;Ileso;69.0;Masculino;1.0;0.0;0.0;0.0;-5.83176615;-35.21191342;SPRF-RN;DEL01-RN;UOP01-DEL01-RN
579189.0;1288226.0;2024-02-05;segunda-feira;15:10:00;RN;101.0;94,7;NATAL;Sim;Condutor deixou de manter distância do veículo da frente;1;Colisão traseira;Sem Vítimas;Pleno dia;Crescente;Céu Claro;Dupla;Reta;Sim;1032270.0;Utilitário;MMC/PAJERO DAKAR HPE D;2014.0;Condutor;Ileso;47.0;Masculino;1.0;0.0;0.0;0.0;-5.83176615;-35.21191342;SPRF-RN;DEL01-RN;UOP01-DEL01-RN
579398.0;1288850.0;2024-02-06;terça-feira;14:45:00;RN;101.0;97,9;NATAL;Sim;Acumulo de areia ou detritos sobre o pavimento;1;Colisão traseira;Com Vítimas Feridas;Pleno dia;Decrescente;Céu Claro;Múltipla;Reta;Sim;1032784.0;Motocicleta;HONDA/CB 300R;2011.0;Condutor;Lesões Leves;31.0;Masculino;0.0;1.0;0.0;0.0;-5.85758898;-35.21271205;SPRF-RN;DEL01-RN;UOP01-DEL01-RN
579398.0;1288848.0;2024-02-06;terça-feira;14:45:00;RN;101.0;97,9;NATAL;Sim;Acumulo de areia ou detritos sobre o pavimento;1;Colisão traseira;Com Vítimas Feridas;Pleno dia;Decrescente;Céu Claro;Múltipla;Reta;Sim;1032783.0;Caminhão;M.BENZ/712 C;2000.0;Condutor;Ileso;32.0;Masculino;1.0;0.0;0.0;0.0;-5.85758898;-35.21271205;SPRF-RN;DEL01-RN;UOP01-DEL01-RN
579470.0;1288881.0;2024-02-06;terça-feira;21:20:00;RN;101.0;95;NATAL;Sim;Manobra de mudança de faixa;1;Colisão traseira;Com Vítimas Feridas;Plena Noite;Decrescente;Céu Claro;Múltipla;Reta;Sim;1032802.0;Ciclomotor;I/SHINERAY XY50Q PHOENIX;2013.0;Condutor;Ileso;33.0;Masculino;1.0;0.0;0.0;0.0;-5.84076841;-35.21035949;SPRF-RN;DEL01-RN;UOP01-DEL01-RN
579470.0;1288882.0;2024-02-06;terça-feira;21:20:00;RN;101.0;95;NATAL;Sim;Manobra de mudança de faixa;1;Colisão traseira;Com Vítimas Feridas;Plena Noite;Decrescente;Céu Claro;Múltipla;Reta;Sim;1032802.0;Ciclomotor;I/SHINERAY XY50Q PHOENIX;2013.0;Passageiro;Lesões Leves;38.0;Feminino;0.0;1.0;0.0;0.0;-5.84076841;-35.21035949;SPRF-RN;DEL01-RN;UOP01-DEL01-RN
579470.0;1288873.0;2024-02-06;terça-feira;21:20:00;RN;101.0;95;NATAL;Sim;Manobra de mudança de faixa;1;Colisão traseira;Com Vítimas Feridas;Plena Noite;Decrescente;Céu Claro;Múltipla;Reta;Sim;1032803.0;Automóvel;VW/POLO MCA;2019.0;Condutor;Ileso;63.0;Masculino;1.0;0.0;0.0;0.0;-5.84076841;-35.21035949;SPRF-RN;DEL01-RN;UOP01-DEL01-RN
579514.0;1289032.0;2024-02-07;quarta-feira;07:24:00;RN;101.0;98;NATAL;Sim;Condutor deixou de manter distância do veículo da frente;1;Colisão traseira;Sem Vítimas;Pleno dia;Decrescente;Céu Claro;Múltipla;Reta;Sim;1032932.0;Automóvel;FORD/KA SE 1.5 HA B;2018.0;Condutor;Ileso;30.0;Feminino;1.0;0.0;0.0;0.0;-5.86567888;-35.21651625;SPRF-RN;DEL01-RN;UOP01-DEL01-RN
579514.0;1289033.0;2024-02-07;quarta-feira;07:24:00;RN;101.0;98;NATAL;Sim;Condutor deixou de manter distância do veículo da frente;1;Colisão traseira;Sem Vítimas;Pleno dia;Decrescente;Céu Claro;Múltipla;Reta;Sim;1032933.0;Automóvel;FIAT/UNO MILLE FIRE FLEX;2007.0;Condutor;Ileso;37.0;Masculino;1.0;0.0;0.0;0.0;-5.86567888;-35.21651625;SPRF-RN;DEL01-RN;UOP01-DEL01-RN
579794.0;1289677.0;2024-02-08;quinta-feira;14:10:00;RN;101.0;85;NATAL;Sim;Reação tardia ou ineficiente do condutor;1;Colisão traseira;Sem Vítimas;Pleno dia;Crescente;Céu Claro;Múltipla;"Reta;Declive;Viaduto";Sim;1033440.0;Caminhonete;I/NISSAN FRONTIER ATK X4;2022.0;Condutor;Ileso;31.0;Feminino;1.0;0.0;0.0;0.0;-5.7710445;-35.26616981;SPRF-RN;DEL02-RN;UOP01-DEL02-RN
579794.0;1289675.0;2024-02-08;quinta-feira;14:10:00;RN;101.0;85;NATAL;Sim;Reação tardia ou ineficiente do condutor;1;Colisão traseira;Sem Vítimas;Pleno dia;Crescente;Céu Claro;Múltipla;"Reta;Declive;Viaduto";Sim;1033439.0;Automóvel;HYUNDAI/HB20 1.0M UNIQUE;2018.0;Condutor;Ileso;43.0;Feminino;1.0;0.0;0.0;0.0;-5.7710445;-35.26616981;SPRF-RN;DEL02-RN;UOP01-DEL02-RN
579940.0;1290010.0;2024-02-09;sexta-feira;07:10:00;RN;101.0;77;NATAL;Sim;Ausência de reação do condutor;2;Queda de ocupante de veículo;Com Vítimas Feridas;Pleno dia;Decrescente;Céu Claro;Dupla;Reta;Não;1033677.0;Carroça-charrete;Não Informado/Não Informado;0.0;Passageiro;Lesões Leves;17.0;Masculino;0.0;1.0;0.0;0.0;-5.73180495;-35.29112135;SPRF-RN;DEL02-RN;UOP01-DEL02-RN
579940.0;1290161.0;2024-02-09;sexta-feira;07:10:00;RN;101.0;77;NATAL;Sim;Ausência de reação do condutor;2;Queda de ocupante de veículo;Com Vítimas Feridas;Pleno dia;Decrescente;Céu Claro;Dupla;Reta;Não;1033677.0;Carroça-charrete;Não Informado/Não Informado;0.0;Condutor;Ileso;48.0;Masculino;1.0;0.0;0.0;0.0;-5.73180495;-35.29112135;SPRF-RN;DEL02-RN;UOP01-DEL02-RN
579940.0;1290005.0;2024-02-09;sexta-feira;07:10:00;RN;101.0;77;NATAL;Sim;Ausência de reação do condutor;2;Queda de ocupante de veículo;Com Vítimas Feridas;Pleno dia;Decrescente;Céu Claro;Dupla;Reta;Não;1033676.0;Automóvel;Não Informado/Não Informado;0.0;Condutor;Não Informado;;Não Informado;0.0;0.0;0.0;0.0;-5.73180495;-35.29112135;SPRF-RN;DEL02-RN;UOP01-DEL02-RN
579940.0;1290010.0;2024-02-09;sexta-feira;07:10:00;RN;101.0;77;NATAL;Sim;Ausência de reação do condutor;1;Colisão traseira;Com Vítimas Feridas;Pleno dia;Decrescente;Céu Claro;Dupla;Reta;Não;1033677.0;Carroça-charrete;Não Informado/Não Informado;0.0;Passageiro;Lesões Leves;17.0;Masculino;0.0;1.0;0.0;0.0;-5.73180495;-35.29112135;SPRF-RN;DEL02-RN;UOP01-DEL02-RN
579940.0;1290161.0;2024-02-09;sexta-feira;07:10:00;RN;101.0;77;NATAL;Sim;Ausência de reação do condutor;1;Colisão traseira;Com Vítimas Feridas;Pleno dia;Decrescente;Céu Claro;Dupla;Reta;Não;1033677.0;Carroça-charrete;Não Informado/Não Informado;0.0;Condutor;Ileso;48.0;Masculino;1.0;0.0;0.0;0.0;-5.73180495;-35.29112135;SPRF-RN;DEL02-RN;UOP01-DEL02-RN
579940.0;1290005.0;2024-02-09;sexta-feira;07:10:00;RN;101.0;77;NATAL;Sim;Ausência de reação do condutor;1;Colisão traseira;Com Vítimas Feridas;Pleno dia;Decrescente;Céu Claro;Dupla;Reta;Não;1033676.0;Automóvel;Não Informado/Não Informado;0.0;Condutor;Não Informado;;Não Informado;0.0;0.0;0.0;0.0;-5.73180495;-35.29112135;SPRF-RN;DEL02-RN;UOP01-DEL02-RN
580035.0;1290221.0;2024-02-09;sexta-feira;15:15:00;RN;101.0;80;NATAL;Sim;Ausência de reação do condutor;2;Queda de ocupante de veículo;Com Vítimas Feridas;Pleno dia;Decrescente;Céu Claro;Dupla;Reta;Sim;1033851.0;Motocicleta;HONDA/CG 160 START;2024.0;Passageiro;Lesões Leves;36.0;Feminino;0.0;1.0;0.0;0.0;-5.75852229;-35.28806121;SPRF-RN;DEL02-RN;UOP01-DEL02-RN
580035.0;1290220.0;2024-02-09;sexta-feira;15:15:00;RN;101.0;80;NATAL;Sim;Ausência de reação do condutor;2;Queda de ocupante de veículo;Com Vítimas Feridas;Pleno dia;Decrescente;Céu Claro;Dupla;Reta;Sim;1033851.0;Motocicleta;HONDA/CG 160 START;2024.0;Condutor;Lesões Leves;34.0;Masculino;0.0;1.0;0.0;0.0;-5.75852229;-35.28806121;SPRF-RN;DEL02-RN;UOP01-DEL02-RN
580035.0;1290214.0;2024-02-09;sexta-feira;15:15:00;RN;101.0;80;NATAL;Sim;Ausência de reação do condutor;2;Queda de ocupante de veículo;Com Vítimas Feridas;Pleno dia;Decrescente;Céu Claro;Dupla;Reta;Sim;1033849.0;Automóvel;VW/LOGUS GL;1993.0;Condutor;Ileso;74.0;Masculino;1.0;0.0;0.0;0.0;-5.75852229;-35.28806121;SPRF-RN;DEL02-RN;UOP01-DEL02-RN
580035.0;1290221.0;2024-02-09;sexta-feira;15:15:00;RN;101.0;80;NATAL;Sim;Ausência de reação do condutor;1;Colisão traseira;Com Vítimas Feridas;Pleno dia;Decrescente;Céu Claro;Dupla;Reta;Sim;1033851.0;Motocicleta;HONDA/CG 160 START;2024.0;Passageiro;Lesões Leves;36.0;Feminino;0.0;1.0;0.0;0.0;-5.75852229;-35.28806121;SPRF-RN;DEL02-RN;UOP01-DEL02-RN
580035.0;1290220.0;2024-02-09;sexta-feira;15:15:00;RN;101.0;80;NATAL;Sim;Ausência de reação do condutor;1;Colisão traseira;Com Vítimas Feridas;Pleno dia;Decrescente;Céu Claro;Dupla;Reta;Sim;1033851.0;Motocicleta;HONDA/CG 160 START;2024.0;Condutor;Lesões Leves;34.0;Masculino;0.0;1.0;0.0;0.0;-5.75852229;-35.28806121;SPRF-RN;DEL02-RN;UOP01-DEL02-RN
580035.0;1290214.0;2024-02-09;sexta-feira;15:15:00;RN;101.0;80;NATAL;Sim;Ausência de reação do condutor;1;Colisão traseira;Com Vítimas Feridas;Pleno dia;Decrescente;Céu Claro;Dupla;Reta;Sim;1033849.0;Automóvel;VW/LOGUS GL;1993.0;Condutor;Ileso;74.0;Masculino;1.0;0.0;0.0;0.0;-5.75852229;-35.28806121;SPRF-RN;DEL02-RN;UOP01-DEL02-RN
580372.0;1291183.0;2024-02-10;sábado;20:50:00;RN;101.0;97,1;NATAL;Sim;Pedestre cruzava a pista fora da faixa;1;Atropelamento de Pedestre;Com Vítimas Feridas;Plena Noite;Decrescente;Céu Claro;Múltipla;Reta;Sim;1034593.0;Caminhonete;I/TOYOTA HILUX CD4X4 SRV;2009.0;Passageiro;Ileso;29.0;Masculino;1.0;0.0;0.0;0.0;-5.85691522;-35.21238689;SPRF-RN;DEL01-RN;UOP01-DEL01-RN
580372.0;1291182.0;2024-02-10;sábado;20:50:00;RN;101.0;97,1;NATAL;Sim;Pedestre cruzava a pista fora da faixa;1;Atropelamento de Pedestre;Com Vítimas Feridas;Plena Noite;Decrescente;Céu Claro;Múltipla;Reta;Sim;1034593.0;Caminhonete;I/TOYOTA HILUX CD4X4 SRV;2009.0;Passageiro;Ileso;27.0;Masculino;1.0;0.0;0.0;0.0;-5.85691522;-35.21238689;SPRF-RN;DEL01-RN;UOP01-DEL01-RN
580372.0;1291178.0;2024-02-10;sábado;20:50:00;RN;101.0;97,1;NATAL;Sim;Pedestre cruzava a pista fora da faixa;1;Atropelamento de Pedestre;Com Vítimas Feridas;Plena Noite;Decrescente;Céu Claro;Múltipla;Reta;Sim;1034593.0;Caminhonete;I/TOYOTA HILUX CD4X4 SRV;2009.0;Condutor;Ileso;49.0;Masculino;1.0;0.0;0.0;0.0;-5.85691522;-35.21238689;SPRF-RN;DEL01-RN;UOP01-DEL01-RN
580372.0;1291190.0;2024-02-10;sábado;20:50:00;RN;101.0;97,1;NATAL;Sim;Pedestre cruzava a pista fora da faixa;1;Atropelamento de Pedestre;Com Vítimas Feridas;Plena Noite;Decrescente;Céu Claro;Múltipla;Reta;Sim;;;NA/NA;;Pedestre;Lesões Graves;46.0;Masculino;0.0;0.0;1.0;0.0;-5.85691522;-35.21238689;SPRF-RN;DEL01-RN;UOP01-DEL01-RN
581614.0;1296095.0;2024-02-17;sábado;06:00:00;RN;101.0;77;NATAL;Não;Reação tardia ou ineficiente do condutor;3;Queda de ocupante de veículo;Com Vítimas Feridas;Amanhecer;Decrescente;Céu Claro;Dupla;Reta;Sim;1038130.0;Automóvel;FIAT/UNO ELECTRONIC;1995.0;Condutor;Ileso;48.0;Masculino;1.0;0.0;0.0;0.0;-5.73180495;-35.29112135;SPRF-RN;DEL02-RN;UOP01-DEL02-RN
581614.0;1296099.0;2024-02-17;sábado;06:00:00;RN;101.0;77;NATAL;Não;Reação tardia ou ineficiente do condutor;3;Queda de ocupante de veículo;Com Vítimas Feridas;Amanhecer;Decrescente;Céu Claro;Dupla;Reta;Sim;1038131.0;Motocicleta;HONDA/XR 250 TORNADO;2007.0;Condutor;Lesões Leves;30.0;Masculino;0.0;1.0;0.0;0.0;-5.73180495;-35.29112135;SPRF-RN;DEL02-RN;UOP01-DEL02-RN
581614.0;1296095.0;2024-02-17;sábado;06:00:00;RN;101.0;77;NATAL;Sim;Transitar na contramão;3;Queda de ocupante de veículo;Com Vítimas Feridas;Amanhecer;Decrescente;Céu Claro;Dupla;Reta;Sim;1038130.0;Automóvel;FIAT/UNO ELECTRONIC;1995.0;Condutor;Ileso;48.0;Masculino;1.0;0.0;0.0;0.0;-5.73180495;-35.29112135;SPRF-RN;DEL02-RN;UOP01-DEL02-RN
581614.0;1296099.0;2024-02-17;sábado;06:00:00;RN;101.0;77;NATAL;Sim;Transitar na contramão;3;Queda de ocupante de veículo;Com Vítimas Feridas;Amanhecer;Decrescente;Céu Claro;Dupla;Reta;Sim;1038131.0;Motocicleta;HONDA/XR 250 TORNADO;2007.0;Condutor;Lesões Leves;30.0;Masculino;0.0;1.0;0.0;0.0;-5.73180495;-35.29112135;SPRF-RN;DEL02-RN;UOP01-DEL02-RN
581614.0;1296095.0;2024-02-17;sábado;06:00:00;RN;101.0;77;NATAL;Não;Reação tardia ou ineficiente do condutor;2;Tombamento;Com Vítimas Feridas;Amanhecer;Decrescente;Céu Claro;Dupla;Reta;Sim;1038130.0;Automóvel;FIAT/UNO ELECTRONIC;1995.0;Condutor;Ileso;48.0;Masculino;1.0;0.0;0.0;0.0;-5.73180495;-35.29112135;SPRF-RN;DEL02-RN;UOP01-DEL02-RN
581614.0;1296099.0;2024-02-17;sábado;06:00:00;RN;101.0;77;NATAL;Não;Reação tardia ou ineficiente do condutor;2;Tombamento;Com Vítimas Feridas;Amanhecer;Decrescente;Céu Claro;Dupla;Reta;Sim;1038131.0;Motocicleta;HONDA/XR 250 TORNADO;2007.0;Condutor;Lesões Leves;30.0;Masculino;0.0;1.0;0.0;0.0;-5.73180495;-35.29112135;SPRF-RN;DEL02-RN;UOP01-DEL02-RN
581614.0;1296095.0;2024-02-17;sábado;06:00:00;RN;101.0;77;NATAL;Sim;Transitar na contramão;2;Tombamento;Com Vítimas Feridas;Amanhecer;Decrescente;Céu Claro;Dupla;Reta;Sim;1038130.0;Automóvel;FIAT/UNO ELECTRONIC;1995.0;Condutor;Ileso;48.0;Masculino;1.0;0.0;0.0;0.0;-5.73180495;-35.29112135;SPRF-RN;DEL02-RN;UOP01-DEL02-RN
581614.0;1296099.0;2024-02-17;sábado;06:00:00;RN;101.0;77;NATAL;Sim;Transitar na contramão;2;Tombamento;Com Vítimas Feridas;Amanhecer;Decrescente;Céu Claro;Dupla;Reta;Sim;1038131.0;Motocicleta;HONDA/XR 250 TORNADO;2007.0;Condutor;Lesões Leves;30.0;Masculino;0.0;1.0;0.0;0.0;-5.73180495;-35.29112135;SPRF-RN;DEL02-RN;UOP01-DEL02-RN
581614.0;1296095.0;2024-02-17;sábado;06:00:00;RN;101.0;77;NATAL;Não;Reação tardia ou ineficiente do condutor;1;Colisão frontal;Com Vítimas Feridas;Amanhecer;Decrescente;Céu Claro;Dupla;Reta;Sim;1038130.0;Automóvel;FIAT/UNO ELECTRONIC;1995.0;Condutor;Ileso;48.0;Masculino;1.0;0.0;0.0;0.0;-5.73180495;-35.29112135;SPRF-RN;DEL02-RN;UOP01-DEL02-RN
581614.0;1296099.0;2024-02-17;sábado;06:00:00;RN;101.0;77;NATAL;Não;Reação tardia ou ineficiente do condutor;1;Colisão frontal;Com Vítimas Feridas;Amanhecer;Decrescente;Céu Claro;Dupla;Reta;Sim;1038131.0;Motocicleta;HONDA/XR 250 TORNADO;2007.0;Condutor;Lesões Leves;30.0;Masculino;0.0;1.0;0.0;0.0;-5.73180495;-35.29112135;SPRF-RN;DEL02-RN;UOP01-DEL02-RN
581614.0;1296095.0;2024-02-17;sábado;06:00:00;RN;101.0;77;NATAL;Sim;Transitar na contramão;1;Colisão frontal;Com Vítimas Feridas;Amanhecer;Decrescente;Céu Claro;Dupla;Reta;Sim;1038130.0;Automóvel;FIAT/UNO ELECTRONIC;1995.0;Condutor;Ileso;48.0;Masculino;1.0;0.0;0.0;0.0;-5.73180495;-35.29112135;SPRF-RN;DEL02-RN;UOP01-DEL02-RN
581614.0;1296099.0;2024-02-17;sábado;06:00:00;RN;101.0;77;NATAL;Sim;Transitar na contramão;1;Colisão frontal;Com Vítimas Feridas;Amanhecer;Decrescente;Céu Claro;Dupla;Reta;Sim;1038131.0;Motocicleta;HONDA/XR 250 TORNADO;2007.0;Condutor;Lesões Leves;30.0;Masculino;0.0;1.0;0.0;0.0;-5.73180495;-35.29112135;SPRF-RN;DEL02-RN;UOP01-DEL02-RN
582313.0;1296132.0;2024-02-20;terça-feira;21:30:00;RN;101.0;77,7;NATAL;Não;Conversão proibida;3;Queda de ocupante de veículo;Com Vítimas Feridas;Plena Noite;Decrescente;Garoa/Chuvisco;Simples;Reta;Sim;1038155.0;Motocicleta;HONDA/CG 125 FAN KS;2010.0;Condutor;Lesões Leves;46.0;Masculino;0.0;1.0;0.0;0.0;-5.73180495;-35.29112135;SPRF-RN;DEL02-RN;UOP01-DEL02-RN
582313.0;1296131.0;2024-02-20;terça-feira;21:30:00;RN;101.0;77,7;NATAL;Não;Conversão proibida;3;Queda de ocupante de veículo;Com Vítimas Feridas;Plena Noite;Decrescente;Garoa/Chuvisco;Simples;Reta;Sim;1038154.0;Motocicleta;JTA/SUZUKI INTRUDER 125C;2011.0;Condutor;Lesões Leves;24.0;Masculino;0.0;1.0;0.0;0.0;-5.73180495;-35.29112135;SPRF-RN;DEL02-RN;UOP01-DEL02-RN
582313.0;1296132.0;2024-02-20;terça-feira;21:30:00;RN;101.0;77,7;NATAL;Não;Acesso irregular;3;Queda de ocupante de veículo;Com Vítimas Feridas;Plena Noite;Decrescente;Garoa/Chuvisco;Simples;Reta;Sim;1038155.0;Motocicleta;HONDA/CG 125 FAN KS;2010.0;Condutor;Lesões Leves;46.0;Masculino;0.0;1.0;0.0;0.0;-5.73180495;-35.29112135;SPRF-RN;DEL02-RN;UOP01-DEL02-RN
582313.0;1296131.0;2024-02-20;terça-feira;21:30:00;RN;101.0;77,7;NATAL;Não;Acesso irregular;3;Queda de ocupante de veículo;Com Vítimas Feridas;Plena Noite;Decrescente;Garoa/Chuvisco;Simples;Reta;Sim;1038154.0;Motocicleta;JTA/SUZUKI INTRUDER 125C;2011.0;Condutor;Lesões Leves;24.0;Masculino;0.0;1.0;0.0;0.0;-5.73180495;-35.29112135;SPRF-RN;DEL02-RN;UOP01-DEL02-RN
582313.0;1296132.0;2024-02-20;terça-feira;21:30:00;RN;101.0;77,7;NATAL;Sim;Objeto estático sobre o leito carroçável;3;Queda de ocupante de veículo;Com Vítimas Feridas;Plena Noite;Decrescente;Garoa/Chuvisco;Simples;Reta;Sim;1038155.0;Motocicleta;HONDA/CG 125 FAN KS;2010.0;Condutor;Lesões Leves;46.0;Masculino;0.0;1.0;0.0;0.0;-5.73180495;-35.29112135;SPRF-RN;DEL02-RN;UOP01-DEL02-RN
582313.0;1296131.0;2024-02-20;terça-feira;21:30:00;RN;101.0;77,7;NATAL;Sim;Objeto estático sobre o leito carroçável;3;Queda de ocupante de veículo;Com Vítimas Feridas;Plena Noite;Decrescente;Garoa/Chuvisco;Simples;Reta;Sim;1038154.0;Motocicleta;JTA/SUZUKI INTRUDER 125C;2011.0;Condutor;Lesões Leves;24.0;Masculino;0.0;1.0;0.0;0.0;-5.73180495;-35.29112135;SPRF-RN;DEL02-RN;UOP01-DEL02-RN
582313.0;1296132.0;2024-02-20;terça-feira;21:30:00;RN;101.0;77,7;NATAL;Não;Conversão proibida;2;Tombamento;Com Vítimas Feridas;Plena Noite;Decrescente;Garoa/Chuvisco;Simples;Reta;Sim;1038155.0;Motocicleta;HONDA/CG 125 FAN KS;2010.0;Condutor;Lesões Leves;46.0;Masculino;0.0;1.0;0.0;0.0;-5.73180495;-35.29112135;SPRF-RN;DEL02-RN;UOP01-DEL02-RN
582313.0;1296131.0;2024-02-20;terça-feira;21:30:00;RN;101.0;77,7;NATAL;Não;Conversão proibida;2;Tombamento;Com Vítimas Feridas;Plena Noite;Decrescente;Garoa/Chuvisco;Simples;Reta;Sim;1038154.0;Motocicleta;JTA/SUZUKI INTRUDER 125C;2011.0;Condutor;Lesões Leves;24.0;Masculino;0.0;1.0;0.0;0.0;-5.73180495;-35.29112135;SPRF-RN;DEL02-RN;UOP01-DEL02-RN
582313.0;1296132.0;2024-02-20;terça-feira;21:30:00;RN;101.0;77,7;NATAL;Não;Acesso irregular;2;Tombamento;Com Vítimas Feridas;Plena Noite;Decrescente;Garoa/Chuvisco;Simples;Reta;Sim;1038155.0;Motocicleta;HONDA/CG 125 FAN KS;2010.0;Condutor;Lesões Leves;46.0;Masculino;0.0;1.0;0.0;0.0;-5.73180495;-35.29112135;SPRF-RN;DEL02-RN;UOP01-DEL02-RN
582313.0;1296131.0;2024-02-20;terça-feira;21:30:00;RN;101.0;77,7;NATAL;Não;Acesso irregular;2;Tombamento;Com Vítimas Feridas;Plena Noite;Decrescente;Garoa/Chuvisco;Simples;Reta;Sim;1038154.0;Motocicleta;JTA/SUZUKI INTRUDER 125C;2011.0;Condutor;Lesões Leves;24.0;Masculino;0.0;1.0;0.0;0.0;-5.73180495;-35.29112135;SPRF-RN;DEL02-RN;UOP01-DEL02-RN
582313.0;1296132.0;2024-02-20;terça-feira;21:30:00;RN;101.0;77,7;NATAL;Sim;Objeto estático sobre o leito carroçável;2;Tombamento;Com Vítimas Feridas;Plena Noite;Decrescente;Garoa/Chuvisco;Simples;Reta;Sim;1038155.0;Motocicleta;HONDA/CG 125 FAN KS;2010.0;Condutor;Lesões Leves;46.0;Masculino;0.0;1.0;0.0;0.0;-5.73180495;-35.29112135;SPRF-RN;DEL02-RN;UOP01-DEL02-RN
582313.0;1296131.0;2024-02-20;terça-feira;21:30:00;RN;101.0;77,7;NATAL;Sim;Objeto estático sobre o leito carroçável;2;Tombamento;Com Vítimas Feridas;Plena Noite;Decrescente;Garoa/Chuvisco;Simples;Reta;Sim;1038154.0;Motocicleta;JTA/SUZUKI INTRUDER 125C;2011.0;Condutor;Lesões Leves;24.0;Masculino;0.0;1.0;0.0;0.0;-5.73180495;-35.29112135;SPRF-RN;DEL02-RN;UOP01-DEL02-RN
582313.0;1296132.0;2024-02-20;terça-feira;21:30:00;RN;101.0;77,7;NATAL;Não;Conversão proibida;1;Colisão transversal;Com Vítimas Feridas;Plena Noite;Decrescente;Garoa/Chuvisco;Simples;Reta;Sim;1038155.0;Motocicleta;HONDA/CG 125 FAN KS;2010.0;Condutor;Lesões Leves;46.0;Masculino;0.0;1.0;0.0;0.0;-5.73180495;-35.29112135;SPRF-RN;DEL02-RN;UOP01-DEL02-RN