id;pesid;data_inversa;dia_semana;horario;uf;br;km;municipio;causa_principal;causa_acidente;ordem_tipo_acidente;tipo_acidente;classificacao_acidente;fase_dia;sentido_via;condicao_metereologica;tipo_pista;tracado_via;uso_solo;id_veiculo;tipo_veiculo;marca;ano_fabricacao_veiculo;tipo_envolvido;estado_fisico;idade;sexo;ilesos;feridos_leves;feridos_graves;mortos;latitude;longitude;regional;delegacia;uop
582313.0;1296131.0;2024-02-20;terça-feira;21:30:00;RN;101.0;77,7;NATAL;Não;Conversão proibida;1;Colisão transversal;Com Vítimas Feridas;Plena Noite;Decrescente;Garoa/Chuvisco;Simples;Reta;Sim;1038154.0;Motocicleta;JTA/SUZUKI INTRUDER 125C;2011.0;Condutor;Lesões Leves;24.0;Masculino;0.0;1.0;0.0;0.0;-5.73180495;-35.29112135;SPRF-RN;DEL02-RN;UOP01-DEL02-RN
582313.0;1296132.0;2024-02-20;terça-feira;21:30:00;RN;101.0;77,7;NATAL;Não;Acesso irregular;1;Colisão transversal;Com Vítimas Feridas;Plena Noite;Decrescente;Garoa/Chuvisco;Simples;Reta;Sim;1038155.0;Motocicleta;HONDA/CG 125 FAN KS;2010.0;Condutor;Lesões Leves;46.0;Masculino;0.0;1.0;0.0;0.0;-5.73180495;-35.29112135;SPRF-RN;DEL02-RN;UOP01-DEL02-RN
582313.0;1296131.0;2024-02-20;terça-feira;21:30:00;RN;101.0;77,7;NATAL;Não;Acesso irregular;1;Colisão transversal;Com Vítimas Feridas;Plena Noite;Decrescente;Garoa/Chuvisco;Simples;Reta;Sim;1038154.0;Motocicleta;JTA/SUZUKI INTRUDER 125C;2011.0;Condutor;Lesões Leves;24.0;Masculino;0.0;1.0;0.0;0.0;-5.73180495;-35.29112135;SPRF-RN;DEL02-RN;UOP01-DEL02-RN
582313.0;1296132.0;2024-02-20;terça-feira;21:30:00;RN;101.0;77,7;NATAL;Sim;Objeto estático sobre o leito carroçável;1;Colisão transversal;Com Vítimas Feridas;Plena Noite;Decrescente;Garoa/Chuvisco;Simples;Reta;Sim;1038155.0;Motocicleta;HONDA/CG 125 FAN KS;2010.0;Condutor;Lesões Leves;46.0;Masculino;0.0;1.0;0.0;0.0;-5.73180495;-35.29112135;SPRF-RN;DEL02-RN;UOP01-DEL02-RN
582313.0;1296131.0;2024-02-20;terça-feira;21:30:00;RN;101.0;77,7;NATAL;Sim;Objeto estático sobre o leito carroçável;1;Colisão transversal;Com Vítimas Feridas;Plena Noite;Decrescente;Garoa/Chuvisco;Simples;Reta;Sim;1038154.0;Motocicleta;JTA/SUZUKI INTRUDER 125C;2011.0;Condutor;Lesões Leves;24.0;Masculino;0.0;1.0;0.0;0.0;-5.73180495;-35.29112135;SPRF-RN;DEL02-RN;UOP01-DEL02-RN
582521.0;1296626.0;2024-01-24;quarta-feira;19:43:00;RN;101.0;95;NATAL;Sim;Reação tardia ou ineficiente do condutor;3;Tombamento;Com Vítimas Feridas;Plena Noite;Crescente;Céu Claro;Dupla;Reta;Não;1038578.0;Automóvel;CHEVROLET/COBALT 18M LTZ;2016.0;Condutor;Ileso;46.0;Masculino;1.0;0.0;0.0;0.0;-5.84059316;-35.21077394;SPRF-RN;DEL01-RN;UOP01-DEL01-RN
582521.0;1296627.0;2024-01-24;quarta-feira;19:43:00;RN;101.0;95;NATAL;Sim;Reação tardia ou ineficiente do condutor;3;Tombamento;Com Vítimas Feridas;Plena Noite;Crescente;Céu Claro;Dupla;Reta;Não;1038579.0;Motocicleta;YAMAHA/FZ25 FAZER;2021.0;Condutor;Lesões Graves;36.0;Feminino;0.0;0.0;1.0;0.0;-5.84059316;-35.21077394;SPRF-RN;DEL01-RN;UOP01-DEL01-RN
582521.0;1296626.0;2024-01-24;quarta-feira;19:43:00;RN;101.0;95;NATAL;Sim;Reação tardia ou ineficiente do condutor;2;Queda de ocupante de veículo;Com Vítimas Feridas;Plena Noite;Crescente;Céu Claro;Dupla;Reta;Não;1038578.0;Automóvel;CHEVROLET/COBALT 18M LTZ;2016.0;Condutor;Ileso;46.0;Masculino;1.0;0.0;0.0;0.0;-5.84059316;-35.21077394;SPRF-RN;DEL01-RN;UOP01-DEL01-RN
582521.0;1296627.0;2024-01-24;quarta-feira;19:43:00;RN;101.0;95;NATAL;Sim;Reação tardia ou ineficiente do condutor;2;Queda de ocupante de veículo;Com Vítimas Feridas;Plena Noite;Crescente;Céu Claro;Dupla;Reta;Não;1038579.0;Motocicleta;YAMAHA/FZ25 FAZER;2021.0;Condutor;Lesões Graves;36.0;Feminino;0.0;0.0;1.0;0.0;-5.84059316;-35.21077394;SPRF-RN;DEL01-RN;UOP01-DEL01-RN
582521.0;1296626.0;2024-01-24;quarta-feira;19:43:00;RN;101.0;95;NATAL;Sim;Reação tardia ou ineficiente do condutor;1;Colisão traseira;Com Vítimas Feridas;Plena Noite;Crescente;Céu Claro;Dupla;Reta;Não;1038578.0;Automóvel;CHEVROLET/COBALT 18M LTZ;2016.0;Condutor;Ileso;46.0;Masculino;1.0;0.0;0.0;0.0;-5.84059316;-35.21077394;SPRF-RN;DEL01-RN;UOP01-DEL01-RN
582521.0;1296627.0;2024-01-24;quarta-feira;19:43:00;RN;101.0;95;NATAL;Sim;Reação tardia ou ineficiente do condutor;1;Colisão traseira;Com Vítimas Feridas;Plena Noite;Crescente;Céu Claro;Dupla;Reta;Não;1038579.0;Motocicleta;YAMAHA/FZ25 FAZER;2021.0;Condutor;Lesões Graves;36.0;Feminino;0.0;0.0;1.0;0.0;-5.84059316;-35.21077394;SPRF-RN;DEL01-RN;UOP01-DEL01-RN
582590.0;1296777.0;2024-01-09;terça-feira;10:40:00;RN;101.0;77;NATAL;Sim;Ausência de reação do condutor;1;Colisão traseira;Com Vítimas Feridas;Pleno dia;Decrescente;Céu Claro;Múltipla;Reta;Sim;1038717.0;Motocicleta;HONDA/NXR 160 BROS;2015.0;Passageiro;Lesões Graves;60.0;Feminino;0.0;0.0;1.0;0.0;-5.73180495;-35.29112135;SPRF-RN;DEL02-RN;UOP01-DEL02-RN
582590.0;1296778.0;2024-01-09;terça-feira;10:40:00;RN;101.0;77;NATAL;Sim;Ausência de reação do condutor;1;Colisão traseira;Com Vítimas Feridas;Pleno dia;Decrescente;Céu Claro;Múltipla;Reta;Sim;1038717.0;Motocicleta;HONDA/NXR 160 BROS;2015.0;Condutor;Lesões Graves;35.0;Masculino;0.0;0.0;1.0;0.0;-5.73180495;-35.29112135;SPRF-RN;DEL02-RN;UOP01-DEL02-RN
582590.0;1296779.0;2024-01-09;terça-feira;10:40:00;RN;101.0;77;NATAL;Sim;Ausência de reação do condutor;1;Colisão traseira;Com Vítimas Feridas;Pleno dia;Decrescente;Céu Claro;Múltipla;Reta;Sim;1038718.0;Ônibus;M.BENZ/MPOLO TORINO U;2022.0;Condutor;Ileso;35.0;Masculino;1.0;0.0;0.0;0.0;-5.73180495;-35.29112135;SPRF-RN;DEL02-RN;UOP01-DEL02-RN
582693.0;1297098.0;2024-02-23;sexta-feira;01:25:00;RN;101.0;96;NATAL;Não;Ausência de reação do condutor;1;Tombamento;Com Vítimas Feridas;Plena Noite;Crescente;Céu Claro;Múltipla;Reta;Sim;1038951.0;Motocicleta;HONDA/CG 125 FAN KS;2015.0;Condutor;Lesões Leves;34.0;Masculino;0.0;1.0;0.0;0.0;-5.84949622;-35.20890752;SPRF-RN;DEL01-RN;UOP01-DEL01-RN
582693.0;1297098.0;2024-02-23;sexta-feira;01:25:00;RN;101.0;96;NATAL;Sim;Ingestão de álcool pelo condutor;1;Tombamento;Com Vítimas Feridas;Plena Noite;Crescente;Céu Claro;Múltipla;Reta;Sim;1038951.0;Motocicleta;HONDA/CG 125 FAN KS;2015.0;Condutor;Lesões Leves;34.0;Masculino;0.0;1.0;0.0;0.0;-5.84949622;-35.20890752;SPRF-RN;DEL01-RN;UOP01-DEL01-RN
582798.0;1297301.0;2024-01-26;sexta-feira;13:00:00;RN;101.0;72;NATAL;Sim;Condutor deixou de manter distância do veículo da frente;1;Colisão traseira;Com Vítimas Feridas;Pleno dia;Decrescente;Céu Claro;Simples;Reta;Não;1039111.0;Automóvel;Não Informado/Não Informado;0.0;Condutor;Não Informado;;Não Informado;0.0;0.0;0.0;0.0;-5.69866248;-35.26316835;SPRF-RN;DEL02-RN;UOP01-DEL02-RN
582798.0;1297302.0;2024-01-26;sexta-feira;13:00:00;RN;101.0;72;NATAL;Sim;Condutor deixou de manter distância do veículo da frente;1;Colisão traseira;Com Vítimas Feridas;Pleno dia;Decrescente;Céu Claro;Simples;Reta;Não;1039112.0;Motocicleta;HONDA/NXR 160 BROS;2017.0;Passageiro;Lesões Leves;;Masculino;0.0;1.0;0.0;0.0;-5.69866248;-35.26316835;SPRF-RN;DEL02-RN;UOP01-DEL02-RN
582798.0;1297303.0;2024-01-26;sexta-feira;13:00:00;RN;101.0;72;NATAL;Sim;Condutor deixou de manter distância do veículo da frente;1;Colisão traseira;Com Vítimas Feridas;Pleno dia;Decrescente;Céu Claro;Simples;Reta;Não;1039112.0;Motocicleta;HONDA/NXR 160 BROS;2017.0;Condutor;Lesões Graves;28.0;Masculino;0.0;0.0;1.0;0.0;-5.69866248;-35.26316835;SPRF-RN;DEL02-RN;UOP01-DEL02-RN
582962.0;1298160.0;2024-02-24;sábado;09:30:00;RN;101.0;81,1;NATAL;Sim;Acessar a via sem observar a presença dos outros veículos;2;Queda de ocupante de veículo;Com Vítimas Feridas;Pleno dia;Decrescente;Céu Claro;Dupla;Reta;Sim;1039815.0;Automóvel;CITROEN/C3 GLX 14;2005.0;Condutor;Ileso;43.0;Masculino;1.0;0.0;0.0;0.0;-5.76469466;-35.28295988;SPRF-RN;DEL02-RN;UOP01-DEL02-RN
582962.0;1298161.0;2024-02-24;sábado;09:30:00;RN;101.0;81,1;NATAL;Sim;Acessar a via sem observar a presença dos outros veículos;2;Queda de ocupante de veículo;Com Vítimas Feridas;Pleno dia;Decrescente;Céu Claro;Dupla;Reta;Sim;1039816.0;Motoneta;HONDA/BIZ 110I;2016.0;Condutor;Lesões Leves;37.0;Feminino;0.0;1.0;0.0;0.0;-5.76469466;-35.28295988;SPRF-RN;DEL02-RN;UOP01-DEL02-RN
582962.0;1298160.0;2024-02-24;sábado;09:30:00;RN;101.0;81,1;NATAL;Sim;Acessar a via sem observar a presença dos outros veículos;1;Tombamento;Com Vítimas Feridas;Pleno dia;Decrescente;Céu Claro;Dupla;Reta;Sim;1039815.0;Automóvel;CITROEN/C3 GLX 14;2005.0;Condutor;Ileso;43.0;Masculino;1.0;0.0;0.0;0.0;-5.76469466;-35.28295988;SPRF-RN;DEL02-RN;UOP01-DEL02-RN
582962.0;1298161.0;2024-02-24;sábado;09:30:00;RN;101.0;81,1;NATAL;Sim;Acessar a via sem observar a presença dos outros veículos;1;Tombamento;Com Vítimas Feridas;Pleno dia;Decrescente;Céu Claro;Dupla;Reta;Sim;1039816.0;Motoneta;HONDA/BIZ 110I;2016.0;Condutor;Lesões Leves;37.0;Feminino;0.0;1.0;0.0;0.0;-5.76469466;-35.28295988;SPRF-RN;DEL02-RN;UOP01-DEL02-RN
583227.0;1298309.0;2024-01-26;sexta-feira;08:50:00;RN;101.0;81,3;NATAL;Sim;Acessar a via sem observar a presença dos outros veículos;1;Colisão transversal;Com Vítimas Feridas;Pleno dia;Decrescente;Sol;Dupla;"Interseção de Vias;Reta";Sim;1039934.0;Motocicleta;HONDA/CG 160 START;2022.0;Condutor;Lesões Graves;41.0;Masculino;0.0;0.0;1.0;0.0;-5.76469466;-35.28295988;SPRF-RN;DEL02-RN;UOP01-DEL02-RN
583227.0;1298310.0;2024-01-26;sexta-feira;08:50:00;RN;101.0;81,3;NATAL;Sim;Acessar a via sem observar a presença dos outros veículos;1;Colisão transversal;Com Vítimas Feridas;Pleno dia;Decrescente;Sol;Dupla;"Interseção de Vias;Reta";Sim;1039935.0;Automóvel;Não Informado/Não Informado;0.0;Condutor;Não Informado;;Não Informado;0.0;0.0;0.0;0.0;-5.76469466;-35.28295988;SPRF-RN;DEL02-RN;UOP01-DEL02-RN
583305.0;1298485.0;2024-02-25;domingo;20:15:00;RN;406.0;168;NATAL;Não;Velocidade Incompatível;2;Queda de ocupante de veículo;Com Vítimas Feridas;Plena Noite;Crescente;Chuva;Dupla;"Declive;Retorno Regulamentado;Reta";Não;1040067.0;Motocicleta;HONDA/CG 160 FAN;2023.0;Condutor;Lesões Leves;29.0;Masculino;0.0;1.0;0.0;0.0;-5.75269453;-35.31535484;SPRF-RN;DEL02-RN;UOP01-DEL02-RN
583305.0;1298486.0;2024-02-25;domingo;20:15:00;RN;406.0;168;NATAL;Não;Velocidade Incompatível;2;Queda de ocupante de veículo;Com Vítimas Feridas;Plena Noite;Crescente;Chuva;Dupla;"Declive;Retorno Regulamentado;Reta";Não;1040067.0;Motocicleta;HONDA/CG 160 FAN;2023.0;Passageiro;Lesões Leves;40.0;Masculino;0.0;1.0;0.0;0.0;-5.75269453;-35.31535484;SPRF-RN;DEL02-RN;UOP01-DEL02-RN
583305.0;1298485.0;2024-02-25;domingo;20:15:00;RN;406.0;168;NATAL;Não;Frear bruscamente;2;Queda de ocupante de veículo;Com Vítimas Feridas;Plena Noite;Crescente;Chuva;Dupla;"Declive;Retorno Regulamentado;Reta";Não;1040067.0;Motocicleta;HONDA/CG 160 FAN;2023.0;Condutor;Lesões Leves;29.0;Masculino;0.0;1.0;0.0;0.0;-5.75269453;-35.31535484;SPRF-RN;DEL02-RN;UOP01-DEL02-RN
583305.0;1298486.0;2024-02-25;domingo;20:15:00;RN;406.0;168;NATAL;Não;Frear bruscamente;2;Queda de ocupante de veículo;Com Vítimas Feridas;Plena Noite;Crescente;Chuva;Dupla;"Declive;Retorno Regulamentado;Reta";Não;1040067.0;Motocicleta;HONDA/CG 160 FAN;2023.0;Passageiro;Lesões Leves;40.0;Masculino;0.0;1.0;0.0;0.0;-5.75269453;-35.31535484;SPRF-RN;DEL02-RN;UOP01-DEL02-RN
583305.0;1298485.0;2024-02-25;domingo;20:15:00;RN;406.0;168;NATAL;Não;Chuva;2;Queda de ocupante de veículo;Com Vítimas Feridas;Plena Noite;Crescente;Chuva;Dupla;"Declive;Retorno Regulamentado;Reta";Não;1040067.0;Motocicleta;HONDA/CG 160 FAN;2023.0;Condutor;Lesões Leves;29.0;Masculino;0.0;1.0;0.0;0.0;-5.75269453;-35.31535484;SPRF-RN;DEL02-RN;UOP01-DEL02-RN
583305.0;1298486.0;2024-02-25;domingo;20:15:00;RN;406.0;168;NATAL;Não;Chuva;2;Queda de ocupante de veículo;Com Vítimas Feridas;Plena Noite;Crescente;Chuva;Dupla;"Declive;Retorno Regulamentado;Reta";Não;1040067.0;Motocicleta;HONDA/CG 160 FAN;2023.0;Passageiro;Lesões Leves;40.0;Masculino;0.0;1.0;0.0;0.0;-5.75269453;-35.31535484;SPRF-RN;DEL02-RN;UOP01-DEL02-RN
583305.0;1298485.0;2024-02-25;domingo;20:15:00;RN;406.0;168;NATAL;Sim;Reação tardia ou ineficiente do condutor;2;Queda de ocupante de veículo;Com Vítimas Feridas;Plena Noite;Crescente;Chuva;Dupla;"Declive;Retorno Regulamentado;Reta";Não;1040067.0;Motocicleta;HONDA/CG 160 FAN;2023.0;Condutor;Lesões Leves;29.0;Masculino;0.0;1.0;0.0;0.0;-5.75269453;-35.31535484;SPRF-RN;DEL02-RN;UOP01-DEL02-RN
583305.0;1298486.0;2024-02-25;domingo;20:15:00;RN;406.0;168;NATAL;Sim;Reação tardia ou ineficiente do condutor;2;Queda de ocupante de veículo;Com Vítimas Feridas;Plena Noite;Crescente;Chuva;Dupla;"Declive;Retorno Regulamentado;Reta";Não;1040067.0;Motocicleta;HONDA/CG 160 FAN;2023.0;Passageiro;Lesões Leves;40.0;Masculino;0.0;1.0;0.0;0.0;-5.75269453;-35.31535484;SPRF-RN;DEL02-RN;UOP01-DEL02-RN
583305.0;1298485.0;2024-02-25;domingo;20:15:00;RN;406.0;168;NATAL;Não;Velocidade Incompatível;1;Tombamento;Com Vítimas Feridas;Plena Noite;Crescente;Chuva;Dupla;"Declive;Retorno Regulamentado;Reta";Não;1040067.0;Motocicleta;HONDA/CG 160 FAN;2023.0;Condutor;Lesões Leves;29.0;Masculino;0.0;1.0;0.0;0.0;-5.75269453;-35.31535484;SPRF-RN;DEL02-RN;UOP01-DEL02-RN
583305.0;1298486.0;2024-02-25;domingo;20:15:00;RN;406.0;168;NATAL;Não;Velocidade Incompatível;1;Tombamento;Com Vítimas Feridas;Plena Noite;Crescente;Chuva;Dupla;"Declive;Retorno Regulamentado;Reta";Não;1040067.0;Motocicleta;HONDA/CG 160 FAN;2023.0;Passageiro;Lesões Leves;40.0;Masculino;0.0;1.0;0.0;0.0;-5.75269453;-35.31535484;SPRF-RN;DEL02-RN;UOP01-DEL02-RN
583305.0;1298485.0;2024-02-25;domingo;20:15:00;RN;406.0;168;NATAL;Não;Frear bruscamente;1;Tombamento;Com Vítimas Feridas;Plena Noite;Crescente;Chuva;Dupla;"Declive;Retorno Regulamentado;Reta";Não;1040067.0;Motocicleta;HONDA/CG 160 FAN;2023.0;Condutor;Lesões Leves;29.0;Masculino;0.0;1.0;0.0;0.0;-5.75269453;-35.31535484;SPRF-RN;DEL02-RN;UOP01-DEL02-RN
583305.0;1298486.0;2024-02-25;domingo;20:15:00;RN;406.0;168;NATAL;Não;Frear bruscamente;1;Tombamento;Com Vítimas Feridas;Plena Noite;Crescente;Chuva;Dupla;"Declive;Retorno Regulamentado;Reta";Não;1040067.0;Motocicleta;HONDA/CG 160 FAN;2023.0;Passageiro;Lesões Leves;40.0;Masculino;0.0;1.0;0.0;0.0;-5.75269453;-35.31535484;SPRF-RN;DEL02-RN;UOP01-DEL02-RN
583305.0;1298485.0;2024-02-25;domingo;20:15:00;RN;406.0;168;NATAL;Não;Chuva;1;Tombamento;Com Vítimas Feridas;Plena Noite;Crescente;Chuva;Dupla;"Declive;Retorno Regulamentado;Reta";Não;1040067.0;Motocicleta;HONDA/CG 160 FAN;2023.0;Condutor;Lesões Leves;29.0;Masculino;0.0;1.0;0.0;0.0;-5.75269453;-35.31535484;SPRF-RN;DEL02-RN;UOP01-DEL02-RN
583305.0;1298486.0;2024-02-25;domingo;20:15:00;RN;406.0;168;NATAL;Não;Chuva;1;Tombamento;Com Vítimas Feridas;Plena Noite;Crescente;Chuva;Dupla;"Declive;Retorno Regulamentado;Reta";Não;1040067.0;Motocicleta;HONDA/CG 160 FAN;2023.0;Passageiro;Lesões Leves;40.0;Masculino;0.0;1.0;0.0;0.0;-5.75269453;-35.31535484;SPRF-RN;DEL02-RN;UOP01-DEL02-RN
583305.0;1298485.0;2024-02-25;domingo;20:15:00;RN;406.0;168;NATAL;Sim;Reação tardia ou ineficiente do condutor;1;Tombamento;Com Vítimas Feridas;Plena Noite;Crescente;Chuva;Dupla;"Declive;Retorno Regulamentado;Reta";Não;1040067.0;Motocicleta;HONDA/CG 160 FAN;2023.0;Condutor;Lesões Leves;29.0;Masculino;0.0;1.0;0.0;0.0;-5.75269453;-35.31535484;SPRF-RN;DEL02-RN;UOP01-DEL02-RN
583305.0;1298486.0;2024-02-25;domingo;20:15:00;RN;406.0;168;NATAL;Sim;Reação tardia ou ineficiente do condutor;1;Tombamento;Com Vítimas Feridas;Plena Noite;Crescente;Chuva;Dupla;"Declive;Retorno Regulamentado;Reta";Não;1040067.0;Motocicleta;HONDA/CG 160 FAN;2023.0;Passageiro;Lesões Leves;40.0;Masculino;0.0;1.0;0.0;0.0;-5.75269453;-35.31535484;SPRF-RN;DEL02-RN;UOP01-DEL02-RN
583560.0;1299086.0;2024-02-26;segunda-feira;23:00:00;RN;101.0;95;NATAL;Sim;Acumulo de água sobre o pavimento;1;Capotamento;Com Vítimas Feridas;Plena Noite;Crescente;Chuva;Dupla;Declive;Sim;1040517.0;Automóvel;HYUNDAI/HB20X 1.6A 1.6 A;2013.0;Condutor;Ileso;26.0;Masculino;1.0;0.0;0.0;0.0;-5.84076841;-35.21035949;SPRF-RN;DEL01-RN;UOP01-DEL01-RN
583560.0;1299087.0;2024-02-26;segunda-feira;23:00:00;RN;101.0;95;NATAL;Sim;Acumulo de água sobre o pavimento;1;Capotamento;Com Vítimas Feridas;Plena Noite;Crescente;Chuva;Dupla;Declive;Sim;1040517.0;Automóvel;HYUNDAI/HB20X 1.6A 1.6 A;2013.0;Passageiro;Lesões Leves;25.0;Feminino;0.0;1.0;0.0;0.0;-5.84076841;-35.21035949;SPRF-RN;DEL01-RN;UOP01-DEL01-RN
583626.0;1299188.0;2024-01-23;terça-feira;17:45:00;RN;101.0;96;NATAL;Sim;Condutor deixou de manter distância do veículo da frente;1;Colisão lateral mesmo sentido;Com Vítimas Feridas;Anoitecer;Decrescente;Céu Claro;Dupla;Reta;Sim;1040614.0;Motocicleta;HONDA/CG 160 START;2019.0;Condutor;Lesões Graves;25.0;Masculino;0.0;0.0;1.0;0.0;-5.84949622;-35.20890752;SPRF-RN;DEL01-RN;UOP01-DEL01-RN
583626.0;1299189.0;2024-01-23;terça-feira;17:45:00;RN;101.0;96;NATAL;Sim;Condutor deixou de manter distância do veículo da frente;1;Colisão lateral mesmo sentido;Com Vítimas Feridas;Anoitecer;Decrescente;Céu Claro;Dupla;Reta;Sim;1040615.0;Motocicleta;HONDA/CG 160 FAN;2023.0;Condutor;Lesões Leves;21.0;Masculino;0.0;1.0;0.0;0.0;-5.84949622;-35.20890752;SPRF-RN;DEL01-RN;UOP01-DEL01-RN
583626.0;1299190.0;2024-01-23;terça-feira;17:45:00;RN;101.0;96;NATAL;Sim;Condutor deixou de manter distância do veículo da frente;1;Colisão lateral mesmo sentido;Com Vítimas Feridas;Anoitecer;Decrescente;Céu Claro;Dupla;Reta;Sim;1040616.0;Utilitário;MMC/ASX 2.0 MT;2014.0;Condutor;Ileso;42.0;Masculino;1.0;0.0;0.0;0.0;-5.84949622;-35.20890752;SPRF-RN;DEL01-RN;UOP01-DEL01-RN
583823.0;1299829.0;2024-02-28;quarta-feira;11:15:00;RN;101.0;80,5;NATAL;Sim;Condutor deixou de manter distância do veículo da frente;1;Colisão traseira;Sem Vítimas;Pleno dia;Decrescente;Sol;Dupla;"Rotatória;Reta;Interseção de Vias";Sim;1041132.0;Automóvel;CHEVROLET/CELTA 1.0L LT;2013.0;Condutor;Ileso;56.0;Masculino;1.0;0.0;0.0;0.0;-5.76353425;-35.28603644;SPRF-RN;DEL02-RN;UOP01-DEL02-RN
583823.0;1299830.0;2024-02-28;quarta-feira;11:15:00;RN;101.0;80,5;NATAL;Sim;Condutor deixou de manter distância do veículo da frente;1;Colisão traseira;Sem Vítimas;Pleno dia;Decrescente;Sol;Dupla;"Rotatória;Reta;Interseção de Vias";Sim;1041133.0;Automóvel;FIAT/UNO MILLE ECONOMY;2010.0;Condutor;Ileso;31.0;Masculino;1.0;0.0;0.0;0.0;-5.76353425;-35.28603644;SPRF-RN;DEL02-RN;UOP01-DEL02-RN
584158.0;1300460.0;2024-03-01;sexta-feira;06:19:00;RN;101.0;72,8;NATAL;Não;Reação tardia ou ineficiente do condutor;1;Colisão traseira;Com Vítimas Feridas;Pleno dia;Crescente;Céu Claro;Simples;Rotatória;Não;1041641.0;Motocicleta;HONDA/CG 160 START;2019.0;Condutor;Lesões Leves;23.0;Masculino;0.0;1.0;0.0;0.0;-5.69866248;-35.26316835;SPRF-RN;DEL02-RN;UOP01-DEL02-RN
584158.0;1300457.0;2024-03-01;sexta-feira;06:19:00;RN;101.0;72,8;NATAL;Não;Reação tardia ou ineficiente do condutor;1;Colisão traseira;Com Vítimas Feridas;Pleno dia;Crescente;Céu Claro;Simples;Rotatória;Não;1041639.0;Automóvel;FIAT/SIENA ATTRACTIV 1.4;2014.0;Condutor;Ileso;33.0;Masculino;1.0;0.0;0.0;0.0;-5.69866248;-35.26316835;SPRF-RN;DEL02-RN;UOP01-DEL02-RN
584158.0;1300460.0;2024-03-01;sexta-feira;06:19:00;RN;101.0;72,8;NATAL;Sim;Condutor deixou de manter distância do veículo da frente;1;Colisão traseira;Com Vítimas Feridas;Pleno dia;Crescente;Céu Claro;Simples;Rotatória;Não;1041641.0;Motocicleta;HONDA/CG 160 START;2019.0;Condutor;Lesões Leves;23.0;Masculino;0.0;1.0;0.0;0.0;-5.69866248;-35.26316835;SPRF-RN;DEL02-RN;UOP01-DEL02-RN
584158.0;1300457.0;2024-03-01;sexta-feira;06:19:00;RN;101.0;72,8;NATAL;Sim;Condutor deixou de manter distância do veículo da frente;1;Colisão traseira;Com Vítimas Feridas;Pleno dia;Crescente;Céu Claro;Simples;Rotatória;Não;1041639.0;Automóvel;FIAT/SIENA ATTRACTIV 1.4;2014.0;Condutor;Ileso;33.0;Masculino;1.0;0.0;0.0;0.0;-5.69866248;-35.26316835;SPRF-RN;DEL02-RN;UOP01-DEL02-RN
584173.0;1300582.0;2024-03-01;sexta-feira;07:33:00;RN;101.0;98;NATAL;Sim;Condutor deixou de manter distância do veículo da frente;1;Colisão traseira;Com Vítimas Feridas;Pleno dia;Decrescente;Céu Claro;Dupla;"Aclive;Reta";Sim;1041750.0;Camioneta;RENAULT/DUSTER 16 D 4X2;2013.0;Condutor;Ileso;47.0;Masculino;1.0;0.0;0.0;0.0;-5.86567888;-35.21651625;SPRF-RN;DEL01-RN;UOP01-DEL01-RN
584173.0;1300583.0;2024-03-01;sexta-feira;07:33:00;RN;101.0;98;NATAL;Sim;Condutor deixou de manter distância do veículo da frente;1;Colisão traseira;Com Vítimas Feridas;Pleno dia;Decrescente;Céu Claro;Dupla;"Aclive;Reta";Sim;1041751.0;Motocicleta;HONDA/NXR150 BROS ES;2011.0;Condutor;Lesões Leves;26.0;Masculino;0.0;1.0;0.0;0.0;-5.86567888;-35.21651625;SPRF-RN;DEL01-RN;UOP01-DEL01-RN
584394.0;1301024.0;2024-03-02;sábado;05:54:00;RN;101.0;82,8;NATAL;Não;Ausência de reação do condutor;3;Queda de ocupante de veículo;Com Vítimas Feridas;Pleno dia;Crescente;Céu Claro;Dupla;Reta;Sim;1042145.0;Motocicleta;YAMAHA/FZ15 FAZER ABS;2023.0;Condutor;Lesões Leves;23.0;Masculino;0.0;1.0;0.0;0.0;-5.76791511;-35.27456305;SPRF-RN;DEL02-RN;UOP01-DEL02-RN
584394.0;1301023.0;2024-03-02;sábado;05:54:00;RN;101.0;82,8;NATAL;Não;Ausência de reação do condutor;3;Queda de ocupante de veículo;Com Vítimas Feridas;Pleno dia;Crescente;Céu Claro;Dupla;Reta;Sim;1042144.0;Automóvel;FORD/KA GL;2001.0;Condutor;Não Informado;;Não Informado;0.0;0.0;0.0;0.0;-5.76791511;-35.27456305;SPRF-RN;DEL02-RN;UOP01-DEL02-RN
584394.0;1301024.0;2024-03-02;sábado;05:54:00;RN;101.0;82,8;NATAL;Sim;Ausência de sinalização;3;Queda de ocupante de veículo;Com Vítimas Feridas;Pleno dia;Crescente;Céu Claro;Dupla;Reta;Sim;1042145.0;Motocicleta;YAMAHA/FZ15 FAZER ABS;2023.0;Condutor;Lesões Leves;23.0;Masculino;0.0;1.0;0.0;0.0;-5.76791511;-35.27456305;SPRF-RN;DEL02-RN;UOP01-DEL02-RN
584394.0;1301023.0;2024-03-02;sábado;05:54:00;RN;101.0;82,8;NATAL;Sim;Ausência de sinalização;3;Queda de ocupante de veículo;Com Vítimas Feridas;Pleno dia;Crescente;Céu Claro;Dupla;Reta;Sim;1042144.0;Automóvel;FORD/KA GL;2001.0;Condutor;Não Informado;;Não Informado;0.0;0.0;0.0;0.0;-5.76791511;-35.27456305;SPRF-RN;DEL02-RN;UOP01-DEL02-RN