id;pesid;data_inversa;dia_semana;horario;uf;br;km;municipio;causa_principal;causa_acidente;ordem_tipo_acidente;tipo_acidente;classificacao_acidente;fase_dia;sentido_via;condicao_metereologica;tipo_pista;tracado_via;uso_solo;id_veiculo;tipo_veiculo;marca;ano_fabricacao_veiculo;tipo_envolvido;estado_fisico;idade;sexo;ilesos;feridos_leves;feridos_graves;mortos;latitude;longitude;regional;delegacia;uop
586162.0;1305067.0;2024-03-09;sábado;18:48:00;RN;226.0;7;NATAL;Sim;Condutor deixou de manter distância do veículo da frente;1;Colisão traseira;Com Vítimas Feridas;Plena Noite;Crescente;Céu Claro;Simples;Curva;Não;1045360.0;Automóvel;TOYOTA/ETIOS SD XS;2014.0;Condutor;Ileso;34.0;Masculino;1.0;0.0;0.0;0.0;-5.82773209;-35.28005834;SPRF-RN;DEL01-RN;UOP02-DEL01-RN
586162.0;1305068.0;2024-03-09;sábado;18:48:00;RN;226.0;7;NATAL;Sim;Condutor deixou de manter distância do veículo da frente;1;Colisão traseira;Com Vítimas Feridas;Plena Noite;Crescente;Céu Claro;Simples;Curva;Não;1045361.0;Motocicleta;YAMAHA/YBR150 FACTOR ED;2022.0;Condutor;Lesões Leves;36.0;Masculino;0.0;1.0;0.0;0.0;-5.82773209;-35.28005834;SPRF-RN;DEL01-RN;UOP02-DEL01-RN
587585.0;1311061.0;2024-03-16;sábado;05:40:00;RN;101.0;85;NATAL;Não;Ultrapassagem Indevida;3;Queda de ocupante de veículo;Com Vítimas Feridas;Pleno dia;Crescente;Céu Claro;Simples;Reta;Sim;1047826.0;Motocicleta;HONDA/CG150 FAN ESDI;2013.0;Passageiro;Não Informado;;Não Informado;0.0;0.0;0.0;0.0;-5.777664;-35.24937;SPRF-RN;DEL02-RN;UOP01-DEL02-RN
587585.0;1308134.0;2024-03-16;sábado;05:40:00;RN;101.0;85;NATAL;Não;Ultrapassagem Indevida;3;Queda de ocupante de veículo;Com Vítimas Feridas;Pleno dia;Crescente;Céu Claro;Simples;Reta;Sim;1047826.0;Motocicleta;HONDA/CG150 FAN ESDI;2013.0;Condutor;Lesões Leves;33.0;Masculino;0.0;1.0;0.0;0.0;-5.777664;-35.24937;SPRF-RN;DEL02-RN;UOP01-DEL02-RN
587585.0;1311078.0;2024-03-16;sábado;05:40:00;RN;101.0;85;NATAL;Não;Ultrapassagem Indevida;3;Queda de ocupante de veículo;Com Vítimas Feridas;Pleno dia;Crescente;Céu Claro;Simples;Reta;Sim;1050200.0;Ciclomotor;I/SHINERAY XY 50 Q;2013.0;Condutor;Lesões Leves;44.0;Masculino;0.0;1.0;0.0;0.0;-5.777664;-35.24937;SPRF-RN;DEL02-RN;UOP01-DEL02-RN
587585.0;1311061.0;2024-03-16;sábado;05:40:00;RN;101.0;85;NATAL;Sim;Transitar na contramão;3;Queda de ocupante de veículo;Com Vítimas Feridas;Pleno dia;Crescente;Céu Claro;Simples;Reta;Sim;1047826.0;Motocicleta;HONDA/CG150 FAN ESDI;2013.0;Passageiro;Não Informado;;Não Informado;0.0;0.0;0.0;0.0;-5.777664;-35.24937;SPRF-RN;DEL02-RN;UOP01-DEL02-RN
587585.0;1308134.0;2024-03-16;sábado;05:40:00;RN;101.0;85;NATAL;Sim;Transitar na contramão;3;Queda de ocupante de veículo;Com Vítimas Feridas;Pleno dia;Crescente;Céu Claro;Simples;Reta;Sim;1047826.0;Motocicleta;HONDA/CG150 FAN ESDI;2013.0;Condutor;Lesões Leves;33.0;Masculino;0.0;1.0;0.0;0.0;-5.777664;-35.24937;SPRF-RN;DEL02-RN;UOP01-DEL02-RN
587585.0;1311078.0;2024-03-16;sábado;05:40:00;RN;101.0;85;NATAL;Sim;Transitar na contramão;3;Queda de ocupante de veículo;Com Vítimas Feridas;Pleno dia;Crescente;Céu Claro;Simples;Reta;Sim;1050200.0;Ciclomotor;I/SHINERAY XY 50 Q;2013.0;Condutor;Lesões Leves;44.0;Masculino;0.0;1.0;0.0;0.0;-5.777664;-35.24937;SPRF-RN;DEL02-RN;UOP01-DEL02-RN
587585.0;1311061.0;2024-03-16;sábado;05:40:00;RN;101.0;85;NATAL;Não;Ultrapassagem Indevida;2;Tombamento;Com Vítimas Feridas;Pleno dia;Crescente;Céu Claro;Simples;Reta;Sim;1047826.0;Motocicleta;HONDA/CG150 FAN ESDI;2013.0;Passageiro;Não Informado;;Não Informado;0.0;0.0;0.0;0.0;-5.777664;-35.24937;SPRF-RN;DEL02-RN;UOP01-DEL02-RN
587585.0;1308134.0;2024-03-16;sábado;05:40:00;RN;101.0;85;NATAL;Não;Ultrapassagem Indevida;2;Tombamento;Com Vítimas Feridas;Pleno dia;Crescente;Céu Claro;Simples;Reta;Sim;1047826.0;Motocicleta;HONDA/CG150 FAN ESDI;2013.0;Condutor;Lesões Leves;33.0;Masculino;0.0;1.0;0.0;0.0;-5.777664;-35.24937;SPRF-RN;DEL02-RN;UOP01-DEL02-RN
587585.0;1311078.0;2024-03-16;sábado;05:40:00;RN;101.0;85;NATAL;Não;Ultrapassagem Indevida;2;Tombamento;Com Vítimas Feridas;Pleno dia;Crescente;Céu Claro;Simples;Reta;Sim;1050200.0;Ciclomotor;I/SHINERAY XY 50 Q;2013.0;Condutor;Lesões Leves;44.0;Masculino;0.0;1.0;0.0;0.0;-5.777664;-35.24937;SPRF-RN;DEL02-RN;UOP01-DEL02-RN
587585.0;1311061.0;2024-03-16;sábado;05:40:00;RN;101.0;85;NATAL;Sim;Transitar na contramão;2;Tombamento;Com Vítimas Feridas;Pleno dia;Crescente;Céu Claro;Simples;Reta;Sim;1047826.0;Motocicleta;HONDA/CG150 FAN ESDI;2013.0;Passageiro;Não Informado;;Não Informado;0.0;0.0;0.0;0.0;-5.777664;-35.24937;SPRF-RN;DEL02-RN;UOP01-DEL02-RN
587585.0;1308134.0;2024-03-16;sábado;05:40:00;RN;101.0;85;NATAL;Sim;Transitar na contramão;2;Tombamento;Com Vítimas Feridas;Pleno dia;Crescente;Céu Claro;Simples;Reta;Sim;1047826.0;Motocicleta;HONDA/CG150 FAN ESDI;2013.0;Condutor;Lesões Leves;33.0;Masculino;0.0;1.0;0.0;0.0;-5.777664;-35.24937;SPRF-RN;DEL02-RN;UOP01-DEL02-RN
587585.0;1311078.0;2024-03-16;sábado;05:40:00;RN;101.0;85;NATAL;Sim;Transitar na contramão;2;Tombamento;Com Vítimas Feridas;Pleno dia;Crescente;Céu Claro;Simples;Reta;Sim;1050200.0;Ciclomotor;I/SHINERAY XY 50 Q;2013.0;Condutor;Lesões Leves;44.0;Masculino;0.0;1.0;0.0;0.0;-5.777664;-35.24937;SPRF-RN;DEL02-RN;UOP01-DEL02-RN
587585.0;1311061.0;2024-03-16;sábado;05:40:00;RN;101.0;85;NATAL;Não;Ultrapassagem Indevida;1;Colisão transversal;Com Vítimas Feridas;Pleno dia;Crescente;Céu Claro;Simples;Reta;Sim;1047826.0;Motocicleta;HONDA/CG150 FAN ESDI;2013.0;Passageiro;Não Informado;;Não Informado;0.0;0.0;0.0;0.0;-5.777664;-35.24937;SPRF-RN;DEL02-RN;UOP01-DEL02-RN
587585.0;1308134.0;2024-03-16;sábado;05:40:00;RN;101.0;85;NATAL;Não;Ultrapassagem Indevida;1;Colisão transversal;Com Vítimas Feridas;Pleno dia;Crescente;Céu Claro;Simples;Reta;Sim;1047826.0;Motocicleta;HONDA/CG150 FAN ESDI;2013.0;Condutor;Lesões Leves;33.0;Masculino;0.0;1.0;0.0;0.0;-5.777664;-35.24937;SPRF-RN;DEL02-RN;UOP01-DEL02-RN
587585.0;1311078.0;2024-03-16;sábado;05:40:00;RN;101.0;85;NATAL;Não;Ultrapassagem Indevida;1;Colisão transversal;Com Vítimas Feridas;Pleno dia;Crescente;Céu Claro;Simples;Reta;Sim;1050200.0;Ciclomotor;I/SHINERAY XY 50 Q;2013.0;Condutor;Lesões Leves;44.0;Masculino;0.0;1.0;0.0;0.0;-5.777664;-35.24937;SPRF-RN;DEL02-RN;UOP01-DEL02-RN
587585.0;1311061.0;2024-03-16;sábado;05:40:00;RN;101.0;85;NATAL;Sim;Transitar na contramão;1;Colisão transversal;Com Vítimas Feridas;Pleno dia;Crescente;Céu Claro;Simples;Reta;Sim;1047826.0;Motocicleta;HONDA/CG150 FAN ESDI;2013.0;Passageiro;Não Informado;;Não Informado;0.0;0.0;0.0;0.0;-5.777664;-35.24937;SPRF-RN;DEL02-RN;UOP01-DEL02-RN
587585.0;1308134.0;2024-03-16;sábado;05:40:00;RN;101.0;85;NATAL;Sim;Transitar na contramão;1;Colisão transversal;Com Vítimas Feridas;Pleno dia;Crescente;Céu Claro;Simples;Reta;Sim;1047826.0;Motocicleta;HONDA/CG150 FAN ESDI;2013.0;Condutor;Lesões Leves;33.0;Masculino;0.0;1.0;0.0;0.0;-5.777664;-35.24937;SPRF-RN;DEL02-RN;UOP01-DEL02-RN
587585.0;1311078.0;2024-03-16;sábado;05:40:00;RN;101.0;85;NATAL;Sim;Transitar na contramão;1;Colisão transversal;Com Vítimas Feridas;Pleno dia;Crescente;Céu Claro;Simples;Reta;Sim;1050200.0;Ciclomotor;I/SHINERAY XY 50 Q;2013.0;Condutor;Lesões Leves;44.0;Masculino;0.0;1.0;0.0;0.0;-5.777664;-35.24937;SPRF-RN;DEL02-RN;UOP01-DEL02-RN
587782.0;1308600.0;2024-03-17;domingo;03:16:00;RN;101.0;84,8;NATAL;Sim;Condutor Dormindo;2;Capotamento;Sem Vítimas;Plena Noite;Crescente;Nublado;Dupla;"Viaduto;Reta";Sim;1048168.0;Automóvel;I/PEUGEOT 207HB XR;2012.0;Condutor;Não Informado;;Não Informado;0.0;0.0;0.0;0.0;-5.774175;-35.2578;SPRF-RN;DEL02-RN;UOP01-DEL02-RN
587782.0;1308600.0;2024-03-17;domingo;03:16:00;RN;101.0;84,8;NATAL;Sim;Condutor Dormindo;1;Colisão com objeto;Sem Vítimas;Plena Noite;Crescente;Nublado;Dupla;"Viaduto;Reta";Sim;1048168.0;Automóvel;I/PEUGEOT 207HB XR;2012.0;Condutor;Não Informado;;Não Informado;0.0;0.0;0.0;0.0;-5.774175;-35.2578;SPRF-RN;DEL02-RN;UOP01-DEL02-RN
587784.0;1308623.0;2024-03-17;domingo;04:12:00;RN;101.0;94;NATAL;Não;Condutor Dormindo;2;Capotamento;Com Vítimas Feridas;Amanhecer;Decrescente;Céu Claro;Dupla;Curva;Sim;1048182.0;Caminhonete;FIAT/STRADA HD WK CC E;2019.0;Condutor;Lesões Leves;46.0;Masculino;0.0;1.0;0.0;0.0;-5.83176615;-35.21191342;SPRF-RN;DEL01-RN;UOP01-DEL01-RN
587784.0;1308623.0;2024-03-17;domingo;04:12:00;RN;101.0;94;NATAL;Sim;Ausência de reação do condutor;2;Capotamento;Com Vítimas Feridas;Amanhecer;Decrescente;Céu Claro;Dupla;Curva;Sim;1048182.0;Caminhonete;FIAT/STRADA HD WK CC E;2019.0;Condutor;Lesões Leves;46.0;Masculino;0.0;1.0;0.0;0.0;-5.83176615;-35.21191342;SPRF-RN;DEL01-RN;UOP01-DEL01-RN
587784.0;1308623.0;2024-03-17;domingo;04:12:00;RN;101.0;94;NATAL;Não;Condutor Dormindo;1;Colisão com objeto;Com Vítimas Feridas;Amanhecer;Decrescente;Céu Claro;Dupla;Curva;Sim;1048182.0;Caminhonete;FIAT/STRADA HD WK CC E;2019.0;Condutor;Lesões Leves;46.0;Masculino;0.0;1.0;0.0;0.0;-5.83176615;-35.21191342;SPRF-RN;DEL01-RN;UOP01-DEL01-RN
587784.0;1308623.0;2024-03-17;domingo;04:12:00;RN;101.0;94;NATAL;Sim;Ausência de reação do condutor;1;Colisão com objeto;Com Vítimas Feridas;Amanhecer;Decrescente;Céu Claro;Dupla;Curva;Sim;1048182.0;Caminhonete;FIAT/STRADA HD WK CC E;2019.0;Condutor;Lesões Leves;46.0;Masculino;0.0;1.0;0.0;0.0;-5.83176615;-35.21191342;SPRF-RN;DEL01-RN;UOP01-DEL01-RN
588536.0;1310535.0;2024-03-20;quarta-feira;11:59:00;RN;101.0;94;NATAL;Sim;Ausência de reação do condutor;1;Colisão traseira;Com Vítimas Feridas;Pleno dia;Crescente;Céu Claro;Dupla;Interseção de Vias;Sim;1049745.0;Automóvel;FIAT/SIENA ATTRACTIV 1.4;2014.0;Condutor;Ileso;39.0;Masculino;1.0;0.0;0.0;0.0;-5.83176615;-35.21191342;SPRF-RN;DEL01-RN;UOP01-DEL01-RN
588536.0;1310538.0;2024-03-20;quarta-feira;11:59:00;RN;101.0;94;NATAL;Sim;Ausência de reação do condutor;1;Colisão traseira;Com Vítimas Feridas;Pleno dia;Crescente;Céu Claro;Dupla;Interseção de Vias;Sim;1049745.0;Automóvel;FIAT/SIENA ATTRACTIV 1.4;2014.0;Passageiro;Lesões Graves;27.0;Masculino;0.0;0.0;1.0;0.0;-5.83176615;-35.21191342;SPRF-RN;DEL01-RN;UOP01-DEL01-RN
588536.0;1310536.0;2024-03-20;quarta-feira;11:59:00;RN;101.0;94;NATAL;Sim;Ausência de reação do condutor;1;Colisão traseira;Com Vítimas Feridas;Pleno dia;Crescente;Céu Claro;Dupla;Interseção de Vias;Sim;1049745.0;Automóvel;FIAT/SIENA ATTRACTIV 1.4;2014.0;Passageiro;Lesões Graves;60.0;Feminino;0.0;0.0;1.0;0.0;-5.83176615;-35.21191342;SPRF-RN;DEL01-RN;UOP01-DEL01-RN
588536.0;1310541.0;2024-03-20;quarta-feira;11:59:00;RN;101.0;94;NATAL;Sim;Ausência de reação do condutor;1;Colisão traseira;Com Vítimas Feridas;Pleno dia;Crescente;Céu Claro;Dupla;Interseção de Vias;Sim;1049746.0;Automóvel;CHEVROLET/ONIX 1.4AT LTZ;2019.0;Passageiro;Lesões Graves;83.0;Masculino;0.0;0.0;1.0;0.0;-5.83176615;-35.21191342;SPRF-RN;DEL01-RN;UOP01-DEL01-RN
588536.0;1310540.0;2024-03-20;quarta-feira;11:59:00;RN;101.0;94;NATAL;Sim;Ausência de reação do condutor;1;Colisão traseira;Com Vítimas Feridas;Pleno dia;Crescente;Céu Claro;Dupla;Interseção de Vias;Sim;1049746.0;Automóvel;CHEVROLET/ONIX 1.4AT LTZ;2019.0;Condutor;Lesões Leves;77.0;Feminino;0.0;1.0;0.0;0.0;-5.83176615;-35.21191342;SPRF-RN;DEL01-RN;UOP01-DEL01-RN
588536.0;1310542.0;2024-03-20;quarta-feira;11:59:00;RN;101.0;94;NATAL;Sim;Ausência de reação do condutor;1;Colisão traseira;Com Vítimas Feridas;Pleno dia;Crescente;Céu Claro;Dupla;Interseção de Vias;Sim;1049748.0;Automóvel;FIAT/LINEA ESSENCE 1.8;2013.0;Condutor;Ileso;60.0;Feminino;1.0;0.0;0.0;0.0;-5.83176615;-35.21191342;SPRF-RN;DEL01-RN;UOP01-DEL01-RN
588536.0;1310545.0;2024-03-20;quarta-feira;11:59:00;RN;101.0;94;NATAL;Sim;Ausência de reação do condutor;1;Colisão traseira;Com Vítimas Feridas;Pleno dia;Crescente;Céu Claro;Dupla;Interseção de Vias;Sim;1049749.0;Automóvel;TOYOTA/YARIS HA XS15;2023.0;Condutor;Ileso;25.0;Masculino;1.0;0.0;0.0;0.0;-5.83176615;-35.21191342;SPRF-RN;DEL01-RN;UOP01-DEL01-RN
589430.0;1312406.0;2024-03-24;domingo;11:00:00;RN;101.0;83;NATAL;Não;Manobra de mudança de faixa;2;Queda de ocupante de veículo;Com Vítimas Feridas;Pleno dia;Crescente;Céu Claro;Simples;Rotatória;Sim;1051274.0;Motocicleta;HONDA/CG 150 SPORT;2008.0;Condutor;Lesões Leves;26.0;Masculino;0.0;1.0;0.0;0.0;-5.7710445;-35.26616981;SPRF-RN;DEL02-RN;UOP01-DEL02-RN
589430.0;1312406.0;2024-03-24;domingo;11:00:00;RN;101.0;83;NATAL;Não;Ingestão de substâncias psicoativas pelo condutor;2;Queda de ocupante de veículo;Com Vítimas Feridas;Pleno dia;Crescente;Céu Claro;Simples;Rotatória;Sim;1051274.0;Motocicleta;HONDA/CG 150 SPORT;2008.0;Condutor;Lesões Leves;26.0;Masculino;0.0;1.0;0.0;0.0;-5.7710445;-35.26616981;SPRF-RN;DEL02-RN;UOP01-DEL02-RN
589430.0;1312406.0;2024-03-24;domingo;11:00:00;RN;101.0;83;NATAL;Sim;Velocidade Incompatível;2;Queda de ocupante de veículo;Com Vítimas Feridas;Pleno dia;Crescente;Céu Claro;Simples;Rotatória;Sim;1051274.0;Motocicleta;HONDA/CG 150 SPORT;2008.0;Condutor;Lesões Leves;26.0;Masculino;0.0;1.0;0.0;0.0;-5.7710445;-35.26616981;SPRF-RN;DEL02-RN;UOP01-DEL02-RN
589430.0;1312406.0;2024-03-24;domingo;11:00:00;RN;101.0;83;NATAL;Não;Manobra de mudança de faixa;1;Colisão frontal;Com Vítimas Feridas;Pleno dia;Crescente;Céu Claro;Simples;Rotatória;Sim;1051274.0;Motocicleta;HONDA/CG 150 SPORT;2008.0;Condutor;Lesões Leves;26.0;Masculino;0.0;1.0;0.0;0.0;-5.7710445;-35.26616981;SPRF-RN;DEL02-RN;UOP01-DEL02-RN
589430.0;1312406.0;2024-03-24;domingo;11:00:00;RN;101.0;83;NATAL;Não;Ingestão de substâncias psicoativas pelo condutor;1;Colisão frontal;Com Vítimas Feridas;Pleno dia;Crescente;Céu Claro;Simples;Rotatória;Sim;1051274.0;Motocicleta;HONDA/CG 150 SPORT;2008.0;Condutor;Lesões Leves;26.0;Masculino;0.0;1.0;0.0;0.0;-5.7710445;-35.26616981;SPRF-RN;DEL02-RN;UOP01-DEL02-RN
589430.0;1312406.0;2024-03-24;domingo;11:00:00;RN;101.0;83;NATAL;Sim;Velocidade Incompatível;1;Colisão frontal;Com Vítimas Feridas;Pleno dia;Crescente;Céu Claro;Simples;Rotatória;Sim;1051274.0;Motocicleta;HONDA/CG 150 SPORT;2008.0;Condutor;Lesões Leves;26.0;Masculino;0.0;1.0;0.0;0.0;-5.7710445;-35.26616981;SPRF-RN;DEL02-RN;UOP01-DEL02-RN
590900.0;1316170.0;2024-03-31;domingo;07:13:00;RN;101.0;75;NATAL;Não;Velocidade Incompatível;3;Queda de ocupante de veículo;Com Vítimas Feridas;Pleno dia;Decrescente;Céu Claro;Dupla;Rotatória;Não;1054132.0;Motocicleta;HONDA/NXR160 BROS ESDD;2023.0;Condutor;Lesões Graves;51.0;Masculino;0.0;0.0;1.0;0.0;-5.721906;-35.27672;SPRF-RN;DEL02-RN;UOP01-DEL02-RN
590900.0;1316173.0;2024-03-31;domingo;07:13:00;RN;101.0;75;NATAL;Não;Velocidade Incompatível;3;Queda de ocupante de veículo;Com Vítimas Feridas;Pleno dia;Decrescente;Céu Claro;Dupla;Rotatória;Não;1054132.0;Motocicleta;HONDA/NXR160 BROS ESDD;2023.0;Passageiro;Lesões Leves;30.0;Feminino;0.0;1.0;0.0;0.0;-5.721906;-35.27672;SPRF-RN;DEL02-RN;UOP01-DEL02-RN
590900.0;1316170.0;2024-03-31;domingo;07:13:00;RN;101.0;75;NATAL;Sim;Ingestão de álcool pelo condutor;3;Queda de ocupante de veículo;Com Vítimas Feridas;Pleno dia;Decrescente;Céu Claro;Dupla;Rotatória;Não;1054132.0;Motocicleta;HONDA/NXR160 BROS ESDD;2023.0;Condutor;Lesões Graves;51.0;Masculino;0.0;0.0;1.0;0.0;-5.721906;-35.27672;SPRF-RN;DEL02-RN;UOP01-DEL02-RN
590900.0;1316173.0;2024-03-31;domingo;07:13:00;RN;101.0;75;NATAL;Sim;Ingestão de álcool pelo condutor;3;Queda de ocupante de veículo;Com Vítimas Feridas;Pleno dia;Decrescente;Céu Claro;Dupla;Rotatória;Não;1054132.0;Motocicleta;HONDA/NXR160 BROS ESDD;2023.0;Passageiro;Lesões Leves;30.0;Feminino;0.0;1.0;0.0;0.0;-5.721906;-35.27672;SPRF-RN;DEL02-RN;UOP01-DEL02-RN
590900.0;1316170.0;2024-03-31;domingo;07:13:00;RN;101.0;75;NATAL;Não;Velocidade Incompatível;2;Tombamento;Com Vítimas Feridas;Pleno dia;Decrescente;Céu Claro;Dupla;Rotatória;Não;1054132.0;Motocicleta;HONDA/NXR160 BROS ESDD;2023.0;Condutor;Lesões Graves;51.0;Masculino;0.0;0.0;1.0;0.0;-5.721906;-35.27672;SPRF-RN;DEL02-RN;UOP01-DEL02-RN
590900.0;1316173.0;2024-03-31;domingo;07:13:00;RN;101.0;75;NATAL;Não;Velocidade Incompatível;2;Tombamento;Com Vítimas Feridas;Pleno dia;Decrescente;Céu Claro;Dupla;Rotatória;Não;1054132.0;Motocicleta;HONDA/NXR160 BROS ESDD;2023.0;Passageiro;Lesões Leves;30.0;Feminino;0.0;1.0;0.0;0.0;-5.721906;-35.27672;SPRF-RN;DEL02-RN;UOP01-DEL02-RN
590900.0;1316170.0;2024-03-31;domingo;07:13:00;RN;101.0;75;NATAL;Sim;Ingestão de álcool pelo condutor;2;Tombamento;Com Vítimas Feridas;Pleno dia;Decrescente;Céu Claro;Dupla;Rotatória;Não;1054132.0;Motocicleta;HONDA/NXR160 BROS ESDD;2023.0;Condutor;Lesões Graves;51.0;Masculino;0.0;0.0;1.0;0.0;-5.721906;-35.27672;SPRF-RN;DEL02-RN;UOP01-DEL02-RN
590900.0;1316173.0;2024-03-31;domingo;07:13:00;RN;101.0;75;NATAL;Sim;Ingestão de álcool pelo condutor;2;Tombamento;Com Vítimas Feridas;Pleno dia;Decrescente;Céu Claro;Dupla;Rotatória;Não;1054132.0;Motocicleta;HONDA/NXR160 BROS ESDD;2023.0;Passageiro;Lesões Leves;30.0;Feminino;0.0;1.0;0.0;0.0;-5.721906;-35.27672;SPRF-RN;DEL02-RN;UOP01-DEL02-RN
590900.0;1316170.0;2024-03-31;domingo;07:13:00;RN;101.0;75;NATAL;Não;Velocidade Incompatível;1;Colisão com objeto;Com Vítimas Feridas;Pleno dia;Decrescente;Céu Claro;Dupla;Rotatória;Não;1054132.0;Motocicleta;HONDA/NXR160 BROS ESDD;2023.0;Condutor;Lesões Graves;51.0;Masculino;0.0;0.0;1.0;0.0;-5.721906;-35.27672;SPRF-RN;DEL02-RN;UOP01-DEL02-RN
590900.0;1316173.0;2024-03-31;domingo;07:13:00;RN;101.0;75;NATAL;Não;Velocidade Incompatível;1;Colisão com objeto;Com Vítimas Feridas;Pleno dia;Decrescente;Céu Claro;Dupla;Rotatória;Não;1054132.0;Motocicleta;HONDA/NXR160 BROS ESDD;2023.0;Passageiro;Lesões Leves;30.0;Feminino;0.0;1.0;0.0;0.0;-5.721906;-35.27672;SPRF-RN;DEL02-RN;UOP01-DEL02-RN
590900.0;1316170.0;2024-03-31;domingo;07:13:00;RN;101.0;75;NATAL;Sim;Ingestão de álcool pelo condutor;1;Colisão com objeto;Com Vítimas Feridas;Pleno dia;Decrescente;Céu Claro;Dupla;Rotatória;Não;1054132.0;Motocicleta;HONDA/NXR160 BROS ESDD;2023.0;Condutor;Lesões Graves;51.0;Masculino;0.0;0.0;1.0;0.0;-5.721906;-35.27672;SPRF-RN;DEL02-RN;UOP01-DEL02-RN
590900.0;1316173.0;2024-03-31;domingo;07:13:00;RN;101.0;75;NATAL;Sim;Ingestão de álcool pelo condutor;1;Colisão com objeto;Com Vítimas Feridas;Pleno dia;Decrescente;Céu Claro;Dupla;Rotatória;Não;1054132.0;Motocicleta;HONDA/NXR160 BROS ESDD;2023.0;Passageiro;Lesões Leves;30.0;Feminino;0.0;1.0;0.0;0.0;-5.721906;-35.27672;SPRF-RN;DEL02-RN;UOP01-DEL02-RN
591334.0;1317148.0;2024-04-02;terça-feira;08:50:00;RN;101.0;96,5;NATAL;Sim;Reação tardia ou ineficiente do condutor;5;Queda de ocupante de veículo;Com Vítimas Feridas;Pleno dia;Decrescente;Céu Claro;Múltipla;Reta;Sim;1054888.0;Motocicleta;HONDA/XRE 190 SE;2023.0;Condutor;Lesões Graves;27.0;Masculino;0.0;0.0;1.0;0.0;-5.85480643;-35.21138733;SPRF-RN;DEL01-RN;UOP01-DEL01-RN
591334.0;1317149.0;2024-04-02;terça-feira;08:50:00;RN;101.0;96,5;NATAL;Sim;Reação tardia ou ineficiente do condutor;5;Queda de ocupante de veículo;Com Vítimas Feridas;Pleno dia;Decrescente;Céu Claro;Múltipla;Reta;Sim;1054889.0;Motocicleta;HONDA/CG 160 TITAN;2018.0;Condutor;Ileso;32.0;Masculino;1.0;0.0;0.0;0.0;-5.85480643;-35.21138733;SPRF-RN;DEL01-RN;UOP01-DEL01-RN
591334.0;1317154.0;2024-04-02;terça-feira;08:50:00;RN;101.0;96,5;NATAL;Sim;Reação tardia ou ineficiente do condutor;5;Queda de ocupante de veículo;Com Vítimas Feridas;Pleno dia;Decrescente;Céu Claro;Múltipla;Reta;Sim;1054889.0;Motocicleta;HONDA/CG 160 TITAN;2018.0;Passageiro;Lesões Leves;29.0;Feminino;0.0;1.0;0.0;0.0;-5.85480643;-35.21138733;SPRF-RN;DEL01-RN;UOP01-DEL01-RN
591334.0;1317155.0;2024-04-02;terça-feira;08:50:00;RN;101.0;96,5;NATAL;Sim;Reação tardia ou ineficiente do condutor;5;Queda de ocupante de veículo;Com Vítimas Feridas;Pleno dia;Decrescente;Céu Claro;Múltipla;Reta;Sim;1054890.0;Automóvel;I/FIAT CRONOS DRIVE1.3AT;2023.0;Condutor;Ileso;36.0;Masculino;1.0;0.0;0.0;0.0;-5.85480643;-35.21138733;SPRF-RN;DEL01-RN;UOP01-DEL01-RN
591334.0;1317148.0;2024-04-02;terça-feira;08:50:00;RN;101.0;96,5;NATAL;Sim;Reação tardia ou ineficiente do condutor;1;Colisão lateral mesmo sentido;Com Vítimas Feridas;Pleno dia;Decrescente;Céu Claro;Múltipla;Reta;Sim;1054888.0;Motocicleta;HONDA/XRE 190 SE;2023.0;Condutor;Lesões Graves;27.0;Masculino;0.0;0.0;1.0;0.0;-5.85480643;-35.21138733;SPRF-RN;DEL01-RN;UOP01-DEL01-RN
591334.0;1317149.0;2024-04-02;terça-feira;08:50:00;RN;101.0;96,5;NATAL;Sim;Reação tardia ou ineficiente do condutor;1;Colisão lateral mesmo sentido;Com Vítimas Feridas;Pleno dia;Decrescente;Céu Claro;Múltipla;Reta;Sim;1054889.0;Motocicleta;HONDA/CG 160 TITAN;2018.0;Condutor;Ileso;32.0;Masculino;1.0;0.0;0.0;0.0;-5.85480643;-35.21138733;SPRF-RN;DEL01-RN;UOP01-DEL01-RN
591334.0;1317154.0;2024-04-02;terça-feira;08:50:00;RN;101.0;96,5;NATAL;Sim;Reação tardia ou ineficiente do condutor;1;Colisão lateral mesmo sentido;Com Vítimas Feridas;Pleno dia;Decrescente;Céu Claro;Múltipla;Reta;Sim;1054889.0;Motocicleta;HONDA/CG 160 TITAN;2018.0;Passageiro;Lesões Leves;29.0;Feminino;0.0;1.0;0.0;0.0;-5.85480643;-35.21138733;SPRF-RN;DEL01-RN;UOP01-DEL01-RN
591334.0;1317155.0;2024-04-02;terça-feira;08:50:00;RN;101.0;96,5;NATAL;Sim;Reação tardia ou ineficiente do condutor;1;Colisão lateral mesmo sentido;Com Vítimas Feridas;Pleno dia;Decrescente;Céu Claro;Múltipla;Reta;Sim;1054890.0;Automóvel;I/FIAT CRONOS DRIVE1.3AT;2023.0;Condutor;Ileso;36.0;Masculino;1.0;0.0;0.0;0.0;-5.85480643;-35.21138733;SPRF-RN;DEL01-RN;UOP01-DEL01-RN
591334.0;1317148.0;2024-04-02;terça-feira;08:50:00;RN;101.0;96,5;NATAL;Sim;Reação tardia ou ineficiente do condutor;4;Tombamento;Com Vítimas Feridas;Pleno dia;Decrescente;Céu Claro;Múltipla;Reta;Sim;1054888.0;Motocicleta;HONDA/XRE 190 SE;2023.0;Condutor;Lesões Graves;27.0;Masculino;0.0;0.0;1.0;0.0;-5.85480643;-35.21138733;SPRF-RN;DEL01-RN;UOP01-DEL01-RN