id;pesid;data_inversa;dia_semana;horario;uf;br;km;municipio;causa_principal;causa_acidente;ordem_tipo_acidente;tipo_acidente;classificacao_acidente;fase_dia;sentido_via;condicao_metereologica;tipo_pista;tracado_via;uso_solo;id_veiculo;tipo_veiculo;marca;ano_fabricacao_veiculo;tipo_envolvido;estado_fisico;idade;sexo;ilesos;feridos_leves;feridos_graves;mortos;latitude;longitude;regional;delegacia;uop
591334.0;1317149.0;2024-04-02;terça-feira;08:50:00;RN;101.0;96,5;NATAL;Sim;Reação tardia ou ineficiente do condutor;4;Tombamento;Com Vítimas Feridas;Pleno dia;Decrescente;Céu Claro;Múltipla;Reta;Sim;1054889.0;Motocicleta;HONDA/CG 160 TITAN;2018.0;Condutor;Ileso;32.0;Masculino;1.0;0.0;0.0;0.0;-5.85480643;-35.21138733;SPRF-RN;DEL01-RN;UOP01-DEL01-RN
591334.0;1317154.0;2024-04-02;terça-feira;08:50:00;RN;101.0;96,5;NATAL;Sim;Reação tardia ou ineficiente do condutor;4;Tombamento;Com Vítimas Feridas;Pleno dia;Decrescente;Céu Claro;Múltipla;Reta;Sim;1054889.0;Motocicleta;HONDA/CG 160 TITAN;2018.0;Passageiro;Lesões Leves;29.0;Feminino;0.0;1.0;0.0;0.0;-5.85480643;-35.21138733;SPRF-RN;DEL01-RN;UOP01-DEL01-RN
591334.0;1317155.0;2024-04-02;terça-feira;08:50:00;RN;101.0;96,5;NATAL;Sim;Reação tardia ou ineficiente do condutor;4;Tombamento;Com Vítimas Feridas;Pleno dia;Decrescente;Céu Claro;Múltipla;Reta;Sim;1054890.0;Automóvel;I/FIAT CRONOS DRIVE1.3AT;2023.0;Condutor;Ileso;36.0;Masculino;1.0;0.0;0.0;0.0;-5.85480643;-35.21138733;SPRF-RN;DEL01-RN;UOP01-DEL01-RN
591334.0;1317148.0;2024-04-02;terça-feira;08:50:00;RN;101.0;96,5;NATAL;Sim;Reação tardia ou ineficiente do condutor;3;Tombamento;Com Vítimas Feridas;Pleno dia;Decrescente;Céu Claro;Múltipla;Reta;Sim;1054888.0;Motocicleta;HONDA/XRE 190 SE;2023.0;Condutor;Lesões Graves;27.0;Masculino;0.0;0.0;1.0;0.0;-5.85480643;-35.21138733;SPRF-RN;DEL01-RN;UOP01-DEL01-RN
591334.0;1317149.0;2024-04-02;terça-feira;08:50:00;RN;101.0;96,5;NATAL;Sim;Reação tardia ou ineficiente do condutor;3;Tombamento;Com Vítimas Feridas;Pleno dia;Decrescente;Céu Claro;Múltipla;Reta;Sim;1054889.0;Motocicleta;HONDA/CG 160 TITAN;2018.0;Condutor;Ileso;32.0;Masculino;1.0;0.0;0.0;0.0;-5.85480643;-35.21138733;SPRF-RN;DEL01-RN;UOP01-DEL01-RN
591334.0;1317154.0;2024-04-02;terça-feira;08:50:00;RN;101.0;96,5;NATAL;Sim;Reação tardia ou ineficiente do condutor;3;Tombamento;Com Vítimas Feridas;Pleno dia;Decrescente;Céu Claro;Múltipla;Reta;Sim;1054889.0;Motocicleta;HONDA/CG 160 TITAN;2018.0;Passageiro;Lesões Leves;29.0;Feminino;0.0;1.0;0.0;0.0;-5.85480643;-35.21138733;SPRF-RN;DEL01-RN;UOP01-DEL01-RN
591334.0;1317155.0;2024-04-02;terça-feira;08:50:00;RN;101.0;96,5;NATAL;Sim;Reação tardia ou ineficiente do condutor;3;Tombamento;Com Vítimas Feridas;Pleno dia;Decrescente;Céu Claro;Múltipla;Reta;Sim;1054890.0;Automóvel;I/FIAT CRONOS DRIVE1.3AT;2023.0;Condutor;Ileso;36.0;Masculino;1.0;0.0;0.0;0.0;-5.85480643;-35.21138733;SPRF-RN;DEL01-RN;UOP01-DEL01-RN
591334.0;1317148.0;2024-04-02;terça-feira;08:50:00;RN;101.0;96,5;NATAL;Sim;Reação tardia ou ineficiente do condutor;2;Colisão traseira;Com Vítimas Feridas;Pleno dia;Decrescente;Céu Claro;Múltipla;Reta;Sim;1054888.0;Motocicleta;HONDA/XRE 190 SE;2023.0;Condutor;Lesões Graves;27.0;Masculino;0.0;0.0;1.0;0.0;-5.85480643;-35.21138733;SPRF-RN;DEL01-RN;UOP01-DEL01-RN
591334.0;1317149.0;2024-04-02;terça-feira;08:50:00;RN;101.0;96,5;NATAL;Sim;Reação tardia ou ineficiente do condutor;2;Colisão traseira;Com Vítimas Feridas;Pleno dia;Decrescente;Céu Claro;Múltipla;Reta;Sim;1054889.0;Motocicleta;HONDA/CG 160 TITAN;2018.0;Condutor;Ileso;32.0;Masculino;1.0;0.0;0.0;0.0;-5.85480643;-35.21138733;SPRF-RN;DEL01-RN;UOP01-DEL01-RN
591334.0;1317154.0;2024-04-02;terça-feira;08:50:00;RN;101.0;96,5;NATAL;Sim;Reação tardia ou ineficiente do condutor;2;Colisão traseira;Com Vítimas Feridas;Pleno dia;Decrescente;Céu Claro;Múltipla;Reta;Sim;1054889.0;Motocicleta;HONDA/CG 160 TITAN;2018.0;Passageiro;Lesões Leves;29.0;Feminino;0.0;1.0;0.0;0.0;-5.85480643;-35.21138733;SPRF-RN;DEL01-RN;UOP01-DEL01-RN
591334.0;1317155.0;2024-04-02;terça-feira;08:50:00;RN;101.0;96,5;NATAL;Sim;Reação tardia ou ineficiente do condutor;2;Colisão traseira;Com Vítimas Feridas;Pleno dia;Decrescente;Céu Claro;Múltipla;Reta;Sim;1054890.0;Automóvel;I/FIAT CRONOS DRIVE1.3AT;2023.0;Condutor;Ileso;36.0;Masculino;1.0;0.0;0.0;0.0;-5.85480643;-35.21138733;SPRF-RN;DEL01-RN;UOP01-DEL01-RN
591469.0;1317476.0;2024-04-02;terça-feira;20:36:00;RN;101.0;94;NATAL;Não;Reação tardia ou ineficiente do condutor;1;Colisão traseira;Com Vítimas Feridas;Plena Noite;Crescente;Nublado;Dupla;Reta;Sim;1055165.0;Motocicleta;HONDA/CB 300R;2013.0;Condutor;Lesões Leves;30.0;Masculino;0.0;1.0;0.0;0.0;-5.83176615;-35.21191342;SPRF-RN;DEL01-RN;UOP01-DEL01-RN
591469.0;1317478.0;2024-04-02;terça-feira;20:36:00;RN;101.0;94;NATAL;Não;Reação tardia ou ineficiente do condutor;1;Colisão traseira;Com Vítimas Feridas;Plena Noite;Crescente;Nublado;Dupla;Reta;Sim;1055166.0;Automóvel;HYUNDAI/HB20 1.6A PREM;2014.0;Condutor;Ileso;51.0;Feminino;1.0;0.0;0.0;0.0;-5.83176615;-35.21191342;SPRF-RN;DEL01-RN;UOP01-DEL01-RN
591469.0;1317476.0;2024-04-02;terça-feira;20:36:00;RN;101.0;94;NATAL;Não;Frear bruscamente;1;Colisão traseira;Com Vítimas Feridas;Plena Noite;Crescente;Nublado;Dupla;Reta;Sim;1055165.0;Motocicleta;HONDA/CB 300R;2013.0;Condutor;Lesões Leves;30.0;Masculino;0.0;1.0;0.0;0.0;-5.83176615;-35.21191342;SPRF-RN;DEL01-RN;UOP01-DEL01-RN
591469.0;1317478.0;2024-04-02;terça-feira;20:36:00;RN;101.0;94;NATAL;Não;Frear bruscamente;1;Colisão traseira;Com Vítimas Feridas;Plena Noite;Crescente;Nublado;Dupla;Reta;Sim;1055166.0;Automóvel;HYUNDAI/HB20 1.6A PREM;2014.0;Condutor;Ileso;51.0;Feminino;1.0;0.0;0.0;0.0;-5.83176615;-35.21191342;SPRF-RN;DEL01-RN;UOP01-DEL01-RN
591469.0;1317476.0;2024-04-02;terça-feira;20:36:00;RN;101.0;94;NATAL;Sim;Condutor deixou de manter distância do veículo da frente;1;Colisão traseira;Com Vítimas Feridas;Plena Noite;Crescente;Nublado;Dupla;Reta;Sim;1055165.0;Motocicleta;HONDA/CB 300R;2013.0;Condutor;Lesões Leves;30.0;Masculino;0.0;1.0;0.0;0.0;-5.83176615;-35.21191342;SPRF-RN;DEL01-RN;UOP01-DEL01-RN
591469.0;1317478.0;2024-04-02;terça-feira;20:36:00;RN;101.0;94;NATAL;Sim;Condutor deixou de manter distância do veículo da frente;1;Colisão traseira;Com Vítimas Feridas;Plena Noite;Crescente;Nublado;Dupla;Reta;Sim;1055166.0;Automóvel;HYUNDAI/HB20 1.6A PREM;2014.0;Condutor;Ileso;51.0;Feminino;1.0;0.0;0.0;0.0;-5.83176615;-35.21191342;SPRF-RN;DEL01-RN;UOP01-DEL01-RN
591726.0;1317991.0;2024-02-29;quinta-feira;18:00:00;RN;101.0;81;NATAL;Sim;Condutor deixou de manter distância do veículo da frente;2;Queda de ocupante de veículo;Com Vítimas Feridas;Plena Noite;Decrescente;Céu Claro;Dupla;Reta;Sim;1055580.0;Motocicleta;HONDA/CG 160 START;2019.0;Condutor;Ileso;25.0;Masculino;1.0;0.0;0.0;0.0;-5.76469466;-35.28295988;SPRF-RN;DEL02-RN;UOP01-DEL02-RN
591726.0;1317992.0;2024-02-29;quinta-feira;18:00:00;RN;101.0;81;NATAL;Sim;Condutor deixou de manter distância do veículo da frente;2;Queda de ocupante de veículo;Com Vítimas Feridas;Plena Noite;Decrescente;Céu Claro;Dupla;Reta;Sim;1055581.0;Motocicleta;HONDA/XRE 300;2016.0;Passageiro;Lesões Leves;19.0;Masculino;0.0;1.0;0.0;0.0;-5.76469466;-35.28295988;SPRF-RN;DEL02-RN;UOP01-DEL02-RN
591726.0;1317993.0;2024-02-29;quinta-feira;18:00:00;RN;101.0;81;NATAL;Sim;Condutor deixou de manter distância do veículo da frente;2;Queda de ocupante de veículo;Com Vítimas Feridas;Plena Noite;Decrescente;Céu Claro;Dupla;Reta;Sim;1055581.0;Motocicleta;HONDA/XRE 300;2016.0;Condutor;Lesões Graves;27.0;Masculino;0.0;0.0;1.0;0.0;-5.76469466;-35.28295988;SPRF-RN;DEL02-RN;UOP01-DEL02-RN
591726.0;1317991.0;2024-02-29;quinta-feira;18:00:00;RN;101.0;81;NATAL;Não;Velocidade Incompatível;2;Queda de ocupante de veículo;Com Vítimas Feridas;Plena Noite;Decrescente;Céu Claro;Dupla;Reta;Sim;1055580.0;Motocicleta;HONDA/CG 160 START;2019.0;Condutor;Ileso;25.0;Masculino;1.0;0.0;0.0;0.0;-5.76469466;-35.28295988;SPRF-RN;DEL02-RN;UOP01-DEL02-RN
591726.0;1317992.0;2024-02-29;quinta-feira;18:00:00;RN;101.0;81;NATAL;Não;Velocidade Incompatível;2;Queda de ocupante de veículo;Com Vítimas Feridas;Plena Noite;Decrescente;Céu Claro;Dupla;Reta;Sim;1055581.0;Motocicleta;HONDA/XRE 300;2016.0;Passageiro;Lesões Leves;19.0;Masculino;0.0;1.0;0.0;0.0;-5.76469466;-35.28295988;SPRF-RN;DEL02-RN;UOP01-DEL02-RN
591726.0;1317993.0;2024-02-29;quinta-feira;18:00:00;RN;101.0;81;NATAL;Não;Velocidade Incompatível;2;Queda de ocupante de veículo;Com Vítimas Feridas;Plena Noite;Decrescente;Céu Claro;Dupla;Reta;Sim;1055581.0;Motocicleta;HONDA/XRE 300;2016.0;Condutor;Lesões Graves;27.0;Masculino;0.0;0.0;1.0;0.0;-5.76469466;-35.28295988;SPRF-RN;DEL02-RN;UOP01-DEL02-RN
591726.0;1317991.0;2024-02-29;quinta-feira;18:00:00;RN;101.0;81;NATAL;Sim;Condutor deixou de manter distância do veículo da frente;1;Colisão lateral mesmo sentido;Com Vítimas Feridas;Plena Noite;Decrescente;Céu Claro;Dupla;Reta;Sim;1055580.0;Motocicleta;HONDA/CG 160 START;2019.0;Condutor;Ileso;25.0;Masculino;1.0;0.0;0.0;0.0;-5.76469466;-35.28295988;SPRF-RN;DEL02-RN;UOP01-DEL02-RN
591726.0;1317992.0;2024-02-29;quinta-feira;18:00:00;RN;101.0;81;NATAL;Sim;Condutor deixou de manter distância do veículo da frente;1;Colisão lateral mesmo sentido;Com Vítimas Feridas;Plena Noite;Decrescente;Céu Claro;Dupla;Reta;Sim;1055581.0;Motocicleta;HONDA/XRE 300;2016.0;Passageiro;Lesões Leves;19.0;Masculino;0.0;1.0;0.0;0.0;-5.76469466;-35.28295988;SPRF-RN;DEL02-RN;UOP01-DEL02-RN
591726.0;1317993.0;2024-02-29;quinta-feira;18:00:00;RN;101.0;81;NATAL;Sim;Condutor deixou de manter distância do veículo da frente;1;Colisão lateral mesmo sentido;Com Vítimas Feridas;Plena Noite;Decrescente;Céu Claro;Dupla;Reta;Sim;1055581.0;Motocicleta;HONDA/XRE 300;2016.0;Condutor;Lesões Graves;27.0;Masculino;0.0;0.0;1.0;0.0;-5.76469466;-35.28295988;SPRF-RN;DEL02-RN;UOP01-DEL02-RN
591726.0;1317991.0;2024-02-29;quinta-feira;18:00:00;RN;101.0;81;NATAL;Não;Velocidade Incompatível;1;Colisão lateral mesmo sentido;Com Vítimas Feridas;Plena Noite;Decrescente;Céu Claro;Dupla;Reta;Sim;1055580.0;Motocicleta;HONDA/CG 160 START;2019.0;Condutor;Ileso;25.0;Masculino;1.0;0.0;0.0;0.0;-5.76469466;-35.28295988;SPRF-RN;DEL02-RN;UOP01-DEL02-RN
591726.0;1317992.0;2024-02-29;quinta-feira;18:00:00;RN;101.0;81;NATAL;Não;Velocidade Incompatível;1;Colisão lateral mesmo sentido;Com Vítimas Feridas;Plena Noite;Decrescente;Céu Claro;Dupla;Reta;Sim;1055581.0;Motocicleta;HONDA/XRE 300;2016.0;Passageiro;Lesões Leves;19.0;Masculino;0.0;1.0;0.0;0.0;-5.76469466;-35.28295988;SPRF-RN;DEL02-RN;UOP01-DEL02-RN
591726.0;1317993.0;2024-02-29;quinta-feira;18:00:00;RN;101.0;81;NATAL;Não;Velocidade Incompatível;1;Colisão lateral mesmo sentido;Com Vítimas Feridas;Plena Noite;Decrescente;Céu Claro;Dupla;Reta;Sim;1055581.0;Motocicleta;HONDA/XRE 300;2016.0;Condutor;Lesões Graves;27.0;Masculino;0.0;0.0;1.0;0.0;-5.76469466;-35.28295988;SPRF-RN;DEL02-RN;UOP01-DEL02-RN
592190.0;1319131.0;2024-04-06;sábado;16:47:00;RN;101.0;73;NATAL;Sim;Acessar a via sem observar a presença dos outros veículos;1;Colisão traseira;Com Vítimas Feridas;Anoitecer;Decrescente;Céu Claro;Simples;"Interseção de Vias;Declive";Não;1056523.0;Bicicleta;Não Informado/Não Informado;0.0;Condutor;Lesões Leves;58.0;Masculino;0.0;1.0;0.0;0.0;-5.710587;-35.269613;SPRF-RN;DEL02-RN;UOP01-DEL02-RN
592190.0;1319132.0;2024-04-06;sábado;16:47:00;RN;101.0;73;NATAL;Sim;Acessar a via sem observar a presença dos outros veículos;1;Colisão traseira;Com Vítimas Feridas;Anoitecer;Decrescente;Céu Claro;Simples;"Interseção de Vias;Declive";Não;1056524.0;Automóvel;VW/FOX 1.0 GII;2013.0;Condutor;Ileso;45.0;Masculino;1.0;0.0;0.0;0.0;-5.710587;-35.269613;SPRF-RN;DEL02-RN;UOP01-DEL02-RN
592840.0;1320760.0;2024-04-09;terça-feira;09:39:00;RN;101.0;83;NATAL;Não;Reação tardia ou ineficiente do condutor;2;Queda de ocupante de veículo;Com Vítimas Feridas;Pleno dia;Decrescente;Céu Claro;Dupla;Reta;Sim;1057732.0;Automóvel;TOYOTA/ETIOS HB X;2015.0;Condutor;Ileso;32.0;Masculino;1.0;0.0;0.0;0.0;-5.7710445;-35.26616981;SPRF-RN;DEL02-RN;UOP01-DEL02-RN
592840.0;1320761.0;2024-04-09;terça-feira;09:39:00;RN;101.0;83;NATAL;Não;Reação tardia ou ineficiente do condutor;2;Queda de ocupante de veículo;Com Vítimas Feridas;Pleno dia;Decrescente;Céu Claro;Dupla;Reta;Sim;1057733.0;Motocicleta;HONDA/CG 150 TITAN ESD;2006.0;Condutor;Lesões Graves;28.0;Masculino;0.0;0.0;1.0;0.0;-5.7710445;-35.26616981;SPRF-RN;DEL02-RN;UOP01-DEL02-RN
592840.0;1320760.0;2024-04-09;terça-feira;09:39:00;RN;101.0;83;NATAL;Sim;Manobra de mudança de faixa;2;Queda de ocupante de veículo;Com Vítimas Feridas;Pleno dia;Decrescente;Céu Claro;Dupla;Reta;Sim;1057732.0;Automóvel;TOYOTA/ETIOS HB X;2015.0;Condutor;Ileso;32.0;Masculino;1.0;0.0;0.0;0.0;-5.7710445;-35.26616981;SPRF-RN;DEL02-RN;UOP01-DEL02-RN
592840.0;1320761.0;2024-04-09;terça-feira;09:39:00;RN;101.0;83;NATAL;Sim;Manobra de mudança de faixa;2;Queda de ocupante de veículo;Com Vítimas Feridas;Pleno dia;Decrescente;Céu Claro;Dupla;Reta;Sim;1057733.0;Motocicleta;HONDA/CG 150 TITAN ESD;2006.0;Condutor;Lesões Graves;28.0;Masculino;0.0;0.0;1.0;0.0;-5.7710445;-35.26616981;SPRF-RN;DEL02-RN;UOP01-DEL02-RN
592840.0;1320760.0;2024-04-09;terça-feira;09:39:00;RN;101.0;83;NATAL;Não;Reação tardia ou ineficiente do condutor;1;Colisão traseira;Com Vítimas Feridas;Pleno dia;Decrescente;Céu Claro;Dupla;Reta;Sim;1057732.0;Automóvel;TOYOTA/ETIOS HB X;2015.0;Condutor;Ileso;32.0;Masculino;1.0;0.0;0.0;0.0;-5.7710445;-35.26616981;SPRF-RN;DEL02-RN;UOP01-DEL02-RN
592840.0;1320761.0;2024-04-09;terça-feira;09:39:00;RN;101.0;83;NATAL;Não;Reação tardia ou ineficiente do condutor;1;Colisão traseira;Com Vítimas Feridas;Pleno dia;Decrescente;Céu Claro;Dupla;Reta;Sim;1057733.0;Motocicleta;HONDA/CG 150 TITAN ESD;2006.0;Condutor;Lesões Graves;28.0;Masculino;0.0;0.0;1.0;0.0;-5.7710445;-35.26616981;SPRF-RN;DEL02-RN;UOP01-DEL02-RN
592840.0;1320760.0;2024-04-09;terça-feira;09:39:00;RN;101.0;83;NATAL;Sim;Manobra de mudança de faixa;1;Colisão traseira;Com Vítimas Feridas;Pleno dia;Decrescente;Céu Claro;Dupla;Reta;Sim;1057732.0;Automóvel;TOYOTA/ETIOS HB X;2015.0;Condutor;Ileso;32.0;Masculino;1.0;0.0;0.0;0.0;-5.7710445;-35.26616981;SPRF-RN;DEL02-RN;UOP01-DEL02-RN
592840.0;1320761.0;2024-04-09;terça-feira;09:39:00;RN;101.0;83;NATAL;Sim;Manobra de mudança de faixa;1;Colisão traseira;Com Vítimas Feridas;Pleno dia;Decrescente;Céu Claro;Dupla;Reta;Sim;1057733.0;Motocicleta;HONDA/CG 150 TITAN ESD;2006.0;Condutor;Lesões Graves;28.0;Masculino;0.0;0.0;1.0;0.0;-5.7710445;-35.26616981;SPRF-RN;DEL02-RN;UOP01-DEL02-RN
592928.0;1321010.0;2024-04-09;terça-feira;17:46:00;RN;226.0;1;NATAL;Sim;Condutor deixou de manter distância do veículo da frente;1;Colisão traseira;Sem Vítimas;Plena Noite;Decrescente;Céu Claro;Simples;Reta;Sim;1057933.0;Automóvel;FIAT/DOBLO ESSENCE 7L E;2021.0;Condutor;Ileso;39.0;Masculino;1.0;0.0;0.0;0.0;-5.80642132;-35.24167278;SPRF-RN;DEL01-RN;UOP02-DEL01-RN
592928.0;1321011.0;2024-04-09;terça-feira;17:46:00;RN;226.0;1;NATAL;Sim;Condutor deixou de manter distância do veículo da frente;1;Colisão traseira;Sem Vítimas;Plena Noite;Decrescente;Céu Claro;Simples;Reta;Sim;1057934.0;Automóvel;NISSAN/VERSA 10;2020.0;Condutor;Ileso;30.0;Masculino;1.0;0.0;0.0;0.0;-5.80642132;-35.24167278;SPRF-RN;DEL01-RN;UOP02-DEL01-RN
593274.0;1321824.0;2024-04-11;quinta-feira;13:02:00;RN;101.0;95;NATAL;Sim;Acessar a via sem observar a presença dos outros veículos;1;Atropelamento de Pedestre;Com Vítimas Feridas;Pleno dia;Crescente;Céu Claro;Dupla;Reta;Sim;1058643.0;Caminhonete;I/TOYOTA HILUX CS4X4;2007.0;Condutor;Ileso;30.0;Masculino;1.0;0.0;0.0;0.0;-5.84076841;-35.21035949;SPRF-RN;DEL01-RN;UOP01-DEL01-RN
593274.0;1321822.0;2024-04-11;quinta-feira;13:02:00;RN;101.0;95;NATAL;Sim;Acessar a via sem observar a presença dos outros veículos;1;Atropelamento de Pedestre;Com Vítimas Feridas;Pleno dia;Crescente;Céu Claro;Dupla;Reta;Sim;;;NA/NA;;Pedestre;Lesões Graves;;Masculino;0.0;0.0;1.0;0.0;-5.84076841;-35.21035949;SPRF-RN;DEL01-RN;UOP01-DEL01-RN
593349.0;1322040.0;2024-04-11;quinta-feira;20:45:00;RN;101.0;96;NATAL;Sim;Entrada inopinada do pedestre;1;Atropelamento de Pedestre;Com Vítimas Fatais;Plena Noite;Decrescente;Céu Claro;Múltipla;Reta;Sim;1058776.0;Automóvel;FIAT/DOBLO ESSENCE 7L E;2021.0;Condutor;Ileso;57.0;Masculino;1.0;0.0;0.0;0.0;-5.84949622;-35.20890752;SPRF-RN;DEL01-RN;UOP01-DEL01-RN
593349.0;1322043.0;2024-04-11;quinta-feira;20:45:00;RN;101.0;96;NATAL;Sim;Entrada inopinada do pedestre;1;Atropelamento de Pedestre;Com Vítimas Fatais;Plena Noite;Decrescente;Céu Claro;Múltipla;Reta;Sim;;;NA/NA;;Pedestre;Óbito;;Feminino;0.0;0.0;0.0;1.0;-5.84949622;-35.20890752;SPRF-RN;DEL01-RN;UOP01-DEL01-RN
593401.0;1322212.0;2024-04-12;sexta-feira;07:00:00;RN;101.0;98;NATAL;Sim;Reação tardia ou ineficiente do condutor;1;Colisão lateral mesmo sentido;Com Vítimas Feridas;Pleno dia;Decrescente;Céu Claro;Dupla;Interseção de Vias;Sim;1058930.0;Caminhão-trator;IVECO/STRALIS 530S36T;2012.0;Condutor;Ileso;42.0;Masculino;1.0;0.0;0.0;0.0;-5.86567888;-35.21651625;SPRF-RN;DEL01-RN;UOP01-DEL01-RN
593401.0;1322213.0;2024-04-12;sexta-feira;07:00:00;RN;101.0;98;NATAL;Sim;Reação tardia ou ineficiente do condutor;1;Colisão lateral mesmo sentido;Com Vítimas Feridas;Pleno dia;Decrescente;Céu Claro;Dupla;Interseção de Vias;Sim;1058932.0;Motocicleta;HONDA/CG 160 FAN ESDI;2016.0;Condutor;Lesões Leves;27.0;Masculino;0.0;1.0;0.0;0.0;-5.86567888;-35.21651625;SPRF-RN;DEL01-RN;UOP01-DEL01-RN
593756.0;1322873.0;2024-04-13;sábado;16:35:00;RN;101.0;83,4;NATAL;Sim;Manobra de mudança de faixa;1;Colisão lateral mesmo sentido;Com Vítimas Feridas;Anoitecer;Decrescente;Céu Claro;Dupla;Reta;Sim;1059481.0;Motocicleta;JTA/SUZUKI GSX650F;2009.0;Condutor;Lesões Leves;28.0;Masculino;0.0;1.0;0.0;0.0;-5.7710445;-35.26616981;SPRF-RN;DEL02-RN;UOP01-DEL02-RN
594549.0;1324704.0;2024-04-17;quarta-feira;15:50:00;RN;101.0;81;NATAL;Sim;Reação tardia ou ineficiente do condutor;1;Queda de ocupante de veículo;Com Vítimas Feridas;Pleno dia;Decrescente;Céu Claro;Simples;Reta;Sim;1060980.0;Motocicleta;YAMAHA/FZ15 FAZER ABS;2023.0;Passageiro;Lesões Leves;23.0;Feminino;0.0;1.0;0.0;0.0;-5.76469466;-35.28295988;SPRF-RN;DEL02-RN;UOP01-DEL02-RN
594549.0;1324703.0;2024-04-17;quarta-feira;15:50:00;RN;101.0;81;NATAL;Sim;Reação tardia ou ineficiente do condutor;1;Queda de ocupante de veículo;Com Vítimas Feridas;Pleno dia;Decrescente;Céu Claro;Simples;Reta;Sim;1060980.0;Motocicleta;YAMAHA/FZ15 FAZER ABS;2023.0;Condutor;Lesões Leves;25.0;Masculino;0.0;1.0;0.0;0.0;-5.76469466;-35.28295988;SPRF-RN;DEL02-RN;UOP01-DEL02-RN
594776.0;1325255.0;2024-04-18;quinta-feira;17:35:00;RN;101.0;96;NATAL;Sim;Pedestre cruzava a pista fora da faixa;1;Atropelamento de Pedestre;Com Vítimas Feridas;Anoitecer;Decrescente;Céu Claro;Dupla;Curva;Sim;1061464.0;Motocicleta;HONDA/CG 125I FAN;2018.0;Condutor;Ileso;42.0;Masculino;1.0;0.0;0.0;0.0;-5.847628;-35.208398;SPRF-RN;DEL01-RN;UOP01-DEL01-RN
594776.0;1325259.0;2024-04-18;quinta-feira;17:35:00;RN;101.0;96;NATAL;Sim;Pedestre cruzava a pista fora da faixa;1;Atropelamento de Pedestre;Com Vítimas Feridas;Anoitecer;Decrescente;Céu Claro;Dupla;Curva;Sim;;;NA/NA;;Pedestre;Lesões Leves;44.0;Masculino;0.0;1.0;0.0;0.0;-5.847628;-35.208398;SPRF-RN;DEL01-RN;UOP01-DEL01-RN
595555.0;1327156.0;2024-04-21;domingo;17:00:00;RN;101.0;79,6;NATAL;Sim;Condutor Dormindo;1;Saída de leito carroçável;Sem Vítimas;Pleno dia;Decrescente;Céu Claro;Dupla;Reta;Sim;1063070.0;Automóvel;GM/CORSA WIND;2000.0;Condutor;Não Informado;;Não Informado;0.0;0.0;0.0;0.0;-5.74962896;-35.28918369;SPRF-RN;DEL02-RN;UOP01-DEL02-RN
595629.0;1327395.0;2024-04-22;segunda-feira;08:13:00;RN;226.0;5;NATAL;Sim;Acessar a via sem observar a presença dos outros veículos;3;Queda de ocupante de veículo;Com Vítimas Feridas;Pleno dia;Decrescente;Céu Claro;Simples;Reta;Sim;1063251.0;Motocicleta;HONDA/CG 125 FAN KS;2009.0;Condutor;Lesões Leves;37.0;Masculino;0.0;1.0;0.0;0.0;-5.82090114;-35.26828435;SPRF-RN;DEL01-RN;UOP02-DEL01-RN
595629.0;1327394.0;2024-04-22;segunda-feira;08:13:00;RN;226.0;5;NATAL;Sim;Acessar a via sem observar a presença dos outros veículos;3;Queda de ocupante de veículo;Com Vítimas Feridas;Pleno dia;Decrescente;Céu Claro;Simples;Reta;Sim;1063250.0;Motocicleta;HONDA/CG 160 TITAN;2022.0;Condutor;Lesões Leves;21.0;Masculino;0.0;1.0;0.0;0.0;-5.82090114;-35.26828435;SPRF-RN;DEL01-RN;UOP02-DEL01-RN
595629.0;1327395.0;2024-04-22;segunda-feira;08:13:00;RN;226.0;5;NATAL;Sim;Acessar a via sem observar a presença dos outros veículos;2;Tombamento;Com Vítimas Feridas;Pleno dia;Decrescente;Céu Claro;Simples;Reta;Sim;1063251.0;Motocicleta;HONDA/CG 125 FAN KS;2009.0;Condutor;Lesões Leves;37.0;Masculino;0.0;1.0;0.0;0.0;-5.82090114;-35.26828435;SPRF-RN;DEL01-RN;UOP02-DEL01-RN
595629.0;1327394.0;2024-04-22;segunda-feira;08:13:00;RN;226.0;5;NATAL;Sim;Acessar a via sem observar a presença dos outros veículos;2;Tombamento;Com Vítimas Feridas;Pleno dia;Decrescente;Céu Claro;Simples;Reta;Sim;1063250.0;Motocicleta;HONDA/CG 160 TITAN;2022.0;Condutor;Lesões Leves;21.0;Masculino;0.0;1.0;0.0;0.0;-5.82090114;-35.26828435;SPRF-RN;DEL01-RN;UOP02-DEL01-RN
595629.0;1327395.0;2024-04-22;segunda-feira;08:13:00;RN;226.0;5;NATAL;Sim;Acessar a via sem observar a presença dos outros veículos;1;Colisão transversal;Com Vítimas Feridas;Pleno dia;Decrescente;Céu Claro;Simples;Reta;Sim;1063251.0;Motocicleta;HONDA/CG 125 FAN KS;2009.0;Condutor;Lesões Leves;37.0;Masculino;0.0;1.0;0.0;0.0;-5.82090114;-35.26828435;SPRF-RN;DEL01-RN;UOP02-DEL01-RN