id;pesid;data_inversa;dia_semana;horario;uf;br;km;municipio;causa_principal;causa_acidente;ordem_tipo_acidente;tipo_acidente;classificacao_acidente;fase_dia;sentido_via;condicao_metereologica;tipo_pista;tracado_via;uso_solo;id_veiculo;tipo_veiculo;marca;ano_fabricacao_veiculo;tipo_envolvido;estado_fisico;idade;sexo;ilesos;feridos_leves;feridos_graves;mortos;latitude;longitude;regional;delegacia;uop
595629.0;1327394.0;2024-04-22;segunda-feira;08:13:00;RN;226.0;5;NATAL;Sim;Acessar a via sem observar a presença dos outros veículos;1;Colisão transversal;Com Vítimas Feridas;Pleno dia;Decrescente;Céu Claro;Simples;Reta;Sim;1063250.0;Motocicleta;HONDA/CG 160 TITAN;2022.0;Condutor;Lesões Leves;21.0;Masculino;0.0;1.0;0.0;0.0;-5.82090114;-35.26828435;SPRF-RN;DEL01-RN;UOP02-DEL01-RN
595674.0;1327508.0;2024-04-22;segunda-feira;12:28:00;RN;101.0;84,1;NATAL;Sim;Manobra de mudança de faixa;1;Colisão transversal;Com Vítimas Feridas;Pleno dia;Crescente;Céu Claro;Dupla;Reta;Sim;1063360.0;Motocicleta;MOTTU/SPORT 110I;2024.0;Condutor;Lesões Leves;24.0;Masculino;0.0;1.0;0.0;0.0;-5.774175;-35.2578;SPRF-RN;DEL02-RN;UOP01-DEL02-RN
595674.0;1327509.0;2024-04-22;segunda-feira;12:28:00;RN;101.0;84,1;NATAL;Sim;Manobra de mudança de faixa;1;Colisão transversal;Com Vítimas Feridas;Pleno dia;Crescente;Céu Claro;Dupla;Reta;Sim;1063361.0;Motocicleta;HONDA/POP100;2011.0;Condutor;Lesões Leves;54.0;Masculino;0.0;1.0;0.0;0.0;-5.774175;-35.2578;SPRF-RN;DEL02-RN;UOP01-DEL02-RN
595825.0;1327852.0;2024-04-23;terça-feira;09:30:00;RN;101.0;82,8;NATAL;Sim;Acessar a via sem observar a presença dos outros veículos;1;Colisão transversal;Com Vítimas Feridas;Pleno dia;Decrescente;Céu Claro;Dupla;Reta;Não;1063643.0;Automóvel;FIAT/UNO VIVACE 1.0;2014.0;Condutor;Ileso;31.0;Feminino;1.0;0.0;0.0;0.0;-5.76791511;-35.27456305;SPRF-RN;DEL02-RN;UOP01-DEL02-RN
595825.0;1327848.0;2024-04-23;terça-feira;09:30:00;RN;101.0;82,8;NATAL;Sim;Acessar a via sem observar a presença dos outros veículos;1;Colisão transversal;Com Vítimas Feridas;Pleno dia;Decrescente;Céu Claro;Dupla;Reta;Não;1063621.0;Bicicleta;Não Informado/Não Informado;0.0;Condutor;Lesões Graves;20.0;Masculino;0.0;0.0;1.0;0.0;-5.76791511;-35.27456305;SPRF-RN;DEL02-RN;UOP01-DEL02-RN
595825.0;1327849.0;2024-04-23;terça-feira;09:30:00;RN;101.0;82,8;NATAL;Sim;Acessar a via sem observar a presença dos outros veículos;1;Colisão transversal;Com Vítimas Feridas;Pleno dia;Decrescente;Céu Claro;Dupla;Reta;Não;1063623.0;Ônibus;MBENZ/MPOLO VIAGGIO R;2007.0;Condutor;Ileso;32.0;Masculino;1.0;0.0;0.0;0.0;-5.76791511;-35.27456305;SPRF-RN;DEL02-RN;UOP01-DEL02-RN
597478.0;1332072.0;2024-04-30;terça-feira;17:40:00;RN;101.0;97;NATAL;Sim;Condutor deixou de manter distância do veículo da frente;1;Colisão traseira;Com Vítimas Feridas;Anoitecer;Decrescente;Céu Claro;Simples;"Reta;Declive";Sim;1066985.0;Motocicleta;HONDA/CG 125 TITAN KS;2000.0;Condutor;Lesões Leves;24.0;Masculino;0.0;1.0;0.0;0.0;-5.862177;-35.214892;SPRF-RN;DEL01-RN;UOP01-DEL01-RN
597478.0;1332122.0;2024-04-30;terça-feira;17:40:00;RN;101.0;97;NATAL;Sim;Condutor deixou de manter distância do veículo da frente;1;Colisão traseira;Com Vítimas Feridas;Anoitecer;Decrescente;Céu Claro;Simples;"Reta;Declive";Sim;1066987.0;Automóvel;I/FIAT CRONOS DRIVE 1.0;2022.0;Condutor;Ileso;33.0;Masculino;1.0;0.0;0.0;0.0;-5.862177;-35.214892;SPRF-RN;DEL01-RN;UOP01-DEL01-RN
597513.0;1332083.0;2024-04-30;terça-feira;20:20:00;RN;101.0;99;NATAL;Sim;Manobra de mudança de faixa;3;Queda de ocupante de veículo;Com Vítimas Feridas;Plena Noite;Decrescente;Céu Claro;Dupla;Reta;Não;1066990.0;Motocicleta;YAMAHA/YBR125 FACTOR K1;2014.0;Condutor;Lesões Leves;29.0;Masculino;0.0;1.0;0.0;0.0;-5.87359183;-35.22063023;SPRF-RN;DEL01-RN;UOP01-DEL01-RN
597513.0;1332084.0;2024-04-30;terça-feira;20:20:00;RN;101.0;99;NATAL;Sim;Manobra de mudança de faixa;3;Queda de ocupante de veículo;Com Vítimas Feridas;Plena Noite;Decrescente;Céu Claro;Dupla;Reta;Não;1066990.0;Motocicleta;YAMAHA/YBR125 FACTOR K1;2014.0;Passageiro;Lesões Leves;27.0;Feminino;0.0;1.0;0.0;0.0;-5.87359183;-35.22063023;SPRF-RN;DEL01-RN;UOP01-DEL01-RN
597513.0;1332081.0;2024-04-30;terça-feira;20:20:00;RN;101.0;99;NATAL;Sim;Manobra de mudança de faixa;3;Queda de ocupante de veículo;Com Vítimas Feridas;Plena Noite;Decrescente;Céu Claro;Dupla;Reta;Não;1066991.0;Motocicleta;HONDA/CG 160 FAN;2023.0;Condutor;Lesões Leves;23.0;Masculino;0.0;1.0;0.0;0.0;-5.87359183;-35.22063023;SPRF-RN;DEL01-RN;UOP01-DEL01-RN
597513.0;1332083.0;2024-04-30;terça-feira;20:20:00;RN;101.0;99;NATAL;Sim;Manobra de mudança de faixa;2;Tombamento;Com Vítimas Feridas;Plena Noite;Decrescente;Céu Claro;Dupla;Reta;Não;1066990.0;Motocicleta;YAMAHA/YBR125 FACTOR K1;2014.0;Condutor;Lesões Leves;29.0;Masculino;0.0;1.0;0.0;0.0;-5.87359183;-35.22063023;SPRF-RN;DEL01-RN;UOP01-DEL01-RN
597513.0;1332084.0;2024-04-30;terça-feira;20:20:00;RN;101.0;99;NATAL;Sim;Manobra de mudança de faixa;2;Tombamento;Com Vítimas Feridas;Plena Noite;Decrescente;Céu Claro;Dupla;Reta;Não;1066990.0;Motocicleta;YAMAHA/YBR125 FACTOR K1;2014.0;Passageiro;Lesões Leves;27.0;Feminino;0.0;1.0;0.0;0.0;-5.87359183;-35.22063023;SPRF-RN;DEL01-RN;UOP01-DEL01-RN
597513.0;1332081.0;2024-04-30;terça-feira;20:20:00;RN;101.0;99;NATAL;Sim;Manobra de mudança de faixa;2;Tombamento;Com Vítimas Feridas;Plena Noite;Decrescente;Céu Claro;Dupla;Reta;Não;1066991.0;Motocicleta;HONDA/CG 160 FAN;2023.0;Condutor;Lesões Leves;23.0;Masculino;0.0;1.0;0.0;0.0;-5.87359183;-35.22063023;SPRF-RN;DEL01-RN;UOP01-DEL01-RN
597513.0;1332083.0;2024-04-30;terça-feira;20:20:00;RN;101.0;99;NATAL;Sim;Manobra de mudança de faixa;1;Colisão lateral mesmo sentido;Com Vítimas Feridas;Plena Noite;Decrescente;Céu Claro;Dupla;Reta;Não;1066990.0;Motocicleta;YAMAHA/YBR125 FACTOR K1;2014.0;Condutor;Lesões Leves;29.0;Masculino;0.0;1.0;0.0;0.0;-5.87359183;-35.22063023;SPRF-RN;DEL01-RN;UOP01-DEL01-RN
597513.0;1332084.0;2024-04-30;terça-feira;20:20:00;RN;101.0;99;NATAL;Sim;Manobra de mudança de faixa;1;Colisão lateral mesmo sentido;Com Vítimas Feridas;Plena Noite;Decrescente;Céu Claro;Dupla;Reta;Não;1066990.0;Motocicleta;YAMAHA/YBR125 FACTOR K1;2014.0;Passageiro;Lesões Leves;27.0;Feminino;0.0;1.0;0.0;0.0;-5.87359183;-35.22063023;SPRF-RN;DEL01-RN;UOP01-DEL01-RN
597513.0;1332081.0;2024-04-30;terça-feira;20:20:00;RN;101.0;99;NATAL;Sim;Manobra de mudança de faixa;1;Colisão lateral mesmo sentido;Com Vítimas Feridas;Plena Noite;Decrescente;Céu Claro;Dupla;Reta;Não;1066991.0;Motocicleta;HONDA/CG 160 FAN;2023.0;Condutor;Lesões Leves;23.0;Masculino;0.0;1.0;0.0;0.0;-5.87359183;-35.22063023;SPRF-RN;DEL01-RN;UOP01-DEL01-RN
597657.0;1332441.0;2024-05-01;quarta-feira;18:00:00;RN;226.0;2;NATAL;Sim;Reação tardia ou ineficiente do condutor;1;Colisão traseira;Com Vítimas Feridas;Plena Noite;Crescente;Céu Claro;Dupla;Reta;Sim;1067232.0;Motocicleta;YAMAHA/YBR150 FACTOR ED;2023.0;Condutor;Lesões Leves;22.0;Masculino;0.0;1.0;0.0;0.0;-5.81364934;-35.2466547;SPRF-RN;DEL01-RN;UOP02-DEL01-RN
597657.0;1332442.0;2024-05-01;quarta-feira;18:00:00;RN;226.0;2;NATAL;Sim;Reação tardia ou ineficiente do condutor;1;Colisão traseira;Com Vítimas Feridas;Plena Noite;Crescente;Céu Claro;Dupla;Reta;Sim;1067234.0;Motocicleta;HONDA/CG 125I FAN;2016.0;Condutor;Lesões Leves;49.0;Masculino;0.0;1.0;0.0;0.0;-5.81364934;-35.2466547;SPRF-RN;DEL01-RN;UOP02-DEL01-RN
597921.0;1333100.0;2024-05-03;sexta-feira;04:16:00;RN;226.0;2;NATAL;Sim;Ingestão de álcool pelo condutor;1;Colisão com objeto;Sem Vítimas;Amanhecer;Crescente;Chuva;Dupla;Reta;Sim;1067749.0;Automóvel;FIAT/DOBLO ADV 1.8 FLEX;2013.0;Condutor;Ileso;39.0;Masculino;1.0;0.0;0.0;0.0;-5.81364934;-35.2466547;SPRF-RN;DEL01-RN;UOP02-DEL01-RN
597921.0;1333102.0;2024-05-03;sexta-feira;04:16:00;RN;226.0;2;NATAL;Sim;Ingestão de álcool pelo condutor;1;Colisão com objeto;Sem Vítimas;Amanhecer;Crescente;Chuva;Dupla;Reta;Sim;;;NA/NA;;Testemunha;Não Informado;;Não Informado;0.0;0.0;0.0;0.0;-5.81364934;-35.2466547;SPRF-RN;DEL01-RN;UOP02-DEL01-RN
598473.0;1334337.0;2024-05-05;domingo;16:13:00;RN;101.0;74,7;NATAL;Sim;Pedestre andava na pista;1;Atropelamento de Pedestre;Com Vítimas Feridas;Pleno dia;Decrescente;Céu Claro;Simples;Reta;Não;1068765.0;Automóvel;VW/VIRTUS MF;2021.0;Condutor;Ileso;39.0;Masculino;1.0;0.0;0.0;0.0;-5.718265;-35.274443;SPRF-RN;DEL02-RN;UOP01-DEL02-RN
598473.0;1334339.0;2024-05-05;domingo;16:13:00;RN;101.0;74,7;NATAL;Sim;Pedestre andava na pista;1;Atropelamento de Pedestre;Com Vítimas Feridas;Pleno dia;Decrescente;Céu Claro;Simples;Reta;Não;;;NA/NA;;Pedestre;Lesões Graves;63.0;Masculino;0.0;0.0;1.0;0.0;-5.718265;-35.274443;SPRF-RN;DEL02-RN;UOP01-DEL02-RN
598530.0;1334438.0;2024-05-05;domingo;20:05:00;RN;101.0;84;NATAL;Sim;Ingestão de álcool pelo condutor;1;Colisão transversal;Com Vítimas Feridas;Plena Noite;Crescente;Céu Claro;Múltipla;Curva;Sim;1068857.0;Automóvel;I/CHEVROLET AGILE LTZ;2009.0;Condutor;Ileso;25.0;Masculino;1.0;0.0;0.0;0.0;-5.774175;-35.2578;SPRF-RN;DEL02-RN;UOP01-DEL02-RN
598530.0;1334441.0;2024-05-05;domingo;20:05:00;RN;101.0;84;NATAL;Sim;Ingestão de álcool pelo condutor;1;Colisão transversal;Com Vítimas Feridas;Plena Noite;Crescente;Céu Claro;Múltipla;Curva;Sim;1068860.0;Automóvel;FORD/FIESTA;1998.0;Condutor;Lesões Leves;45.0;Masculino;0.0;1.0;0.0;0.0;-5.774175;-35.2578;SPRF-RN;DEL02-RN;UOP01-DEL02-RN
598580.0;1334600.0;2024-05-06;segunda-feira;05:30:00;RN;101.0;97;NATAL;Sim;Demais falhas mecânicas ou elétricas;1;Queda de ocupante de veículo;Com Vítimas Feridas;Pleno dia;Decrescente;Céu Claro;Múltipla;Reta;Sim;1068984.0;Motoneta;HONDA/ELITE 125;2024.0;Passageiro;Lesões Leves;34.0;Masculino;0.0;1.0;0.0;0.0;-5.85758898;-35.21271205;SPRF-RN;DEL01-RN;UOP01-DEL01-RN
598580.0;1334599.0;2024-05-06;segunda-feira;05:30:00;RN;101.0;97;NATAL;Sim;Demais falhas mecânicas ou elétricas;1;Queda de ocupante de veículo;Com Vítimas Feridas;Pleno dia;Decrescente;Céu Claro;Múltipla;Reta;Sim;1068984.0;Motoneta;HONDA/ELITE 125;2024.0;Condutor;Ileso;45.0;Feminino;1.0;0.0;0.0;0.0;-5.85758898;-35.21271205;SPRF-RN;DEL01-RN;UOP01-DEL01-RN
598879.0;1335364.0;2024-05-07;terça-feira;17:18:00;RN;101.0;79,7;NATAL;Sim;Acessar a via sem observar a presença dos outros veículos;3;Queda de ocupante de veículo;Com Vítimas Feridas;Anoitecer;Crescente;Céu Claro;Dupla;Reta;Sim;1069603.0;Motocicleta;HONDA/CG 125 FAN KS;2012.0;Condutor;Lesões Graves;36.0;Masculino;0.0;0.0;1.0;0.0;-5.74962896;-35.28918369;SPRF-RN;DEL02-RN;UOP01-DEL02-RN
598879.0;1335361.0;2024-05-07;terça-feira;17:18:00;RN;101.0;79,7;NATAL;Sim;Acessar a via sem observar a presença dos outros veículos;3;Queda de ocupante de veículo;Com Vítimas Feridas;Anoitecer;Crescente;Céu Claro;Dupla;Reta;Sim;1069602.0;Motocicleta;YAMAHA/YS150 FAZER SED;2018.0;Condutor;Lesões Graves;44.0;Masculino;0.0;0.0;1.0;0.0;-5.74962896;-35.28918369;SPRF-RN;DEL02-RN;UOP01-DEL02-RN
598879.0;1335364.0;2024-05-07;terça-feira;17:18:00;RN;101.0;79,7;NATAL;Sim;Acessar a via sem observar a presença dos outros veículos;2;Tombamento;Com Vítimas Feridas;Anoitecer;Crescente;Céu Claro;Dupla;Reta;Sim;1069603.0;Motocicleta;HONDA/CG 125 FAN KS;2012.0;Condutor;Lesões Graves;36.0;Masculino;0.0;0.0;1.0;0.0;-5.74962896;-35.28918369;SPRF-RN;DEL02-RN;UOP01-DEL02-RN
598879.0;1335361.0;2024-05-07;terça-feira;17:18:00;RN;101.0;79,7;NATAL;Sim;Acessar a via sem observar a presença dos outros veículos;2;Tombamento;Com Vítimas Feridas;Anoitecer;Crescente;Céu Claro;Dupla;Reta;Sim;1069602.0;Motocicleta;YAMAHA/YS150 FAZER SED;2018.0;Condutor;Lesões Graves;44.0;Masculino;0.0;0.0;1.0;0.0;-5.74962896;-35.28918369;SPRF-RN;DEL02-RN;UOP01-DEL02-RN
598879.0;1335364.0;2024-05-07;terça-feira;17:18:00;RN;101.0;79,7;NATAL;Sim;Acessar a via sem observar a presença dos outros veículos;1;Colisão transversal;Com Vítimas Feridas;Anoitecer;Crescente;Céu Claro;Dupla;Reta;Sim;1069603.0;Motocicleta;HONDA/CG 125 FAN KS;2012.0;Condutor;Lesões Graves;36.0;Masculino;0.0;0.0;1.0;0.0;-5.74962896;-35.28918369;SPRF-RN;DEL02-RN;UOP01-DEL02-RN
598879.0;1335361.0;2024-05-07;terça-feira;17:18:00;RN;101.0;79,7;NATAL;Sim;Acessar a via sem observar a presença dos outros veículos;1;Colisão transversal;Com Vítimas Feridas;Anoitecer;Crescente;Céu Claro;Dupla;Reta;Sim;1069602.0;Motocicleta;YAMAHA/YS150 FAZER SED;2018.0;Condutor;Lesões Graves;44.0;Masculino;0.0;0.0;1.0;0.0;-5.74962896;-35.28918369;SPRF-RN;DEL02-RN;UOP01-DEL02-RN
599485.0;1336810.0;2024-05-10;sexta-feira;14:03:00;RN;101.0;84,2;NATAL;Não;Manobra de mudança de faixa;2;Colisão traseira;Com Vítimas Feridas;Pleno dia;Decrescente;Sol;Dupla;"Interseção de Vias;Viaduto";Sim;1070868.0;Automóvel;I/FIAT PALIO FIRE ECONOM;2012.0;Condutor;Ileso;51.0;Masculino;1.0;0.0;0.0;0.0;-5.77504241;-35.25551504;SPRF-RN;DEL02-RN;UOP01-DEL02-RN
599485.0;1336809.0;2024-05-10;sexta-feira;14:03:00;RN;101.0;84,2;NATAL;Não;Manobra de mudança de faixa;2;Colisão traseira;Com Vítimas Feridas;Pleno dia;Decrescente;Sol;Dupla;"Interseção de Vias;Viaduto";Sim;1070867.0;Motocicleta;HONDA/CG 160 START;2020.0;Condutor;Lesões Graves;20.0;Masculino;0.0;0.0;1.0;0.0;-5.77504241;-35.25551504;SPRF-RN;DEL02-RN;UOP01-DEL02-RN
599485.0;1336814.0;2024-05-10;sexta-feira;14:03:00;RN;101.0;84,2;NATAL;Não;Manobra de mudança de faixa;2;Colisão traseira;Com Vítimas Feridas;Pleno dia;Decrescente;Sol;Dupla;"Interseção de Vias;Viaduto";Sim;1070869.0;Automóvel;VW/T CROSS SENSE TSI;2022.0;Condutor;Ileso;33.0;Masculino;1.0;0.0;0.0;0.0;-5.77504241;-35.25551504;SPRF-RN;DEL02-RN;UOP01-DEL02-RN
599485.0;1336810.0;2024-05-10;sexta-feira;14:03:00;RN;101.0;84,2;NATAL;Sim;Velocidade Incompatível;2;Colisão traseira;Com Vítimas Feridas;Pleno dia;Decrescente;Sol;Dupla;"Interseção de Vias;Viaduto";Sim;1070868.0;Automóvel;I/FIAT PALIO FIRE ECONOM;2012.0;Condutor;Ileso;51.0;Masculino;1.0;0.0;0.0;0.0;-5.77504241;-35.25551504;SPRF-RN;DEL02-RN;UOP01-DEL02-RN
599485.0;1336809.0;2024-05-10;sexta-feira;14:03:00;RN;101.0;84,2;NATAL;Sim;Velocidade Incompatível;2;Colisão traseira;Com Vítimas Feridas;Pleno dia;Decrescente;Sol;Dupla;"Interseção de Vias;Viaduto";Sim;1070867.0;Motocicleta;HONDA/CG 160 START;2020.0;Condutor;Lesões Graves;20.0;Masculino;0.0;0.0;1.0;0.0;-5.77504241;-35.25551504;SPRF-RN;DEL02-RN;UOP01-DEL02-RN
599485.0;1336814.0;2024-05-10;sexta-feira;14:03:00;RN;101.0;84,2;NATAL;Sim;Velocidade Incompatível;2;Colisão traseira;Com Vítimas Feridas;Pleno dia;Decrescente;Sol;Dupla;"Interseção de Vias;Viaduto";Sim;1070869.0;Automóvel;VW/T CROSS SENSE TSI;2022.0;Condutor;Ileso;33.0;Masculino;1.0;0.0;0.0;0.0;-5.77504241;-35.25551504;SPRF-RN;DEL02-RN;UOP01-DEL02-RN
599485.0;1336810.0;2024-05-10;sexta-feira;14:03:00;RN;101.0;84,2;NATAL;Não;Manobra de mudança de faixa;1;Colisão lateral mesmo sentido;Com Vítimas Feridas;Pleno dia;Decrescente;Sol;Dupla;"Interseção de Vias;Viaduto";Sim;1070868.0;Automóvel;I/FIAT PALIO FIRE ECONOM;2012.0;Condutor;Ileso;51.0;Masculino;1.0;0.0;0.0;0.0;-5.77504241;-35.25551504;SPRF-RN;DEL02-RN;UOP01-DEL02-RN
599485.0;1336809.0;2024-05-10;sexta-feira;14:03:00;RN;101.0;84,2;NATAL;Não;Manobra de mudança de faixa;1;Colisão lateral mesmo sentido;Com Vítimas Feridas;Pleno dia;Decrescente;Sol;Dupla;"Interseção de Vias;Viaduto";Sim;1070867.0;Motocicleta;HONDA/CG 160 START;2020.0;Condutor;Lesões Graves;20.0;Masculino;0.0;0.0;1.0;0.0;-5.77504241;-35.25551504;SPRF-RN;DEL02-RN;UOP01-DEL02-RN
599485.0;1336814.0;2024-05-10;sexta-feira;14:03:00;RN;101.0;84,2;NATAL;Não;Manobra de mudança de faixa;1;Colisão lateral mesmo sentido;Com Vítimas Feridas;Pleno dia;Decrescente;Sol;Dupla;"Interseção de Vias;Viaduto";Sim;1070869.0;Automóvel;VW/T CROSS SENSE TSI;2022.0;Condutor;Ileso;33.0;Masculino;1.0;0.0;0.0;0.0;-5.77504241;-35.25551504;SPRF-RN;DEL02-RN;UOP01-DEL02-RN
599485.0;1336810.0;2024-05-10;sexta-feira;14:03:00;RN;101.0;84,2;NATAL;Sim;Velocidade Incompatível;1;Colisão lateral mesmo sentido;Com Vítimas Feridas;Pleno dia;Decrescente;Sol;Dupla;"Interseção de Vias;Viaduto";Sim;1070868.0;Automóvel;I/FIAT PALIO FIRE ECONOM;2012.0;Condutor;Ileso;51.0;Masculino;1.0;0.0;0.0;0.0;-5.77504241;-35.25551504;SPRF-RN;DEL02-RN;UOP01-DEL02-RN
599485.0;1336809.0;2024-05-10;sexta-feira;14:03:00;RN;101.0;84,2;NATAL;Sim;Velocidade Incompatível;1;Colisão lateral mesmo sentido;Com Vítimas Feridas;Pleno dia;Decrescente;Sol;Dupla;"Interseção de Vias;Viaduto";Sim;1070867.0;Motocicleta;HONDA/CG 160 START;2020.0;Condutor;Lesões Graves;20.0;Masculino;0.0;0.0;1.0;0.0;-5.77504241;-35.25551504;SPRF-RN;DEL02-RN;UOP01-DEL02-RN
599485.0;1336814.0;2024-05-10;sexta-feira;14:03:00;RN;101.0;84,2;NATAL;Sim;Velocidade Incompatível;1;Colisão lateral mesmo sentido;Com Vítimas Feridas;Pleno dia;Decrescente;Sol;Dupla;"Interseção de Vias;Viaduto";Sim;1070869.0;Automóvel;VW/T CROSS SENSE TSI;2022.0;Condutor;Ileso;33.0;Masculino;1.0;0.0;0.0;0.0;-5.77504241;-35.25551504;SPRF-RN;DEL02-RN;UOP01-DEL02-RN
599518.0;1336940.0;2024-05-10;sexta-feira;16:12:00;RN;101.0;94;NATAL;Sim;Carga excessiva e/ou mal acondicionada;1;Colisão com objeto;Com Vítimas Feridas;Pleno dia;Decrescente;Céu Claro;Dupla;Reta;Sim;1071008.0;Motocicleta;HONDA/CG 125I FAN;2018.0;Passageiro;Lesões Graves;35.0;Feminino;0.0;0.0;1.0;0.0;-5.83176615;-35.21191342;SPRF-RN;DEL01-RN;UOP01-DEL01-RN
599518.0;1336939.0;2024-05-10;sexta-feira;16:12:00;RN;101.0;94;NATAL;Sim;Carga excessiva e/ou mal acondicionada;1;Colisão com objeto;Com Vítimas Feridas;Pleno dia;Decrescente;Céu Claro;Dupla;Reta;Sim;1071008.0;Motocicleta;HONDA/CG 125I FAN;2018.0;Condutor;Lesões Graves;39.0;Masculino;0.0;0.0;1.0;0.0;-5.83176615;-35.21191342;SPRF-RN;DEL01-RN;UOP01-DEL01-RN
599518.0;1336941.0;2024-05-10;sexta-feira;16:12:00;RN;101.0;94;NATAL;Sim;Carga excessiva e/ou mal acondicionada;1;Colisão com objeto;Com Vítimas Feridas;Pleno dia;Decrescente;Céu Claro;Dupla;Reta;Sim;1071009.0;Automóvel;Não Informado/Não Informado;0.0;Condutor;Ileso;;Ignorado;1.0;0.0;0.0;0.0;-5.83176615;-35.21191342;SPRF-RN;DEL01-RN;UOP01-DEL01-RN
599539.0;1336942.0;2024-05-10;sexta-feira;18:00:00;RN;101.0;98;NATAL;Sim;Pedestre cruzava a pista fora da faixa;1;Atropelamento de Pedestre;Com Vítimas Feridas;Plena Noite;Crescente;Céu Claro;Dupla;Reta;Sim;1071012.0;Motocicleta;HONDA/CB250F TWISTER ABS;2022.0;Condutor;Lesões Leves;28.0;Masculino;0.0;1.0;0.0;0.0;-5.86567888;-35.21651625;SPRF-RN;DEL01-RN;UOP01-DEL01-RN
599539.0;1336943.0;2024-05-10;sexta-feira;18:00:00;RN;101.0;98;NATAL;Sim;Pedestre cruzava a pista fora da faixa;1;Atropelamento de Pedestre;Com Vítimas Feridas;Plena Noite;Crescente;Céu Claro;Dupla;Reta;Sim;;;NA/NA;;Pedestre;Lesões Graves;72.0;Masculino;0.0;0.0;1.0;0.0;-5.86567888;-35.21651625;SPRF-RN;DEL01-RN;UOP01-DEL01-RN
599617.0;1337082.0;2024-05-10;sexta-feira;22:20:00;RN;101.0;78;NATAL;Sim;Demais falhas mecânicas ou elétricas;2;Queda de ocupante de veículo;Com Vítimas Feridas;Plena Noite;Decrescente;Céu Claro;Dupla;Reta;Não;1071128.0;Ciclomotor;SHINERAY/50Q;2024.0;Condutor;Lesões Leves;20.0;Masculino;0.0;1.0;0.0;0.0;-5.74071896;-35.29021064;SPRF-RN;DEL02-RN;UOP01-DEL02-RN
599617.0;1339217.0;2024-05-10;sexta-feira;22:20:00;RN;101.0;78;NATAL;Sim;Demais falhas mecânicas ou elétricas;2;Queda de ocupante de veículo;Com Vítimas Feridas;Plena Noite;Decrescente;Céu Claro;Dupla;Reta;Não;1071128.0;Ciclomotor;SHINERAY/50Q;2024.0;Passageiro;Ileso;;Feminino;1.0;0.0;0.0;0.0;-5.74071896;-35.29021064;SPRF-RN;DEL02-RN;UOP01-DEL02-RN
599617.0;1337082.0;2024-05-10;sexta-feira;22:20:00;RN;101.0;78;NATAL;Sim;Demais falhas mecânicas ou elétricas;1;Tombamento;Com Vítimas Feridas;Plena Noite;Decrescente;Céu Claro;Dupla;Reta;Não;1071128.0;Ciclomotor;SHINERAY/50Q;2024.0;Condutor;Lesões Leves;20.0;Masculino;0.0;1.0;0.0;0.0;-5.74071896;-35.29021064;SPRF-RN;DEL02-RN;UOP01-DEL02-RN
599617.0;1339217.0;2024-05-10;sexta-feira;22:20:00;RN;101.0;78;NATAL;Sim;Demais falhas mecânicas ou elétricas;1;Tombamento;Com Vítimas Feridas;Plena Noite;Decrescente;Céu Claro;Dupla;Reta;Não;1071128.0;Ciclomotor;SHINERAY/50Q;2024.0;Passageiro;Ileso;;Feminino;1.0;0.0;0.0;0.0;-5.74071896;-35.29021064;SPRF-RN;DEL02-RN;UOP01-DEL02-RN
599812.0;1337581.0;2024-05-11;sábado;18:32:00;RN;101.0;94;NATAL;Sim;Ingestão de álcool pelo condutor;1;Colisão traseira;Sem Vítimas;Plena Noite;Decrescente;Céu Claro;Dupla;Reta;Sim;1071518.0;Automóvel;I/MINI COOPER S;2015.0;Condutor;Ileso;46.0;Masculino;1.0;0.0;0.0;0.0;-5.83176615;-35.21191342;SPRF-RN;DEL01-RN;UOP01-DEL01-RN
599812.0;1337586.0;2024-05-11;sábado;18:32:00;RN;101.0;94;NATAL;Sim;Ingestão de álcool pelo condutor;1;Colisão traseira;Sem Vítimas;Plena Noite;Decrescente;Céu Claro;Dupla;Reta;Sim;1071520.0;Automóvel;FORD/KA SE 1.0 HA B;2018.0;Condutor;Ileso;36.0;Feminino;1.0;0.0;0.0;0.0;-5.83176615;-35.21191342;SPRF-RN;DEL01-RN;UOP01-DEL01-RN
599932.0;1337798.0;2024-05-12;domingo;06:18:00;RN;101.0;84,2;NATAL;Não;Reação tardia ou ineficiente do condutor;1;Atropelamento de Pedestre;Com Vítimas Feridas;Pleno dia;Decrescente;Nublado;Dupla;Reta;Sim;1071673.0;Motocicleta;HONDA/CG 150 TITAN EX;2014.0;Condutor;Ileso;35.0;Masculino;1.0;0.0;0.0;0.0;-5.774175;-35.2578;SPRF-RN;DEL02-RN;UOP01-DEL02-RN
599932.0;1337800.0;2024-05-12;domingo;06:18:00;RN;101.0;84,2;NATAL;Não;Reação tardia ou ineficiente do condutor;1;Atropelamento de Pedestre;Com Vítimas Feridas;Pleno dia;Decrescente;Nublado;Dupla;Reta;Sim;;;NA/NA;;Pedestre;Lesões Graves;65.0;Feminino;0.0;0.0;1.0;0.0;-5.774175;-35.2578;SPRF-RN;DEL02-RN;UOP01-DEL02-RN
599932.0;1337798.0;2024-05-12;domingo;06:18:00;RN;101.0;84,2;NATAL;Sim;Pedestre cruzava a pista fora da faixa;1;Atropelamento de Pedestre;Com Vítimas Feridas;Pleno dia;Decrescente;Nublado;Dupla;Reta;Sim;1071673.0;Motocicleta;HONDA/CG 150 TITAN EX;2014.0;Condutor;Ileso;35.0;Masculino;1.0;0.0;0.0;0.0;-5.774175;-35.2578;SPRF-RN;DEL02-RN;UOP01-DEL02-RN