id;pesid;data_inversa;dia_semana;horario;uf;br;km;municipio;causa_principal;causa_acidente;ordem_tipo_acidente;tipo_acidente;classificacao_acidente;fase_dia;sentido_via;condicao_metereologica;tipo_pista;tracado_via;uso_solo;id_veiculo;tipo_veiculo;marca;ano_fabricacao_veiculo;tipo_envolvido;estado_fisico;idade;sexo;ilesos;feridos_leves;feridos_graves;mortos;latitude;longitude;regional;delegacia;uop
599932.0;1337800.0;2024-05-12;domingo;06:18:00;RN;101.0;84,2;NATAL;Sim;Pedestre cruzava a pista fora da faixa;1;Atropelamento de Pedestre;Com Vítimas Feridas;Pleno dia;Decrescente;Nublado;Dupla;Reta;Sim;;;NA/NA;;Pedestre;Lesões Graves;65.0;Feminino;0.0;0.0;1.0;0.0;-5.774175;-35.2578;SPRF-RN;DEL02-RN;UOP01-DEL02-RN
600632.0;1339654.0;2024-05-15;quarta-feira;09:00:00;RN;101.0;94;NATAL;Sim;Condutor deixou de manter distância do veículo da frente;1;Colisão traseira;Com Vítimas Feridas;Pleno dia;Decrescente;Céu Claro;Dupla;Reta;Sim;1073103.0;Automóvel;HYUNDAI/HB20 10M VISION;2021.0;Condutor;Lesões Leves;49.0;Feminino;0.0;1.0;0.0;0.0;-5.83176615;-35.21191342;SPRF-RN;DEL01-RN;UOP01-DEL01-RN
600632.0;1339652.0;2024-05-15;quarta-feira;09:00:00;RN;101.0;94;NATAL;Sim;Condutor deixou de manter distância do veículo da frente;1;Colisão traseira;Com Vítimas Feridas;Pleno dia;Decrescente;Céu Claro;Dupla;Reta;Sim;1073101.0;Automóvel;I/JAC J3 TURIN;2011.0;Condutor;Ileso;28.0;Masculino;1.0;0.0;0.0;0.0;-5.83176615;-35.21191342;SPRF-RN;DEL01-RN;UOP01-DEL01-RN
600632.0;1339653.0;2024-05-15;quarta-feira;09:00:00;RN;101.0;94;NATAL;Sim;Condutor deixou de manter distância do veículo da frente;1;Colisão traseira;Com Vítimas Feridas;Pleno dia;Decrescente;Céu Claro;Dupla;Reta;Sim;1073102.0;Automóvel;VW/POLO TRACK MA;2023.0;Condutor;Ileso;30.0;Masculino;1.0;0.0;0.0;0.0;-5.83176615;-35.21191342;SPRF-RN;DEL01-RN;UOP01-DEL01-RN
600709.0;1340024.0;2024-05-15;quarta-feira;16:12:00;RN;101.0;98,4;NATAL;Não;Reação tardia ou ineficiente do condutor;2;Colisão transversal;Com Vítimas Feridas;Pleno dia;Crescente;Sol;Dupla;Reta;Sim;1073393.0;Automóvel;CHEV/ONIX 10MT LT2;2023.0;Condutor;Ileso;42.0;Masculino;1.0;0.0;0.0;0.0;-5.86567888;-35.21651625;SPRF-RN;DEL01-RN;UOP01-DEL01-RN
600709.0;1340026.0;2024-05-15;quarta-feira;16:12:00;RN;101.0;98,4;NATAL;Não;Reação tardia ou ineficiente do condutor;2;Colisão transversal;Com Vítimas Feridas;Pleno dia;Crescente;Sol;Dupla;Reta;Sim;1073395.0;Automóvel;TOYOTA/ETIOS SD XS;2015.0;Condutor;Ileso;23.0;Masculino;1.0;0.0;0.0;0.0;-5.86567888;-35.21651625;SPRF-RN;DEL01-RN;UOP01-DEL01-RN
600709.0;1340025.0;2024-05-15;quarta-feira;16:12:00;RN;101.0;98,4;NATAL;Não;Reação tardia ou ineficiente do condutor;2;Colisão transversal;Com Vítimas Feridas;Pleno dia;Crescente;Sol;Dupla;Reta;Sim;1073394.0;Motocicleta;HONDA/POP100;2010.0;Condutor;Lesões Leves;51.0;Masculino;0.0;1.0;0.0;0.0;-5.86567888;-35.21651625;SPRF-RN;DEL01-RN;UOP01-DEL01-RN
600709.0;1340024.0;2024-05-15;quarta-feira;16:12:00;RN;101.0;98,4;NATAL;Sim;Acessar a via sem observar a presença dos outros veículos;2;Colisão transversal;Com Vítimas Feridas;Pleno dia;Crescente;Sol;Dupla;Reta;Sim;1073393.0;Automóvel;CHEV/ONIX 10MT LT2;2023.0;Condutor;Ileso;42.0;Masculino;1.0;0.0;0.0;0.0;-5.86567888;-35.21651625;SPRF-RN;DEL01-RN;UOP01-DEL01-RN
600709.0;1340026.0;2024-05-15;quarta-feira;16:12:00;RN;101.0;98,4;NATAL;Sim;Acessar a via sem observar a presença dos outros veículos;2;Colisão transversal;Com Vítimas Feridas;Pleno dia;Crescente;Sol;Dupla;Reta;Sim;1073395.0;Automóvel;TOYOTA/ETIOS SD XS;2015.0;Condutor;Ileso;23.0;Masculino;1.0;0.0;0.0;0.0;-5.86567888;-35.21651625;SPRF-RN;DEL01-RN;UOP01-DEL01-RN
600709.0;1340025.0;2024-05-15;quarta-feira;16:12:00;RN;101.0;98,4;NATAL;Sim;Acessar a via sem observar a presença dos outros veículos;2;Colisão transversal;Com Vítimas Feridas;Pleno dia;Crescente;Sol;Dupla;Reta;Sim;1073394.0;Motocicleta;HONDA/POP100;2010.0;Condutor;Lesões Leves;51.0;Masculino;0.0;1.0;0.0;0.0;-5.86567888;-35.21651625;SPRF-RN;DEL01-RN;UOP01-DEL01-RN
600709.0;1340024.0;2024-05-15;quarta-feira;16:12:00;RN;101.0;98,4;NATAL;Não;Reação tardia ou ineficiente do condutor;1;Colisão transversal;Com Vítimas Feridas;Pleno dia;Crescente;Sol;Dupla;Reta;Sim;1073393.0;Automóvel;CHEV/ONIX 10MT LT2;2023.0;Condutor;Ileso;42.0;Masculino;1.0;0.0;0.0;0.0;-5.86567888;-35.21651625;SPRF-RN;DEL01-RN;UOP01-DEL01-RN
600709.0;1340026.0;2024-05-15;quarta-feira;16:12:00;RN;101.0;98,4;NATAL;Não;Reação tardia ou ineficiente do condutor;1;Colisão transversal;Com Vítimas Feridas;Pleno dia;Crescente;Sol;Dupla;Reta;Sim;1073395.0;Automóvel;TOYOTA/ETIOS SD XS;2015.0;Condutor;Ileso;23.0;Masculino;1.0;0.0;0.0;0.0;-5.86567888;-35.21651625;SPRF-RN;DEL01-RN;UOP01-DEL01-RN
600709.0;1340025.0;2024-05-15;quarta-feira;16:12:00;RN;101.0;98,4;NATAL;Não;Reação tardia ou ineficiente do condutor;1;Colisão transversal;Com Vítimas Feridas;Pleno dia;Crescente;Sol;Dupla;Reta;Sim;1073394.0;Motocicleta;HONDA/POP100;2010.0;Condutor;Lesões Leves;51.0;Masculino;0.0;1.0;0.0;0.0;-5.86567888;-35.21651625;SPRF-RN;DEL01-RN;UOP01-DEL01-RN
600709.0;1340024.0;2024-05-15;quarta-feira;16:12:00;RN;101.0;98,4;NATAL;Sim;Acessar a via sem observar a presença dos outros veículos;1;Colisão transversal;Com Vítimas Feridas;Pleno dia;Crescente;Sol;Dupla;Reta;Sim;1073393.0;Automóvel;CHEV/ONIX 10MT LT2;2023.0;Condutor;Ileso;42.0;Masculino;1.0;0.0;0.0;0.0;-5.86567888;-35.21651625;SPRF-RN;DEL01-RN;UOP01-DEL01-RN
600709.0;1340026.0;2024-05-15;quarta-feira;16:12:00;RN;101.0;98,4;NATAL;Sim;Acessar a via sem observar a presença dos outros veículos;1;Colisão transversal;Com Vítimas Feridas;Pleno dia;Crescente;Sol;Dupla;Reta;Sim;1073395.0;Automóvel;TOYOTA/ETIOS SD XS;2015.0;Condutor;Ileso;23.0;Masculino;1.0;0.0;0.0;0.0;-5.86567888;-35.21651625;SPRF-RN;DEL01-RN;UOP01-DEL01-RN
600709.0;1340025.0;2024-05-15;quarta-feira;16:12:00;RN;101.0;98,4;NATAL;Sim;Acessar a via sem observar a presença dos outros veículos;1;Colisão transversal;Com Vítimas Feridas;Pleno dia;Crescente;Sol;Dupla;Reta;Sim;1073394.0;Motocicleta;HONDA/POP100;2010.0;Condutor;Lesões Leves;51.0;Masculino;0.0;1.0;0.0;0.0;-5.86567888;-35.21651625;SPRF-RN;DEL01-RN;UOP01-DEL01-RN
600709.0;1340024.0;2024-05-15;quarta-feira;16:12:00;RN;101.0;98,4;NATAL;Não;Reação tardia ou ineficiente do condutor;4;Tombamento;Com Vítimas Feridas;Pleno dia;Crescente;Sol;Dupla;Reta;Sim;1073393.0;Automóvel;CHEV/ONIX 10MT LT2;2023.0;Condutor;Ileso;42.0;Masculino;1.0;0.0;0.0;0.0;-5.86567888;-35.21651625;SPRF-RN;DEL01-RN;UOP01-DEL01-RN
600709.0;1340026.0;2024-05-15;quarta-feira;16:12:00;RN;101.0;98,4;NATAL;Não;Reação tardia ou ineficiente do condutor;4;Tombamento;Com Vítimas Feridas;Pleno dia;Crescente;Sol;Dupla;Reta;Sim;1073395.0;Automóvel;TOYOTA/ETIOS SD XS;2015.0;Condutor;Ileso;23.0;Masculino;1.0;0.0;0.0;0.0;-5.86567888;-35.21651625;SPRF-RN;DEL01-RN;UOP01-DEL01-RN
600709.0;1340025.0;2024-05-15;quarta-feira;16:12:00;RN;101.0;98,4;NATAL;Não;Reação tardia ou ineficiente do condutor;4;Tombamento;Com Vítimas Feridas;Pleno dia;Crescente;Sol;Dupla;Reta;Sim;1073394.0;Motocicleta;HONDA/POP100;2010.0;Condutor;Lesões Leves;51.0;Masculino;0.0;1.0;0.0;0.0;-5.86567888;-35.21651625;SPRF-RN;DEL01-RN;UOP01-DEL01-RN
600709.0;1340024.0;2024-05-15;quarta-feira;16:12:00;RN;101.0;98,4;NATAL;Sim;Acessar a via sem observar a presença dos outros veículos;4;Tombamento;Com Vítimas Feridas;Pleno dia;Crescente;Sol;Dupla;Reta;Sim;1073393.0;Automóvel;CHEV/ONIX 10MT LT2;2023.0;Condutor;Ileso;42.0;Masculino;1.0;0.0;0.0;0.0;-5.86567888;-35.21651625;SPRF-RN;DEL01-RN;UOP01-DEL01-RN
600709.0;1340026.0;2024-05-15;quarta-feira;16:12:00;RN;101.0;98,4;NATAL;Sim;Acessar a via sem observar a presença dos outros veículos;4;Tombamento;Com Vítimas Feridas;Pleno dia;Crescente;Sol;Dupla;Reta;Sim;1073395.0;Automóvel;TOYOTA/ETIOS SD XS;2015.0;Condutor;Ileso;23.0;Masculino;1.0;0.0;0.0;0.0;-5.86567888;-35.21651625;SPRF-RN;DEL01-RN;UOP01-DEL01-RN
600709.0;1340025.0;2024-05-15;quarta-feira;16:12:00;RN;101.0;98,4;NATAL;Sim;Acessar a via sem observar a presença dos outros veículos;4;Tombamento;Com Vítimas Feridas;Pleno dia;Crescente;Sol;Dupla;Reta;Sim;1073394.0;Motocicleta;HONDA/POP100;2010.0;Condutor;Lesões Leves;51.0;Masculino;0.0;1.0;0.0;0.0;-5.86567888;-35.21651625;SPRF-RN;DEL01-RN;UOP01-DEL01-RN
600709.0;1340024.0;2024-05-15;quarta-feira;16:12:00;RN;101.0;98,4;NATAL;Não;Reação tardia ou ineficiente do condutor;3;Queda de ocupante de veículo;Com Vítimas Feridas;Pleno dia;Crescente;Sol;Dupla;Reta;Sim;1073393.0;Automóvel;CHEV/ONIX 10MT LT2;2023.0;Condutor;Ileso;42.0;Masculino;1.0;0.0;0.0;0.0;-5.86567888;-35.21651625;SPRF-RN;DEL01-RN;UOP01-DEL01-RN
600709.0;1340026.0;2024-05-15;quarta-feira;16:12:00;RN;101.0;98,4;NATAL;Não;Reação tardia ou ineficiente do condutor;3;Queda de ocupante de veículo;Com Vítimas Feridas;Pleno dia;Crescente;Sol;Dupla;Reta;Sim;1073395.0;Automóvel;TOYOTA/ETIOS SD XS;2015.0;Condutor;Ileso;23.0;Masculino;1.0;0.0;0.0;0.0;-5.86567888;-35.21651625;SPRF-RN;DEL01-RN;UOP01-DEL01-RN
600709.0;1340025.0;2024-05-15;quarta-feira;16:12:00;RN;101.0;98,4;NATAL;Não;Reação tardia ou ineficiente do condutor;3;Queda de ocupante de veículo;Com Vítimas Feridas;Pleno dia;Crescente;Sol;Dupla;Reta;Sim;1073394.0;Motocicleta;HONDA/POP100;2010.0;Condutor;Lesões Leves;51.0;Masculino;0.0;1.0;0.0;0.0;-5.86567888;-35.21651625;SPRF-RN;DEL01-RN;UOP01-DEL01-RN
600709.0;1340024.0;2024-05-15;quarta-feira;16:12:00;RN;101.0;98,4;NATAL;Sim;Acessar a via sem observar a presença dos outros veículos;3;Queda de ocupante de veículo;Com Vítimas Feridas;Pleno dia;Crescente;Sol;Dupla;Reta;Sim;1073393.0;Automóvel;CHEV/ONIX 10MT LT2;2023.0;Condutor;Ileso;42.0;Masculino;1.0;0.0;0.0;0.0;-5.86567888;-35.21651625;SPRF-RN;DEL01-RN;UOP01-DEL01-RN
600709.0;1340026.0;2024-05-15;quarta-feira;16:12:00;RN;101.0;98,4;NATAL;Sim;Acessar a via sem observar a presença dos outros veículos;3;Queda de ocupante de veículo;Com Vítimas Feridas;Pleno dia;Crescente;Sol;Dupla;Reta;Sim;1073395.0;Automóvel;TOYOTA/ETIOS SD XS;2015.0;Condutor;Ileso;23.0;Masculino;1.0;0.0;0.0;0.0;-5.86567888;-35.21651625;SPRF-RN;DEL01-RN;UOP01-DEL01-RN
600709.0;1340025.0;2024-05-15;quarta-feira;16:12:00;RN;101.0;98,4;NATAL;Sim;Acessar a via sem observar a presença dos outros veículos;3;Queda de ocupante de veículo;Com Vítimas Feridas;Pleno dia;Crescente;Sol;Dupla;Reta;Sim;1073394.0;Motocicleta;HONDA/POP100;2010.0;Condutor;Lesões Leves;51.0;Masculino;0.0;1.0;0.0;0.0;-5.86567888;-35.21651625;SPRF-RN;DEL01-RN;UOP01-DEL01-RN
600945.0;1340364.0;2024-05-16;quinta-feira;19:50:00;RN;101.0;85,9;NATAL;Sim;Ausência de reação do condutor;2;Queda de ocupante de veículo;Com Vítimas Feridas;Plena Noite;Decrescente;Chuva;Simples;Reta;Não;1073653.0;Motocicleta;HONDA/CG 160 FAN;2022.0;Condutor;Lesões Graves;24.0;Masculino;0.0;0.0;1.0;0.0;-5.777664;-35.24937;SPRF-RN;DEL02-RN;UOP01-DEL02-RN
600945.0;1340352.0;2024-05-16;quinta-feira;19:50:00;RN;101.0;85,9;NATAL;Sim;Ausência de reação do condutor;2;Queda de ocupante de veículo;Com Vítimas Feridas;Plena Noite;Decrescente;Chuva;Simples;Reta;Não;1073646.0;Automóvel;HYUNDAI/HB20S 1.0M COMF;2015.0;Condutor;Ileso;51.0;Masculino;1.0;0.0;0.0;0.0;-5.777664;-35.24937;SPRF-RN;DEL02-RN;UOP01-DEL02-RN
600945.0;1340364.0;2024-05-16;quinta-feira;19:50:00;RN;101.0;85,9;NATAL;Sim;Ausência de reação do condutor;1;Colisão traseira;Com Vítimas Feridas;Plena Noite;Decrescente;Chuva;Simples;Reta;Não;1073653.0;Motocicleta;HONDA/CG 160 FAN;2022.0;Condutor;Lesões Graves;24.0;Masculino;0.0;0.0;1.0;0.0;-5.777664;-35.24937;SPRF-RN;DEL02-RN;UOP01-DEL02-RN
600945.0;1340352.0;2024-05-16;quinta-feira;19:50:00;RN;101.0;85,9;NATAL;Sim;Ausência de reação do condutor;1;Colisão traseira;Com Vítimas Feridas;Plena Noite;Decrescente;Chuva;Simples;Reta;Não;1073646.0;Automóvel;HYUNDAI/HB20S 1.0M COMF;2015.0;Condutor;Ileso;51.0;Masculino;1.0;0.0;0.0;0.0;-5.777664;-35.24937;SPRF-RN;DEL02-RN;UOP01-DEL02-RN
601672.0;1342148.0;2024-05-19;domingo;20:15:00;RN;101.0;95;NATAL;Sim;Manobra de mudança de faixa;1;Colisão lateral mesmo sentido;Com Vítimas Feridas;Plena Noite;Decrescente;Céu Claro;Dupla;Reta;Sim;1075076.0;Camioneta;HYUNDAI/IX35 GL;2019.0;Passageiro;Ileso;4.0;Feminino;1.0;0.0;0.0;0.0;-5.84076841;-35.21035949;SPRF-RN;DEL01-RN;UOP01-DEL01-RN
601672.0;1342145.0;2024-05-19;domingo;20:15:00;RN;101.0;95;NATAL;Sim;Manobra de mudança de faixa;1;Colisão lateral mesmo sentido;Com Vítimas Feridas;Plena Noite;Decrescente;Céu Claro;Dupla;Reta;Sim;1075076.0;Camioneta;HYUNDAI/IX35 GL;2019.0;Condutor;Ileso;40.0;Feminino;1.0;0.0;0.0;0.0;-5.84076841;-35.21035949;SPRF-RN;DEL01-RN;UOP01-DEL01-RN
601672.0;1342146.0;2024-05-19;domingo;20:15:00;RN;101.0;95;NATAL;Sim;Manobra de mudança de faixa;1;Colisão lateral mesmo sentido;Com Vítimas Feridas;Plena Noite;Decrescente;Céu Claro;Dupla;Reta;Sim;1075075.0;Motocicleta;YAMAHA/MT03 ABS;2019.0;Condutor;Lesões Leves;21.0;Masculino;0.0;1.0;0.0;0.0;-5.84076841;-35.21035949;SPRF-RN;DEL01-RN;UOP01-DEL01-RN
601686.0;1342101.0;2024-05-19;domingo;21:00:00;RN;101.0;78,8;NATAL;Sim;Ingestão de álcool pelo condutor;1;Saída de leito carroçável;Sem Vítimas;Plena Noite;Decrescente;Nublado;Dupla;"Retorno Regulamentado;Reta";Não;1075038.0;Automóvel;FIAT/PALIO WEEKEND STILE;2002.0;Condutor;Ileso;62.0;Masculino;1.0;0.0;0.0;0.0;-5.74071896;-35.29021064;SPRF-RN;DEL02-RN;UOP01-DEL02-RN
602359.0;1343940.0;2024-05-23;quinta-feira;08:11:00;RN;101.0;97;NATAL;Sim;Chuva;1;Tombamento;Com Vítimas Feridas;Pleno dia;Decrescente;Chuva;Múltipla;"Reta;Viaduto";Sim;1076584.0;Motoneta;HONDA/PCX 150;2016.0;Condutor;Lesões Leves;40.0;Feminino;0.0;1.0;0.0;0.0;-5.85758898;-35.21271205;SPRF-RN;DEL01-RN;UOP01-DEL01-RN
602474.0;1344075.0;2024-05-23;quinta-feira;19:28:00;RN;226.0;1;NATAL;Sim;Ausência de sinalização;1;Colisão com objeto;Com Vítimas Feridas;Plena Noite;Decrescente;Chuva;Dupla;"Reta;Em Obras";Sim;1076715.0;Motocicleta;HONDA/CG 150 TITAN KS;2008.0;Condutor;Lesões Leves;31.0;Masculino;0.0;1.0;0.0;0.0;-5.80642132;-35.24167278;SPRF-RN;DEL01-RN;UOP02-DEL01-RN
602858.0;1344981.0;2024-05-25;sábado;10:00:00;RN;101.0;80,8;NATAL;Sim;Manobra de mudança de faixa;1;Colisão lateral mesmo sentido;Com Vítimas Feridas;Pleno dia;Crescente;Nublado;Dupla;"Rotatória;Reta";Sim;1077454.0;Caminhonete;MMC/L200 TRITON 3.2 D;2010.0;Condutor;Ileso;40.0;Masculino;1.0;0.0;0.0;0.0;-5.76365589;-35.28636932;SPRF-RN;DEL02-RN;UOP01-DEL02-RN
602858.0;1344982.0;2024-05-25;sábado;10:00:00;RN;101.0;80,8;NATAL;Sim;Manobra de mudança de faixa;1;Colisão lateral mesmo sentido;Com Vítimas Feridas;Pleno dia;Crescente;Nublado;Dupla;"Rotatória;Reta";Sim;1077455.0;Motocicleta;HONDA/CG 160 START;2019.0;Condutor;Lesões Leves;39.0;Masculino;0.0;1.0;0.0;0.0;-5.76365589;-35.28636932;SPRF-RN;DEL02-RN;UOP01-DEL02-RN
602858.0;1344984.0;2024-05-25;sábado;10:00:00;RN;101.0;80,8;NATAL;Sim;Manobra de mudança de faixa;1;Colisão lateral mesmo sentido;Com Vítimas Feridas;Pleno dia;Crescente;Nublado;Dupla;"Rotatória;Reta";Sim;1077456.0;Automóvel;FORD/KA SE 1.5 HA;2015.0;Condutor;Ileso;41.0;Masculino;1.0;0.0;0.0;0.0;-5.76365589;-35.28636932;SPRF-RN;DEL02-RN;UOP01-DEL02-RN
604302.0;1348592.0;2024-05-31;sexta-feira;19:00:00;RN;101.0;95;NATAL;Sim;Condutor deixou de manter distância do veículo da frente;1;Colisão traseira;Sem Vítimas;Plena Noite;Crescente;Céu Claro;Múltipla;Reta;Sim;1080302.0;Automóvel;CHEVROLET/ONIX 1.0MT LT;2014.0;Condutor;Ileso;27.0;Masculino;1.0;0.0;0.0;0.0;-5.84076841;-35.21035949;SPRF-RN;DEL01-RN;UOP01-DEL01-RN
604302.0;1351548.0;2024-05-31;sexta-feira;19:00:00;RN;101.0;95;NATAL;Sim;Condutor deixou de manter distância do veículo da frente;1;Colisão traseira;Sem Vítimas;Plena Noite;Crescente;Céu Claro;Múltipla;Reta;Sim;1081908.0;Camioneta;RENAULT/DUSTER ZEN 16;2022.0;Condutor;Ileso;52.0;Masculino;1.0;0.0;0.0;0.0;-5.84076841;-35.21035949;SPRF-RN;DEL01-RN;UOP01-DEL01-RN
604438.0;1348837.0;2024-06-01;sábado;12:30:00;RN;101.0;84,1;NATAL;Sim;Condutor deixou de manter distância do veículo da frente;2;Tombamento;Com Vítimas Feridas;Pleno dia;Decrescente;Sol;Dupla;Reta;Sim;1080510.0;Motocicleta;HONDA/CG 125I FAN;2018.0;Condutor;Ileso;43.0;Masculino;1.0;0.0;0.0;0.0;-5.77458124;-35.25684893;SPRF-RN;DEL02-RN;UOP01-DEL02-RN
604438.0;1348839.0;2024-06-01;sábado;12:30:00;RN;101.0;84,1;NATAL;Sim;Condutor deixou de manter distância do veículo da frente;2;Tombamento;Com Vítimas Feridas;Pleno dia;Decrescente;Sol;Dupla;Reta;Sim;1080511.0;Motocicleta;HONDA/CB 250F TWISTER;2017.0;Condutor;Lesões Leves;37.0;Masculino;0.0;1.0;0.0;0.0;-5.77458124;-35.25684893;SPRF-RN;DEL02-RN;UOP01-DEL02-RN
604438.0;1348840.0;2024-06-01;sábado;12:30:00;RN;101.0;84,1;NATAL;Sim;Condutor deixou de manter distância do veículo da frente;2;Tombamento;Com Vítimas Feridas;Pleno dia;Decrescente;Sol;Dupla;Reta;Sim;1080511.0;Motocicleta;HONDA/CB 250F TWISTER;2017.0;Passageiro;Lesões Leves;38.0;Feminino;0.0;1.0;0.0;0.0;-5.77458124;-35.25684893;SPRF-RN;DEL02-RN;UOP01-DEL02-RN
604438.0;1348837.0;2024-06-01;sábado;12:30:00;RN;101.0;84,1;NATAL;Sim;Condutor deixou de manter distância do veículo da frente;1;Colisão traseira;Com Vítimas Feridas;Pleno dia;Decrescente;Sol;Dupla;Reta;Sim;1080510.0;Motocicleta;HONDA/CG 125I FAN;2018.0;Condutor;Ileso;43.0;Masculino;1.0;0.0;0.0;0.0;-5.77458124;-35.25684893;SPRF-RN;DEL02-RN;UOP01-DEL02-RN
604438.0;1348839.0;2024-06-01;sábado;12:30:00;RN;101.0;84,1;NATAL;Sim;Condutor deixou de manter distância do veículo da frente;1;Colisão traseira;Com Vítimas Feridas;Pleno dia;Decrescente;Sol;Dupla;Reta;Sim;1080511.0;Motocicleta;HONDA/CB 250F TWISTER;2017.0;Condutor;Lesões Leves;37.0;Masculino;0.0;1.0;0.0;0.0;-5.77458124;-35.25684893;SPRF-RN;DEL02-RN;UOP01-DEL02-RN
604438.0;1348840.0;2024-06-01;sábado;12:30:00;RN;101.0;84,1;NATAL;Sim;Condutor deixou de manter distância do veículo da frente;1;Colisão traseira;Com Vítimas Feridas;Pleno dia;Decrescente;Sol;Dupla;Reta;Sim;1080511.0;Motocicleta;HONDA/CB 250F TWISTER;2017.0;Passageiro;Lesões Leves;38.0;Feminino;0.0;1.0;0.0;0.0;-5.77458124;-35.25684893;SPRF-RN;DEL02-RN;UOP01-DEL02-RN
604951.0;1350334.0;2024-06-03;segunda-feira;12:54:00;RN;101.0;96;NATAL;Sim;Ausência de reação do condutor;2;Queda de ocupante de veículo;Com Vítimas Feridas;Pleno dia;Decrescente;Céu Claro;Dupla;Reta;Não;1081651.0;Motocicleta;HONDA/CG 160 FAN;2019.0;Condutor;Lesões Leves;27.0;Masculino;0.0;1.0;0.0;0.0;-5.84949622;-35.20890752;SPRF-RN;DEL01-RN;UOP01-DEL01-RN
604951.0;1352899.0;2024-06-03;segunda-feira;12:54:00;RN;101.0;96;NATAL;Sim;Ausência de reação do condutor;2;Queda de ocupante de veículo;Com Vítimas Feridas;Pleno dia;Decrescente;Céu Claro;Dupla;Reta;Não;1081653.0;Automóvel;FORD/FIESTA FLEX;2012.0;Condutor;Lesões Leves;26.0;Masculino;0.0;1.0;0.0;0.0;-5.84949622;-35.20890752;SPRF-RN;DEL01-RN;UOP01-DEL01-RN
604951.0;1350334.0;2024-06-03;segunda-feira;12:54:00;RN;101.0;96;NATAL;Sim;Ausência de reação do condutor;1;Colisão traseira;Com Vítimas Feridas;Pleno dia;Decrescente;Céu Claro;Dupla;Reta;Não;1081651.0;Motocicleta;HONDA/CG 160 FAN;2019.0;Condutor;Lesões Leves;27.0;Masculino;0.0;1.0;0.0;0.0;-5.84949622;-35.20890752;SPRF-RN;DEL01-RN;UOP01-DEL01-RN
604951.0;1352899.0;2024-06-03;segunda-feira;12:54:00;RN;101.0;96;NATAL;Sim;Ausência de reação do condutor;1;Colisão traseira;Com Vítimas Feridas;Pleno dia;Decrescente;Céu Claro;Dupla;Reta;Não;1081653.0;Automóvel;FORD/FIESTA FLEX;2012.0;Condutor;Lesões Leves;26.0;Masculino;0.0;1.0;0.0;0.0;-5.84949622;-35.20890752;SPRF-RN;DEL01-RN;UOP01-DEL01-RN
605291.0;1351220.0;2024-06-05;quarta-feira;09:10:00;RN;101.0;81;NATAL;Sim;Ausência de reação do condutor;1;Colisão traseira;Com Vítimas Feridas;Pleno dia;Decrescente;Céu Claro;Dupla;Reta;Sim;1082283.0;Motocicleta;HONDA/CG 125 FAN KS;2012.0;Condutor;Lesões Leves;51.0;Feminino;0.0;1.0;0.0;0.0;-5.76469466;-35.28295988;SPRF-RN;DEL02-RN;UOP01-DEL02-RN
605291.0;1351219.0;2024-06-05;quarta-feira;09:10:00;RN;101.0;81;NATAL;Sim;Ausência de reação do condutor;1;Colisão traseira;Com Vítimas Feridas;Pleno dia;Decrescente;Céu Claro;Dupla;Reta;Sim;1082277.0;Bicicleta;Não Informado/Não Informado;0.0;Condutor;Lesões Leves;50.0;Masculino;0.0;1.0;0.0;0.0;-5.76469466;-35.28295988;SPRF-RN;DEL02-RN;UOP01-DEL02-RN
605311.0;1351408.0;2024-06-05;quarta-feira;12:00:00;RN;101.0;94;NATAL;Sim;Acessar a via sem observar a presença dos outros veículos;1;Colisão traseira;Com Vítimas Feridas;Pleno dia;Decrescente;Céu Claro;Dupla;Interseção de Vias;Sim;1082454.0;Automóvel;Não Informado/Não Informado;0.0;Condutor;Não Informado;;Não Informado;0.0;0.0;0.0;0.0;-5.83176615;-35.21191342;SPRF-RN;DEL01-RN;UOP01-DEL01-RN
605311.0;1351409.0;2024-06-05;quarta-feira;12:00:00;RN;101.0;94;NATAL;Sim;Acessar a via sem observar a presença dos outros veículos;1;Colisão traseira;Com Vítimas Feridas;Pleno dia;Decrescente;Céu Claro;Dupla;Interseção de Vias;Sim;1082455.0;Motocicleta;HONDA/CG 125I FAN;2018.0;Condutor;Lesões Leves;35.0;Masculino;0.0;1.0;0.0;0.0;-5.83176615;-35.21191342;SPRF-RN;DEL01-RN;UOP01-DEL01-RN
605431.0;1351378.0;2024-05-12;domingo;17:59:00;RN;226.0;1;NATAL;Não;Área urbana sem a presença de local apropriado para a travessia de pedestres;1;Atropelamento de Pedestre;Com Vítimas Feridas;Plena Noite;Decrescente;Nublado;Simples;Reta;Sim;1082429.0;Carro de mão;Não Informado/Não Informado;0.0;Condutor;Lesões Graves;62.0;Masculino;0.0;0.0;1.0;0.0;-5.80642132;-35.24167278;SPRF-RN;DEL01-RN;UOP02-DEL01-RN
605431.0;1351379.0;2024-05-12;domingo;17:59:00;RN;226.0;1;NATAL;Não;Área urbana sem a presença de local apropriado para a travessia de pedestres;1;Atropelamento de Pedestre;Com Vítimas Feridas;Plena Noite;Decrescente;Nublado;Simples;Reta;Sim;1082430.0;Motocicleta;HONDA/CG 160 FAN ESDI;0.0;Condutor;Não Informado;;Não Informado;0.0;0.0;0.0;0.0;-5.80642132;-35.24167278;SPRF-RN;DEL01-RN;UOP02-DEL01-RN