id;pesid;data_inversa;dia_semana;horario;uf;br;km;municipio;causa_principal;causa_acidente;ordem_tipo_acidente;tipo_acidente;classificacao_acidente;fase_dia;sentido_via;condicao_metereologica;tipo_pista;tracado_via;uso_solo;id_veiculo;tipo_veiculo;marca;ano_fabricacao_veiculo;tipo_envolvido;estado_fisico;idade;sexo;ilesos;feridos_leves;feridos_graves;mortos;latitude;longitude;regional;delegacia;uop
605431.0;1351378.0;2024-05-12;domingo;17:59:00;RN;226.0;1;NATAL;Sim;Ultrapassagem Indevida;1;Atropelamento de Pedestre;Com Vítimas Feridas;Plena Noite;Decrescente;Nublado;Simples;Reta;Sim;1082429.0;Carro de mão;Não Informado/Não Informado;0.0;Condutor;Lesões Graves;62.0;Masculino;0.0;0.0;1.0;0.0;-5.80642132;-35.24167278;SPRF-RN;DEL01-RN;UOP02-DEL01-RN
605431.0;1351379.0;2024-05-12;domingo;17:59:00;RN;226.0;1;NATAL;Sim;Ultrapassagem Indevida;1;Atropelamento de Pedestre;Com Vítimas Feridas;Plena Noite;Decrescente;Nublado;Simples;Reta;Sim;1082430.0;Motocicleta;HONDA/CG 160 FAN ESDI;0.0;Condutor;Não Informado;;Não Informado;0.0;0.0;0.0;0.0;-5.80642132;-35.24167278;SPRF-RN;DEL01-RN;UOP02-DEL01-RN
605433.0;1351422.0;2024-06-05;quarta-feira;22:40:00;RN;226.0;2,5;NATAL;Não;Acessar a via sem observar a presença dos outros veículos;2;Colisão lateral sentido oposto;Com Vítimas Feridas;Plena Noite;Crescente;Céu Claro;Simples;Reta;Não;1082442.0;Automóvel;VW/UP TAKE MA;2016.0;Passageiro;Ileso;;Feminino;1.0;0.0;0.0;0.0;-5.81364934;-35.2466547;SPRF-RN;DEL01-RN;UOP02-DEL01-RN
605433.0;1351398.0;2024-06-05;quarta-feira;22:40:00;RN;226.0;2,5;NATAL;Não;Acessar a via sem observar a presença dos outros veículos;2;Colisão lateral sentido oposto;Com Vítimas Feridas;Plena Noite;Crescente;Céu Claro;Simples;Reta;Não;1082442.0;Automóvel;VW/UP TAKE MA;2016.0;Condutor;Ileso;31.0;Masculino;1.0;0.0;0.0;0.0;-5.81364934;-35.2466547;SPRF-RN;DEL01-RN;UOP02-DEL01-RN
605433.0;1351397.0;2024-06-05;quarta-feira;22:40:00;RN;226.0;2,5;NATAL;Não;Acessar a via sem observar a presença dos outros veículos;2;Colisão lateral sentido oposto;Com Vítimas Feridas;Plena Noite;Crescente;Céu Claro;Simples;Reta;Não;1082443.0;Automóvel;CHEV/PRISMA 1.4MT LTZ;2015.0;Condutor;Lesões Leves;32.0;Masculino;0.0;1.0;0.0;0.0;-5.81364934;-35.2466547;SPRF-RN;DEL01-RN;UOP02-DEL01-RN
605433.0;1351396.0;2024-06-05;quarta-feira;22:40:00;RN;226.0;2,5;NATAL;Não;Acessar a via sem observar a presença dos outros veículos;2;Colisão lateral sentido oposto;Com Vítimas Feridas;Plena Noite;Crescente;Céu Claro;Simples;Reta;Não;1082444.0;Automóvel;Não Informado/Não Informado;0.0;Condutor;Não Informado;;Não Informado;0.0;0.0;0.0;0.0;-5.81364934;-35.2466547;SPRF-RN;DEL01-RN;UOP02-DEL01-RN
605433.0;1351422.0;2024-06-05;quarta-feira;22:40:00;RN;226.0;2,5;NATAL;Sim;Conversão proibida;2;Colisão lateral sentido oposto;Com Vítimas Feridas;Plena Noite;Crescente;Céu Claro;Simples;Reta;Não;1082442.0;Automóvel;VW/UP TAKE MA;2016.0;Passageiro;Ileso;;Feminino;1.0;0.0;0.0;0.0;-5.81364934;-35.2466547;SPRF-RN;DEL01-RN;UOP02-DEL01-RN
605433.0;1351398.0;2024-06-05;quarta-feira;22:40:00;RN;226.0;2,5;NATAL;Sim;Conversão proibida;2;Colisão lateral sentido oposto;Com Vítimas Feridas;Plena Noite;Crescente;Céu Claro;Simples;Reta;Não;1082442.0;Automóvel;VW/UP TAKE MA;2016.0;Condutor;Ileso;31.0;Masculino;1.0;0.0;0.0;0.0;-5.81364934;-35.2466547;SPRF-RN;DEL01-RN;UOP02-DEL01-RN
605433.0;1351397.0;2024-06-05;quarta-feira;22:40:00;RN;226.0;2,5;NATAL;Sim;Conversão proibida;2;Colisão lateral sentido oposto;Com Vítimas Feridas;Plena Noite;Crescente;Céu Claro;Simples;Reta;Não;1082443.0;Automóvel;CHEV/PRISMA 1.4MT LTZ;2015.0;Condutor;Lesões Leves;32.0;Masculino;0.0;1.0;0.0;0.0;-5.81364934;-35.2466547;SPRF-RN;DEL01-RN;UOP02-DEL01-RN
605433.0;1351396.0;2024-06-05;quarta-feira;22:40:00;RN;226.0;2,5;NATAL;Sim;Conversão proibida;2;Colisão lateral sentido oposto;Com Vítimas Feridas;Plena Noite;Crescente;Céu Claro;Simples;Reta;Não;1082444.0;Automóvel;Não Informado/Não Informado;0.0;Condutor;Não Informado;;Não Informado;0.0;0.0;0.0;0.0;-5.81364934;-35.2466547;SPRF-RN;DEL01-RN;UOP02-DEL01-RN
605433.0;1351422.0;2024-06-05;quarta-feira;22:40:00;RN;226.0;2,5;NATAL;Não;Acessar a via sem observar a presença dos outros veículos;1;Colisão transversal;Com Vítimas Feridas;Plena Noite;Crescente;Céu Claro;Simples;Reta;Não;1082442.0;Automóvel;VW/UP TAKE MA;2016.0;Passageiro;Ileso;;Feminino;1.0;0.0;0.0;0.0;-5.81364934;-35.2466547;SPRF-RN;DEL01-RN;UOP02-DEL01-RN
605433.0;1351398.0;2024-06-05;quarta-feira;22:40:00;RN;226.0;2,5;NATAL;Não;Acessar a via sem observar a presença dos outros veículos;1;Colisão transversal;Com Vítimas Feridas;Plena Noite;Crescente;Céu Claro;Simples;Reta;Não;1082442.0;Automóvel;VW/UP TAKE MA;2016.0;Condutor;Ileso;31.0;Masculino;1.0;0.0;0.0;0.0;-5.81364934;-35.2466547;SPRF-RN;DEL01-RN;UOP02-DEL01-RN
605433.0;1351397.0;2024-06-05;quarta-feira;22:40:00;RN;226.0;2,5;NATAL;Não;Acessar a via sem observar a presença dos outros veículos;1;Colisão transversal;Com Vítimas Feridas;Plena Noite;Crescente;Céu Claro;Simples;Reta;Não;1082443.0;Automóvel;CHEV/PRISMA 1.4MT LTZ;2015.0;Condutor;Lesões Leves;32.0;Masculino;0.0;1.0;0.0;0.0;-5.81364934;-35.2466547;SPRF-RN;DEL01-RN;UOP02-DEL01-RN
605433.0;1351396.0;2024-06-05;quarta-feira;22:40:00;RN;226.0;2,5;NATAL;Não;Acessar a via sem observar a presença dos outros veículos;1;Colisão transversal;Com Vítimas Feridas;Plena Noite;Crescente;Céu Claro;Simples;Reta;Não;1082444.0;Automóvel;Não Informado/Não Informado;0.0;Condutor;Não Informado;;Não Informado;0.0;0.0;0.0;0.0;-5.81364934;-35.2466547;SPRF-RN;DEL01-RN;UOP02-DEL01-RN
605433.0;1351422.0;2024-06-05;quarta-feira;22:40:00;RN;226.0;2,5;NATAL;Sim;Conversão proibida;1;Colisão transversal;Com Vítimas Feridas;Plena Noite;Crescente;Céu Claro;Simples;Reta;Não;1082442.0;Automóvel;VW/UP TAKE MA;2016.0;Passageiro;Ileso;;Feminino;1.0;0.0;0.0;0.0;-5.81364934;-35.2466547;SPRF-RN;DEL01-RN;UOP02-DEL01-RN
605433.0;1351398.0;2024-06-05;quarta-feira;22:40:00;RN;226.0;2,5;NATAL;Sim;Conversão proibida;1;Colisão transversal;Com Vítimas Feridas;Plena Noite;Crescente;Céu Claro;Simples;Reta;Não;1082442.0;Automóvel;VW/UP TAKE MA;2016.0;Condutor;Ileso;31.0;Masculino;1.0;0.0;0.0;0.0;-5.81364934;-35.2466547;SPRF-RN;DEL01-RN;UOP02-DEL01-RN
605433.0;1351397.0;2024-06-05;quarta-feira;22:40:00;RN;226.0;2,5;NATAL;Sim;Conversão proibida;1;Colisão transversal;Com Vítimas Feridas;Plena Noite;Crescente;Céu Claro;Simples;Reta;Não;1082443.0;Automóvel;CHEV/PRISMA 1.4MT LTZ;2015.0;Condutor;Lesões Leves;32.0;Masculino;0.0;1.0;0.0;0.0;-5.81364934;-35.2466547;SPRF-RN;DEL01-RN;UOP02-DEL01-RN
605433.0;1351396.0;2024-06-05;quarta-feira;22:40:00;RN;226.0;2,5;NATAL;Sim;Conversão proibida;1;Colisão transversal;Com Vítimas Feridas;Plena Noite;Crescente;Céu Claro;Simples;Reta;Não;1082444.0;Automóvel;Não Informado/Não Informado;0.0;Condutor;Não Informado;;Não Informado;0.0;0.0;0.0;0.0;-5.81364934;-35.2466547;SPRF-RN;DEL01-RN;UOP02-DEL01-RN
605466.0;1351766.0;2024-06-06;quinta-feira;08:00:00;RN;101.0;96,7;NATAL;Sim;Condutor deixou de manter distância do veículo da frente;1;Colisão traseira;Com Vítimas Feridas;Pleno dia;Decrescente;Céu Claro;Dupla;Reta;Sim;1082741.0;Motocicleta;I/DUCATI 999;2006.0;Condutor;Lesões Graves;58.0;Masculino;0.0;0.0;1.0;0.0;-5.84949622;-35.20890752;SPRF-RN;DEL01-RN;UOP01-DEL01-RN
605466.0;1351767.0;2024-06-06;quinta-feira;08:00:00;RN;101.0;96,7;NATAL;Sim;Condutor deixou de manter distância do veículo da frente;1;Colisão traseira;Com Vítimas Feridas;Pleno dia;Decrescente;Céu Claro;Dupla;Reta;Sim;1082742.0;Automóvel;Não Informado/Não Informado;0.0;Condutor;Ileso;;Masculino;1.0;0.0;0.0;0.0;-5.84949622;-35.20890752;SPRF-RN;DEL01-RN;UOP01-DEL01-RN
605778.0;1352239.0;2024-06-07;sexta-feira;16:50:00;RN;101.0;94,6;NATAL;Não;Condutor deixou de manter distância do veículo da frente;1;Engavetamento;Sem Vítimas;Pleno dia;Crescente;Céu Claro;Múltipla;"Aclive;Reta";Sim;1083143.0;Automóvel;FIAT/UNO MILLE ECONOMY;2012.0;Condutor;Ileso;38.0;Masculino;1.0;0.0;0.0;0.0;-5.83176615;-35.21191342;SPRF-RN;DEL01-RN;UOP01-DEL01-RN
605778.0;1352240.0;2024-06-07;sexta-feira;16:50:00;RN;101.0;94,6;NATAL;Não;Condutor deixou de manter distância do veículo da frente;1;Engavetamento;Sem Vítimas;Pleno dia;Crescente;Céu Claro;Múltipla;"Aclive;Reta";Sim;1083144.0;Automóvel;HYUNDAI/HB20 10M VISION;2022.0;Condutor;Ileso;51.0;Masculino;1.0;0.0;0.0;0.0;-5.83176615;-35.21191342;SPRF-RN;DEL01-RN;UOP01-DEL01-RN
605778.0;1352242.0;2024-06-07;sexta-feira;16:50:00;RN;101.0;94,6;NATAL;Não;Condutor deixou de manter distância do veículo da frente;1;Engavetamento;Sem Vítimas;Pleno dia;Crescente;Céu Claro;Múltipla;"Aclive;Reta";Sim;1083146.0;Automóvel;FIAT/UNO MILLE FIRE FLEX;2006.0;Condutor;Ileso;32.0;Masculino;1.0;0.0;0.0;0.0;-5.83176615;-35.21191342;SPRF-RN;DEL01-RN;UOP01-DEL01-RN
605778.0;1352243.0;2024-06-07;sexta-feira;16:50:00;RN;101.0;94,6;NATAL;Não;Condutor deixou de manter distância do veículo da frente;1;Engavetamento;Sem Vítimas;Pleno dia;Crescente;Céu Claro;Múltipla;"Aclive;Reta";Sim;1083146.0;Automóvel;FIAT/UNO MILLE FIRE FLEX;2006.0;Passageiro;Ileso;64.0;Masculino;1.0;0.0;0.0;0.0;-5.83176615;-35.21191342;SPRF-RN;DEL01-RN;UOP01-DEL01-RN
605778.0;1352241.0;2024-06-07;sexta-feira;16:50:00;RN;101.0;94,6;NATAL;Não;Condutor deixou de manter distância do veículo da frente;1;Engavetamento;Sem Vítimas;Pleno dia;Crescente;Céu Claro;Múltipla;"Aclive;Reta";Sim;1083145.0;Automóvel;HYUNDAI/CRETA 16A ATTITU;2019.0;Condutor;Ileso;52.0;Masculino;1.0;0.0;0.0;0.0;-5.83176615;-35.21191342;SPRF-RN;DEL01-RN;UOP01-DEL01-RN
605778.0;1352239.0;2024-06-07;sexta-feira;16:50:00;RN;101.0;94,6;NATAL;Sim;Reação tardia ou ineficiente do condutor;1;Engavetamento;Sem Vítimas;Pleno dia;Crescente;Céu Claro;Múltipla;"Aclive;Reta";Sim;1083143.0;Automóvel;FIAT/UNO MILLE ECONOMY;2012.0;Condutor;Ileso;38.0;Masculino;1.0;0.0;0.0;0.0;-5.83176615;-35.21191342;SPRF-RN;DEL01-RN;UOP01-DEL01-RN
605778.0;1352240.0;2024-06-07;sexta-feira;16:50:00;RN;101.0;94,6;NATAL;Sim;Reação tardia ou ineficiente do condutor;1;Engavetamento;Sem Vítimas;Pleno dia;Crescente;Céu Claro;Múltipla;"Aclive;Reta";Sim;1083144.0;Automóvel;HYUNDAI/HB20 10M VISION;2022.0;Condutor;Ileso;51.0;Masculino;1.0;0.0;0.0;0.0;-5.83176615;-35.21191342;SPRF-RN;DEL01-RN;UOP01-DEL01-RN
605778.0;1352242.0;2024-06-07;sexta-feira;16:50:00;RN;101.0;94,6;NATAL;Sim;Reação tardia ou ineficiente do condutor;1;Engavetamento;Sem Vítimas;Pleno dia;Crescente;Céu Claro;Múltipla;"Aclive;Reta";Sim;1083146.0;Automóvel;FIAT/UNO MILLE FIRE FLEX;2006.0;Condutor;Ileso;32.0;Masculino;1.0;0.0;0.0;0.0;-5.83176615;-35.21191342;SPRF-RN;DEL01-RN;UOP01-DEL01-RN
605778.0;1352243.0;2024-06-07;sexta-feira;16:50:00;RN;101.0;94,6;NATAL;Sim;Reação tardia ou ineficiente do condutor;1;Engavetamento;Sem Vítimas;Pleno dia;Crescente;Céu Claro;Múltipla;"Aclive;Reta";Sim;1083146.0;Automóvel;FIAT/UNO MILLE FIRE FLEX;2006.0;Passageiro;Ileso;64.0;Masculino;1.0;0.0;0.0;0.0;-5.83176615;-35.21191342;SPRF-RN;DEL01-RN;UOP01-DEL01-RN
605778.0;1352241.0;2024-06-07;sexta-feira;16:50:00;RN;101.0;94,6;NATAL;Sim;Reação tardia ou ineficiente do condutor;1;Engavetamento;Sem Vítimas;Pleno dia;Crescente;Céu Claro;Múltipla;"Aclive;Reta";Sim;1083145.0;Automóvel;HYUNDAI/CRETA 16A ATTITU;2019.0;Condutor;Ileso;52.0;Masculino;1.0;0.0;0.0;0.0;-5.83176615;-35.21191342;SPRF-RN;DEL01-RN;UOP01-DEL01-RN
606312.0;1353487.0;2024-06-09;domingo;18:05:00;RN;101.0;78;NATAL;Sim;Transitar no Acostamento;3;Queda de ocupante de veículo;Com Vítimas Feridas;Plena Noite;Decrescente;Céu Claro;Dupla;Reta;Sim;1084111.0;Automóvel;CHEV/PRISMA 1.4MT LT;2016.0;Condutor;Ileso;60.0;Masculino;1.0;0.0;0.0;0.0;-5.74071896;-35.29021064;SPRF-RN;DEL02-RN;UOP01-DEL02-RN
606312.0;1353490.0;2024-06-09;domingo;18:05:00;RN;101.0;78;NATAL;Sim;Transitar no Acostamento;3;Queda de ocupante de veículo;Com Vítimas Feridas;Plena Noite;Decrescente;Céu Claro;Dupla;Reta;Sim;1084112.0;Carroça-charrete;Não Informado/Não Informado;0.0;Condutor;Lesões Graves;37.0;Masculino;0.0;0.0;1.0;0.0;-5.74071896;-35.29021064;SPRF-RN;DEL02-RN;UOP01-DEL02-RN
606312.0;1353487.0;2024-06-09;domingo;18:05:00;RN;101.0;78;NATAL;Sim;Transitar no Acostamento;2;Saída de leito carroçável;Com Vítimas Feridas;Plena Noite;Decrescente;Céu Claro;Dupla;Reta;Sim;1084111.0;Automóvel;CHEV/PRISMA 1.4MT LT;2016.0;Condutor;Ileso;60.0;Masculino;1.0;0.0;0.0;0.0;-5.74071896;-35.29021064;SPRF-RN;DEL02-RN;UOP01-DEL02-RN
606312.0;1353490.0;2024-06-09;domingo;18:05:00;RN;101.0;78;NATAL;Sim;Transitar no Acostamento;2;Saída de leito carroçável;Com Vítimas Feridas;Plena Noite;Decrescente;Céu Claro;Dupla;Reta;Sim;1084112.0;Carroça-charrete;Não Informado/Não Informado;0.0;Condutor;Lesões Graves;37.0;Masculino;0.0;0.0;1.0;0.0;-5.74071896;-35.29021064;SPRF-RN;DEL02-RN;UOP01-DEL02-RN
606312.0;1353487.0;2024-06-09;domingo;18:05:00;RN;101.0;78;NATAL;Sim;Transitar no Acostamento;1;Colisão lateral mesmo sentido;Com Vítimas Feridas;Plena Noite;Decrescente;Céu Claro;Dupla;Reta;Sim;1084111.0;Automóvel;CHEV/PRISMA 1.4MT LT;2016.0;Condutor;Ileso;60.0;Masculino;1.0;0.0;0.0;0.0;-5.74071896;-35.29021064;SPRF-RN;DEL02-RN;UOP01-DEL02-RN
606312.0;1353490.0;2024-06-09;domingo;18:05:00;RN;101.0;78;NATAL;Sim;Transitar no Acostamento;1;Colisão lateral mesmo sentido;Com Vítimas Feridas;Plena Noite;Decrescente;Céu Claro;Dupla;Reta;Sim;1084112.0;Carroça-charrete;Não Informado/Não Informado;0.0;Condutor;Lesões Graves;37.0;Masculino;0.0;0.0;1.0;0.0;-5.74071896;-35.29021064;SPRF-RN;DEL02-RN;UOP01-DEL02-RN
606337.0;1353615.0;2024-06-09;domingo;19:00:00;RN;226.0;3;NATAL;Não;Ingestão de álcool pelo condutor;3;Queda de ocupante de veículo;Com Vítimas Feridas;Plena Noite;Crescente;Céu Claro;Simples;Reta;Sim;1084218.0;Motocicleta;HONDA/CG 125 FAN ES;2013.0;Condutor;Lesões Leves;28.0;Masculino;0.0;1.0;0.0;0.0;-5.82085671;-35.25187091;SPRF-RN;DEL01-RN;UOP02-DEL01-RN
606337.0;1353617.0;2024-06-09;domingo;19:00:00;RN;226.0;3;NATAL;Não;Ingestão de álcool pelo condutor;3;Queda de ocupante de veículo;Com Vítimas Feridas;Plena Noite;Crescente;Céu Claro;Simples;Reta;Sim;1084219.0;Motocicleta;HONDA/CBX 250 TWISTER;2004.0;Passageiro;Lesões Leves;51.0;Feminino;0.0;1.0;0.0;0.0;-5.82085671;-35.25187091;SPRF-RN;DEL01-RN;UOP02-DEL01-RN
606337.0;1353616.0;2024-06-09;domingo;19:00:00;RN;226.0;3;NATAL;Não;Ingestão de álcool pelo condutor;3;Queda de ocupante de veículo;Com Vítimas Feridas;Plena Noite;Crescente;Céu Claro;Simples;Reta;Sim;1084219.0;Motocicleta;HONDA/CBX 250 TWISTER;2004.0;Condutor;Lesões Graves;51.0;Masculino;0.0;0.0;1.0;0.0;-5.82085671;-35.25187091;SPRF-RN;DEL01-RN;UOP02-DEL01-RN
606337.0;1353615.0;2024-06-09;domingo;19:00:00;RN;226.0;3;NATAL;Sim;Conversão proibida;3;Queda de ocupante de veículo;Com Vítimas Feridas;Plena Noite;Crescente;Céu Claro;Simples;Reta;Sim;1084218.0;Motocicleta;HONDA/CG 125 FAN ES;2013.0;Condutor;Lesões Leves;28.0;Masculino;0.0;1.0;0.0;0.0;-5.82085671;-35.25187091;SPRF-RN;DEL01-RN;UOP02-DEL01-RN
606337.0;1353617.0;2024-06-09;domingo;19:00:00;RN;226.0;3;NATAL;Sim;Conversão proibida;3;Queda de ocupante de veículo;Com Vítimas Feridas;Plena Noite;Crescente;Céu Claro;Simples;Reta;Sim;1084219.0;Motocicleta;HONDA/CBX 250 TWISTER;2004.0;Passageiro;Lesões Leves;51.0;Feminino;0.0;1.0;0.0;0.0;-5.82085671;-35.25187091;SPRF-RN;DEL01-RN;UOP02-DEL01-RN
606337.0;1353616.0;2024-06-09;domingo;19:00:00;RN;226.0;3;NATAL;Sim;Conversão proibida;3;Queda de ocupante de veículo;Com Vítimas Feridas;Plena Noite;Crescente;Céu Claro;Simples;Reta;Sim;1084219.0;Motocicleta;HONDA/CBX 250 TWISTER;2004.0;Condutor;Lesões Graves;51.0;Masculino;0.0;0.0;1.0;0.0;-5.82085671;-35.25187091;SPRF-RN;DEL01-RN;UOP02-DEL01-RN
606337.0;1353615.0;2024-06-09;domingo;19:00:00;RN;226.0;3;NATAL;Não;Ingestão de álcool pelo condutor;2;Tombamento;Com Vítimas Feridas;Plena Noite;Crescente;Céu Claro;Simples;Reta;Sim;1084218.0;Motocicleta;HONDA/CG 125 FAN ES;2013.0;Condutor;Lesões Leves;28.0;Masculino;0.0;1.0;0.0;0.0;-5.82085671;-35.25187091;SPRF-RN;DEL01-RN;UOP02-DEL01-RN
606337.0;1353617.0;2024-06-09;domingo;19:00:00;RN;226.0;3;NATAL;Não;Ingestão de álcool pelo condutor;2;Tombamento;Com Vítimas Feridas;Plena Noite;Crescente;Céu Claro;Simples;Reta;Sim;1084219.0;Motocicleta;HONDA/CBX 250 TWISTER;2004.0;Passageiro;Lesões Leves;51.0;Feminino;0.0;1.0;0.0;0.0;-5.82085671;-35.25187091;SPRF-RN;DEL01-RN;UOP02-DEL01-RN
606337.0;1353616.0;2024-06-09;domingo;19:00:00;RN;226.0;3;NATAL;Não;Ingestão de álcool pelo condutor;2;Tombamento;Com Vítimas Feridas;Plena Noite;Crescente;Céu Claro;Simples;Reta;Sim;1084219.0;Motocicleta;HONDA/CBX 250 TWISTER;2004.0;Condutor;Lesões Graves;51.0;Masculino;0.0;0.0;1.0;0.0;-5.82085671;-35.25187091;SPRF-RN;DEL01-RN;UOP02-DEL01-RN
606337.0;1353615.0;2024-06-09;domingo;19:00:00;RN;226.0;3;NATAL;Sim;Conversão proibida;2;Tombamento;Com Vítimas Feridas;Plena Noite;Crescente;Céu Claro;Simples;Reta;Sim;1084218.0;Motocicleta;HONDA/CG 125 FAN ES;2013.0;Condutor;Lesões Leves;28.0;Masculino;0.0;1.0;0.0;0.0;-5.82085671;-35.25187091;SPRF-RN;DEL01-RN;UOP02-DEL01-RN
606337.0;1353617.0;2024-06-09;domingo;19:00:00;RN;226.0;3;NATAL;Sim;Conversão proibida;2;Tombamento;Com Vítimas Feridas;Plena Noite;Crescente;Céu Claro;Simples;Reta;Sim;1084219.0;Motocicleta;HONDA/CBX 250 TWISTER;2004.0;Passageiro;Lesões Leves;51.0;Feminino;0.0;1.0;0.0;0.0;-5.82085671;-35.25187091;SPRF-RN;DEL01-RN;UOP02-DEL01-RN
606337.0;1353616.0;2024-06-09;domingo;19:00:00;RN;226.0;3;NATAL;Sim;Conversão proibida;2;Tombamento;Com Vítimas Feridas;Plena Noite;Crescente;Céu Claro;Simples;Reta;Sim;1084219.0;Motocicleta;HONDA/CBX 250 TWISTER;2004.0;Condutor;Lesões Graves;51.0;Masculino;0.0;0.0;1.0;0.0;-5.82085671;-35.25187091;SPRF-RN;DEL01-RN;UOP02-DEL01-RN
606337.0;1353615.0;2024-06-09;domingo;19:00:00;RN;226.0;3;NATAL;Não;Ingestão de álcool pelo condutor;1;Colisão transversal;Com Vítimas Feridas;Plena Noite;Crescente;Céu Claro;Simples;Reta;Sim;1084218.0;Motocicleta;HONDA/CG 125 FAN ES;2013.0;Condutor;Lesões Leves;28.0;Masculino;0.0;1.0;0.0;0.0;-5.82085671;-35.25187091;SPRF-RN;DEL01-RN;UOP02-DEL01-RN
606337.0;1353617.0;2024-06-09;domingo;19:00:00;RN;226.0;3;NATAL;Não;Ingestão de álcool pelo condutor;1;Colisão transversal;Com Vítimas Feridas;Plena Noite;Crescente;Céu Claro;Simples;Reta;Sim;1084219.0;Motocicleta;HONDA/CBX 250 TWISTER;2004.0;Passageiro;Lesões Leves;51.0;Feminino;0.0;1.0;0.0;0.0;-5.82085671;-35.25187091;SPRF-RN;DEL01-RN;UOP02-DEL01-RN
606337.0;1353616.0;2024-06-09;domingo;19:00:00;RN;226.0;3;NATAL;Não;Ingestão de álcool pelo condutor;1;Colisão transversal;Com Vítimas Feridas;Plena Noite;Crescente;Céu Claro;Simples;Reta;Sim;1084219.0;Motocicleta;HONDA/CBX 250 TWISTER;2004.0;Condutor;Lesões Graves;51.0;Masculino;0.0;0.0;1.0;0.0;-5.82085671;-35.25187091;SPRF-RN;DEL01-RN;UOP02-DEL01-RN
606337.0;1353615.0;2024-06-09;domingo;19:00:00;RN;226.0;3;NATAL;Sim;Conversão proibida;1;Colisão transversal;Com Vítimas Feridas;Plena Noite;Crescente;Céu Claro;Simples;Reta;Sim;1084218.0;Motocicleta;HONDA/CG 125 FAN ES;2013.0;Condutor;Lesões Leves;28.0;Masculino;0.0;1.0;0.0;0.0;-5.82085671;-35.25187091;SPRF-RN;DEL01-RN;UOP02-DEL01-RN
606337.0;1353617.0;2024-06-09;domingo;19:00:00;RN;226.0;3;NATAL;Sim;Conversão proibida;1;Colisão transversal;Com Vítimas Feridas;Plena Noite;Crescente;Céu Claro;Simples;Reta;Sim;1084219.0;Motocicleta;HONDA/CBX 250 TWISTER;2004.0;Passageiro;Lesões Leves;51.0;Feminino;0.0;1.0;0.0;0.0;-5.82085671;-35.25187091;SPRF-RN;DEL01-RN;UOP02-DEL01-RN
606337.0;1353616.0;2024-06-09;domingo;19:00:00;RN;226.0;3;NATAL;Sim;Conversão proibida;1;Colisão transversal;Com Vítimas Feridas;Plena Noite;Crescente;Céu Claro;Simples;Reta;Sim;1084219.0;Motocicleta;HONDA/CBX 250 TWISTER;2004.0;Condutor;Lesões Graves;51.0;Masculino;0.0;0.0;1.0;0.0;-5.82085671;-35.25187091;SPRF-RN;DEL01-RN;UOP02-DEL01-RN
606485.0;1354022.0;2024-06-10;segunda-feira;09:40:00;RN;101.0;95;NATAL;Sim;Condutor deixou de manter distância do veículo da frente;1;Colisão traseira;Com Vítimas Feridas;Pleno dia;Decrescente;Céu Claro;Dupla;Reta;Sim;1084520.0;Automóvel;HYUNDAI/HB20 1.0M COMFOR;2017.0;Condutor;Ileso;45.0;Feminino;1.0;0.0;0.0;0.0;-5.84076841;-35.21035949;SPRF-RN;DEL01-RN;UOP01-DEL01-RN
606485.0;1354042.0;2024-06-10;segunda-feira;09:40:00;RN;101.0;95;NATAL;Sim;Condutor deixou de manter distância do veículo da frente;1;Colisão traseira;Com Vítimas Feridas;Pleno dia;Decrescente;Céu Claro;Dupla;Reta;Sim;1084519.0;Motocicleta;HONDA/CG 160 FAN;2023.0;Condutor;Lesões Leves;29.0;Masculino;0.0;1.0;0.0;0.0;-5.84076841;-35.21035949;SPRF-RN;DEL01-RN;UOP01-DEL01-RN
606485.0;1354054.0;2024-06-10;segunda-feira;09:40:00;RN;101.0;95;NATAL;Sim;Condutor deixou de manter distância do veículo da frente;1;Colisão traseira;Com Vítimas Feridas;Pleno dia;Decrescente;Céu Claro;Dupla;Reta;Sim;1084519.0;Motocicleta;HONDA/CG 160 FAN;2023.0;Passageiro;Lesões Graves;25.0;Feminino;0.0;0.0;1.0;0.0;-5.84076841;-35.21035949;SPRF-RN;DEL01-RN;UOP01-DEL01-RN
606679.0;1358466.0;2024-06-11;terça-feira;07:30:00;RN;101.0;94;NATAL;Sim;Velocidade Incompatível;1;Colisão traseira;Com Vítimas Feridas;Pleno dia;Decrescente;Sol;Dupla;Reta;Sim;1084791.0;Automóvel;VW/FOX TL MCV;2017.0;Condutor;Ileso;61.0;Masculino;1.0;0.0;0.0;0.0;-5.83176615;-35.21191342;SPRF-RN;DEL01-RN;UOP01-DEL01-RN
606679.0;1358464.0;2024-06-11;terça-feira;07:30:00;RN;101.0;94;NATAL;Sim;Velocidade Incompatível;1;Colisão traseira;Com Vítimas Feridas;Pleno dia;Decrescente;Sol;Dupla;Reta;Sim;1084794.0;Motocicleta;YAMAHA/XTZ250 LANDER;2023.0;Passageiro;Lesões Graves;40.0;Feminino;0.0;0.0;1.0;0.0;-5.83176615;-35.21191342;SPRF-RN;DEL01-RN;UOP01-DEL01-RN