id;pesid;data_inversa;dia_semana;horario;uf;br;km;municipio;causa_principal;causa_acidente;ordem_tipo_acidente;tipo_acidente;classificacao_acidente;fase_dia;sentido_via;condicao_metereologica;tipo_pista;tracado_via;uso_solo;id_veiculo;tipo_veiculo;marca;ano_fabricacao_veiculo;tipo_envolvido;estado_fisico;idade;sexo;ilesos;feridos_leves;feridos_graves;mortos;latitude;longitude;regional;delegacia;uop
606679.0;1354347.0;2024-06-11;terça-feira;07:30:00;RN;101.0;94;NATAL;Sim;Velocidade Incompatível;1;Colisão traseira;Com Vítimas Feridas;Pleno dia;Decrescente;Sol;Dupla;Reta;Sim;1084794.0;Motocicleta;YAMAHA/XTZ250 LANDER;2023.0;Condutor;Lesões Graves;36.0;Masculino;0.0;0.0;1.0;0.0;-5.83176615;-35.21191342;SPRF-RN;DEL01-RN;UOP01-DEL01-RN
606935.0;1355205.0;2024-06-12;quarta-feira;11:20:00;RN;101.0;84,7;NATAL;Não;Reação tardia ou ineficiente do condutor;1;Colisão traseira;Sem Vítimas;Pleno dia;Decrescente;Céu Claro;Dupla;Reta;Não;1085429.0;Camioneta;FIAT/DOBLO ELX;2005.0;Condutor;Ileso;40.0;Masculino;1.0;0.0;0.0;0.0;-5.774175;-35.2578;SPRF-RN;DEL02-RN;UOP01-DEL02-RN
606935.0;1355204.0;2024-06-12;quarta-feira;11:20:00;RN;101.0;84,7;NATAL;Não;Reação tardia ou ineficiente do condutor;1;Colisão traseira;Sem Vítimas;Pleno dia;Decrescente;Céu Claro;Dupla;Reta;Não;1085428.0;Caminhonete;FIAT/STRADA ENDURANCE CS;2022.0;Condutor;Ileso;39.0;Feminino;1.0;0.0;0.0;0.0;-5.774175;-35.2578;SPRF-RN;DEL02-RN;UOP01-DEL02-RN
606935.0;1355205.0;2024-06-12;quarta-feira;11:20:00;RN;101.0;84,7;NATAL;Sim;Condutor deixou de manter distância do veículo da frente;1;Colisão traseira;Sem Vítimas;Pleno dia;Decrescente;Céu Claro;Dupla;Reta;Não;1085429.0;Camioneta;FIAT/DOBLO ELX;2005.0;Condutor;Ileso;40.0;Masculino;1.0;0.0;0.0;0.0;-5.774175;-35.2578;SPRF-RN;DEL02-RN;UOP01-DEL02-RN
606935.0;1355204.0;2024-06-12;quarta-feira;11:20:00;RN;101.0;84,7;NATAL;Sim;Condutor deixou de manter distância do veículo da frente;1;Colisão traseira;Sem Vítimas;Pleno dia;Decrescente;Céu Claro;Dupla;Reta;Não;1085428.0;Caminhonete;FIAT/STRADA ENDURANCE CS;2022.0;Condutor;Ileso;39.0;Feminino;1.0;0.0;0.0;0.0;-5.774175;-35.2578;SPRF-RN;DEL02-RN;UOP01-DEL02-RN
606983.0;1355163.0;2024-03-19;terça-feira;13:50:00;RN;101.0;95,9;NATAL;Sim;Condutor deixou de manter distância do veículo da frente;1;Engavetamento;Com Vítimas Feridas;Pleno dia;Decrescente;Céu Claro;Dupla;Reta;Sim;1085397.0;Automóvel;Não Informado/Não Informado;0.0;Condutor;Não Informado;;Não Informado;0.0;0.0;0.0;0.0;-5.85329205;-35.21074176;SPRF-RN;DEL01-RN;UOP01-DEL01-RN
606983.0;1355164.0;2024-03-19;terça-feira;13:50:00;RN;101.0;95,9;NATAL;Sim;Condutor deixou de manter distância do veículo da frente;1;Engavetamento;Com Vítimas Feridas;Pleno dia;Decrescente;Céu Claro;Dupla;Reta;Sim;1085398.0;Automóvel;Não Informado/Não Informado;0.0;Condutor;Não Informado;;Não Informado;0.0;0.0;0.0;0.0;-5.85329205;-35.21074176;SPRF-RN;DEL01-RN;UOP01-DEL01-RN
606983.0;1355162.0;2024-03-19;terça-feira;13:50:00;RN;101.0;95,9;NATAL;Sim;Condutor deixou de manter distância do veículo da frente;1;Engavetamento;Com Vítimas Feridas;Pleno dia;Decrescente;Céu Claro;Dupla;Reta;Sim;1085396.0;Caminhonete;Não Informado/Não Informado;0.0;Condutor;Lesões Leves;;Feminino;0.0;1.0;0.0;0.0;-5.85329205;-35.21074176;SPRF-RN;DEL01-RN;UOP01-DEL01-RN
607133.0;1355669.0;2024-06-13;quinta-feira;09:00:00;RN;101.0;99;NATAL;Sim;Ausência de reação do condutor;1;Colisão traseira;Com Vítimas Feridas;Pleno dia;Decrescente;Céu Claro;Dupla;Interseção de Vias;Sim;1085812.0;Automóvel;HYUNDAI/HB20 1.0M COMFOR;2016.0;Condutor;Ileso;42.0;Masculino;1.0;0.0;0.0;0.0;-5.87359183;-35.22063023;SPRF-RN;DEL01-RN;UOP01-DEL01-RN
607133.0;1355668.0;2024-06-13;quinta-feira;09:00:00;RN;101.0;99;NATAL;Sim;Ausência de reação do condutor;1;Colisão traseira;Com Vítimas Feridas;Pleno dia;Decrescente;Céu Claro;Dupla;Interseção de Vias;Sim;1085811.0;Motocicleta;YAMAHA/YBR150 FACTOR ED;2019.0;Condutor;Lesões Leves;42.0;Feminino;0.0;1.0;0.0;0.0;-5.87359183;-35.22063023;SPRF-RN;DEL01-RN;UOP01-DEL01-RN
607971.0;1357477.0;2024-06-16;domingo;19:45:00;RN;101.0;84;NATAL;Sim;Demais falhas mecânicas ou elétricas;2;Queda de ocupante de veículo;Com Vítimas Feridas;Plena Noite;Decrescente;Garoa/Chuvisco;Dupla;Reta;Sim;1087285.0;Motocicleta;HONDA/CG 160 FAN;2024.0;Condutor;Lesões Leves;28.0;Masculino;0.0;1.0;0.0;0.0;-5.774175;-35.2578;SPRF-RN;DEL02-RN;UOP01-DEL02-RN
607971.0;1357477.0;2024-06-16;domingo;19:45:00;RN;101.0;84;NATAL;Sim;Demais falhas mecânicas ou elétricas;1;Tombamento;Com Vítimas Feridas;Plena Noite;Decrescente;Garoa/Chuvisco;Dupla;Reta;Sim;1087285.0;Motocicleta;HONDA/CG 160 FAN;2024.0;Condutor;Lesões Leves;28.0;Masculino;0.0;1.0;0.0;0.0;-5.774175;-35.2578;SPRF-RN;DEL02-RN;UOP01-DEL02-RN
608004.0;1357640.0;2024-06-16;domingo;22:00:00;RN;101.0;96;NATAL;Sim;Condutor deixou de manter distância do veículo da frente;2;Queda de ocupante de veículo;Sem Vítimas;Plena Noite;Decrescente;Garoa/Chuvisco;Dupla;Curva;Sim;1087408.0;Motocicleta;MOTTU/SPORT 110I;2023.0;Condutor;Ileso;23.0;Masculino;1.0;0.0;0.0;0.0;-5.84678038;-35.20829022;SPRF-RN;DEL01-RN;UOP01-DEL01-RN
608004.0;1358153.0;2024-06-16;domingo;22:00:00;RN;101.0;96;NATAL;Sim;Condutor deixou de manter distância do veículo da frente;2;Queda de ocupante de veículo;Sem Vítimas;Plena Noite;Decrescente;Garoa/Chuvisco;Dupla;Curva;Sim;1087408.0;Motocicleta;MOTTU/SPORT 110I;2023.0;Passageiro;Ileso;23.0;Masculino;1.0;0.0;0.0;0.0;-5.84678038;-35.20829022;SPRF-RN;DEL01-RN;UOP01-DEL01-RN
608004.0;1357640.0;2024-06-16;domingo;22:00:00;RN;101.0;96;NATAL;Sim;Condutor deixou de manter distância do veículo da frente;1;Tombamento;Sem Vítimas;Plena Noite;Decrescente;Garoa/Chuvisco;Dupla;Curva;Sim;1087408.0;Motocicleta;MOTTU/SPORT 110I;2023.0;Condutor;Ileso;23.0;Masculino;1.0;0.0;0.0;0.0;-5.84678038;-35.20829022;SPRF-RN;DEL01-RN;UOP01-DEL01-RN
608004.0;1358153.0;2024-06-16;domingo;22:00:00;RN;101.0;96;NATAL;Sim;Condutor deixou de manter distância do veículo da frente;1;Tombamento;Sem Vítimas;Plena Noite;Decrescente;Garoa/Chuvisco;Dupla;Curva;Sim;1087408.0;Motocicleta;MOTTU/SPORT 110I;2023.0;Passageiro;Ileso;23.0;Masculino;1.0;0.0;0.0;0.0;-5.84678038;-35.20829022;SPRF-RN;DEL01-RN;UOP01-DEL01-RN
608196.0;1358111.0;2024-06-17;segunda-feira;17:00:00;RN;101.0;85,2;NATAL;Sim;Manobra de mudança de faixa;2;Tombamento;Com Vítimas Feridas;Anoitecer;Decrescente;Nublado;Dupla;"Curva;Aclive";Sim;1087778.0;Motocicleta;YAMAHA/XTZ150 CROSSER E;2017.0;Condutor;Lesões Leves;34.0;Masculino;0.0;1.0;0.0;0.0;-5.77706303;-35.25017023;SPRF-RN;DEL02-RN;UOP01-DEL02-RN
608196.0;1358113.0;2024-06-17;segunda-feira;17:00:00;RN;101.0;85,2;NATAL;Sim;Manobra de mudança de faixa;2;Tombamento;Com Vítimas Feridas;Anoitecer;Decrescente;Nublado;Dupla;"Curva;Aclive";Sim;1087781.0;Motocicleta;HONDA/CG 160 FAN ESDI;2017.0;Condutor;Lesões Leves;27.0;Masculino;0.0;1.0;0.0;0.0;-5.77706303;-35.25017023;SPRF-RN;DEL02-RN;UOP01-DEL02-RN
608196.0;1358109.0;2024-06-17;segunda-feira;17:00:00;RN;101.0;85,2;NATAL;Sim;Manobra de mudança de faixa;2;Tombamento;Com Vítimas Feridas;Anoitecer;Decrescente;Nublado;Dupla;"Curva;Aclive";Sim;1087777.0;Automóvel;HYUNDAI/HB20S 1.6M COMF;2018.0;Condutor;Ileso;29.0;Masculino;1.0;0.0;0.0;0.0;-5.77706303;-35.25017023;SPRF-RN;DEL02-RN;UOP01-DEL02-RN
608196.0;1358111.0;2024-06-17;segunda-feira;17:00:00;RN;101.0;85,2;NATAL;Sim;Manobra de mudança de faixa;1;Colisão traseira;Com Vítimas Feridas;Anoitecer;Decrescente;Nublado;Dupla;"Curva;Aclive";Sim;1087778.0;Motocicleta;YAMAHA/XTZ150 CROSSER E;2017.0;Condutor;Lesões Leves;34.0;Masculino;0.0;1.0;0.0;0.0;-5.77706303;-35.25017023;SPRF-RN;DEL02-RN;UOP01-DEL02-RN
608196.0;1358113.0;2024-06-17;segunda-feira;17:00:00;RN;101.0;85,2;NATAL;Sim;Manobra de mudança de faixa;1;Colisão traseira;Com Vítimas Feridas;Anoitecer;Decrescente;Nublado;Dupla;"Curva;Aclive";Sim;1087781.0;Motocicleta;HONDA/CG 160 FAN ESDI;2017.0;Condutor;Lesões Leves;27.0;Masculino;0.0;1.0;0.0;0.0;-5.77706303;-35.25017023;SPRF-RN;DEL02-RN;UOP01-DEL02-RN
608196.0;1358109.0;2024-06-17;segunda-feira;17:00:00;RN;101.0;85,2;NATAL;Sim;Manobra de mudança de faixa;1;Colisão traseira;Com Vítimas Feridas;Anoitecer;Decrescente;Nublado;Dupla;"Curva;Aclive";Sim;1087777.0;Automóvel;HYUNDAI/HB20S 1.6M COMF;2018.0;Condutor;Ileso;29.0;Masculino;1.0;0.0;0.0;0.0;-5.77706303;-35.25017023;SPRF-RN;DEL02-RN;UOP01-DEL02-RN
608920.0;1359906.0;2024-06-21;sexta-feira;07:30:00;RN;101.0;78;NATAL;Sim;Acessar a via sem observar a presença dos outros veículos;2;Tombamento;Com Vítimas Feridas;Pleno dia;Crescente;Céu Claro;Dupla;Reta;Não;1089206.0;Motocicleta;HONDA/CBR 500R;2014.0;Condutor;Lesões Leves;26.0;Masculino;0.0;1.0;0.0;0.0;-5.74071896;-35.29021064;SPRF-RN;DEL02-RN;UOP01-DEL02-RN
608920.0;1359898.0;2024-06-21;sexta-feira;07:30:00;RN;101.0;78;NATAL;Sim;Acessar a via sem observar a presença dos outros veículos;2;Tombamento;Com Vítimas Feridas;Pleno dia;Crescente;Céu Claro;Dupla;Reta;Não;1089199.0;Motocicleta;YAMAHA/YBR150 FACTOR ED;2022.0;Condutor;Lesões Leves;60.0;Masculino;0.0;1.0;0.0;0.0;-5.74071896;-35.29021064;SPRF-RN;DEL02-RN;UOP01-DEL02-RN
608920.0;1359906.0;2024-06-21;sexta-feira;07:30:00;RN;101.0;78;NATAL;Sim;Acessar a via sem observar a presença dos outros veículos;1;Colisão traseira;Com Vítimas Feridas;Pleno dia;Crescente;Céu Claro;Dupla;Reta;Não;1089206.0;Motocicleta;HONDA/CBR 500R;2014.0;Condutor;Lesões Leves;26.0;Masculino;0.0;1.0;0.0;0.0;-5.74071896;-35.29021064;SPRF-RN;DEL02-RN;UOP01-DEL02-RN
608920.0;1359898.0;2024-06-21;sexta-feira;07:30:00;RN;101.0;78;NATAL;Sim;Acessar a via sem observar a presença dos outros veículos;1;Colisão traseira;Com Vítimas Feridas;Pleno dia;Crescente;Céu Claro;Dupla;Reta;Não;1089199.0;Motocicleta;YAMAHA/YBR150 FACTOR ED;2022.0;Condutor;Lesões Leves;60.0;Masculino;0.0;1.0;0.0;0.0;-5.74071896;-35.29021064;SPRF-RN;DEL02-RN;UOP01-DEL02-RN
609064.0;1360297.0;2024-06-21;sexta-feira;20:30:00;RN;101.0;83;NATAL;Sim;Desrespeitar a preferência no cruzamento;1;Colisão transversal;Sem Vítimas;Plena Noite;Decrescente;Céu Claro;Simples;"Reta;Rotatória";Não;1089510.0;Ônibus;VW/9.150 IBRAVA APOLLO;2011.0;Condutor;Ileso;47.0;Masculino;1.0;0.0;0.0;0.0;-5.76791511;-35.27456305;SPRF-RN;DEL02-RN;UOP01-DEL02-RN
609064.0;1361158.0;2024-06-21;sexta-feira;20:30:00;RN;101.0;83;NATAL;Sim;Desrespeitar a preferência no cruzamento;1;Colisão transversal;Sem Vítimas;Plena Noite;Decrescente;Céu Claro;Simples;"Reta;Rotatória";Não;1090157.0;Caminhonete;I/FORD RANGER XLSCD4 22C;2016.0;Condutor;Ileso;29.0;Masculino;1.0;0.0;0.0;0.0;-5.76791511;-35.27456305;SPRF-RN;DEL02-RN;UOP01-DEL02-RN
609890.0;1362256.0;2024-06-25;terça-feira;08:00:00;RN;101.0;72;NATAL;Sim;Acessar a via sem observar a presença dos outros veículos;1;Colisão transversal;Com Vítimas Feridas;Pleno dia;Decrescente;Céu Claro;Simples;Interseção de Vias;Não;1091017.0;Ônibus;MPOLO/VOLARE ACCESS EO;2022.0;Condutor;Ileso;53.0;Masculino;1.0;0.0;0.0;0.0;-5.69866248;-35.26316835;SPRF-RN;DEL02-RN;UOP01-DEL02-RN
609890.0;1362257.0;2024-06-25;terça-feira;08:00:00;RN;101.0;72;NATAL;Sim;Acessar a via sem observar a presença dos outros veículos;1;Colisão transversal;Com Vítimas Feridas;Pleno dia;Decrescente;Céu Claro;Simples;Interseção de Vias;Não;1091018.0;Motocicleta;MOTTU/SPORT 110I;2023.0;Condutor;Lesões Graves;32.0;Masculino;0.0;0.0;1.0;0.0;-5.69866248;-35.26316835;SPRF-RN;DEL02-RN;UOP01-DEL02-RN
610057.0;1362698.0;2024-06-25;terça-feira;23:00:00;RN;101.0;82,3;NATAL;Sim;Chuva;1;Colisão traseira;Com Vítimas Feridas;Plena Noite;Decrescente;Chuva;Simples;Reta;Sim;1091372.0;Bicicleta;Não Informado/Não Informado;0.0;Condutor;Lesões Leves;17.0;Masculino;0.0;1.0;0.0;0.0;-5.7710445;-35.26616981;SPRF-RN;DEL02-RN;UOP01-DEL02-RN
610057.0;1362695.0;2024-06-25;terça-feira;23:00:00;RN;101.0;82,3;NATAL;Sim;Chuva;1;Colisão traseira;Com Vítimas Feridas;Plena Noite;Decrescente;Chuva;Simples;Reta;Sim;1091371.0;Motoneta;HONDA/BIZ 125 ES;2012.0;Condutor;Lesões Leves;27.0;Masculino;0.0;1.0;0.0;0.0;-5.7710445;-35.26616981;SPRF-RN;DEL02-RN;UOP01-DEL02-RN
610185.0;1362970.0;2024-06-26;quarta-feira;14:50:00;RN;101.0;95;NATAL;Sim;Ausência de reação do condutor;1;Colisão traseira;Sem Vítimas;Pleno dia;Decrescente;Céu Claro;Dupla;Reta;Sim;1091598.0;Camioneta;JEEP/RENEGADE TH T2704X4;2022.0;Condutor;Ileso;48.0;Feminino;1.0;0.0;0.0;0.0;-5.84076841;-35.21035949;SPRF-RN;DEL01-RN;UOP01-DEL01-RN
610185.0;1362973.0;2024-06-26;quarta-feira;14:50:00;RN;101.0;95;NATAL;Sim;Ausência de reação do condutor;1;Colisão traseira;Sem Vítimas;Pleno dia;Decrescente;Céu Claro;Dupla;Reta;Sim;1091599.0;Caminhão;M.BENZ/ACCELO 815 CE;2020.0;Condutor;Ileso;46.0;Masculino;1.0;0.0;0.0;0.0;-5.84076841;-35.21035949;SPRF-RN;DEL01-RN;UOP01-DEL01-RN
610401.0;1363635.0;2024-06-27;quinta-feira;14:55:00;RN;101.0;95;NATAL;Sim;Ausência de reação do condutor;1;Colisão traseira;Com Vítimas Feridas;Pleno dia;Crescente;Céu Claro;Dupla;Interseção de Vias;Sim;1092117.0;Automóvel;HYUNDAI/HB20S 1.6M COMF;2014.0;Condutor;Ileso;53.0;Feminino;1.0;0.0;0.0;0.0;-5.84076841;-35.21035949;SPRF-RN;DEL01-RN;UOP01-DEL01-RN
610401.0;1363637.0;2024-06-27;quinta-feira;14:55:00;RN;101.0;95;NATAL;Sim;Ausência de reação do condutor;1;Colisão traseira;Com Vítimas Feridas;Pleno dia;Crescente;Céu Claro;Dupla;Interseção de Vias;Sim;1092118.0;Motocicleta;HONDA/CG 160 START;2021.0;Condutor;Lesões Leves;31.0;Masculino;0.0;1.0;0.0;0.0;-5.84076841;-35.21035949;SPRF-RN;DEL01-RN;UOP01-DEL01-RN
610429.0;1363596.0;2024-06-27;quinta-feira;17:28:00;RN;101.0;82;NATAL;Sim;Entrada inopinada do pedestre;1;Atropelamento de Pedestre;Com Vítimas Feridas;Pleno dia;Decrescente;Céu Claro;Dupla;Reta;Sim;1092089.0;Automóvel;IMP/GM ASTRA GLS;1995.0;Condutor;Ileso;51.0;Masculino;1.0;0.0;0.0;0.0;-5.76791511;-35.27456305;SPRF-RN;DEL02-RN;UOP01-DEL02-RN
610429.0;1363599.0;2024-06-27;quinta-feira;17:28:00;RN;101.0;82;NATAL;Sim;Entrada inopinada do pedestre;1;Atropelamento de Pedestre;Com Vítimas Feridas;Pleno dia;Decrescente;Céu Claro;Dupla;Reta;Sim;;;NA/NA;;Pedestre;Lesões Graves;14.0;Masculino;0.0;0.0;1.0;0.0;-5.76791511;-35.27456305;SPRF-RN;DEL02-RN;UOP01-DEL02-RN
610432.0;1363606.0;2024-06-27;quinta-feira;17:55:00;RN;101.0;83,3;NATAL;Não;Pedestre cruzava a pista fora da faixa;3;Queda de ocupante de veículo;Com Vítimas Feridas;Anoitecer;Decrescente;Céu Claro;Dupla;Reta;Sim;1092097.0;Motocicleta;YAMAHA/XTZ250 LANDER;2023.0;Passageiro;Lesões Leves;44.0;Feminino;0.0;1.0;0.0;0.0;-5.7710445;-35.26616981;SPRF-RN;DEL02-RN;UOP01-DEL02-RN
610432.0;1363605.0;2024-06-27;quinta-feira;17:55:00;RN;101.0;83,3;NATAL;Não;Pedestre cruzava a pista fora da faixa;3;Queda de ocupante de veículo;Com Vítimas Feridas;Anoitecer;Decrescente;Céu Claro;Dupla;Reta;Sim;1092097.0;Motocicleta;YAMAHA/XTZ250 LANDER;2023.0;Condutor;Lesões Leves;42.0;Masculino;0.0;1.0;0.0;0.0;-5.7710445;-35.26616981;SPRF-RN;DEL02-RN;UOP01-DEL02-RN
610432.0;1363607.0;2024-06-27;quinta-feira;17:55:00;RN;101.0;83,3;NATAL;Não;Pedestre cruzava a pista fora da faixa;3;Queda de ocupante de veículo;Com Vítimas Feridas;Anoitecer;Decrescente;Céu Claro;Dupla;Reta;Sim;;;NA/NA;;Pedestre;Lesões Leves;65.0;Masculino;0.0;1.0;0.0;0.0;-5.7710445;-35.26616981;SPRF-RN;DEL02-RN;UOP01-DEL02-RN
610432.0;1363606.0;2024-06-27;quinta-feira;17:55:00;RN;101.0;83,3;NATAL;Não;Iluminação deficiente;3;Queda de ocupante de veículo;Com Vítimas Feridas;Anoitecer;Decrescente;Céu Claro;Dupla;Reta;Sim;1092097.0;Motocicleta;YAMAHA/XTZ250 LANDER;2023.0;Passageiro;Lesões Leves;44.0;Feminino;0.0;1.0;0.0;0.0;-5.7710445;-35.26616981;SPRF-RN;DEL02-RN;UOP01-DEL02-RN
610432.0;1363605.0;2024-06-27;quinta-feira;17:55:00;RN;101.0;83,3;NATAL;Não;Iluminação deficiente;3;Queda de ocupante de veículo;Com Vítimas Feridas;Anoitecer;Decrescente;Céu Claro;Dupla;Reta;Sim;1092097.0;Motocicleta;YAMAHA/XTZ250 LANDER;2023.0;Condutor;Lesões Leves;42.0;Masculino;0.0;1.0;0.0;0.0;-5.7710445;-35.26616981;SPRF-RN;DEL02-RN;UOP01-DEL02-RN
610432.0;1363607.0;2024-06-27;quinta-feira;17:55:00;RN;101.0;83,3;NATAL;Não;Iluminação deficiente;3;Queda de ocupante de veículo;Com Vítimas Feridas;Anoitecer;Decrescente;Céu Claro;Dupla;Reta;Sim;;;NA/NA;;Pedestre;Lesões Leves;65.0;Masculino;0.0;1.0;0.0;0.0;-5.7710445;-35.26616981;SPRF-RN;DEL02-RN;UOP01-DEL02-RN
610432.0;1363606.0;2024-06-27;quinta-feira;17:55:00;RN;101.0;83,3;NATAL;Não;Acesso irregular;3;Queda de ocupante de veículo;Com Vítimas Feridas;Anoitecer;Decrescente;Céu Claro;Dupla;Reta;Sim;1092097.0;Motocicleta;YAMAHA/XTZ250 LANDER;2023.0;Passageiro;Lesões Leves;44.0;Feminino;0.0;1.0;0.0;0.0;-5.7710445;-35.26616981;SPRF-RN;DEL02-RN;UOP01-DEL02-RN
610432.0;1363605.0;2024-06-27;quinta-feira;17:55:00;RN;101.0;83,3;NATAL;Não;Acesso irregular;3;Queda de ocupante de veículo;Com Vítimas Feridas;Anoitecer;Decrescente;Céu Claro;Dupla;Reta;Sim;1092097.0;Motocicleta;YAMAHA/XTZ250 LANDER;2023.0;Condutor;Lesões Leves;42.0;Masculino;0.0;1.0;0.0;0.0;-5.7710445;-35.26616981;SPRF-RN;DEL02-RN;UOP01-DEL02-RN
610432.0;1363607.0;2024-06-27;quinta-feira;17:55:00;RN;101.0;83,3;NATAL;Não;Acesso irregular;3;Queda de ocupante de veículo;Com Vítimas Feridas;Anoitecer;Decrescente;Céu Claro;Dupla;Reta;Sim;;;NA/NA;;Pedestre;Lesões Leves;65.0;Masculino;0.0;1.0;0.0;0.0;-5.7710445;-35.26616981;SPRF-RN;DEL02-RN;UOP01-DEL02-RN
610432.0;1363606.0;2024-06-27;quinta-feira;17:55:00;RN;101.0;83,3;NATAL;Sim;Entrada inopinada do pedestre;3;Queda de ocupante de veículo;Com Vítimas Feridas;Anoitecer;Decrescente;Céu Claro;Dupla;Reta;Sim;1092097.0;Motocicleta;YAMAHA/XTZ250 LANDER;2023.0;Passageiro;Lesões Leves;44.0;Feminino;0.0;1.0;0.0;0.0;-5.7710445;-35.26616981;SPRF-RN;DEL02-RN;UOP01-DEL02-RN
610432.0;1363605.0;2024-06-27;quinta-feira;17:55:00;RN;101.0;83,3;NATAL;Sim;Entrada inopinada do pedestre;3;Queda de ocupante de veículo;Com Vítimas Feridas;Anoitecer;Decrescente;Céu Claro;Dupla;Reta;Sim;1092097.0;Motocicleta;YAMAHA/XTZ250 LANDER;2023.0;Condutor;Lesões Leves;42.0;Masculino;0.0;1.0;0.0;0.0;-5.7710445;-35.26616981;SPRF-RN;DEL02-RN;UOP01-DEL02-RN
610432.0;1363607.0;2024-06-27;quinta-feira;17:55:00;RN;101.0;83,3;NATAL;Sim;Entrada inopinada do pedestre;3;Queda de ocupante de veículo;Com Vítimas Feridas;Anoitecer;Decrescente;Céu Claro;Dupla;Reta;Sim;;;NA/NA;;Pedestre;Lesões Leves;65.0;Masculino;0.0;1.0;0.0;0.0;-5.7710445;-35.26616981;SPRF-RN;DEL02-RN;UOP01-DEL02-RN
610432.0;1363606.0;2024-06-27;quinta-feira;17:55:00;RN;101.0;83,3;NATAL;Não;Pedestre cruzava a pista fora da faixa;2;Tombamento;Com Vítimas Feridas;Anoitecer;Decrescente;Céu Claro;Dupla;Reta;Sim;1092097.0;Motocicleta;YAMAHA/XTZ250 LANDER;2023.0;Passageiro;Lesões Leves;44.0;Feminino;0.0;1.0;0.0;0.0;-5.7710445;-35.26616981;SPRF-RN;DEL02-RN;UOP01-DEL02-RN
610432.0;1363605.0;2024-06-27;quinta-feira;17:55:00;RN;101.0;83,3;NATAL;Não;Pedestre cruzava a pista fora da faixa;2;Tombamento;Com Vítimas Feridas;Anoitecer;Decrescente;Céu Claro;Dupla;Reta;Sim;1092097.0;Motocicleta;YAMAHA/XTZ250 LANDER;2023.0;Condutor;Lesões Leves;42.0;Masculino;0.0;1.0;0.0;0.0;-5.7710445;-35.26616981;SPRF-RN;DEL02-RN;UOP01-DEL02-RN
610432.0;1363607.0;2024-06-27;quinta-feira;17:55:00;RN;101.0;83,3;NATAL;Não;Pedestre cruzava a pista fora da faixa;2;Tombamento;Com Vítimas Feridas;Anoitecer;Decrescente;Céu Claro;Dupla;Reta;Sim;;;NA/NA;;Pedestre;Lesões Leves;65.0;Masculino;0.0;1.0;0.0;0.0;-5.7710445;-35.26616981;SPRF-RN;DEL02-RN;UOP01-DEL02-RN
610432.0;1363606.0;2024-06-27;quinta-feira;17:55:00;RN;101.0;83,3;NATAL;Não;Iluminação deficiente;2;Tombamento;Com Vítimas Feridas;Anoitecer;Decrescente;Céu Claro;Dupla;Reta;Sim;1092097.0;Motocicleta;YAMAHA/XTZ250 LANDER;2023.0;Passageiro;Lesões Leves;44.0;Feminino;0.0;1.0;0.0;0.0;-5.7710445;-35.26616981;SPRF-RN;DEL02-RN;UOP01-DEL02-RN
610432.0;1363605.0;2024-06-27;quinta-feira;17:55:00;RN;101.0;83,3;NATAL;Não;Iluminação deficiente;2;Tombamento;Com Vítimas Feridas;Anoitecer;Decrescente;Céu Claro;Dupla;Reta;Sim;1092097.0;Motocicleta;YAMAHA/XTZ250 LANDER;2023.0;Condutor;Lesões Leves;42.0;Masculino;0.0;1.0;0.0;0.0;-5.7710445;-35.26616981;SPRF-RN;DEL02-RN;UOP01-DEL02-RN
610432.0;1363607.0;2024-06-27;quinta-feira;17:55:00;RN;101.0;83,3;NATAL;Não;Iluminação deficiente;2;Tombamento;Com Vítimas Feridas;Anoitecer;Decrescente;Céu Claro;Dupla;Reta;Sim;;;NA/NA;;Pedestre;Lesões Leves;65.0;Masculino;0.0;1.0;0.0;0.0;-5.7710445;-35.26616981;SPRF-RN;DEL02-RN;UOP01-DEL02-RN
610432.0;1363606.0;2024-06-27;quinta-feira;17:55:00;RN;101.0;83,3;NATAL;Não;Acesso irregular;2;Tombamento;Com Vítimas Feridas;Anoitecer;Decrescente;Céu Claro;Dupla;Reta;Sim;1092097.0;Motocicleta;YAMAHA/XTZ250 LANDER;2023.0;Passageiro;Lesões Leves;44.0;Feminino;0.0;1.0;0.0;0.0;-5.7710445;-35.26616981;SPRF-RN;DEL02-RN;UOP01-DEL02-RN
610432.0;1363605.0;2024-06-27;quinta-feira;17:55:00;RN;101.0;83,3;NATAL;Não;Acesso irregular;2;Tombamento;Com Vítimas Feridas;Anoitecer;Decrescente;Céu Claro;Dupla;Reta;Sim;1092097.0;Motocicleta;YAMAHA/XTZ250 LANDER;2023.0;Condutor;Lesões Leves;42.0;Masculino;0.0;1.0;0.0;0.0;-5.7710445;-35.26616981;SPRF-RN;DEL02-RN;UOP01-DEL02-RN
610432.0;1363607.0;2024-06-27;quinta-feira;17:55:00;RN;101.0;83,3;NATAL;Não;Acesso irregular;2;Tombamento;Com Vítimas Feridas;Anoitecer;Decrescente;Céu Claro;Dupla;Reta;Sim;;;NA/NA;;Pedestre;Lesões Leves;65.0;Masculino;0.0;1.0;0.0;0.0;-5.7710445;-35.26616981;SPRF-RN;DEL02-RN;UOP01-DEL02-RN