id;pesid;data_inversa;dia_semana;horario;uf;br;km;municipio;causa_principal;causa_acidente;ordem_tipo_acidente;tipo_acidente;classificacao_acidente;fase_dia;sentido_via;condicao_metereologica;tipo_pista;tracado_via;uso_solo;id_veiculo;tipo_veiculo;marca;ano_fabricacao_veiculo;tipo_envolvido;estado_fisico;idade;sexo;ilesos;feridos_leves;feridos_graves;mortos;latitude;longitude;regional;delegacia;uop
625466.0;1400952.0;2024-09-03;terça-feira;09:00:00;RN;101.0;94;NATAL;Não;Acessar a via sem observar a presença dos outros veículos;3;Colisão lateral mesmo sentido;Sem Vítimas;Pleno dia;Decrescente;Céu Claro;Dupla;Reta;Não;1121606.0;Motocicleta;YAMAHA/XTZ250 TENERE;2016.0;Condutor;Ileso;36.0;Masculino;1.0;0.0;0.0;0.0;-5.83176615;-35.21191342;SPRF-RN;DEL01-RN;UOP01-DEL01-RN
625466.0;1400953.0;2024-09-03;terça-feira;09:00:00;RN;101.0;94;NATAL;Não;Acessar a via sem observar a presença dos outros veículos;3;Colisão lateral mesmo sentido;Sem Vítimas;Pleno dia;Decrescente;Céu Claro;Dupla;Reta;Não;1121607.0;Motocicleta;HONDA/POP 110I;2016.0;Condutor;Ileso;45.0;Masculino;1.0;0.0;0.0;0.0;-5.83176615;-35.21191342;SPRF-RN;DEL01-RN;UOP01-DEL01-RN
625466.0;1400951.0;2024-09-03;terça-feira;09:00:00;RN;101.0;94;NATAL;Não;Acessar a via sem observar a presença dos outros veículos;3;Colisão lateral mesmo sentido;Sem Vítimas;Pleno dia;Decrescente;Céu Claro;Dupla;Reta;Não;1121605.0;Automóvel;I/CHEV CRUZE LTZ NB AT;2019.0;Condutor;Ileso;52.0;Masculino;1.0;0.0;0.0;0.0;-5.83176615;-35.21191342;SPRF-RN;DEL01-RN;UOP01-DEL01-RN
625466.0;1400952.0;2024-09-03;terça-feira;09:00:00;RN;101.0;94;NATAL;Sim;Trafegar com motocicleta (ou similar) entre as faixas;3;Colisão lateral mesmo sentido;Sem Vítimas;Pleno dia;Decrescente;Céu Claro;Dupla;Reta;Não;1121606.0;Motocicleta;YAMAHA/XTZ250 TENERE;2016.0;Condutor;Ileso;36.0;Masculino;1.0;0.0;0.0;0.0;-5.83176615;-35.21191342;SPRF-RN;DEL01-RN;UOP01-DEL01-RN
625466.0;1400953.0;2024-09-03;terça-feira;09:00:00;RN;101.0;94;NATAL;Sim;Trafegar com motocicleta (ou similar) entre as faixas;3;Colisão lateral mesmo sentido;Sem Vítimas;Pleno dia;Decrescente;Céu Claro;Dupla;Reta;Não;1121607.0;Motocicleta;HONDA/POP 110I;2016.0;Condutor;Ileso;45.0;Masculino;1.0;0.0;0.0;0.0;-5.83176615;-35.21191342;SPRF-RN;DEL01-RN;UOP01-DEL01-RN
625466.0;1400951.0;2024-09-03;terça-feira;09:00:00;RN;101.0;94;NATAL;Sim;Trafegar com motocicleta (ou similar) entre as faixas;3;Colisão lateral mesmo sentido;Sem Vítimas;Pleno dia;Decrescente;Céu Claro;Dupla;Reta;Não;1121605.0;Automóvel;I/CHEV CRUZE LTZ NB AT;2019.0;Condutor;Ileso;52.0;Masculino;1.0;0.0;0.0;0.0;-5.83176615;-35.21191342;SPRF-RN;DEL01-RN;UOP01-DEL01-RN
625466.0;1400952.0;2024-09-03;terça-feira;09:00:00;RN;101.0;94;NATAL;Não;Acessar a via sem observar a presença dos outros veículos;2;Tombamento;Sem Vítimas;Pleno dia;Decrescente;Céu Claro;Dupla;Reta;Não;1121606.0;Motocicleta;YAMAHA/XTZ250 TENERE;2016.0;Condutor;Ileso;36.0;Masculino;1.0;0.0;0.0;0.0;-5.83176615;-35.21191342;SPRF-RN;DEL01-RN;UOP01-DEL01-RN
625466.0;1400953.0;2024-09-03;terça-feira;09:00:00;RN;101.0;94;NATAL;Não;Acessar a via sem observar a presença dos outros veículos;2;Tombamento;Sem Vítimas;Pleno dia;Decrescente;Céu Claro;Dupla;Reta;Não;1121607.0;Motocicleta;HONDA/POP 110I;2016.0;Condutor;Ileso;45.0;Masculino;1.0;0.0;0.0;0.0;-5.83176615;-35.21191342;SPRF-RN;DEL01-RN;UOP01-DEL01-RN
625466.0;1400951.0;2024-09-03;terça-feira;09:00:00;RN;101.0;94;NATAL;Não;Acessar a via sem observar a presença dos outros veículos;2;Tombamento;Sem Vítimas;Pleno dia;Decrescente;Céu Claro;Dupla;Reta;Não;1121605.0;Automóvel;I/CHEV CRUZE LTZ NB AT;2019.0;Condutor;Ileso;52.0;Masculino;1.0;0.0;0.0;0.0;-5.83176615;-35.21191342;SPRF-RN;DEL01-RN;UOP01-DEL01-RN
625466.0;1400952.0;2024-09-03;terça-feira;09:00:00;RN;101.0;94;NATAL;Sim;Trafegar com motocicleta (ou similar) entre as faixas;2;Tombamento;Sem Vítimas;Pleno dia;Decrescente;Céu Claro;Dupla;Reta;Não;1121606.0;Motocicleta;YAMAHA/XTZ250 TENERE;2016.0;Condutor;Ileso;36.0;Masculino;1.0;0.0;0.0;0.0;-5.83176615;-35.21191342;SPRF-RN;DEL01-RN;UOP01-DEL01-RN
625466.0;1400953.0;2024-09-03;terça-feira;09:00:00;RN;101.0;94;NATAL;Sim;Trafegar com motocicleta (ou similar) entre as faixas;2;Tombamento;Sem Vítimas;Pleno dia;Decrescente;Céu Claro;Dupla;Reta;Não;1121607.0;Motocicleta;HONDA/POP 110I;2016.0;Condutor;Ileso;45.0;Masculino;1.0;0.0;0.0;0.0;-5.83176615;-35.21191342;SPRF-RN;DEL01-RN;UOP01-DEL01-RN
625466.0;1400951.0;2024-09-03;terça-feira;09:00:00;RN;101.0;94;NATAL;Sim;Trafegar com motocicleta (ou similar) entre as faixas;2;Tombamento;Sem Vítimas;Pleno dia;Decrescente;Céu Claro;Dupla;Reta;Não;1121605.0;Automóvel;I/CHEV CRUZE LTZ NB AT;2019.0;Condutor;Ileso;52.0;Masculino;1.0;0.0;0.0;0.0;-5.83176615;-35.21191342;SPRF-RN;DEL01-RN;UOP01-DEL01-RN
625466.0;1400952.0;2024-09-03;terça-feira;09:00:00;RN;101.0;94;NATAL;Não;Acessar a via sem observar a presença dos outros veículos;1;Colisão lateral mesmo sentido;Sem Vítimas;Pleno dia;Decrescente;Céu Claro;Dupla;Reta;Não;1121606.0;Motocicleta;YAMAHA/XTZ250 TENERE;2016.0;Condutor;Ileso;36.0;Masculino;1.0;0.0;0.0;0.0;-5.83176615;-35.21191342;SPRF-RN;DEL01-RN;UOP01-DEL01-RN
625466.0;1400953.0;2024-09-03;terça-feira;09:00:00;RN;101.0;94;NATAL;Não;Acessar a via sem observar a presença dos outros veículos;1;Colisão lateral mesmo sentido;Sem Vítimas;Pleno dia;Decrescente;Céu Claro;Dupla;Reta;Não;1121607.0;Motocicleta;HONDA/POP 110I;2016.0;Condutor;Ileso;45.0;Masculino;1.0;0.0;0.0;0.0;-5.83176615;-35.21191342;SPRF-RN;DEL01-RN;UOP01-DEL01-RN
625466.0;1400951.0;2024-09-03;terça-feira;09:00:00;RN;101.0;94;NATAL;Não;Acessar a via sem observar a presença dos outros veículos;1;Colisão lateral mesmo sentido;Sem Vítimas;Pleno dia;Decrescente;Céu Claro;Dupla;Reta;Não;1121605.0;Automóvel;I/CHEV CRUZE LTZ NB AT;2019.0;Condutor;Ileso;52.0;Masculino;1.0;0.0;0.0;0.0;-5.83176615;-35.21191342;SPRF-RN;DEL01-RN;UOP01-DEL01-RN
625466.0;1400952.0;2024-09-03;terça-feira;09:00:00;RN;101.0;94;NATAL;Sim;Trafegar com motocicleta (ou similar) entre as faixas;1;Colisão lateral mesmo sentido;Sem Vítimas;Pleno dia;Decrescente;Céu Claro;Dupla;Reta;Não;1121606.0;Motocicleta;YAMAHA/XTZ250 TENERE;2016.0;Condutor;Ileso;36.0;Masculino;1.0;0.0;0.0;0.0;-5.83176615;-35.21191342;SPRF-RN;DEL01-RN;UOP01-DEL01-RN
625466.0;1400953.0;2024-09-03;terça-feira;09:00:00;RN;101.0;94;NATAL;Sim;Trafegar com motocicleta (ou similar) entre as faixas;1;Colisão lateral mesmo sentido;Sem Vítimas;Pleno dia;Decrescente;Céu Claro;Dupla;Reta;Não;1121607.0;Motocicleta;HONDA/POP 110I;2016.0;Condutor;Ileso;45.0;Masculino;1.0;0.0;0.0;0.0;-5.83176615;-35.21191342;SPRF-RN;DEL01-RN;UOP01-DEL01-RN
625466.0;1400951.0;2024-09-03;terça-feira;09:00:00;RN;101.0;94;NATAL;Sim;Trafegar com motocicleta (ou similar) entre as faixas;1;Colisão lateral mesmo sentido;Sem Vítimas;Pleno dia;Decrescente;Céu Claro;Dupla;Reta;Não;1121605.0;Automóvel;I/CHEV CRUZE LTZ NB AT;2019.0;Condutor;Ileso;52.0;Masculino;1.0;0.0;0.0;0.0;-5.83176615;-35.21191342;SPRF-RN;DEL01-RN;UOP01-DEL01-RN
625709.0;1401507.0;2024-09-04;quarta-feira;15:00:00;RN;101.0;85;NATAL;Sim;Acumulo de areia ou detritos sobre o pavimento;2;Queda de ocupante de veículo;Com Vítimas Feridas;Pleno dia;Decrescente;Céu Claro;Dupla;"Desvio Temporário;Em Obras;Reta";Sim;1122062.0;Motocicleta;HONDA/CG 125 FAN KS;2011.0;Condutor;Lesões Leves;37.0;Masculino;0.0;1.0;0.0;0.0;-5.77974228;-35.24835706;SPRF-RN;DEL02-RN;UOP01-DEL02-RN
625709.0;1401507.0;2024-09-04;quarta-feira;15:00:00;RN;101.0;85;NATAL;Sim;Acumulo de areia ou detritos sobre o pavimento;1;Tombamento;Com Vítimas Feridas;Pleno dia;Decrescente;Céu Claro;Dupla;"Desvio Temporário;Em Obras;Reta";Sim;1122062.0;Motocicleta;HONDA/CG 125 FAN KS;2011.0;Condutor;Lesões Leves;37.0;Masculino;0.0;1.0;0.0;0.0;-5.77974228;-35.24835706;SPRF-RN;DEL02-RN;UOP01-DEL02-RN
625971.0;1402166.0;2024-09-05;quinta-feira;19:01:00;RN;101.0;95,1;NATAL;Sim;Reação tardia ou ineficiente do condutor;3;Queda de ocupante de veículo;Com Vítimas Feridas;Plena Noite;Crescente;Céu Claro;Múltipla;"Reta;Declive";Sim;1122602.0;Automóvel;Não Informado/Não Informado;0.0;Condutor;Não Informado;;Não Informado;0.0;0.0;0.0;0.0;-5.84076841;-35.21035949;SPRF-RN;DEL01-RN;UOP01-DEL01-RN
625971.0;1402164.0;2024-09-05;quinta-feira;19:01:00;RN;101.0;95,1;NATAL;Sim;Reação tardia ou ineficiente do condutor;3;Queda de ocupante de veículo;Com Vítimas Feridas;Plena Noite;Crescente;Céu Claro;Múltipla;"Reta;Declive";Sim;1122601.0;Motocicleta;HONDA/NXR160 BROS ESDD;2016.0;Condutor;Lesões Leves;41.0;Masculino;0.0;1.0;0.0;0.0;-5.84076841;-35.21035949;SPRF-RN;DEL01-RN;UOP01-DEL01-RN
625971.0;1402166.0;2024-09-05;quinta-feira;19:01:00;RN;101.0;95,1;NATAL;Sim;Reação tardia ou ineficiente do condutor;2;Tombamento;Com Vítimas Feridas;Plena Noite;Crescente;Céu Claro;Múltipla;"Reta;Declive";Sim;1122602.0;Automóvel;Não Informado/Não Informado;0.0;Condutor;Não Informado;;Não Informado;0.0;0.0;0.0;0.0;-5.84076841;-35.21035949;SPRF-RN;DEL01-RN;UOP01-DEL01-RN
625971.0;1402164.0;2024-09-05;quinta-feira;19:01:00;RN;101.0;95,1;NATAL;Sim;Reação tardia ou ineficiente do condutor;2;Tombamento;Com Vítimas Feridas;Plena Noite;Crescente;Céu Claro;Múltipla;"Reta;Declive";Sim;1122601.0;Motocicleta;HONDA/NXR160 BROS ESDD;2016.0;Condutor;Lesões Leves;41.0;Masculino;0.0;1.0;0.0;0.0;-5.84076841;-35.21035949;SPRF-RN;DEL01-RN;UOP01-DEL01-RN
625971.0;1402166.0;2024-09-05;quinta-feira;19:01:00;RN;101.0;95,1;NATAL;Sim;Reação tardia ou ineficiente do condutor;1;Colisão traseira;Com Vítimas Feridas;Plena Noite;Crescente;Céu Claro;Múltipla;"Reta;Declive";Sim;1122602.0;Automóvel;Não Informado/Não Informado;0.0;Condutor;Não Informado;;Não Informado;0.0;0.0;0.0;0.0;-5.84076841;-35.21035949;SPRF-RN;DEL01-RN;UOP01-DEL01-RN
625971.0;1402164.0;2024-09-05;quinta-feira;19:01:00;RN;101.0;95,1;NATAL;Sim;Reação tardia ou ineficiente do condutor;1;Colisão traseira;Com Vítimas Feridas;Plena Noite;Crescente;Céu Claro;Múltipla;"Reta;Declive";Sim;1122601.0;Motocicleta;HONDA/NXR160 BROS ESDD;2016.0;Condutor;Lesões Leves;41.0;Masculino;0.0;1.0;0.0;0.0;-5.84076841;-35.21035949;SPRF-RN;DEL01-RN;UOP01-DEL01-RN
626208.0;1402633.0;2024-09-06;sexta-feira;18:35:00;RN;101.0;83,2;NATAL;Sim;Ausência de reação do condutor;1;Colisão traseira;Com Vítimas Feridas;Plena Noite;Decrescente;Céu Claro;Dupla;Reta;Sim;1122992.0;Motocicleta;HONDA/CG 160 FAN ESDI;2016.0;Condutor;Lesões Leves;24.0;Masculino;0.0;1.0;0.0;0.0;-5.7710445;-35.26616981;SPRF-RN;DEL02-RN;UOP01-DEL02-RN
626208.0;1402632.0;2024-09-06;sexta-feira;18:35:00;RN;101.0;83,2;NATAL;Sim;Ausência de reação do condutor;1;Colisão traseira;Com Vítimas Feridas;Plena Noite;Decrescente;Céu Claro;Dupla;Reta;Sim;1122991.0;Automóvel;RENAULT/SANDERO EXPR 10;2014.0;Condutor;Ileso;40.0;Feminino;1.0;0.0;0.0;0.0;-5.7710445;-35.26616981;SPRF-RN;DEL02-RN;UOP01-DEL02-RN
626336.0;1406393.0;2024-09-07;sábado;06:20:00;RN;101.0;97;NATAL;Sim;Reação tardia ou ineficiente do condutor;1;Colisão com objeto;Com Vítimas Feridas;Pleno dia;Crescente;Céu Claro;Dupla;Reta;Sim;1123247.0;Automóvel;I/FIAT SIENA FIRE FLEX;2011.0;Condutor;Ileso;57.0;Masculino;1.0;0.0;0.0;0.0;-5.85758898;-35.21271205;SPRF-RN;DEL01-RN;UOP01-DEL01-RN
626336.0;1402965.0;2024-09-07;sábado;06:20:00;RN;101.0;97;NATAL;Sim;Reação tardia ou ineficiente do condutor;1;Colisão com objeto;Com Vítimas Feridas;Pleno dia;Crescente;Céu Claro;Dupla;Reta;Sim;1123245.0;Motocicleta;YAMAHA/XTZ150 CROSSER E;2014.0;Condutor;Lesões Leves;28.0;Masculino;0.0;1.0;0.0;0.0;-5.85758898;-35.21271205;SPRF-RN;DEL01-RN;UOP01-DEL01-RN
628463.0;1408406.0;2024-09-16;segunda-feira;07:30:00;RN;101.0;99;NATAL;Sim;Acessar a via sem observar a presença dos outros veículos;3;Queda de ocupante de veículo;Com Vítimas Feridas;Pleno dia;Crescente;Sol;Simples;"Reta;Interseção de Vias";Sim;1127610.0;Automóvel;I/RENAULT FLUENCE DYN20A;2013.0;Condutor;Ileso;46.0;Feminino;1.0;0.0;0.0;0.0;-5.87359183;-35.22063023;SPRF-RN;DEL01-RN;UOP01-DEL01-RN
628463.0;1408405.0;2024-09-16;segunda-feira;07:30:00;RN;101.0;99;NATAL;Sim;Acessar a via sem observar a presença dos outros veículos;3;Queda de ocupante de veículo;Com Vítimas Feridas;Pleno dia;Crescente;Sol;Simples;"Reta;Interseção de Vias";Sim;1127609.0;Motocicleta;HONDA/NXR160 BROS ESDD;2021.0;Condutor;Lesões Leves;46.0;Masculino;0.0;1.0;0.0;0.0;-5.87359183;-35.22063023;SPRF-RN;DEL01-RN;UOP01-DEL01-RN
628463.0;1408406.0;2024-09-16;segunda-feira;07:30:00;RN;101.0;99;NATAL;Sim;Acessar a via sem observar a presença dos outros veículos;2;Tombamento;Com Vítimas Feridas;Pleno dia;Crescente;Sol;Simples;"Reta;Interseção de Vias";Sim;1127610.0;Automóvel;I/RENAULT FLUENCE DYN20A;2013.0;Condutor;Ileso;46.0;Feminino;1.0;0.0;0.0;0.0;-5.87359183;-35.22063023;SPRF-RN;DEL01-RN;UOP01-DEL01-RN
628463.0;1408405.0;2024-09-16;segunda-feira;07:30:00;RN;101.0;99;NATAL;Sim;Acessar a via sem observar a presença dos outros veículos;2;Tombamento;Com Vítimas Feridas;Pleno dia;Crescente;Sol;Simples;"Reta;Interseção de Vias";Sim;1127609.0;Motocicleta;HONDA/NXR160 BROS ESDD;2021.0;Condutor;Lesões Leves;46.0;Masculino;0.0;1.0;0.0;0.0;-5.87359183;-35.22063023;SPRF-RN;DEL01-RN;UOP01-DEL01-RN
628463.0;1408406.0;2024-09-16;segunda-feira;07:30:00;RN;101.0;99;NATAL;Sim;Acessar a via sem observar a presença dos outros veículos;1;Colisão transversal;Com Vítimas Feridas;Pleno dia;Crescente;Sol;Simples;"Reta;Interseção de Vias";Sim;1127610.0;Automóvel;I/RENAULT FLUENCE DYN20A;2013.0;Condutor;Ileso;46.0;Feminino;1.0;0.0;0.0;0.0;-5.87359183;-35.22063023;SPRF-RN;DEL01-RN;UOP01-DEL01-RN
628463.0;1408405.0;2024-09-16;segunda-feira;07:30:00;RN;101.0;99;NATAL;Sim;Acessar a via sem observar a presença dos outros veículos;1;Colisão transversal;Com Vítimas Feridas;Pleno dia;Crescente;Sol;Simples;"Reta;Interseção de Vias";Sim;1127609.0;Motocicleta;HONDA/NXR160 BROS ESDD;2021.0;Condutor;Lesões Leves;46.0;Masculino;0.0;1.0;0.0;0.0;-5.87359183;-35.22063023;SPRF-RN;DEL01-RN;UOP01-DEL01-RN
628560.0;1408189.0;2024-09-16;segunda-feira;15:40:00;RN;101.0;98;NATAL;Sim;Condutor deixou de manter distância do veículo da frente;1;Colisão traseira;Sem Vítimas;Pleno dia;Decrescente;Céu Claro;Dupla;Reta;Sim;1127432.0;Caminhonete;FIAT/DOBLO AMBULANCIA;2016.0;Condutor;Ileso;42.0;Masculino;1.0;0.0;0.0;0.0;-5.85758898;-35.21271205;SPRF-RN;DEL01-RN;UOP01-DEL01-RN
628560.0;1408187.0;2024-09-16;segunda-feira;15:40:00;RN;101.0;98;NATAL;Sim;Condutor deixou de manter distância do veículo da frente;1;Colisão traseira;Sem Vítimas;Pleno dia;Decrescente;Céu Claro;Dupla;Reta;Sim;1127431.0;Automóvel;FIAT/DOBLO ESSENCE 1.8;2014.0;Condutor;Ileso;43.0;Feminino;1.0;0.0;0.0;0.0;-5.85758898;-35.21271205;SPRF-RN;DEL01-RN;UOP01-DEL01-RN
628843.0;1408900.0;2024-09-18;quarta-feira;05:40:00;RN;101.0;83,5;NATAL;Sim;Condutor deixou de manter distância do veículo da frente;1;Colisão traseira;Com Vítimas Feridas;Pleno dia;Decrescente;Céu Claro;Dupla;Reta;Sim;1128007.0;Motocicleta;YAMAHA/YBR125 FACTOR K1;2013.0;Condutor;Lesões Leves;45.0;Masculino;0.0;1.0;0.0;0.0;-5.7710445;-35.26616981;SPRF-RN;DEL02-RN;UOP01-DEL02-RN
628843.0;1408899.0;2024-09-18;quarta-feira;05:40:00;RN;101.0;83,5;NATAL;Sim;Condutor deixou de manter distância do veículo da frente;1;Colisão traseira;Com Vítimas Feridas;Pleno dia;Decrescente;Céu Claro;Dupla;Reta;Sim;1128006.0;Ônibus;VW/MPOLO TORINO U;2024.0;Condutor;Ileso;45.0;Masculino;1.0;0.0;0.0;0.0;-5.7710445;-35.26616981;SPRF-RN;DEL02-RN;UOP01-DEL02-RN
629094.0;1409468.0;2024-09-19;quinta-feira;09:00:00;RN;101.0;96;NATAL;Não;Reação tardia ou ineficiente do condutor;1;Colisão traseira;Sem Vítimas;Pleno dia;Crescente;Céu Claro;Dupla;Reta;Sim;1128453.0;Automóvel;FIAT/ARGO 1.0;2021.0;Condutor;Ileso;25.0;Masculino;1.0;0.0;0.0;0.0;-5.85299521;-35.21055937;SPRF-RN;DEL01-RN;UOP01-DEL01-RN
629094.0;1409466.0;2024-09-19;quinta-feira;09:00:00;RN;101.0;96;NATAL;Não;Reação tardia ou ineficiente do condutor;1;Colisão traseira;Sem Vítimas;Pleno dia;Crescente;Céu Claro;Dupla;Reta;Sim;1128452.0;Automóvel;HONDA/FIT EXL CVT;2019.0;Condutor;Ileso;41.0;Feminino;1.0;0.0;0.0;0.0;-5.85299521;-35.21055937;SPRF-RN;DEL01-RN;UOP01-DEL01-RN
629094.0;1409468.0;2024-09-19;quinta-feira;09:00:00;RN;101.0;96;NATAL;Sim;Condutor deixou de manter distância do veículo da frente;1;Colisão traseira;Sem Vítimas;Pleno dia;Crescente;Céu Claro;Dupla;Reta;Sim;1128453.0;Automóvel;FIAT/ARGO 1.0;2021.0;Condutor;Ileso;25.0;Masculino;1.0;0.0;0.0;0.0;-5.85299521;-35.21055937;SPRF-RN;DEL01-RN;UOP01-DEL01-RN
629094.0;1409466.0;2024-09-19;quinta-feira;09:00:00;RN;101.0;96;NATAL;Sim;Condutor deixou de manter distância do veículo da frente;1;Colisão traseira;Sem Vítimas;Pleno dia;Crescente;Céu Claro;Dupla;Reta;Sim;1128452.0;Automóvel;HONDA/FIT EXL CVT;2019.0;Condutor;Ileso;41.0;Feminino;1.0;0.0;0.0;0.0;-5.85299521;-35.21055937;SPRF-RN;DEL01-RN;UOP01-DEL01-RN
629101.0;1409628.0;2024-09-19;quinta-feira;09:40:00;RN;101.0;96,6;NATAL;Não;Reação tardia ou ineficiente do condutor;3;Tombamento;Com Vítimas Feridas;Pleno dia;Decrescente;Céu Claro;Dupla;Reta;Sim;1128538.0;Motocicleta;MOTTU/SPORT 110I;2023.0;Condutor;Lesões Leves;31.0;Feminino;0.0;1.0;0.0;0.0;-5.84949622;-35.20890752;SPRF-RN;DEL01-RN;UOP01-DEL01-RN
629101.0;1411391.0;2024-09-19;quinta-feira;09:40:00;RN;101.0;96,6;NATAL;Não;Reação tardia ou ineficiente do condutor;3;Tombamento;Com Vítimas Feridas;Pleno dia;Decrescente;Céu Claro;Dupla;Reta;Sim;1129837.0;Caminhão;VOLVO/VM 260 6X2R;2008.0;Condutor;Ileso;35.0;Masculino;1.0;0.0;0.0;0.0;-5.84949622;-35.20890752;SPRF-RN;DEL01-RN;UOP01-DEL01-RN
629101.0;1411390.0;2024-09-19;quinta-feira;09:40:00;RN;101.0;96,6;NATAL;Não;Reação tardia ou ineficiente do condutor;3;Tombamento;Com Vítimas Feridas;Pleno dia;Decrescente;Céu Claro;Dupla;Reta;Sim;1129835.0;Automóvel;RENAULT/SANDERO EXPR 16;2014.0;Condutor;Ileso;36.0;Feminino;1.0;0.0;0.0;0.0;-5.84949622;-35.20890752;SPRF-RN;DEL01-RN;UOP01-DEL01-RN
629101.0;1409628.0;2024-09-19;quinta-feira;09:40:00;RN;101.0;96,6;NATAL;Não;Reação tardia ou ineficiente do condutor;2;Colisão lateral mesmo sentido;Com Vítimas Feridas;Pleno dia;Decrescente;Céu Claro;Dupla;Reta;Sim;1128538.0;Motocicleta;MOTTU/SPORT 110I;2023.0;Condutor;Lesões Leves;31.0;Feminino;0.0;1.0;0.0;0.0;-5.84949622;-35.20890752;SPRF-RN;DEL01-RN;UOP01-DEL01-RN
629101.0;1411391.0;2024-09-19;quinta-feira;09:40:00;RN;101.0;96,6;NATAL;Não;Reação tardia ou ineficiente do condutor;2;Colisão lateral mesmo sentido;Com Vítimas Feridas;Pleno dia;Decrescente;Céu Claro;Dupla;Reta;Sim;1129837.0;Caminhão;VOLVO/VM 260 6X2R;2008.0;Condutor;Ileso;35.0;Masculino;1.0;0.0;0.0;0.0;-5.84949622;-35.20890752;SPRF-RN;DEL01-RN;UOP01-DEL01-RN
629101.0;1411390.0;2024-09-19;quinta-feira;09:40:00;RN;101.0;96,6;NATAL;Não;Reação tardia ou ineficiente do condutor;2;Colisão lateral mesmo sentido;Com Vítimas Feridas;Pleno dia;Decrescente;Céu Claro;Dupla;Reta;Sim;1129835.0;Automóvel;RENAULT/SANDERO EXPR 16;2014.0;Condutor;Ileso;36.0;Feminino;1.0;0.0;0.0;0.0;-5.84949622;-35.20890752;SPRF-RN;DEL01-RN;UOP01-DEL01-RN
629101.0;1409628.0;2024-09-19;quinta-feira;09:40:00;RN;101.0;96,6;NATAL;Não;Reação tardia ou ineficiente do condutor;1;Colisão lateral mesmo sentido;Com Vítimas Feridas;Pleno dia;Decrescente;Céu Claro;Dupla;Reta;Sim;1128538.0;Motocicleta;MOTTU/SPORT 110I;2023.0;Condutor;Lesões Leves;31.0;Feminino;0.0;1.0;0.0;0.0;-5.84949622;-35.20890752;SPRF-RN;DEL01-RN;UOP01-DEL01-RN
629101.0;1411391.0;2024-09-19;quinta-feira;09:40:00;RN;101.0;96,6;NATAL;Não;Reação tardia ou ineficiente do condutor;1;Colisão lateral mesmo sentido;Com Vítimas Feridas;Pleno dia;Decrescente;Céu Claro;Dupla;Reta;Sim;1129837.0;Caminhão;VOLVO/VM 260 6X2R;2008.0;Condutor;Ileso;35.0;Masculino;1.0;0.0;0.0;0.0;-5.84949622;-35.20890752;SPRF-RN;DEL01-RN;UOP01-DEL01-RN
629101.0;1411390.0;2024-09-19;quinta-feira;09:40:00;RN;101.0;96,6;NATAL;Não;Reação tardia ou ineficiente do condutor;1;Colisão lateral mesmo sentido;Com Vítimas Feridas;Pleno dia;Decrescente;Céu Claro;Dupla;Reta;Sim;1129835.0;Automóvel;RENAULT/SANDERO EXPR 16;2014.0;Condutor;Ileso;36.0;Feminino;1.0;0.0;0.0;0.0;-5.84949622;-35.20890752;SPRF-RN;DEL01-RN;UOP01-DEL01-RN
629101.0;1409628.0;2024-09-19;quinta-feira;09:40:00;RN;101.0;96,6;NATAL;Sim;Condutor deixou de manter distância do veículo da frente;3;Tombamento;Com Vítimas Feridas;Pleno dia;Decrescente;Céu Claro;Dupla;Reta;Sim;1128538.0;Motocicleta;MOTTU/SPORT 110I;2023.0;Condutor;Lesões Leves;31.0;Feminino;0.0;1.0;0.0;0.0;-5.84949622;-35.20890752;SPRF-RN;DEL01-RN;UOP01-DEL01-RN
629101.0;1411391.0;2024-09-19;quinta-feira;09:40:00;RN;101.0;96,6;NATAL;Sim;Condutor deixou de manter distância do veículo da frente;3;Tombamento;Com Vítimas Feridas;Pleno dia;Decrescente;Céu Claro;Dupla;Reta;Sim;1129837.0;Caminhão;VOLVO/VM 260 6X2R;2008.0;Condutor;Ileso;35.0;Masculino;1.0;0.0;0.0;0.0;-5.84949622;-35.20890752;SPRF-RN;DEL01-RN;UOP01-DEL01-RN
629101.0;1411390.0;2024-09-19;quinta-feira;09:40:00;RN;101.0;96,6;NATAL;Sim;Condutor deixou de manter distância do veículo da frente;3;Tombamento;Com Vítimas Feridas;Pleno dia;Decrescente;Céu Claro;Dupla;Reta;Sim;1129835.0;Automóvel;RENAULT/SANDERO EXPR 16;2014.0;Condutor;Ileso;36.0;Feminino;1.0;0.0;0.0;0.0;-5.84949622;-35.20890752;SPRF-RN;DEL01-RN;UOP01-DEL01-RN
629101.0;1409628.0;2024-09-19;quinta-feira;09:40:00;RN;101.0;96,6;NATAL;Sim;Condutor deixou de manter distância do veículo da frente;2;Colisão lateral mesmo sentido;Com Vítimas Feridas;Pleno dia;Decrescente;Céu Claro;Dupla;Reta;Sim;1128538.0;Motocicleta;MOTTU/SPORT 110I;2023.0;Condutor;Lesões Leves;31.0;Feminino;0.0;1.0;0.0;0.0;-5.84949622;-35.20890752;SPRF-RN;DEL01-RN;UOP01-DEL01-RN