id;pesid;data_inversa;dia_semana;horario;uf;br;km;municipio;causa_principal;causa_acidente;ordem_tipo_acidente;tipo_acidente;classificacao_acidente;fase_dia;sentido_via;condicao_metereologica;tipo_pista;tracado_via;uso_solo;id_veiculo;tipo_veiculo;marca;ano_fabricacao_veiculo;tipo_envolvido;estado_fisico;idade;sexo;ilesos;feridos_leves;feridos_graves;mortos;latitude;longitude;regional;delegacia;uop
629101.0;1411391.0;2024-09-19;quinta-feira;09:40:00;RN;101.0;96,6;NATAL;Sim;Condutor deixou de manter distância do veículo da frente;2;Colisão lateral mesmo sentido;Com Vítimas Feridas;Pleno dia;Decrescente;Céu Claro;Dupla;Reta;Sim;1129837.0;Caminhão;VOLVO/VM 260 6X2R;2008.0;Condutor;Ileso;35.0;Masculino;1.0;0.0;0.0;0.0;-5.84949622;-35.20890752;SPRF-RN;DEL01-RN;UOP01-DEL01-RN
629101.0;1411390.0;2024-09-19;quinta-feira;09:40:00;RN;101.0;96,6;NATAL;Sim;Condutor deixou de manter distância do veículo da frente;2;Colisão lateral mesmo sentido;Com Vítimas Feridas;Pleno dia;Decrescente;Céu Claro;Dupla;Reta;Sim;1129835.0;Automóvel;RENAULT/SANDERO EXPR 16;2014.0;Condutor;Ileso;36.0;Feminino;1.0;0.0;0.0;0.0;-5.84949622;-35.20890752;SPRF-RN;DEL01-RN;UOP01-DEL01-RN
629101.0;1409628.0;2024-09-19;quinta-feira;09:40:00;RN;101.0;96,6;NATAL;Sim;Condutor deixou de manter distância do veículo da frente;1;Colisão lateral mesmo sentido;Com Vítimas Feridas;Pleno dia;Decrescente;Céu Claro;Dupla;Reta;Sim;1128538.0;Motocicleta;MOTTU/SPORT 110I;2023.0;Condutor;Lesões Leves;31.0;Feminino;0.0;1.0;0.0;0.0;-5.84949622;-35.20890752;SPRF-RN;DEL01-RN;UOP01-DEL01-RN
629101.0;1411391.0;2024-09-19;quinta-feira;09:40:00;RN;101.0;96,6;NATAL;Sim;Condutor deixou de manter distância do veículo da frente;1;Colisão lateral mesmo sentido;Com Vítimas Feridas;Pleno dia;Decrescente;Céu Claro;Dupla;Reta;Sim;1129837.0;Caminhão;VOLVO/VM 260 6X2R;2008.0;Condutor;Ileso;35.0;Masculino;1.0;0.0;0.0;0.0;-5.84949622;-35.20890752;SPRF-RN;DEL01-RN;UOP01-DEL01-RN
629101.0;1411390.0;2024-09-19;quinta-feira;09:40:00;RN;101.0;96,6;NATAL;Sim;Condutor deixou de manter distância do veículo da frente;1;Colisão lateral mesmo sentido;Com Vítimas Feridas;Pleno dia;Decrescente;Céu Claro;Dupla;Reta;Sim;1129835.0;Automóvel;RENAULT/SANDERO EXPR 16;2014.0;Condutor;Ileso;36.0;Feminino;1.0;0.0;0.0;0.0;-5.84949622;-35.20890752;SPRF-RN;DEL01-RN;UOP01-DEL01-RN
629109.0;1409918.0;2024-09-19;quinta-feira;09:40:00;RN;101.0;94;NATAL;Não;Reação tardia ou ineficiente do condutor;1;Colisão traseira;Sem Vítimas;Pleno dia;Decrescente;Céu Claro;Dupla;Reta;Sim;1128751.0;Caminhonete;CHEVROLET/S10 LS DD4;2023.0;Condutor;Ileso;47.0;Masculino;1.0;0.0;0.0;0.0;-5.82504976;-35.2095084;SPRF-RN;DEL01-RN;UOP01-DEL01-RN
629109.0;1409916.0;2024-09-19;quinta-feira;09:40:00;RN;101.0;94;NATAL;Não;Reação tardia ou ineficiente do condutor;1;Colisão traseira;Sem Vítimas;Pleno dia;Decrescente;Céu Claro;Dupla;Reta;Sim;1128752.0;Caminhonete;I/NISSAN FRONTIER XE X4;2023.0;Condutor;Ileso;55.0;Masculino;1.0;0.0;0.0;0.0;-5.82504976;-35.2095084;SPRF-RN;DEL01-RN;UOP01-DEL01-RN
629109.0;1409918.0;2024-09-19;quinta-feira;09:40:00;RN;101.0;94;NATAL;Sim;Condutor deixou de manter distância do veículo da frente;1;Colisão traseira;Sem Vítimas;Pleno dia;Decrescente;Céu Claro;Dupla;Reta;Sim;1128751.0;Caminhonete;CHEVROLET/S10 LS DD4;2023.0;Condutor;Ileso;47.0;Masculino;1.0;0.0;0.0;0.0;-5.82504976;-35.2095084;SPRF-RN;DEL01-RN;UOP01-DEL01-RN
629109.0;1409916.0;2024-09-19;quinta-feira;09:40:00;RN;101.0;94;NATAL;Sim;Condutor deixou de manter distância do veículo da frente;1;Colisão traseira;Sem Vítimas;Pleno dia;Decrescente;Céu Claro;Dupla;Reta;Sim;1128752.0;Caminhonete;I/NISSAN FRONTIER XE X4;2023.0;Condutor;Ileso;55.0;Masculino;1.0;0.0;0.0;0.0;-5.82504976;-35.2095084;SPRF-RN;DEL01-RN;UOP01-DEL01-RN
630004.0;1411710.0;2024-09-23;segunda-feira;07:30:00;RN;101.0;85;NATAL;Sim;Pista esburacada;1;Tombamento;Com Vítimas Feridas;Pleno dia;Crescente;Céu Claro;Dupla;"Reta;Declive";Sim;1130085.0;Bicicleta;MONARK/;0.0;Condutor;Lesões Leves;21.0;Masculino;0.0;1.0;0.0;0.0;-5.777664;-35.24937;SPRF-RN;DEL02-RN;UOP01-DEL02-RN
630004.0;1411710.0;2024-09-23;segunda-feira;07:30:00;RN;101.0;85;NATAL;Sim;Pista esburacada;2;Queda de ocupante de veículo;Com Vítimas Feridas;Pleno dia;Crescente;Céu Claro;Dupla;"Reta;Declive";Sim;1130085.0;Bicicleta;MONARK/;0.0;Condutor;Lesões Leves;21.0;Masculino;0.0;1.0;0.0;0.0;-5.777664;-35.24937;SPRF-RN;DEL02-RN;UOP01-DEL02-RN
630123.0;1411973.0;2024-09-23;segunda-feira;17:50:00;RN;101.0;95;NATAL;Sim;Ausência de reação do condutor;1;Colisão com objeto;Com Vítimas Feridas;Plena Noite;Crescente;Céu Claro;Dupla;Reta;Sim;1130283.0;Automóvel;FIAT/PALIO ATTRACTIV 1.0;2014.0;Condutor;Lesões Leves;32.0;Feminino;0.0;1.0;0.0;0.0;-5.84076841;-35.21035949;SPRF-RN;DEL01-RN;UOP01-DEL01-RN
630228.0;1412238.0;2024-09-24;terça-feira;09:48:00;RN;101.0;95;NATAL;Sim;Avarias e/ou desgaste excessivo no pneu;1;Tombamento;Com Vítimas Feridas;Pleno dia;Crescente;Céu Claro;Dupla;Reta;Não;1130508.0;Motocicleta;Não Informado/Não Informado;0.0;Passageiro;Lesões Leves;23.0;Masculino;0.0;1.0;0.0;0.0;-5.84076841;-35.21035949;SPRF-RN;DEL01-RN;UOP01-DEL01-RN
630228.0;1412237.0;2024-09-24;terça-feira;09:48:00;RN;101.0;95;NATAL;Sim;Avarias e/ou desgaste excessivo no pneu;1;Tombamento;Com Vítimas Feridas;Pleno dia;Crescente;Céu Claro;Dupla;Reta;Não;1130508.0;Motocicleta;Não Informado/Não Informado;0.0;Condutor;Lesões Leves;35.0;Masculino;0.0;1.0;0.0;0.0;-5.84076841;-35.21035949;SPRF-RN;DEL01-RN;UOP01-DEL01-RN
630228.0;1412238.0;2024-09-24;terça-feira;09:48:00;RN;101.0;95;NATAL;Sim;Avarias e/ou desgaste excessivo no pneu;2;Queda de ocupante de veículo;Com Vítimas Feridas;Pleno dia;Crescente;Céu Claro;Dupla;Reta;Não;1130508.0;Motocicleta;Não Informado/Não Informado;0.0;Passageiro;Lesões Leves;23.0;Masculino;0.0;1.0;0.0;0.0;-5.84076841;-35.21035949;SPRF-RN;DEL01-RN;UOP01-DEL01-RN
630228.0;1412237.0;2024-09-24;terça-feira;09:48:00;RN;101.0;95;NATAL;Sim;Avarias e/ou desgaste excessivo no pneu;2;Queda de ocupante de veículo;Com Vítimas Feridas;Pleno dia;Crescente;Céu Claro;Dupla;Reta;Não;1130508.0;Motocicleta;Não Informado/Não Informado;0.0;Condutor;Lesões Leves;35.0;Masculino;0.0;1.0;0.0;0.0;-5.84076841;-35.21035949;SPRF-RN;DEL01-RN;UOP01-DEL01-RN
630404.0;1413532.0;2024-09-25;quarta-feira;08:00:00;RN;101.0;99;NATAL;Sim;Condutor deixou de manter distância do veículo da frente;2;Atropelamento de Pedestre;Com Vítimas Feridas;Pleno dia;Decrescente;Céu Claro;Dupla;Reta;Não;1131608.0;Motocicleta;YAMAHA/XTZ250 LANDER;2022.0;Condutor;Ileso;34.0;Masculino;1.0;0.0;0.0;0.0;-5.87359183;-35.22063023;SPRF-RN;DEL01-RN;UOP01-DEL01-RN
630404.0;1412935.0;2024-09-25;quarta-feira;08:00:00;RN;101.0;99;NATAL;Sim;Condutor deixou de manter distância do veículo da frente;2;Atropelamento de Pedestre;Com Vítimas Feridas;Pleno dia;Decrescente;Céu Claro;Dupla;Reta;Não;1131067.0;Motocicleta;YAMAHA/YBR125I FACTOR ED;2016.0;Condutor;Lesões Graves;25.0;Masculino;0.0;0.0;1.0;0.0;-5.87359183;-35.22063023;SPRF-RN;DEL01-RN;UOP01-DEL01-RN
630404.0;1413532.0;2024-09-25;quarta-feira;08:00:00;RN;101.0;99;NATAL;Sim;Condutor deixou de manter distância do veículo da frente;1;Queda de ocupante de veículo;Com Vítimas Feridas;Pleno dia;Decrescente;Céu Claro;Dupla;Reta;Não;1131608.0;Motocicleta;YAMAHA/XTZ250 LANDER;2022.0;Condutor;Ileso;34.0;Masculino;1.0;0.0;0.0;0.0;-5.87359183;-35.22063023;SPRF-RN;DEL01-RN;UOP01-DEL01-RN
630404.0;1412935.0;2024-09-25;quarta-feira;08:00:00;RN;101.0;99;NATAL;Sim;Condutor deixou de manter distância do veículo da frente;1;Queda de ocupante de veículo;Com Vítimas Feridas;Pleno dia;Decrescente;Céu Claro;Dupla;Reta;Não;1131067.0;Motocicleta;YAMAHA/YBR125I FACTOR ED;2016.0;Condutor;Lesões Graves;25.0;Masculino;0.0;0.0;1.0;0.0;-5.87359183;-35.22063023;SPRF-RN;DEL01-RN;UOP01-DEL01-RN
630700.0;1413489.0;2024-09-26;quinta-feira;19:30:00;RN;101.0;99;NATAL;Sim;Ausência de reação do condutor;1;Colisão traseira;Com Vítimas Feridas;Plena Noite;Crescente;Céu Claro;Múltipla;Reta;Sim;1131568.0;Motocicleta;HONDA/CG 150 FAN ESI;2012.0;Passageiro;Lesões Leves;37.0;Feminino;0.0;1.0;0.0;0.0;-5.87359183;-35.22063023;SPRF-RN;DEL01-RN;UOP01-DEL01-RN
630700.0;1413488.0;2024-09-26;quinta-feira;19:30:00;RN;101.0;99;NATAL;Sim;Ausência de reação do condutor;1;Colisão traseira;Com Vítimas Feridas;Plena Noite;Crescente;Céu Claro;Múltipla;Reta;Sim;1131568.0;Motocicleta;HONDA/CG 150 FAN ESI;2012.0;Condutor;Lesões Leves;21.0;Masculino;0.0;1.0;0.0;0.0;-5.87359183;-35.22063023;SPRF-RN;DEL01-RN;UOP01-DEL01-RN
630700.0;1413486.0;2024-09-26;quinta-feira;19:30:00;RN;101.0;99;NATAL;Sim;Ausência de reação do condutor;1;Colisão traseira;Com Vítimas Feridas;Plena Noite;Crescente;Céu Claro;Múltipla;Reta;Sim;1131566.0;Automóvel;CITROEN/C3 XTR 14 FLEX;2011.0;Condutor;Ileso;49.0;Feminino;1.0;0.0;0.0;0.0;-5.87359183;-35.22063023;SPRF-RN;DEL01-RN;UOP01-DEL01-RN
630820.0;1413841.0;2024-09-27;sexta-feira;07:50:00;RN;226.0;4,4;NATAL;Sim;Acessar a via sem observar a presença dos outros veículos;3;Queda de ocupante de veículo;Com Vítimas Fatais;Pleno dia;Decrescente;Céu Claro;Simples;Reta;Sim;1131861.0;Caminhão;VW/15.190 CRM 4X2;2012.0;Condutor;Ileso;44.0;Masculino;1.0;0.0;0.0;0.0;-5.81958019;-35.25969486;SPRF-RN;DEL01-RN;UOP02-DEL01-RN
630820.0;1413838.0;2024-09-27;sexta-feira;07:50:00;RN;226.0;4,4;NATAL;Sim;Acessar a via sem observar a presença dos outros veículos;3;Queda de ocupante de veículo;Com Vítimas Fatais;Pleno dia;Decrescente;Céu Claro;Simples;Reta;Sim;1131860.0;Motocicleta;HONDA/CG 160 FAN;2022.0;Condutor;Óbito;23.0;Masculino;0.0;0.0;0.0;1.0;-5.81958019;-35.25969486;SPRF-RN;DEL01-RN;UOP02-DEL01-RN
630820.0;1413841.0;2024-09-27;sexta-feira;07:50:00;RN;226.0;4,4;NATAL;Sim;Acessar a via sem observar a presença dos outros veículos;2;Tombamento;Com Vítimas Fatais;Pleno dia;Decrescente;Céu Claro;Simples;Reta;Sim;1131861.0;Caminhão;VW/15.190 CRM 4X2;2012.0;Condutor;Ileso;44.0;Masculino;1.0;0.0;0.0;0.0;-5.81958019;-35.25969486;SPRF-RN;DEL01-RN;UOP02-DEL01-RN
630820.0;1413838.0;2024-09-27;sexta-feira;07:50:00;RN;226.0;4,4;NATAL;Sim;Acessar a via sem observar a presença dos outros veículos;2;Tombamento;Com Vítimas Fatais;Pleno dia;Decrescente;Céu Claro;Simples;Reta;Sim;1131860.0;Motocicleta;HONDA/CG 160 FAN;2022.0;Condutor;Óbito;23.0;Masculino;0.0;0.0;0.0;1.0;-5.81958019;-35.25969486;SPRF-RN;DEL01-RN;UOP02-DEL01-RN
630820.0;1413841.0;2024-09-27;sexta-feira;07:50:00;RN;226.0;4,4;NATAL;Sim;Acessar a via sem observar a presença dos outros veículos;1;Colisão transversal;Com Vítimas Fatais;Pleno dia;Decrescente;Céu Claro;Simples;Reta;Sim;1131861.0;Caminhão;VW/15.190 CRM 4X2;2012.0;Condutor;Ileso;44.0;Masculino;1.0;0.0;0.0;0.0;-5.81958019;-35.25969486;SPRF-RN;DEL01-RN;UOP02-DEL01-RN
630820.0;1413838.0;2024-09-27;sexta-feira;07:50:00;RN;226.0;4,4;NATAL;Sim;Acessar a via sem observar a presença dos outros veículos;1;Colisão transversal;Com Vítimas Fatais;Pleno dia;Decrescente;Céu Claro;Simples;Reta;Sim;1131860.0;Motocicleta;HONDA/CG 160 FAN;2022.0;Condutor;Óbito;23.0;Masculino;0.0;0.0;0.0;1.0;-5.81958019;-35.25969486;SPRF-RN;DEL01-RN;UOP02-DEL01-RN
630820.0;1413841.0;2024-09-27;sexta-feira;07:50:00;RN;226.0;4,4;NATAL;Não;Velocidade Incompatível;3;Queda de ocupante de veículo;Com Vítimas Fatais;Pleno dia;Decrescente;Céu Claro;Simples;Reta;Sim;1131861.0;Caminhão;VW/15.190 CRM 4X2;2012.0;Condutor;Ileso;44.0;Masculino;1.0;0.0;0.0;0.0;-5.81958019;-35.25969486;SPRF-RN;DEL01-RN;UOP02-DEL01-RN
630820.0;1413838.0;2024-09-27;sexta-feira;07:50:00;RN;226.0;4,4;NATAL;Não;Velocidade Incompatível;3;Queda de ocupante de veículo;Com Vítimas Fatais;Pleno dia;Decrescente;Céu Claro;Simples;Reta;Sim;1131860.0;Motocicleta;HONDA/CG 160 FAN;2022.0;Condutor;Óbito;23.0;Masculino;0.0;0.0;0.0;1.0;-5.81958019;-35.25969486;SPRF-RN;DEL01-RN;UOP02-DEL01-RN
630820.0;1413841.0;2024-09-27;sexta-feira;07:50:00;RN;226.0;4,4;NATAL;Não;Velocidade Incompatível;2;Tombamento;Com Vítimas Fatais;Pleno dia;Decrescente;Céu Claro;Simples;Reta;Sim;1131861.0;Caminhão;VW/15.190 CRM 4X2;2012.0;Condutor;Ileso;44.0;Masculino;1.0;0.0;0.0;0.0;-5.81958019;-35.25969486;SPRF-RN;DEL01-RN;UOP02-DEL01-RN
630820.0;1413838.0;2024-09-27;sexta-feira;07:50:00;RN;226.0;4,4;NATAL;Não;Velocidade Incompatível;2;Tombamento;Com Vítimas Fatais;Pleno dia;Decrescente;Céu Claro;Simples;Reta;Sim;1131860.0;Motocicleta;HONDA/CG 160 FAN;2022.0;Condutor;Óbito;23.0;Masculino;0.0;0.0;0.0;1.0;-5.81958019;-35.25969486;SPRF-RN;DEL01-RN;UOP02-DEL01-RN
630820.0;1413841.0;2024-09-27;sexta-feira;07:50:00;RN;226.0;4,4;NATAL;Não;Velocidade Incompatível;1;Colisão transversal;Com Vítimas Fatais;Pleno dia;Decrescente;Céu Claro;Simples;Reta;Sim;1131861.0;Caminhão;VW/15.190 CRM 4X2;2012.0;Condutor;Ileso;44.0;Masculino;1.0;0.0;0.0;0.0;-5.81958019;-35.25969486;SPRF-RN;DEL01-RN;UOP02-DEL01-RN
630820.0;1413838.0;2024-09-27;sexta-feira;07:50:00;RN;226.0;4,4;NATAL;Não;Velocidade Incompatível;1;Colisão transversal;Com Vítimas Fatais;Pleno dia;Decrescente;Céu Claro;Simples;Reta;Sim;1131860.0;Motocicleta;HONDA/CG 160 FAN;2022.0;Condutor;Óbito;23.0;Masculino;0.0;0.0;0.0;1.0;-5.81958019;-35.25969486;SPRF-RN;DEL01-RN;UOP02-DEL01-RN
631040.0;1416237.0;2024-09-28;sábado;05:20:00;RN;101.0;85;NATAL;Não;Transitar na contramão;1;Colisão frontal;Com Vítimas Feridas;Pleno dia;Crescente;Céu Claro;Simples;"Declive;Curva;Em Obras;Ponte";Sim;1133717.0;Automóvel;HYUNDAI/HB20 1.0M COMFOR;2014.0;Condutor;Lesões Graves;56.0;Masculino;0.0;0.0;1.0;0.0;-5.777664;-35.24937;SPRF-RN;DEL02-RN;UOP01-DEL02-RN
631040.0;1416236.0;2024-09-28;sábado;05:20:00;RN;101.0;85;NATAL;Não;Transitar na contramão;1;Colisão frontal;Com Vítimas Feridas;Pleno dia;Crescente;Céu Claro;Simples;"Declive;Curva;Em Obras;Ponte";Sim;1133716.0;Caminhonete;NISSAN/FRONTIER 4X4 SE;2003.0;Condutor;Ileso;53.0;Masculino;1.0;0.0;0.0;0.0;-5.777664;-35.24937;SPRF-RN;DEL02-RN;UOP01-DEL02-RN
631040.0;1416237.0;2024-09-28;sábado;05:20:00;RN;101.0;85;NATAL;Não;Reação tardia ou ineficiente do condutor;1;Colisão frontal;Com Vítimas Feridas;Pleno dia;Crescente;Céu Claro;Simples;"Declive;Curva;Em Obras;Ponte";Sim;1133717.0;Automóvel;HYUNDAI/HB20 1.0M COMFOR;2014.0;Condutor;Lesões Graves;56.0;Masculino;0.0;0.0;1.0;0.0;-5.777664;-35.24937;SPRF-RN;DEL02-RN;UOP01-DEL02-RN
631040.0;1416236.0;2024-09-28;sábado;05:20:00;RN;101.0;85;NATAL;Não;Reação tardia ou ineficiente do condutor;1;Colisão frontal;Com Vítimas Feridas;Pleno dia;Crescente;Céu Claro;Simples;"Declive;Curva;Em Obras;Ponte";Sim;1133716.0;Caminhonete;NISSAN/FRONTIER 4X4 SE;2003.0;Condutor;Ileso;53.0;Masculino;1.0;0.0;0.0;0.0;-5.777664;-35.24937;SPRF-RN;DEL02-RN;UOP01-DEL02-RN
631040.0;1416237.0;2024-09-28;sábado;05:20:00;RN;101.0;85;NATAL;Sim;Ausência de sinalização;1;Colisão frontal;Com Vítimas Feridas;Pleno dia;Crescente;Céu Claro;Simples;"Declive;Curva;Em Obras;Ponte";Sim;1133717.0;Automóvel;HYUNDAI/HB20 1.0M COMFOR;2014.0;Condutor;Lesões Graves;56.0;Masculino;0.0;0.0;1.0;0.0;-5.777664;-35.24937;SPRF-RN;DEL02-RN;UOP01-DEL02-RN
631040.0;1416236.0;2024-09-28;sábado;05:20:00;RN;101.0;85;NATAL;Sim;Ausência de sinalização;1;Colisão frontal;Com Vítimas Feridas;Pleno dia;Crescente;Céu Claro;Simples;"Declive;Curva;Em Obras;Ponte";Sim;1133716.0;Caminhonete;NISSAN/FRONTIER 4X4 SE;2003.0;Condutor;Ileso;53.0;Masculino;1.0;0.0;0.0;0.0;-5.777664;-35.24937;SPRF-RN;DEL02-RN;UOP01-DEL02-RN
631115.0;1414469.0;2024-09-28;sábado;11:00:00;RN;101.0;75;NATAL;Sim;Reação tardia ou ineficiente do condutor;2;Queda de ocupante de veículo;Com Vítimas Feridas;Pleno dia;Crescente;Céu Claro;Dupla;Curva;Não;1132347.0;Caminhonete;I/TOYOTA HILUX CD4X4 SRV;2011.0;Condutor;Ileso;33.0;Masculino;1.0;0.0;0.0;0.0;-5.721906;-35.27672;SPRF-RN;DEL02-RN;UOP01-DEL02-RN
631115.0;1414468.0;2024-09-28;sábado;11:00:00;RN;101.0;75;NATAL;Sim;Reação tardia ou ineficiente do condutor;2;Queda de ocupante de veículo;Com Vítimas Feridas;Pleno dia;Crescente;Céu Claro;Dupla;Curva;Não;1132344.0;Motocicleta;YAMAHA/YBR150 FACTOR E;2016.0;Passageiro;Lesões Leves;36.0;Feminino;0.0;1.0;0.0;0.0;-5.721906;-35.27672;SPRF-RN;DEL02-RN;UOP01-DEL02-RN
631115.0;1414466.0;2024-09-28;sábado;11:00:00;RN;101.0;75;NATAL;Sim;Reação tardia ou ineficiente do condutor;2;Queda de ocupante de veículo;Com Vítimas Feridas;Pleno dia;Crescente;Céu Claro;Dupla;Curva;Não;1132344.0;Motocicleta;YAMAHA/YBR150 FACTOR E;2016.0;Condutor;Ileso;38.0;Masculino;1.0;0.0;0.0;0.0;-5.721906;-35.27672;SPRF-RN;DEL02-RN;UOP01-DEL02-RN
631115.0;1414469.0;2024-09-28;sábado;11:00:00;RN;101.0;75;NATAL;Sim;Reação tardia ou ineficiente do condutor;1;Colisão traseira;Com Vítimas Feridas;Pleno dia;Crescente;Céu Claro;Dupla;Curva;Não;1132347.0;Caminhonete;I/TOYOTA HILUX CD4X4 SRV;2011.0;Condutor;Ileso;33.0;Masculino;1.0;0.0;0.0;0.0;-5.721906;-35.27672;SPRF-RN;DEL02-RN;UOP01-DEL02-RN
631115.0;1414468.0;2024-09-28;sábado;11:00:00;RN;101.0;75;NATAL;Sim;Reação tardia ou ineficiente do condutor;1;Colisão traseira;Com Vítimas Feridas;Pleno dia;Crescente;Céu Claro;Dupla;Curva;Não;1132344.0;Motocicleta;YAMAHA/YBR150 FACTOR E;2016.0;Passageiro;Lesões Leves;36.0;Feminino;0.0;1.0;0.0;0.0;-5.721906;-35.27672;SPRF-RN;DEL02-RN;UOP01-DEL02-RN
631115.0;1414466.0;2024-09-28;sábado;11:00:00;RN;101.0;75;NATAL;Sim;Reação tardia ou ineficiente do condutor;1;Colisão traseira;Com Vítimas Feridas;Pleno dia;Crescente;Céu Claro;Dupla;Curva;Não;1132344.0;Motocicleta;YAMAHA/YBR150 FACTOR E;2016.0;Condutor;Ileso;38.0;Masculino;1.0;0.0;0.0;0.0;-5.721906;-35.27672;SPRF-RN;DEL02-RN;UOP01-DEL02-RN
631353.0;1415066.0;2024-09-29;domingo;10:30:00;RN;226.0;3;NATAL;Sim;Transitar no Acostamento;1;Colisão lateral mesmo sentido;Com Vítimas Feridas;Pleno dia;Crescente;Céu Claro;Simples;Interseção de Vias;Não;1132748.0;Motocicleta;MOTTU/SPORT 110I;2024.0;Condutor;Lesões Leves;43.0;Masculino;0.0;1.0;0.0;0.0;-5.82085671;-35.25187091;SPRF-RN;DEL01-RN;UOP02-DEL01-RN
631353.0;1415065.0;2024-09-29;domingo;10:30:00;RN;226.0;3;NATAL;Sim;Transitar no Acostamento;1;Colisão lateral mesmo sentido;Com Vítimas Feridas;Pleno dia;Crescente;Céu Claro;Simples;Interseção de Vias;Não;1132746.0;Automóvel;FIAT/PALIO SPORTING 1.6;2014.0;Condutor;Ileso;50.0;Masculino;1.0;0.0;0.0;0.0;-5.82085671;-35.25187091;SPRF-RN;DEL01-RN;UOP02-DEL01-RN
631353.0;1415066.0;2024-09-29;domingo;10:30:00;RN;226.0;3;NATAL;Sim;Transitar no Acostamento;3;Queda de ocupante de veículo;Com Vítimas Feridas;Pleno dia;Crescente;Céu Claro;Simples;Interseção de Vias;Não;1132748.0;Motocicleta;MOTTU/SPORT 110I;2024.0;Condutor;Lesões Leves;43.0;Masculino;0.0;1.0;0.0;0.0;-5.82085671;-35.25187091;SPRF-RN;DEL01-RN;UOP02-DEL01-RN
631353.0;1415065.0;2024-09-29;domingo;10:30:00;RN;226.0;3;NATAL;Sim;Transitar no Acostamento;3;Queda de ocupante de veículo;Com Vítimas Feridas;Pleno dia;Crescente;Céu Claro;Simples;Interseção de Vias;Não;1132746.0;Automóvel;FIAT/PALIO SPORTING 1.6;2014.0;Condutor;Ileso;50.0;Masculino;1.0;0.0;0.0;0.0;-5.82085671;-35.25187091;SPRF-RN;DEL01-RN;UOP02-DEL01-RN
631353.0;1415066.0;2024-09-29;domingo;10:30:00;RN;226.0;3;NATAL;Sim;Transitar no Acostamento;2;Tombamento;Com Vítimas Feridas;Pleno dia;Crescente;Céu Claro;Simples;Interseção de Vias;Não;1132748.0;Motocicleta;MOTTU/SPORT 110I;2024.0;Condutor;Lesões Leves;43.0;Masculino;0.0;1.0;0.0;0.0;-5.82085671;-35.25187091;SPRF-RN;DEL01-RN;UOP02-DEL01-RN
631353.0;1415065.0;2024-09-29;domingo;10:30:00;RN;226.0;3;NATAL;Sim;Transitar no Acostamento;2;Tombamento;Com Vítimas Feridas;Pleno dia;Crescente;Céu Claro;Simples;Interseção de Vias;Não;1132746.0;Automóvel;FIAT/PALIO SPORTING 1.6;2014.0;Condutor;Ileso;50.0;Masculino;1.0;0.0;0.0;0.0;-5.82085671;-35.25187091;SPRF-RN;DEL01-RN;UOP02-DEL01-RN
631485.0;1415399.0;2024-09-29;domingo;22:25:00;RN;101.0;97;NATAL;Sim;Reação tardia ou ineficiente do condutor;1;Colisão traseira;Com Vítimas Feridas;Plena Noite;Crescente;Céu Claro;Dupla;Reta;Sim;1133022.0;Automóvel;CHEV/SPIN 1.8L MT LT;2014.0;Condutor;Ileso;50.0;Masculino;1.0;0.0;0.0;0.0;-5.85758898;-35.21271205;SPRF-RN;DEL01-RN;UOP01-DEL01-RN
631485.0;1415398.0;2024-09-29;domingo;22:25:00;RN;101.0;97;NATAL;Sim;Reação tardia ou ineficiente do condutor;1;Colisão traseira;Com Vítimas Feridas;Plena Noite;Crescente;Céu Claro;Dupla;Reta;Sim;1133021.0;Motocicleta;HONDA/XRE 190;2024.0;Condutor;Lesões Leves;25.0;Masculino;0.0;1.0;0.0;0.0;-5.85758898;-35.21271205;SPRF-RN;DEL01-RN;UOP01-DEL01-RN
631508.0;1415391.0;2024-09-30;segunda-feira;02:00:00;RN;101.0;99;NATAL;Sim;Ausência de reação do condutor;2;Queda de ocupante de veículo;Com Vítimas Feridas;Pleno dia;Decrescente;Céu Claro;Dupla;Curva;Sim;1133015.0;Motocicleta;HONDA/CG 160 FAN ESDI;2017.0;Condutor;Lesões Leves;52.0;Masculino;0.0;1.0;0.0;0.0;-5.87359183;-35.22063023;SPRF-RN;DEL01-RN;UOP01-DEL01-RN
631508.0;1415391.0;2024-09-30;segunda-feira;02:00:00;RN;101.0;99;NATAL;Sim;Ausência de reação do condutor;1;Colisão com objeto;Com Vítimas Feridas;Pleno dia;Decrescente;Céu Claro;Dupla;Curva;Sim;1133015.0;Motocicleta;HONDA/CG 160 FAN ESDI;2017.0;Condutor;Lesões Leves;52.0;Masculino;0.0;1.0;0.0;0.0;-5.87359183;-35.22063023;SPRF-RN;DEL01-RN;UOP01-DEL01-RN
632010.0;1416695.0;2024-10-02;quarta-feira;09:10:00;RN;101.0;95;NATAL;Sim;Condutor deixou de manter distância do veículo da frente;1;Engavetamento;Com Vítimas Feridas;Pleno dia;Decrescente;Sol;Dupla;Reta;Sim;1134089.0;Automóvel;CHEV/ONIX 10TMT LT1;2020.0;Condutor;Ileso;29.0;Masculino;1.0;0.0;0.0;0.0;-5.84076841;-35.21035949;SPRF-RN;DEL01-RN;UOP01-DEL01-RN