id;pesid;data_inversa;dia_semana;horario;uf;br;km;municipio;causa_principal;causa_acidente;ordem_tipo_acidente;tipo_acidente;classificacao_acidente;fase_dia;sentido_via;condicao_metereologica;tipo_pista;tracado_via;uso_solo;id_veiculo;tipo_veiculo;marca;ano_fabricacao_veiculo;tipo_envolvido;estado_fisico;idade;sexo;ilesos;feridos_leves;feridos_graves;mortos;latitude;longitude;regional;delegacia;uop
632010.0;1416699.0;2024-10-02;quarta-feira;09:10:00;RN;101.0;95;NATAL;Sim;Condutor deixou de manter distância do veículo da frente;1;Engavetamento;Com Vítimas Feridas;Pleno dia;Decrescente;Sol;Dupla;Reta;Sim;1134092.0;Automóvel;CHEV/PRISMA 1.4MT LTZ;2017.0;Condutor;Ileso;26.0;Masculino;1.0;0.0;0.0;0.0;-5.84076841;-35.21035949;SPRF-RN;DEL01-RN;UOP01-DEL01-RN
632010.0;1416704.0;2024-10-02;quarta-feira;09:10:00;RN;101.0;95;NATAL;Sim;Condutor deixou de manter distância do veículo da frente;1;Engavetamento;Com Vítimas Feridas;Pleno dia;Decrescente;Sol;Dupla;Reta;Sim;1134091.0;Automóvel;CHEV/SPIN 1.8L MT LT;2012.0;Passageiro;Lesões Leves;47.0;Feminino;0.0;1.0;0.0;0.0;-5.84076841;-35.21035949;SPRF-RN;DEL01-RN;UOP01-DEL01-RN
632010.0;1416700.0;2024-10-02;quarta-feira;09:10:00;RN;101.0;95;NATAL;Sim;Condutor deixou de manter distância do veículo da frente;1;Engavetamento;Com Vítimas Feridas;Pleno dia;Decrescente;Sol;Dupla;Reta;Sim;1134091.0;Automóvel;CHEV/SPIN 1.8L MT LT;2012.0;Condutor;Ileso;54.0;Masculino;1.0;0.0;0.0;0.0;-5.84076841;-35.21035949;SPRF-RN;DEL01-RN;UOP01-DEL01-RN
632010.0;1416709.0;2024-10-02;quarta-feira;09:10:00;RN;101.0;95;NATAL;Sim;Condutor deixou de manter distância do veículo da frente;1;Engavetamento;Com Vítimas Feridas;Pleno dia;Decrescente;Sol;Dupla;Reta;Sim;1134090.0;Camioneta;JEEP/RENEGADE SPT T270;2023.0;Condutor;Ileso;33.0;Masculino;1.0;0.0;0.0;0.0;-5.84076841;-35.21035949;SPRF-RN;DEL01-RN;UOP01-DEL01-RN
632771.0;1422198.0;2024-10-05;sábado;17:30:00;RN;101.0;101;NATAL;Sim;Manobra de mudança de faixa;2;Queda de ocupante de veículo;Com Vítimas Feridas;Plena Noite;Decrescente;Céu Claro;Dupla;"Interseção de Vias;Reta";Sim;1138482.0;Automóvel;Não Informado/Não Informado;0.0;Condutor;Não Informado;;Não Informado;0.0;0.0;0.0;0.0;-5.88681084;-35.23143404;SPRF-RN;DEL01-RN;UOP01-DEL01-RN
632771.0;1418392.0;2024-10-05;sábado;17:30:00;RN;101.0;101;NATAL;Sim;Manobra de mudança de faixa;2;Queda de ocupante de veículo;Com Vítimas Feridas;Plena Noite;Decrescente;Céu Claro;Dupla;"Interseção de Vias;Reta";Sim;1135490.0;Motocicleta;YAMAHA/YBR125I FACTOR ED;2022.0;Condutor;Lesões Leves;33.0;Masculino;0.0;1.0;0.0;0.0;-5.88681084;-35.23143404;SPRF-RN;DEL01-RN;UOP01-DEL01-RN
632771.0;1422198.0;2024-10-05;sábado;17:30:00;RN;101.0;101;NATAL;Sim;Manobra de mudança de faixa;1;Colisão lateral mesmo sentido;Com Vítimas Feridas;Plena Noite;Decrescente;Céu Claro;Dupla;"Interseção de Vias;Reta";Sim;1138482.0;Automóvel;Não Informado/Não Informado;0.0;Condutor;Não Informado;;Não Informado;0.0;0.0;0.0;0.0;-5.88681084;-35.23143404;SPRF-RN;DEL01-RN;UOP01-DEL01-RN
632771.0;1418392.0;2024-10-05;sábado;17:30:00;RN;101.0;101;NATAL;Sim;Manobra de mudança de faixa;1;Colisão lateral mesmo sentido;Com Vítimas Feridas;Plena Noite;Decrescente;Céu Claro;Dupla;"Interseção de Vias;Reta";Sim;1135490.0;Motocicleta;YAMAHA/YBR125I FACTOR ED;2022.0;Condutor;Lesões Leves;33.0;Masculino;0.0;1.0;0.0;0.0;-5.88681084;-35.23143404;SPRF-RN;DEL01-RN;UOP01-DEL01-RN
632857.0;1421171.0;2024-10-05;sábado;23:11:00;RN;101.0;83;NATAL;Não;Velocidade Incompatível;1;Atropelamento de Pedestre;Com Vítimas Feridas;Plena Noite;Decrescente;Céu Claro;Dupla;Reta;Sim;1135697.0;Motocicleta;Não Informado/Não Informado;0.0;Condutor;Ileso;;Ignorado;1.0;0.0;0.0;0.0;-5.7710445;-35.26616981;SPRF-RN;DEL02-RN;UOP01-DEL02-RN
632857.0;1418664.0;2024-10-05;sábado;23:11:00;RN;101.0;83;NATAL;Não;Velocidade Incompatível;1;Atropelamento de Pedestre;Com Vítimas Feridas;Plena Noite;Decrescente;Céu Claro;Dupla;Reta;Sim;;;NA/NA;;Pedestre;Lesões Graves;35.0;Masculino;0.0;0.0;1.0;0.0;-5.7710445;-35.26616981;SPRF-RN;DEL02-RN;UOP01-DEL02-RN
632857.0;1421171.0;2024-10-05;sábado;23:11:00;RN;101.0;83;NATAL;Sim;Entrada inopinada do pedestre;1;Atropelamento de Pedestre;Com Vítimas Feridas;Plena Noite;Decrescente;Céu Claro;Dupla;Reta;Sim;1135697.0;Motocicleta;Não Informado/Não Informado;0.0;Condutor;Ileso;;Ignorado;1.0;0.0;0.0;0.0;-5.7710445;-35.26616981;SPRF-RN;DEL02-RN;UOP01-DEL02-RN
632857.0;1418664.0;2024-10-05;sábado;23:11:00;RN;101.0;83;NATAL;Sim;Entrada inopinada do pedestre;1;Atropelamento de Pedestre;Com Vítimas Feridas;Plena Noite;Decrescente;Céu Claro;Dupla;Reta;Sim;;;NA/NA;;Pedestre;Lesões Graves;35.0;Masculino;0.0;0.0;1.0;0.0;-5.7710445;-35.26616981;SPRF-RN;DEL02-RN;UOP01-DEL02-RN
633046.0;1419011.0;2024-10-06;domingo;17:52:00;RN;101.0;72;NATAL;Não;Deficiência do Sistema de Iluminação/Sinalização;3;Tombamento;Com Vítimas Feridas;Plena Noite;Decrescente;Céu Claro;Simples;Reta;Não;1135934.0;Motocicleta;HONDA/CG 160 START;2024.0;Condutor;Lesões Leves;24.0;Masculino;0.0;1.0;0.0;0.0;-5.69866248;-35.26316835;SPRF-RN;DEL02-RN;UOP01-DEL02-RN
633046.0;1419020.0;2024-10-06;domingo;17:52:00;RN;101.0;72;NATAL;Não;Deficiência do Sistema de Iluminação/Sinalização;3;Tombamento;Com Vítimas Feridas;Plena Noite;Decrescente;Céu Claro;Simples;Reta;Não;1135934.0;Motocicleta;HONDA/CG 160 START;2024.0;Passageiro;Lesões Leves;20.0;Feminino;0.0;1.0;0.0;0.0;-5.69866248;-35.26316835;SPRF-RN;DEL02-RN;UOP01-DEL02-RN
633046.0;1419014.0;2024-10-06;domingo;17:52:00;RN;101.0;72;NATAL;Não;Deficiência do Sistema de Iluminação/Sinalização;3;Tombamento;Com Vítimas Feridas;Plena Noite;Decrescente;Céu Claro;Simples;Reta;Não;;;NA/NA;;Pedestre;Lesões Leves;62.0;Masculino;0.0;1.0;0.0;0.0;-5.69866248;-35.26316835;SPRF-RN;DEL02-RN;UOP01-DEL02-RN
633046.0;1419011.0;2024-10-06;domingo;17:52:00;RN;101.0;72;NATAL;Não;Deficiência do Sistema de Iluminação/Sinalização;2;Queda de ocupante de veículo;Com Vítimas Feridas;Plena Noite;Decrescente;Céu Claro;Simples;Reta;Não;1135934.0;Motocicleta;HONDA/CG 160 START;2024.0;Condutor;Lesões Leves;24.0;Masculino;0.0;1.0;0.0;0.0;-5.69866248;-35.26316835;SPRF-RN;DEL02-RN;UOP01-DEL02-RN
633046.0;1419020.0;2024-10-06;domingo;17:52:00;RN;101.0;72;NATAL;Não;Deficiência do Sistema de Iluminação/Sinalização;2;Queda de ocupante de veículo;Com Vítimas Feridas;Plena Noite;Decrescente;Céu Claro;Simples;Reta;Não;1135934.0;Motocicleta;HONDA/CG 160 START;2024.0;Passageiro;Lesões Leves;20.0;Feminino;0.0;1.0;0.0;0.0;-5.69866248;-35.26316835;SPRF-RN;DEL02-RN;UOP01-DEL02-RN
633046.0;1419014.0;2024-10-06;domingo;17:52:00;RN;101.0;72;NATAL;Não;Deficiência do Sistema de Iluminação/Sinalização;2;Queda de ocupante de veículo;Com Vítimas Feridas;Plena Noite;Decrescente;Céu Claro;Simples;Reta;Não;;;NA/NA;;Pedestre;Lesões Leves;62.0;Masculino;0.0;1.0;0.0;0.0;-5.69866248;-35.26316835;SPRF-RN;DEL02-RN;UOP01-DEL02-RN
633046.0;1419011.0;2024-10-06;domingo;17:52:00;RN;101.0;72;NATAL;Não;Deficiência do Sistema de Iluminação/Sinalização;1;Atropelamento de Pedestre;Com Vítimas Feridas;Plena Noite;Decrescente;Céu Claro;Simples;Reta;Não;1135934.0;Motocicleta;HONDA/CG 160 START;2024.0;Condutor;Lesões Leves;24.0;Masculino;0.0;1.0;0.0;0.0;-5.69866248;-35.26316835;SPRF-RN;DEL02-RN;UOP01-DEL02-RN
633046.0;1419020.0;2024-10-06;domingo;17:52:00;RN;101.0;72;NATAL;Não;Deficiência do Sistema de Iluminação/Sinalização;1;Atropelamento de Pedestre;Com Vítimas Feridas;Plena Noite;Decrescente;Céu Claro;Simples;Reta;Não;1135934.0;Motocicleta;HONDA/CG 160 START;2024.0;Passageiro;Lesões Leves;20.0;Feminino;0.0;1.0;0.0;0.0;-5.69866248;-35.26316835;SPRF-RN;DEL02-RN;UOP01-DEL02-RN
633046.0;1419014.0;2024-10-06;domingo;17:52:00;RN;101.0;72;NATAL;Não;Deficiência do Sistema de Iluminação/Sinalização;1;Atropelamento de Pedestre;Com Vítimas Feridas;Plena Noite;Decrescente;Céu Claro;Simples;Reta;Não;;;NA/NA;;Pedestre;Lesões Leves;62.0;Masculino;0.0;1.0;0.0;0.0;-5.69866248;-35.26316835;SPRF-RN;DEL02-RN;UOP01-DEL02-RN
633046.0;1419011.0;2024-10-06;domingo;17:52:00;RN;101.0;72;NATAL;Sim;Entrada inopinada do pedestre;3;Tombamento;Com Vítimas Feridas;Plena Noite;Decrescente;Céu Claro;Simples;Reta;Não;1135934.0;Motocicleta;HONDA/CG 160 START;2024.0;Condutor;Lesões Leves;24.0;Masculino;0.0;1.0;0.0;0.0;-5.69866248;-35.26316835;SPRF-RN;DEL02-RN;UOP01-DEL02-RN
633046.0;1419020.0;2024-10-06;domingo;17:52:00;RN;101.0;72;NATAL;Sim;Entrada inopinada do pedestre;3;Tombamento;Com Vítimas Feridas;Plena Noite;Decrescente;Céu Claro;Simples;Reta;Não;1135934.0;Motocicleta;HONDA/CG 160 START;2024.0;Passageiro;Lesões Leves;20.0;Feminino;0.0;1.0;0.0;0.0;-5.69866248;-35.26316835;SPRF-RN;DEL02-RN;UOP01-DEL02-RN
633046.0;1419014.0;2024-10-06;domingo;17:52:00;RN;101.0;72;NATAL;Sim;Entrada inopinada do pedestre;3;Tombamento;Com Vítimas Feridas;Plena Noite;Decrescente;Céu Claro;Simples;Reta;Não;;;NA/NA;;Pedestre;Lesões Leves;62.0;Masculino;0.0;1.0;0.0;0.0;-5.69866248;-35.26316835;SPRF-RN;DEL02-RN;UOP01-DEL02-RN
633046.0;1419011.0;2024-10-06;domingo;17:52:00;RN;101.0;72;NATAL;Sim;Entrada inopinada do pedestre;2;Queda de ocupante de veículo;Com Vítimas Feridas;Plena Noite;Decrescente;Céu Claro;Simples;Reta;Não;1135934.0;Motocicleta;HONDA/CG 160 START;2024.0;Condutor;Lesões Leves;24.0;Masculino;0.0;1.0;0.0;0.0;-5.69866248;-35.26316835;SPRF-RN;DEL02-RN;UOP01-DEL02-RN
633046.0;1419020.0;2024-10-06;domingo;17:52:00;RN;101.0;72;NATAL;Sim;Entrada inopinada do pedestre;2;Queda de ocupante de veículo;Com Vítimas Feridas;Plena Noite;Decrescente;Céu Claro;Simples;Reta;Não;1135934.0;Motocicleta;HONDA/CG 160 START;2024.0;Passageiro;Lesões Leves;20.0;Feminino;0.0;1.0;0.0;0.0;-5.69866248;-35.26316835;SPRF-RN;DEL02-RN;UOP01-DEL02-RN
633046.0;1419014.0;2024-10-06;domingo;17:52:00;RN;101.0;72;NATAL;Sim;Entrada inopinada do pedestre;2;Queda de ocupante de veículo;Com Vítimas Feridas;Plena Noite;Decrescente;Céu Claro;Simples;Reta;Não;;;NA/NA;;Pedestre;Lesões Leves;62.0;Masculino;0.0;1.0;0.0;0.0;-5.69866248;-35.26316835;SPRF-RN;DEL02-RN;UOP01-DEL02-RN
633046.0;1419011.0;2024-10-06;domingo;17:52:00;RN;101.0;72;NATAL;Sim;Entrada inopinada do pedestre;1;Atropelamento de Pedestre;Com Vítimas Feridas;Plena Noite;Decrescente;Céu Claro;Simples;Reta;Não;1135934.0;Motocicleta;HONDA/CG 160 START;2024.0;Condutor;Lesões Leves;24.0;Masculino;0.0;1.0;0.0;0.0;-5.69866248;-35.26316835;SPRF-RN;DEL02-RN;UOP01-DEL02-RN
633046.0;1419020.0;2024-10-06;domingo;17:52:00;RN;101.0;72;NATAL;Sim;Entrada inopinada do pedestre;1;Atropelamento de Pedestre;Com Vítimas Feridas;Plena Noite;Decrescente;Céu Claro;Simples;Reta;Não;1135934.0;Motocicleta;HONDA/CG 160 START;2024.0;Passageiro;Lesões Leves;20.0;Feminino;0.0;1.0;0.0;0.0;-5.69866248;-35.26316835;SPRF-RN;DEL02-RN;UOP01-DEL02-RN
633046.0;1419014.0;2024-10-06;domingo;17:52:00;RN;101.0;72;NATAL;Sim;Entrada inopinada do pedestre;1;Atropelamento de Pedestre;Com Vítimas Feridas;Plena Noite;Decrescente;Céu Claro;Simples;Reta;Não;;;NA/NA;;Pedestre;Lesões Leves;62.0;Masculino;0.0;1.0;0.0;0.0;-5.69866248;-35.26316835;SPRF-RN;DEL02-RN;UOP01-DEL02-RN
633213.0;1419375.0;2024-10-07;segunda-feira;09:47:00;RN;101.0;84,5;NATAL;Sim;Área urbana sem a presença de local apropriado para a travessia de pedestres;3;Queda de ocupante de veículo;Com Vítimas Feridas;Pleno dia;Decrescente;Sol;Dupla;"Interseção de Vias;Viaduto;Reta;Retorno Regulamentado";Sim;1136233.0;Motocicleta;MOTTU/SPORT 110I;2024.0;Condutor;Ileso;34.0;Masculino;1.0;0.0;0.0;0.0;-5.774175;-35.2578;SPRF-RN;DEL02-RN;UOP01-DEL02-RN
633213.0;1419376.0;2024-10-07;segunda-feira;09:47:00;RN;101.0;84,5;NATAL;Sim;Área urbana sem a presença de local apropriado para a travessia de pedestres;3;Queda de ocupante de veículo;Com Vítimas Feridas;Pleno dia;Decrescente;Sol;Dupla;"Interseção de Vias;Viaduto;Reta;Retorno Regulamentado";Sim;;;NA/NA;;Pedestre;Lesões Leves;;Feminino;0.0;1.0;0.0;0.0;-5.774175;-35.2578;SPRF-RN;DEL02-RN;UOP01-DEL02-RN
633213.0;1419375.0;2024-10-07;segunda-feira;09:47:00;RN;101.0;84,5;NATAL;Sim;Área urbana sem a presença de local apropriado para a travessia de pedestres;2;Tombamento;Com Vítimas Feridas;Pleno dia;Decrescente;Sol;Dupla;"Interseção de Vias;Viaduto;Reta;Retorno Regulamentado";Sim;1136233.0;Motocicleta;MOTTU/SPORT 110I;2024.0;Condutor;Ileso;34.0;Masculino;1.0;0.0;0.0;0.0;-5.774175;-35.2578;SPRF-RN;DEL02-RN;UOP01-DEL02-RN
633213.0;1419376.0;2024-10-07;segunda-feira;09:47:00;RN;101.0;84,5;NATAL;Sim;Área urbana sem a presença de local apropriado para a travessia de pedestres;2;Tombamento;Com Vítimas Feridas;Pleno dia;Decrescente;Sol;Dupla;"Interseção de Vias;Viaduto;Reta;Retorno Regulamentado";Sim;;;NA/NA;;Pedestre;Lesões Leves;;Feminino;0.0;1.0;0.0;0.0;-5.774175;-35.2578;SPRF-RN;DEL02-RN;UOP01-DEL02-RN
633213.0;1419375.0;2024-10-07;segunda-feira;09:47:00;RN;101.0;84,5;NATAL;Sim;Área urbana sem a presença de local apropriado para a travessia de pedestres;1;Atropelamento de Pedestre;Com Vítimas Feridas;Pleno dia;Decrescente;Sol;Dupla;"Interseção de Vias;Viaduto;Reta;Retorno Regulamentado";Sim;1136233.0;Motocicleta;MOTTU/SPORT 110I;2024.0;Condutor;Ileso;34.0;Masculino;1.0;0.0;0.0;0.0;-5.774175;-35.2578;SPRF-RN;DEL02-RN;UOP01-DEL02-RN
633213.0;1419376.0;2024-10-07;segunda-feira;09:47:00;RN;101.0;84,5;NATAL;Sim;Área urbana sem a presença de local apropriado para a travessia de pedestres;1;Atropelamento de Pedestre;Com Vítimas Feridas;Pleno dia;Decrescente;Sol;Dupla;"Interseção de Vias;Viaduto;Reta;Retorno Regulamentado";Sim;;;NA/NA;;Pedestre;Lesões Leves;;Feminino;0.0;1.0;0.0;0.0;-5.774175;-35.2578;SPRF-RN;DEL02-RN;UOP01-DEL02-RN
633421.0;1419976.0;2024-10-08;terça-feira;10:15:00;RN;101.0;95;NATAL;Sim;Acessar a via sem observar a presença dos outros veículos;1;Colisão lateral mesmo sentido;Com Vítimas Feridas;Pleno dia;Decrescente;Céu Claro;Dupla;Interseção de Vias;Sim;1136725.0;Motocicleta;SHINERAY/XY150-8;2024.0;Condutor;Lesões Leves;23.0;Masculino;0.0;1.0;0.0;0.0;-5.84076841;-35.21035949;SPRF-RN;DEL01-RN;UOP01-DEL01-RN
633421.0;1419978.0;2024-10-08;terça-feira;10:15:00;RN;101.0;95;NATAL;Sim;Acessar a via sem observar a presença dos outros veículos;1;Colisão lateral mesmo sentido;Com Vítimas Feridas;Pleno dia;Decrescente;Céu Claro;Dupla;Interseção de Vias;Sim;1136725.0;Motocicleta;SHINERAY/XY150-8;2024.0;Passageiro;Lesões Leves;23.0;Feminino;0.0;1.0;0.0;0.0;-5.84076841;-35.21035949;SPRF-RN;DEL01-RN;UOP01-DEL01-RN
633421.0;1419975.0;2024-10-08;terça-feira;10:15:00;RN;101.0;95;NATAL;Sim;Acessar a via sem observar a presença dos outros veículos;1;Colisão lateral mesmo sentido;Com Vítimas Feridas;Pleno dia;Decrescente;Céu Claro;Dupla;Interseção de Vias;Sim;1136724.0;Automóvel;FORD/KA SE 1.5 HA;2015.0;Condutor;Ileso;60.0;Feminino;1.0;0.0;0.0;0.0;-5.84076841;-35.21035949;SPRF-RN;DEL01-RN;UOP01-DEL01-RN
633511.0;1420277.0;2024-10-08;terça-feira;17:15:00;RN;101.0;97;NATAL;Sim;Condutor deixou de manter distância do veículo da frente;3;Queda de ocupante de veículo;Com Vítimas Feridas;Pleno dia;Decrescente;Céu Claro;Múltipla;"Viaduto;Aclive";Sim;1136955.0;Motocicleta;YAMAHA/FZ25 FAZER;2024.0;Condutor;Lesões Leves;30.0;Masculino;0.0;1.0;0.0;0.0;-5.85758898;-35.21271205;SPRF-RN;DEL01-RN;UOP01-DEL01-RN
633511.0;1420278.0;2024-10-08;terça-feira;17:15:00;RN;101.0;97;NATAL;Sim;Condutor deixou de manter distância do veículo da frente;3;Queda de ocupante de veículo;Com Vítimas Feridas;Pleno dia;Decrescente;Céu Claro;Múltipla;"Viaduto;Aclive";Sim;1136956.0;Automóvel;FIAT/SIENA ATTRACT 1.0;2017.0;Condutor;Ileso;33.0;Masculino;1.0;0.0;0.0;0.0;-5.85758898;-35.21271205;SPRF-RN;DEL01-RN;UOP01-DEL01-RN
633511.0;1420277.0;2024-10-08;terça-feira;17:15:00;RN;101.0;97;NATAL;Sim;Condutor deixou de manter distância do veículo da frente;2;Tombamento;Com Vítimas Feridas;Pleno dia;Decrescente;Céu Claro;Múltipla;"Viaduto;Aclive";Sim;1136955.0;Motocicleta;YAMAHA/FZ25 FAZER;2024.0;Condutor;Lesões Leves;30.0;Masculino;0.0;1.0;0.0;0.0;-5.85758898;-35.21271205;SPRF-RN;DEL01-RN;UOP01-DEL01-RN
633511.0;1420278.0;2024-10-08;terça-feira;17:15:00;RN;101.0;97;NATAL;Sim;Condutor deixou de manter distância do veículo da frente;2;Tombamento;Com Vítimas Feridas;Pleno dia;Decrescente;Céu Claro;Múltipla;"Viaduto;Aclive";Sim;1136956.0;Automóvel;FIAT/SIENA ATTRACT 1.0;2017.0;Condutor;Ileso;33.0;Masculino;1.0;0.0;0.0;0.0;-5.85758898;-35.21271205;SPRF-RN;DEL01-RN;UOP01-DEL01-RN
633511.0;1420277.0;2024-10-08;terça-feira;17:15:00;RN;101.0;97;NATAL;Sim;Condutor deixou de manter distância do veículo da frente;1;Colisão traseira;Com Vítimas Feridas;Pleno dia;Decrescente;Céu Claro;Múltipla;"Viaduto;Aclive";Sim;1136955.0;Motocicleta;YAMAHA/FZ25 FAZER;2024.0;Condutor;Lesões Leves;30.0;Masculino;0.0;1.0;0.0;0.0;-5.85758898;-35.21271205;SPRF-RN;DEL01-RN;UOP01-DEL01-RN
633511.0;1420278.0;2024-10-08;terça-feira;17:15:00;RN;101.0;97;NATAL;Sim;Condutor deixou de manter distância do veículo da frente;1;Colisão traseira;Com Vítimas Feridas;Pleno dia;Decrescente;Céu Claro;Múltipla;"Viaduto;Aclive";Sim;1136956.0;Automóvel;FIAT/SIENA ATTRACT 1.0;2017.0;Condutor;Ileso;33.0;Masculino;1.0;0.0;0.0;0.0;-5.85758898;-35.21271205;SPRF-RN;DEL01-RN;UOP01-DEL01-RN
634046.0;1421443.0;2024-10-11;sexta-feira;05:50:00;RN;101.0;94;NATAL;Sim;Condutor deixou de manter distância do veículo da frente;3;Queda de ocupante de veículo;Com Vítimas Feridas;Pleno dia;Crescente;Céu Claro;Simples;Reta;Sim;1137886.0;Motocicleta;HONDA/NX-4 FALCON;2000.0;Condutor;Ileso;;Masculino;1.0;0.0;0.0;0.0;-5.83176615;-35.21191342;SPRF-RN;DEL01-RN;UOP01-DEL01-RN
634046.0;1421444.0;2024-10-11;sexta-feira;05:50:00;RN;101.0;94;NATAL;Sim;Condutor deixou de manter distância do veículo da frente;3;Queda de ocupante de veículo;Com Vítimas Feridas;Pleno dia;Crescente;Céu Claro;Simples;Reta;Sim;1137886.0;Motocicleta;HONDA/NX-4 FALCON;2000.0;Passageiro;Ileso;;Feminino;1.0;0.0;0.0;0.0;-5.83176615;-35.21191342;SPRF-RN;DEL01-RN;UOP01-DEL01-RN
634046.0;1421447.0;2024-10-11;sexta-feira;05:50:00;RN;101.0;94;NATAL;Sim;Condutor deixou de manter distância do veículo da frente;3;Queda de ocupante de veículo;Com Vítimas Feridas;Pleno dia;Crescente;Céu Claro;Simples;Reta;Sim;1137888.0;Motocicleta;I/SHINERAY XY 150 5;2012.0;Passageiro;Lesões Leves;43.0;Feminino;0.0;1.0;0.0;0.0;-5.83176615;-35.21191342;SPRF-RN;DEL01-RN;UOP01-DEL01-RN
634046.0;1421446.0;2024-10-11;sexta-feira;05:50:00;RN;101.0;94;NATAL;Sim;Condutor deixou de manter distância do veículo da frente;3;Queda de ocupante de veículo;Com Vítimas Feridas;Pleno dia;Crescente;Céu Claro;Simples;Reta;Sim;1137888.0;Motocicleta;I/SHINERAY XY 150 5;2012.0;Condutor;Lesões Leves;45.0;Masculino;0.0;1.0;0.0;0.0;-5.83176615;-35.21191342;SPRF-RN;DEL01-RN;UOP01-DEL01-RN
634046.0;1421443.0;2024-10-11;sexta-feira;05:50:00;RN;101.0;94;NATAL;Sim;Condutor deixou de manter distância do veículo da frente;2;Tombamento;Com Vítimas Feridas;Pleno dia;Crescente;Céu Claro;Simples;Reta;Sim;1137886.0;Motocicleta;HONDA/NX-4 FALCON;2000.0;Condutor;Ileso;;Masculino;1.0;0.0;0.0;0.0;-5.83176615;-35.21191342;SPRF-RN;DEL01-RN;UOP01-DEL01-RN
634046.0;1421444.0;2024-10-11;sexta-feira;05:50:00;RN;101.0;94;NATAL;Sim;Condutor deixou de manter distância do veículo da frente;2;Tombamento;Com Vítimas Feridas;Pleno dia;Crescente;Céu Claro;Simples;Reta;Sim;1137886.0;Motocicleta;HONDA/NX-4 FALCON;2000.0;Passageiro;Ileso;;Feminino;1.0;0.0;0.0;0.0;-5.83176615;-35.21191342;SPRF-RN;DEL01-RN;UOP01-DEL01-RN
634046.0;1421447.0;2024-10-11;sexta-feira;05:50:00;RN;101.0;94;NATAL;Sim;Condutor deixou de manter distância do veículo da frente;2;Tombamento;Com Vítimas Feridas;Pleno dia;Crescente;Céu Claro;Simples;Reta;Sim;1137888.0;Motocicleta;I/SHINERAY XY 150 5;2012.0;Passageiro;Lesões Leves;43.0;Feminino;0.0;1.0;0.0;0.0;-5.83176615;-35.21191342;SPRF-RN;DEL01-RN;UOP01-DEL01-RN
634046.0;1421446.0;2024-10-11;sexta-feira;05:50:00;RN;101.0;94;NATAL;Sim;Condutor deixou de manter distância do veículo da frente;2;Tombamento;Com Vítimas Feridas;Pleno dia;Crescente;Céu Claro;Simples;Reta;Sim;1137888.0;Motocicleta;I/SHINERAY XY 150 5;2012.0;Condutor;Lesões Leves;45.0;Masculino;0.0;1.0;0.0;0.0;-5.83176615;-35.21191342;SPRF-RN;DEL01-RN;UOP01-DEL01-RN
634046.0;1421443.0;2024-10-11;sexta-feira;05:50:00;RN;101.0;94;NATAL;Sim;Condutor deixou de manter distância do veículo da frente;1;Colisão lateral mesmo sentido;Com Vítimas Feridas;Pleno dia;Crescente;Céu Claro;Simples;Reta;Sim;1137886.0;Motocicleta;HONDA/NX-4 FALCON;2000.0;Condutor;Ileso;;Masculino;1.0;0.0;0.0;0.0;-5.83176615;-35.21191342;SPRF-RN;DEL01-RN;UOP01-DEL01-RN
634046.0;1421444.0;2024-10-11;sexta-feira;05:50:00;RN;101.0;94;NATAL;Sim;Condutor deixou de manter distância do veículo da frente;1;Colisão lateral mesmo sentido;Com Vítimas Feridas;Pleno dia;Crescente;Céu Claro;Simples;Reta;Sim;1137886.0;Motocicleta;HONDA/NX-4 FALCON;2000.0;Passageiro;Ileso;;Feminino;1.0;0.0;0.0;0.0;-5.83176615;-35.21191342;SPRF-RN;DEL01-RN;UOP01-DEL01-RN
634046.0;1421447.0;2024-10-11;sexta-feira;05:50:00;RN;101.0;94;NATAL;Sim;Condutor deixou de manter distância do veículo da frente;1;Colisão lateral mesmo sentido;Com Vítimas Feridas;Pleno dia;Crescente;Céu Claro;Simples;Reta;Sim;1137888.0;Motocicleta;I/SHINERAY XY 150 5;2012.0;Passageiro;Lesões Leves;43.0;Feminino;0.0;1.0;0.0;0.0;-5.83176615;-35.21191342;SPRF-RN;DEL01-RN;UOP01-DEL01-RN
634046.0;1421446.0;2024-10-11;sexta-feira;05:50:00;RN;101.0;94;NATAL;Sim;Condutor deixou de manter distância do veículo da frente;1;Colisão lateral mesmo sentido;Com Vítimas Feridas;Pleno dia;Crescente;Céu Claro;Simples;Reta;Sim;1137888.0;Motocicleta;I/SHINERAY XY 150 5;2012.0;Condutor;Lesões Leves;45.0;Masculino;0.0;1.0;0.0;0.0;-5.83176615;-35.21191342;SPRF-RN;DEL01-RN;UOP01-DEL01-RN