id;pesid;data_inversa;dia_semana;horario;uf;br;km;municipio;causa_principal;causa_acidente;ordem_tipo_acidente;tipo_acidente;classificacao_acidente;fase_dia;sentido_via;condicao_metereologica;tipo_pista;tracado_via;uso_solo;id_veiculo;tipo_veiculo;marca;ano_fabricacao_veiculo;tipo_envolvido;estado_fisico;idade;sexo;ilesos;feridos_leves;feridos_graves;mortos;latitude;longitude;regional;delegacia;uop
634117.0;1424022.0;2024-10-11;sexta-feira;11:53:00;RN;101.0;94;NATAL;Sim;Manobra de mudança de faixa;1;Colisão lateral mesmo sentido;Com Vítimas Feridas;Pleno dia;Decrescente;Céu Claro;Dupla;Reta;Sim;1139792.0;Motocicleta;HONDA/CG 150 FAN ESI;2010.0;Condutor;Lesões Leves;49.0;Masculino;0.0;1.0;0.0;0.0;-5.83176615;-35.21191342;SPRF-RN;DEL01-RN;UOP01-DEL01-RN
634117.0;1422085.0;2024-10-11;sexta-feira;11:53:00;RN;101.0;94;NATAL;Sim;Manobra de mudança de faixa;1;Colisão lateral mesmo sentido;Com Vítimas Feridas;Pleno dia;Decrescente;Céu Claro;Dupla;Reta;Sim;1138403.0;Automóvel;RENAULT/KWID INTENS 2;2022.0;Condutor;Ileso;46.0;Feminino;1.0;0.0;0.0;0.0;-5.83176615;-35.21191342;SPRF-RN;DEL01-RN;UOP01-DEL01-RN
634117.0;1424022.0;2024-10-11;sexta-feira;11:53:00;RN;101.0;94;NATAL;Sim;Manobra de mudança de faixa;2;Queda de ocupante de veículo;Com Vítimas Feridas;Pleno dia;Decrescente;Céu Claro;Dupla;Reta;Sim;1139792.0;Motocicleta;HONDA/CG 150 FAN ESI;2010.0;Condutor;Lesões Leves;49.0;Masculino;0.0;1.0;0.0;0.0;-5.83176615;-35.21191342;SPRF-RN;DEL01-RN;UOP01-DEL01-RN
634117.0;1422085.0;2024-10-11;sexta-feira;11:53:00;RN;101.0;94;NATAL;Sim;Manobra de mudança de faixa;2;Queda de ocupante de veículo;Com Vítimas Feridas;Pleno dia;Decrescente;Céu Claro;Dupla;Reta;Sim;1138403.0;Automóvel;RENAULT/KWID INTENS 2;2022.0;Condutor;Ileso;46.0;Feminino;1.0;0.0;0.0;0.0;-5.83176615;-35.21191342;SPRF-RN;DEL01-RN;UOP01-DEL01-RN
634184.0;1421741.0;2024-10-11;sexta-feira;18:00:00;RN;101.0;97;NATAL;Sim;Reação tardia ou ineficiente do condutor;3;Queda de ocupante de veículo;Com Vítimas Feridas;Plena Noite;Crescente;Ignorado;Dupla;"Aclive;Viaduto";Sim;1138127.0;Motocicleta;HONDA/CG 160 START;2019.0;Passageiro;Lesões Graves;35.0;Feminino;0.0;0.0;1.0;0.0;-5.85758898;-35.21271205;SPRF-RN;DEL01-RN;UOP01-DEL01-RN
634184.0;1421739.0;2024-10-11;sexta-feira;18:00:00;RN;101.0;97;NATAL;Sim;Reação tardia ou ineficiente do condutor;3;Queda de ocupante de veículo;Com Vítimas Feridas;Plena Noite;Crescente;Ignorado;Dupla;"Aclive;Viaduto";Sim;1138127.0;Motocicleta;HONDA/CG 160 START;2019.0;Condutor;Lesões Graves;46.0;Feminino;0.0;0.0;1.0;0.0;-5.85758898;-35.21271205;SPRF-RN;DEL01-RN;UOP01-DEL01-RN
634184.0;1421738.0;2024-10-11;sexta-feira;18:00:00;RN;101.0;97;NATAL;Sim;Reação tardia ou ineficiente do condutor;3;Queda de ocupante de veículo;Com Vítimas Feridas;Plena Noite;Crescente;Ignorado;Dupla;"Aclive;Viaduto";Sim;1138126.0;Automóvel;I/NISSAN TIIDA SEDAN 18F;2010.0;Passageiro;Ileso;48.0;Feminino;1.0;0.0;0.0;0.0;-5.85758898;-35.21271205;SPRF-RN;DEL01-RN;UOP01-DEL01-RN
634184.0;1421735.0;2024-10-11;sexta-feira;18:00:00;RN;101.0;97;NATAL;Sim;Reação tardia ou ineficiente do condutor;3;Queda de ocupante de veículo;Com Vítimas Feridas;Plena Noite;Crescente;Ignorado;Dupla;"Aclive;Viaduto";Sim;1138126.0;Automóvel;I/NISSAN TIIDA SEDAN 18F;2010.0;Condutor;Ileso;42.0;Masculino;1.0;0.0;0.0;0.0;-5.85758898;-35.21271205;SPRF-RN;DEL01-RN;UOP01-DEL01-RN
634184.0;1421741.0;2024-10-11;sexta-feira;18:00:00;RN;101.0;97;NATAL;Sim;Reação tardia ou ineficiente do condutor;2;Tombamento;Com Vítimas Feridas;Plena Noite;Crescente;Ignorado;Dupla;"Aclive;Viaduto";Sim;1138127.0;Motocicleta;HONDA/CG 160 START;2019.0;Passageiro;Lesões Graves;35.0;Feminino;0.0;0.0;1.0;0.0;-5.85758898;-35.21271205;SPRF-RN;DEL01-RN;UOP01-DEL01-RN
634184.0;1421739.0;2024-10-11;sexta-feira;18:00:00;RN;101.0;97;NATAL;Sim;Reação tardia ou ineficiente do condutor;2;Tombamento;Com Vítimas Feridas;Plena Noite;Crescente;Ignorado;Dupla;"Aclive;Viaduto";Sim;1138127.0;Motocicleta;HONDA/CG 160 START;2019.0;Condutor;Lesões Graves;46.0;Feminino;0.0;0.0;1.0;0.0;-5.85758898;-35.21271205;SPRF-RN;DEL01-RN;UOP01-DEL01-RN
634184.0;1421738.0;2024-10-11;sexta-feira;18:00:00;RN;101.0;97;NATAL;Sim;Reação tardia ou ineficiente do condutor;2;Tombamento;Com Vítimas Feridas;Plena Noite;Crescente;Ignorado;Dupla;"Aclive;Viaduto";Sim;1138126.0;Automóvel;I/NISSAN TIIDA SEDAN 18F;2010.0;Passageiro;Ileso;48.0;Feminino;1.0;0.0;0.0;0.0;-5.85758898;-35.21271205;SPRF-RN;DEL01-RN;UOP01-DEL01-RN
634184.0;1421735.0;2024-10-11;sexta-feira;18:00:00;RN;101.0;97;NATAL;Sim;Reação tardia ou ineficiente do condutor;2;Tombamento;Com Vítimas Feridas;Plena Noite;Crescente;Ignorado;Dupla;"Aclive;Viaduto";Sim;1138126.0;Automóvel;I/NISSAN TIIDA SEDAN 18F;2010.0;Condutor;Ileso;42.0;Masculino;1.0;0.0;0.0;0.0;-5.85758898;-35.21271205;SPRF-RN;DEL01-RN;UOP01-DEL01-RN
634184.0;1421741.0;2024-10-11;sexta-feira;18:00:00;RN;101.0;97;NATAL;Sim;Reação tardia ou ineficiente do condutor;1;Colisão traseira;Com Vítimas Feridas;Plena Noite;Crescente;Ignorado;Dupla;"Aclive;Viaduto";Sim;1138127.0;Motocicleta;HONDA/CG 160 START;2019.0;Passageiro;Lesões Graves;35.0;Feminino;0.0;0.0;1.0;0.0;-5.85758898;-35.21271205;SPRF-RN;DEL01-RN;UOP01-DEL01-RN
634184.0;1421739.0;2024-10-11;sexta-feira;18:00:00;RN;101.0;97;NATAL;Sim;Reação tardia ou ineficiente do condutor;1;Colisão traseira;Com Vítimas Feridas;Plena Noite;Crescente;Ignorado;Dupla;"Aclive;Viaduto";Sim;1138127.0;Motocicleta;HONDA/CG 160 START;2019.0;Condutor;Lesões Graves;46.0;Feminino;0.0;0.0;1.0;0.0;-5.85758898;-35.21271205;SPRF-RN;DEL01-RN;UOP01-DEL01-RN
634184.0;1421738.0;2024-10-11;sexta-feira;18:00:00;RN;101.0;97;NATAL;Sim;Reação tardia ou ineficiente do condutor;1;Colisão traseira;Com Vítimas Feridas;Plena Noite;Crescente;Ignorado;Dupla;"Aclive;Viaduto";Sim;1138126.0;Automóvel;I/NISSAN TIIDA SEDAN 18F;2010.0;Passageiro;Ileso;48.0;Feminino;1.0;0.0;0.0;0.0;-5.85758898;-35.21271205;SPRF-RN;DEL01-RN;UOP01-DEL01-RN
634184.0;1421735.0;2024-10-11;sexta-feira;18:00:00;RN;101.0;97;NATAL;Sim;Reação tardia ou ineficiente do condutor;1;Colisão traseira;Com Vítimas Feridas;Plena Noite;Crescente;Ignorado;Dupla;"Aclive;Viaduto";Sim;1138126.0;Automóvel;I/NISSAN TIIDA SEDAN 18F;2010.0;Condutor;Ileso;42.0;Masculino;1.0;0.0;0.0;0.0;-5.85758898;-35.21271205;SPRF-RN;DEL01-RN;UOP01-DEL01-RN
634184.0;1421741.0;2024-10-11;sexta-feira;18:00:00;RN;101.0;97;NATAL;Não;Condutor deixou de manter distância do veículo da frente;3;Queda de ocupante de veículo;Com Vítimas Feridas;Plena Noite;Crescente;Ignorado;Dupla;"Aclive;Viaduto";Sim;1138127.0;Motocicleta;HONDA/CG 160 START;2019.0;Passageiro;Lesões Graves;35.0;Feminino;0.0;0.0;1.0;0.0;-5.85758898;-35.21271205;SPRF-RN;DEL01-RN;UOP01-DEL01-RN
634184.0;1421739.0;2024-10-11;sexta-feira;18:00:00;RN;101.0;97;NATAL;Não;Condutor deixou de manter distância do veículo da frente;3;Queda de ocupante de veículo;Com Vítimas Feridas;Plena Noite;Crescente;Ignorado;Dupla;"Aclive;Viaduto";Sim;1138127.0;Motocicleta;HONDA/CG 160 START;2019.0;Condutor;Lesões Graves;46.0;Feminino;0.0;0.0;1.0;0.0;-5.85758898;-35.21271205;SPRF-RN;DEL01-RN;UOP01-DEL01-RN
634184.0;1421738.0;2024-10-11;sexta-feira;18:00:00;RN;101.0;97;NATAL;Não;Condutor deixou de manter distância do veículo da frente;3;Queda de ocupante de veículo;Com Vítimas Feridas;Plena Noite;Crescente;Ignorado;Dupla;"Aclive;Viaduto";Sim;1138126.0;Automóvel;I/NISSAN TIIDA SEDAN 18F;2010.0;Passageiro;Ileso;48.0;Feminino;1.0;0.0;0.0;0.0;-5.85758898;-35.21271205;SPRF-RN;DEL01-RN;UOP01-DEL01-RN
634184.0;1421735.0;2024-10-11;sexta-feira;18:00:00;RN;101.0;97;NATAL;Não;Condutor deixou de manter distância do veículo da frente;3;Queda de ocupante de veículo;Com Vítimas Feridas;Plena Noite;Crescente;Ignorado;Dupla;"Aclive;Viaduto";Sim;1138126.0;Automóvel;I/NISSAN TIIDA SEDAN 18F;2010.0;Condutor;Ileso;42.0;Masculino;1.0;0.0;0.0;0.0;-5.85758898;-35.21271205;SPRF-RN;DEL01-RN;UOP01-DEL01-RN
634184.0;1421741.0;2024-10-11;sexta-feira;18:00:00;RN;101.0;97;NATAL;Não;Condutor deixou de manter distância do veículo da frente;2;Tombamento;Com Vítimas Feridas;Plena Noite;Crescente;Ignorado;Dupla;"Aclive;Viaduto";Sim;1138127.0;Motocicleta;HONDA/CG 160 START;2019.0;Passageiro;Lesões Graves;35.0;Feminino;0.0;0.0;1.0;0.0;-5.85758898;-35.21271205;SPRF-RN;DEL01-RN;UOP01-DEL01-RN
634184.0;1421739.0;2024-10-11;sexta-feira;18:00:00;RN;101.0;97;NATAL;Não;Condutor deixou de manter distância do veículo da frente;2;Tombamento;Com Vítimas Feridas;Plena Noite;Crescente;Ignorado;Dupla;"Aclive;Viaduto";Sim;1138127.0;Motocicleta;HONDA/CG 160 START;2019.0;Condutor;Lesões Graves;46.0;Feminino;0.0;0.0;1.0;0.0;-5.85758898;-35.21271205;SPRF-RN;DEL01-RN;UOP01-DEL01-RN
634184.0;1421738.0;2024-10-11;sexta-feira;18:00:00;RN;101.0;97;NATAL;Não;Condutor deixou de manter distância do veículo da frente;2;Tombamento;Com Vítimas Feridas;Plena Noite;Crescente;Ignorado;Dupla;"Aclive;Viaduto";Sim;1138126.0;Automóvel;I/NISSAN TIIDA SEDAN 18F;2010.0;Passageiro;Ileso;48.0;Feminino;1.0;0.0;0.0;0.0;-5.85758898;-35.21271205;SPRF-RN;DEL01-RN;UOP01-DEL01-RN
634184.0;1421735.0;2024-10-11;sexta-feira;18:00:00;RN;101.0;97;NATAL;Não;Condutor deixou de manter distância do veículo da frente;2;Tombamento;Com Vítimas Feridas;Plena Noite;Crescente;Ignorado;Dupla;"Aclive;Viaduto";Sim;1138126.0;Automóvel;I/NISSAN TIIDA SEDAN 18F;2010.0;Condutor;Ileso;42.0;Masculino;1.0;0.0;0.0;0.0;-5.85758898;-35.21271205;SPRF-RN;DEL01-RN;UOP01-DEL01-RN
634184.0;1421741.0;2024-10-11;sexta-feira;18:00:00;RN;101.0;97;NATAL;Não;Condutor deixou de manter distância do veículo da frente;1;Colisão traseira;Com Vítimas Feridas;Plena Noite;Crescente;Ignorado;Dupla;"Aclive;Viaduto";Sim;1138127.0;Motocicleta;HONDA/CG 160 START;2019.0;Passageiro;Lesões Graves;35.0;Feminino;0.0;0.0;1.0;0.0;-5.85758898;-35.21271205;SPRF-RN;DEL01-RN;UOP01-DEL01-RN
634184.0;1421739.0;2024-10-11;sexta-feira;18:00:00;RN;101.0;97;NATAL;Não;Condutor deixou de manter distância do veículo da frente;1;Colisão traseira;Com Vítimas Feridas;Plena Noite;Crescente;Ignorado;Dupla;"Aclive;Viaduto";Sim;1138127.0;Motocicleta;HONDA/CG 160 START;2019.0;Condutor;Lesões Graves;46.0;Feminino;0.0;0.0;1.0;0.0;-5.85758898;-35.21271205;SPRF-RN;DEL01-RN;UOP01-DEL01-RN
634184.0;1421738.0;2024-10-11;sexta-feira;18:00:00;RN;101.0;97;NATAL;Não;Condutor deixou de manter distância do veículo da frente;1;Colisão traseira;Com Vítimas Feridas;Plena Noite;Crescente;Ignorado;Dupla;"Aclive;Viaduto";Sim;1138126.0;Automóvel;I/NISSAN TIIDA SEDAN 18F;2010.0;Passageiro;Ileso;48.0;Feminino;1.0;0.0;0.0;0.0;-5.85758898;-35.21271205;SPRF-RN;DEL01-RN;UOP01-DEL01-RN
634184.0;1421735.0;2024-10-11;sexta-feira;18:00:00;RN;101.0;97;NATAL;Não;Condutor deixou de manter distância do veículo da frente;1;Colisão traseira;Com Vítimas Feridas;Plena Noite;Crescente;Ignorado;Dupla;"Aclive;Viaduto";Sim;1138126.0;Automóvel;I/NISSAN TIIDA SEDAN 18F;2010.0;Condutor;Ileso;42.0;Masculino;1.0;0.0;0.0;0.0;-5.85758898;-35.21271205;SPRF-RN;DEL01-RN;UOP01-DEL01-RN
634184.0;1421741.0;2024-10-11;sexta-feira;18:00:00;RN;101.0;97;NATAL;Não;Velocidade Incompatível;3;Queda de ocupante de veículo;Com Vítimas Feridas;Plena Noite;Crescente;Ignorado;Dupla;"Aclive;Viaduto";Sim;1138127.0;Motocicleta;HONDA/CG 160 START;2019.0;Passageiro;Lesões Graves;35.0;Feminino;0.0;0.0;1.0;0.0;-5.85758898;-35.21271205;SPRF-RN;DEL01-RN;UOP01-DEL01-RN
634184.0;1421739.0;2024-10-11;sexta-feira;18:00:00;RN;101.0;97;NATAL;Não;Velocidade Incompatível;3;Queda de ocupante de veículo;Com Vítimas Feridas;Plena Noite;Crescente;Ignorado;Dupla;"Aclive;Viaduto";Sim;1138127.0;Motocicleta;HONDA/CG 160 START;2019.0;Condutor;Lesões Graves;46.0;Feminino;0.0;0.0;1.0;0.0;-5.85758898;-35.21271205;SPRF-RN;DEL01-RN;UOP01-DEL01-RN
634184.0;1421738.0;2024-10-11;sexta-feira;18:00:00;RN;101.0;97;NATAL;Não;Velocidade Incompatível;3;Queda de ocupante de veículo;Com Vítimas Feridas;Plena Noite;Crescente;Ignorado;Dupla;"Aclive;Viaduto";Sim;1138126.0;Automóvel;I/NISSAN TIIDA SEDAN 18F;2010.0;Passageiro;Ileso;48.0;Feminino;1.0;0.0;0.0;0.0;-5.85758898;-35.21271205;SPRF-RN;DEL01-RN;UOP01-DEL01-RN
634184.0;1421735.0;2024-10-11;sexta-feira;18:00:00;RN;101.0;97;NATAL;Não;Velocidade Incompatível;3;Queda de ocupante de veículo;Com Vítimas Feridas;Plena Noite;Crescente;Ignorado;Dupla;"Aclive;Viaduto";Sim;1138126.0;Automóvel;I/NISSAN TIIDA SEDAN 18F;2010.0;Condutor;Ileso;42.0;Masculino;1.0;0.0;0.0;0.0;-5.85758898;-35.21271205;SPRF-RN;DEL01-RN;UOP01-DEL01-RN
634184.0;1421741.0;2024-10-11;sexta-feira;18:00:00;RN;101.0;97;NATAL;Não;Velocidade Incompatível;2;Tombamento;Com Vítimas Feridas;Plena Noite;Crescente;Ignorado;Dupla;"Aclive;Viaduto";Sim;1138127.0;Motocicleta;HONDA/CG 160 START;2019.0;Passageiro;Lesões Graves;35.0;Feminino;0.0;0.0;1.0;0.0;-5.85758898;-35.21271205;SPRF-RN;DEL01-RN;UOP01-DEL01-RN
634184.0;1421739.0;2024-10-11;sexta-feira;18:00:00;RN;101.0;97;NATAL;Não;Velocidade Incompatível;2;Tombamento;Com Vítimas Feridas;Plena Noite;Crescente;Ignorado;Dupla;"Aclive;Viaduto";Sim;1138127.0;Motocicleta;HONDA/CG 160 START;2019.0;Condutor;Lesões Graves;46.0;Feminino;0.0;0.0;1.0;0.0;-5.85758898;-35.21271205;SPRF-RN;DEL01-RN;UOP01-DEL01-RN
634184.0;1421738.0;2024-10-11;sexta-feira;18:00:00;RN;101.0;97;NATAL;Não;Velocidade Incompatível;2;Tombamento;Com Vítimas Feridas;Plena Noite;Crescente;Ignorado;Dupla;"Aclive;Viaduto";Sim;1138126.0;Automóvel;I/NISSAN TIIDA SEDAN 18F;2010.0;Passageiro;Ileso;48.0;Feminino;1.0;0.0;0.0;0.0;-5.85758898;-35.21271205;SPRF-RN;DEL01-RN;UOP01-DEL01-RN
634184.0;1421735.0;2024-10-11;sexta-feira;18:00:00;RN;101.0;97;NATAL;Não;Velocidade Incompatível;2;Tombamento;Com Vítimas Feridas;Plena Noite;Crescente;Ignorado;Dupla;"Aclive;Viaduto";Sim;1138126.0;Automóvel;I/NISSAN TIIDA SEDAN 18F;2010.0;Condutor;Ileso;42.0;Masculino;1.0;0.0;0.0;0.0;-5.85758898;-35.21271205;SPRF-RN;DEL01-RN;UOP01-DEL01-RN
634184.0;1421741.0;2024-10-11;sexta-feira;18:00:00;RN;101.0;97;NATAL;Não;Velocidade Incompatível;1;Colisão traseira;Com Vítimas Feridas;Plena Noite;Crescente;Ignorado;Dupla;"Aclive;Viaduto";Sim;1138127.0;Motocicleta;HONDA/CG 160 START;2019.0;Passageiro;Lesões Graves;35.0;Feminino;0.0;0.0;1.0;0.0;-5.85758898;-35.21271205;SPRF-RN;DEL01-RN;UOP01-DEL01-RN
634184.0;1421739.0;2024-10-11;sexta-feira;18:00:00;RN;101.0;97;NATAL;Não;Velocidade Incompatível;1;Colisão traseira;Com Vítimas Feridas;Plena Noite;Crescente;Ignorado;Dupla;"Aclive;Viaduto";Sim;1138127.0;Motocicleta;HONDA/CG 160 START;2019.0;Condutor;Lesões Graves;46.0;Feminino;0.0;0.0;1.0;0.0;-5.85758898;-35.21271205;SPRF-RN;DEL01-RN;UOP01-DEL01-RN
634184.0;1421738.0;2024-10-11;sexta-feira;18:00:00;RN;101.0;97;NATAL;Não;Velocidade Incompatível;1;Colisão traseira;Com Vítimas Feridas;Plena Noite;Crescente;Ignorado;Dupla;"Aclive;Viaduto";Sim;1138126.0;Automóvel;I/NISSAN TIIDA SEDAN 18F;2010.0;Passageiro;Ileso;48.0;Feminino;1.0;0.0;0.0;0.0;-5.85758898;-35.21271205;SPRF-RN;DEL01-RN;UOP01-DEL01-RN
634184.0;1421735.0;2024-10-11;sexta-feira;18:00:00;RN;101.0;97;NATAL;Não;Velocidade Incompatível;1;Colisão traseira;Com Vítimas Feridas;Plena Noite;Crescente;Ignorado;Dupla;"Aclive;Viaduto";Sim;1138126.0;Automóvel;I/NISSAN TIIDA SEDAN 18F;2010.0;Condutor;Ileso;42.0;Masculino;1.0;0.0;0.0;0.0;-5.85758898;-35.21271205;SPRF-RN;DEL01-RN;UOP01-DEL01-RN
634184.0;1421741.0;2024-10-11;sexta-feira;18:00:00;RN;101.0;97;NATAL;Não;Avarias e/ou desgaste excessivo no pneu;3;Queda de ocupante de veículo;Com Vítimas Feridas;Plena Noite;Crescente;Ignorado;Dupla;"Aclive;Viaduto";Sim;1138127.0;Motocicleta;HONDA/CG 160 START;2019.0;Passageiro;Lesões Graves;35.0;Feminino;0.0;0.0;1.0;0.0;-5.85758898;-35.21271205;SPRF-RN;DEL01-RN;UOP01-DEL01-RN
634184.0;1421739.0;2024-10-11;sexta-feira;18:00:00;RN;101.0;97;NATAL;Não;Avarias e/ou desgaste excessivo no pneu;3;Queda de ocupante de veículo;Com Vítimas Feridas;Plena Noite;Crescente;Ignorado;Dupla;"Aclive;Viaduto";Sim;1138127.0;Motocicleta;HONDA/CG 160 START;2019.0;Condutor;Lesões Graves;46.0;Feminino;0.0;0.0;1.0;0.0;-5.85758898;-35.21271205;SPRF-RN;DEL01-RN;UOP01-DEL01-RN
634184.0;1421738.0;2024-10-11;sexta-feira;18:00:00;RN;101.0;97;NATAL;Não;Avarias e/ou desgaste excessivo no pneu;3;Queda de ocupante de veículo;Com Vítimas Feridas;Plena Noite;Crescente;Ignorado;Dupla;"Aclive;Viaduto";Sim;1138126.0;Automóvel;I/NISSAN TIIDA SEDAN 18F;2010.0;Passageiro;Ileso;48.0;Feminino;1.0;0.0;0.0;0.0;-5.85758898;-35.21271205;SPRF-RN;DEL01-RN;UOP01-DEL01-RN
634184.0;1421735.0;2024-10-11;sexta-feira;18:00:00;RN;101.0;97;NATAL;Não;Avarias e/ou desgaste excessivo no pneu;3;Queda de ocupante de veículo;Com Vítimas Feridas;Plena Noite;Crescente;Ignorado;Dupla;"Aclive;Viaduto";Sim;1138126.0;Automóvel;I/NISSAN TIIDA SEDAN 18F;2010.0;Condutor;Ileso;42.0;Masculino;1.0;0.0;0.0;0.0;-5.85758898;-35.21271205;SPRF-RN;DEL01-RN;UOP01-DEL01-RN
634184.0;1421741.0;2024-10-11;sexta-feira;18:00:00;RN;101.0;97;NATAL;Não;Avarias e/ou desgaste excessivo no pneu;2;Tombamento;Com Vítimas Feridas;Plena Noite;Crescente;Ignorado;Dupla;"Aclive;Viaduto";Sim;1138127.0;Motocicleta;HONDA/CG 160 START;2019.0;Passageiro;Lesões Graves;35.0;Feminino;0.0;0.0;1.0;0.0;-5.85758898;-35.21271205;SPRF-RN;DEL01-RN;UOP01-DEL01-RN
634184.0;1421739.0;2024-10-11;sexta-feira;18:00:00;RN;101.0;97;NATAL;Não;Avarias e/ou desgaste excessivo no pneu;2;Tombamento;Com Vítimas Feridas;Plena Noite;Crescente;Ignorado;Dupla;"Aclive;Viaduto";Sim;1138127.0;Motocicleta;HONDA/CG 160 START;2019.0;Condutor;Lesões Graves;46.0;Feminino;0.0;0.0;1.0;0.0;-5.85758898;-35.21271205;SPRF-RN;DEL01-RN;UOP01-DEL01-RN
634184.0;1421738.0;2024-10-11;sexta-feira;18:00:00;RN;101.0;97;NATAL;Não;Avarias e/ou desgaste excessivo no pneu;2;Tombamento;Com Vítimas Feridas;Plena Noite;Crescente;Ignorado;Dupla;"Aclive;Viaduto";Sim;1138126.0;Automóvel;I/NISSAN TIIDA SEDAN 18F;2010.0;Passageiro;Ileso;48.0;Feminino;1.0;0.0;0.0;0.0;-5.85758898;-35.21271205;SPRF-RN;DEL01-RN;UOP01-DEL01-RN
634184.0;1421735.0;2024-10-11;sexta-feira;18:00:00;RN;101.0;97;NATAL;Não;Avarias e/ou desgaste excessivo no pneu;2;Tombamento;Com Vítimas Feridas;Plena Noite;Crescente;Ignorado;Dupla;"Aclive;Viaduto";Sim;1138126.0;Automóvel;I/NISSAN TIIDA SEDAN 18F;2010.0;Condutor;Ileso;42.0;Masculino;1.0;0.0;0.0;0.0;-5.85758898;-35.21271205;SPRF-RN;DEL01-RN;UOP01-DEL01-RN
634184.0;1421741.0;2024-10-11;sexta-feira;18:00:00;RN;101.0;97;NATAL;Não;Avarias e/ou desgaste excessivo no pneu;1;Colisão traseira;Com Vítimas Feridas;Plena Noite;Crescente;Ignorado;Dupla;"Aclive;Viaduto";Sim;1138127.0;Motocicleta;HONDA/CG 160 START;2019.0;Passageiro;Lesões Graves;35.0;Feminino;0.0;0.0;1.0;0.0;-5.85758898;-35.21271205;SPRF-RN;DEL01-RN;UOP01-DEL01-RN
634184.0;1421739.0;2024-10-11;sexta-feira;18:00:00;RN;101.0;97;NATAL;Não;Avarias e/ou desgaste excessivo no pneu;1;Colisão traseira;Com Vítimas Feridas;Plena Noite;Crescente;Ignorado;Dupla;"Aclive;Viaduto";Sim;1138127.0;Motocicleta;HONDA/CG 160 START;2019.0;Condutor;Lesões Graves;46.0;Feminino;0.0;0.0;1.0;0.0;-5.85758898;-35.21271205;SPRF-RN;DEL01-RN;UOP01-DEL01-RN
634184.0;1421738.0;2024-10-11;sexta-feira;18:00:00;RN;101.0;97;NATAL;Não;Avarias e/ou desgaste excessivo no pneu;1;Colisão traseira;Com Vítimas Feridas;Plena Noite;Crescente;Ignorado;Dupla;"Aclive;Viaduto";Sim;1138126.0;Automóvel;I/NISSAN TIIDA SEDAN 18F;2010.0;Passageiro;Ileso;48.0;Feminino;1.0;0.0;0.0;0.0;-5.85758898;-35.21271205;SPRF-RN;DEL01-RN;UOP01-DEL01-RN
634184.0;1421735.0;2024-10-11;sexta-feira;18:00:00;RN;101.0;97;NATAL;Não;Avarias e/ou desgaste excessivo no pneu;1;Colisão traseira;Com Vítimas Feridas;Plena Noite;Crescente;Ignorado;Dupla;"Aclive;Viaduto";Sim;1138126.0;Automóvel;I/NISSAN TIIDA SEDAN 18F;2010.0;Condutor;Ileso;42.0;Masculino;1.0;0.0;0.0;0.0;-5.85758898;-35.21271205;SPRF-RN;DEL01-RN;UOP01-DEL01-RN
634410.0;1422276.0;2024-10-12;sábado;12:00:00;RN;226.0;0;NATAL;Não;Acessar a via sem observar a presença dos outros veículos;1;Colisão transversal;Com Vítimas Feridas;Pleno dia;Crescente;Céu Claro;Simples;Declive;Sim;1138544.0;Motocicleta;MOTTU/SPORT 110I;2023.0;Passageiro;Lesões Leves;20.0;Feminino;0.0;1.0;0.0;0.0;-5.800019;-35.238174;SPRF-RN;DEL01-RN;UOP02-DEL01-RN
634410.0;1422275.0;2024-10-12;sábado;12:00:00;RN;226.0;0;NATAL;Não;Acessar a via sem observar a presença dos outros veículos;1;Colisão transversal;Com Vítimas Feridas;Pleno dia;Crescente;Céu Claro;Simples;Declive;Sim;1138544.0;Motocicleta;MOTTU/SPORT 110I;2023.0;Condutor;Lesões Leves;41.0;Masculino;0.0;1.0;0.0;0.0;-5.800019;-35.238174;SPRF-RN;DEL01-RN;UOP02-DEL01-RN
634410.0;1422277.0;2024-10-12;sábado;12:00:00;RN;226.0;0;NATAL;Não;Acessar a via sem observar a presença dos outros veículos;1;Colisão transversal;Com Vítimas Feridas;Pleno dia;Crescente;Céu Claro;Simples;Declive;Sim;1138546.0;Caminhonete;NISSAN/FRONTIER 4X4 SE;2003.0;Condutor;Ileso;62.0;Masculino;1.0;0.0;0.0;0.0;-5.800019;-35.238174;SPRF-RN;DEL01-RN;UOP02-DEL01-RN
634410.0;1422276.0;2024-10-12;sábado;12:00:00;RN;226.0;0;NATAL;Sim;Manobra de mudança de faixa;1;Colisão transversal;Com Vítimas Feridas;Pleno dia;Crescente;Céu Claro;Simples;Declive;Sim;1138544.0;Motocicleta;MOTTU/SPORT 110I;2023.0;Passageiro;Lesões Leves;20.0;Feminino;0.0;1.0;0.0;0.0;-5.800019;-35.238174;SPRF-RN;DEL01-RN;UOP02-DEL01-RN
634410.0;1422275.0;2024-10-12;sábado;12:00:00;RN;226.0;0;NATAL;Sim;Manobra de mudança de faixa;1;Colisão transversal;Com Vítimas Feridas;Pleno dia;Crescente;Céu Claro;Simples;Declive;Sim;1138544.0;Motocicleta;MOTTU/SPORT 110I;2023.0;Condutor;Lesões Leves;41.0;Masculino;0.0;1.0;0.0;0.0;-5.800019;-35.238174;SPRF-RN;DEL01-RN;UOP02-DEL01-RN