id;pesid;data_inversa;dia_semana;horario;uf;br;km;municipio;causa_principal;causa_acidente;ordem_tipo_acidente;tipo_acidente;classificacao_acidente;fase_dia;sentido_via;condicao_metereologica;tipo_pista;tracado_via;uso_solo;id_veiculo;tipo_veiculo;marca;ano_fabricacao_veiculo;tipo_envolvido;estado_fisico;idade;sexo;ilesos;feridos_leves;feridos_graves;mortos;latitude;longitude;regional;delegacia;uop
636910.0;1428695.0;2024-10-23;quarta-feira;16:50:00;RN;101.0;95,2;NATAL;Não;Frear bruscamente;1;Colisão traseira;Sem Vítimas;Anoitecer;Crescente;Céu Claro;Dupla;Reta;Sim;1143455.0;Automóvel;RENAULT/SANDERO EXP 16;2011.0;Condutor;Ileso;43.0;Masculino;1.0;0.0;0.0;0.0;-5.84949622;-35.20890752;SPRF-RN;DEL01-RN;UOP01-DEL01-RN
636910.0;1428696.0;2024-10-23;quarta-feira;16:50:00;RN;101.0;95,2;NATAL;Não;Ausência de reação do condutor;1;Colisão traseira;Sem Vítimas;Anoitecer;Crescente;Céu Claro;Dupla;Reta;Sim;1143455.0;Automóvel;RENAULT/SANDERO EXP 16;2011.0;Passageiro;Ileso;35.0;Feminino;1.0;0.0;0.0;0.0;-5.84949622;-35.20890752;SPRF-RN;DEL01-RN;UOP01-DEL01-RN
636910.0;1428697.0;2024-10-23;quarta-feira;16:50:00;RN;101.0;95,2;NATAL;Não;Ausência de reação do condutor;1;Colisão traseira;Sem Vítimas;Anoitecer;Crescente;Céu Claro;Dupla;Reta;Sim;1143455.0;Automóvel;RENAULT/SANDERO EXP 16;2011.0;Passageiro;Ileso;14.0;Masculino;1.0;0.0;0.0;0.0;-5.84949622;-35.20890752;SPRF-RN;DEL01-RN;UOP01-DEL01-RN
636910.0;1428698.0;2024-10-23;quarta-feira;16:50:00;RN;101.0;95,2;NATAL;Não;Ausência de reação do condutor;1;Colisão traseira;Sem Vítimas;Anoitecer;Crescente;Céu Claro;Dupla;Reta;Sim;1143455.0;Automóvel;RENAULT/SANDERO EXP 16;2011.0;Passageiro;Ileso;4.0;Feminino;1.0;0.0;0.0;0.0;-5.84949622;-35.20890752;SPRF-RN;DEL01-RN;UOP01-DEL01-RN
636910.0;1428695.0;2024-10-23;quarta-feira;16:50:00;RN;101.0;95,2;NATAL;Não;Ausência de reação do condutor;1;Colisão traseira;Sem Vítimas;Anoitecer;Crescente;Céu Claro;Dupla;Reta;Sim;1143455.0;Automóvel;RENAULT/SANDERO EXP 16;2011.0;Condutor;Ileso;43.0;Masculino;1.0;0.0;0.0;0.0;-5.84949622;-35.20890752;SPRF-RN;DEL01-RN;UOP01-DEL01-RN
637608.0;1430369.0;2024-10-26;sábado;19:00:00;RN;101.0;99;NATAL;Sim;Ingestão de álcool pelo condutor;1;Engavetamento;Sem Vítimas;Plena Noite;Crescente;Céu Claro;Dupla;Reta;Sim;1144791.0;Automóvel;VW/GOL 1.6;2010.0;Condutor;Ileso;27.0;Masculino;1.0;0.0;0.0;0.0;-5.87359183;-35.22063023;SPRF-RN;DEL01-RN;UOP01-DEL01-RN
637608.0;1430364.0;2024-10-26;sábado;19:00:00;RN;101.0;99;NATAL;Sim;Ingestão de álcool pelo condutor;1;Engavetamento;Sem Vítimas;Plena Noite;Crescente;Céu Claro;Dupla;Reta;Sim;1144789.0;Automóvel;I/RENAULT CLIO EXP1016VH;2015.0;Condutor;Ileso;26.0;Masculino;1.0;0.0;0.0;0.0;-5.87359183;-35.22063023;SPRF-RN;DEL01-RN;UOP01-DEL01-RN
637608.0;1430360.0;2024-10-26;sábado;19:00:00;RN;101.0;99;NATAL;Sim;Ingestão de álcool pelo condutor;1;Engavetamento;Sem Vítimas;Plena Noite;Crescente;Céu Claro;Dupla;Reta;Sim;1144784.0;Automóvel;FIAT/PALIO WK ATTRAC 1.4;2010.0;Condutor;Ileso;51.0;Masculino;1.0;0.0;0.0;0.0;-5.87359183;-35.22063023;SPRF-RN;DEL01-RN;UOP01-DEL01-RN
637802.0;1431741.0;2024-10-27;domingo;16:46:00;RN;101.0;84;NATAL;Sim;Reação tardia ou ineficiente do condutor;2;Colisão traseira;Com Vítimas Feridas;Pleno dia;Crescente;Garoa/Chuvisco;Dupla;Reta;Sim;1145868.0;Automóvel;Não Informado/Não Informado;0.0;Condutor;Não Informado;;Não Informado;0.0;0.0;0.0;0.0;-5.774175;-35.2578;SPRF-RN;DEL02-RN;UOP01-DEL02-RN
637802.0;1430880.0;2024-10-27;domingo;16:46:00;RN;101.0;84;NATAL;Sim;Reação tardia ou ineficiente do condutor;2;Colisão traseira;Com Vítimas Feridas;Pleno dia;Crescente;Garoa/Chuvisco;Dupla;Reta;Sim;1145156.0;Automóvel;GM/CORSA CLASSIC;2004.0;Condutor;Ileso;27.0;Masculino;1.0;0.0;0.0;0.0;-5.774175;-35.2578;SPRF-RN;DEL02-RN;UOP01-DEL02-RN
637802.0;1430879.0;2024-10-27;domingo;16:46:00;RN;101.0;84;NATAL;Sim;Reação tardia ou ineficiente do condutor;2;Colisão traseira;Com Vítimas Feridas;Pleno dia;Crescente;Garoa/Chuvisco;Dupla;Reta;Sim;1145155.0;Automóvel;PEUGEOT/206 14 PRESENC;2005.0;Passageiro;Lesões Leves;52.0;Feminino;0.0;1.0;0.0;0.0;-5.774175;-35.2578;SPRF-RN;DEL02-RN;UOP01-DEL02-RN
637802.0;1430877.0;2024-10-27;domingo;16:46:00;RN;101.0;84;NATAL;Sim;Reação tardia ou ineficiente do condutor;2;Colisão traseira;Com Vítimas Feridas;Pleno dia;Crescente;Garoa/Chuvisco;Dupla;Reta;Sim;1145155.0;Automóvel;PEUGEOT/206 14 PRESENC;2005.0;Condutor;Ileso;70.0;Masculino;1.0;0.0;0.0;0.0;-5.774175;-35.2578;SPRF-RN;DEL02-RN;UOP01-DEL02-RN
637802.0;1431741.0;2024-10-27;domingo;16:46:00;RN;101.0;84;NATAL;Sim;Reação tardia ou ineficiente do condutor;1;Colisão traseira;Com Vítimas Feridas;Pleno dia;Crescente;Garoa/Chuvisco;Dupla;Reta;Sim;1145868.0;Automóvel;Não Informado/Não Informado;0.0;Condutor;Não Informado;;Não Informado;0.0;0.0;0.0;0.0;-5.774175;-35.2578;SPRF-RN;DEL02-RN;UOP01-DEL02-RN
637802.0;1430880.0;2024-10-27;domingo;16:46:00;RN;101.0;84;NATAL;Sim;Reação tardia ou ineficiente do condutor;1;Colisão traseira;Com Vítimas Feridas;Pleno dia;Crescente;Garoa/Chuvisco;Dupla;Reta;Sim;1145156.0;Automóvel;GM/CORSA CLASSIC;2004.0;Condutor;Ileso;27.0;Masculino;1.0;0.0;0.0;0.0;-5.774175;-35.2578;SPRF-RN;DEL02-RN;UOP01-DEL02-RN
637802.0;1430879.0;2024-10-27;domingo;16:46:00;RN;101.0;84;NATAL;Sim;Reação tardia ou ineficiente do condutor;1;Colisão traseira;Com Vítimas Feridas;Pleno dia;Crescente;Garoa/Chuvisco;Dupla;Reta;Sim;1145155.0;Automóvel;PEUGEOT/206 14 PRESENC;2005.0;Passageiro;Lesões Leves;52.0;Feminino;0.0;1.0;0.0;0.0;-5.774175;-35.2578;SPRF-RN;DEL02-RN;UOP01-DEL02-RN
637802.0;1430877.0;2024-10-27;domingo;16:46:00;RN;101.0;84;NATAL;Sim;Reação tardia ou ineficiente do condutor;1;Colisão traseira;Com Vítimas Feridas;Pleno dia;Crescente;Garoa/Chuvisco;Dupla;Reta;Sim;1145155.0;Automóvel;PEUGEOT/206 14 PRESENC;2005.0;Condutor;Ileso;70.0;Masculino;1.0;0.0;0.0;0.0;-5.774175;-35.2578;SPRF-RN;DEL02-RN;UOP01-DEL02-RN
637860.0;1431635.0;2024-10-27;domingo;20:45:00;RN;101.0;84;NATAL;Sim;Manobra de mudança de faixa;1;Colisão traseira;Sem Vítimas;Plena Noite;Decrescente;Céu Claro;Dupla;Reta;Sim;1145770.0;Motocicleta;HONDA/CG 125 FAN KS;2013.0;Condutor;Ileso;;Masculino;1.0;0.0;0.0;0.0;-5.774175;-35.2578;SPRF-RN;DEL02-RN;UOP01-DEL02-RN
637860.0;1431636.0;2024-10-27;domingo;20:45:00;RN;101.0;84;NATAL;Sim;Manobra de mudança de faixa;1;Colisão traseira;Sem Vítimas;Plena Noite;Decrescente;Céu Claro;Dupla;Reta;Sim;1145769.0;Automóvel;CHEVROLET/ONIX 1.4MT LT;2014.0;Passageiro;Ileso;35.0;Feminino;1.0;0.0;0.0;0.0;-5.774175;-35.2578;SPRF-RN;DEL02-RN;UOP01-DEL02-RN
637860.0;1431634.0;2024-10-27;domingo;20:45:00;RN;101.0;84;NATAL;Sim;Manobra de mudança de faixa;1;Colisão traseira;Sem Vítimas;Plena Noite;Decrescente;Céu Claro;Dupla;Reta;Sim;1145769.0;Automóvel;CHEVROLET/ONIX 1.4MT LT;2014.0;Condutor;Ileso;35.0;Masculino;1.0;0.0;0.0;0.0;-5.774175;-35.2578;SPRF-RN;DEL02-RN;UOP01-DEL02-RN
638007.0;1431573.0;2024-10-28;segunda-feira;14:21:00;RN;101.0;96,8;NATAL;Sim;Condutor deixou de manter distância do veículo da frente;1;Colisão traseira;Com Vítimas Feridas;Pleno dia;Crescente;Céu Claro;Dupla;Reta;Sim;1145590.0;Ônibus;VW/INDUSCAR APACHE U;2011.0;Passageiro;Lesões Leves;28.0;Feminino;0.0;1.0;0.0;0.0;-5.84949622;-35.20890752;SPRF-RN;DEL01-RN;UOP01-DEL01-RN
638007.0;1431388.0;2024-10-28;segunda-feira;14:21:00;RN;101.0;96,8;NATAL;Sim;Condutor deixou de manter distância do veículo da frente;1;Colisão traseira;Com Vítimas Feridas;Pleno dia;Crescente;Céu Claro;Dupla;Reta;Sim;1145590.0;Ônibus;VW/INDUSCAR APACHE U;2011.0;Condutor;Ileso;51.0;Masculino;1.0;0.0;0.0;0.0;-5.84949622;-35.20890752;SPRF-RN;DEL01-RN;UOP01-DEL01-RN
638007.0;1431387.0;2024-10-28;segunda-feira;14:21:00;RN;101.0;96,8;NATAL;Sim;Condutor deixou de manter distância do veículo da frente;1;Colisão traseira;Com Vítimas Feridas;Pleno dia;Crescente;Céu Claro;Dupla;Reta;Sim;1145589.0;Ônibus;VW/INDUSCAR APACHE U;2012.0;Condutor;Ileso;43.0;Masculino;1.0;0.0;0.0;0.0;-5.84949622;-35.20890752;SPRF-RN;DEL01-RN;UOP01-DEL01-RN
638324.0;1432152.0;2024-10-30;quarta-feira;06:45:00;RN;226.0;1,3;NATAL;Não;Redutor de velocidade em desacordo;2;Tombamento;Com Vítimas Feridas;Pleno dia;Crescente;Nublado;Simples;"Reta;Em Obras";Sim;1146196.0;Motocicleta;HONDA/CG 160 TITAN;2021.0;Condutor;Ileso;31.0;Masculino;1.0;0.0;0.0;0.0;-5.80642132;-35.24167278;SPRF-RN;DEL01-RN;UOP02-DEL01-RN
638324.0;1432148.0;2024-10-30;quarta-feira;06:45:00;RN;226.0;1,3;NATAL;Não;Redutor de velocidade em desacordo;2;Tombamento;Com Vítimas Feridas;Pleno dia;Crescente;Nublado;Simples;"Reta;Em Obras";Sim;1146198.0;Motocicleta;YAMAHA/XTZ150 CROSSER ED;2014.0;Condutor;Lesões Leves;42.0;Masculino;0.0;1.0;0.0;0.0;-5.80642132;-35.24167278;SPRF-RN;DEL01-RN;UOP02-DEL01-RN
638324.0;1432152.0;2024-10-30;quarta-feira;06:45:00;RN;226.0;1,3;NATAL;Não;Redutor de velocidade em desacordo;1;Colisão transversal;Com Vítimas Feridas;Pleno dia;Crescente;Nublado;Simples;"Reta;Em Obras";Sim;1146196.0;Motocicleta;HONDA/CG 160 TITAN;2021.0;Condutor;Ileso;31.0;Masculino;1.0;0.0;0.0;0.0;-5.80642132;-35.24167278;SPRF-RN;DEL01-RN;UOP02-DEL01-RN
638324.0;1432148.0;2024-10-30;quarta-feira;06:45:00;RN;226.0;1,3;NATAL;Não;Redutor de velocidade em desacordo;1;Colisão transversal;Com Vítimas Feridas;Pleno dia;Crescente;Nublado;Simples;"Reta;Em Obras";Sim;1146198.0;Motocicleta;YAMAHA/XTZ150 CROSSER ED;2014.0;Condutor;Lesões Leves;42.0;Masculino;0.0;1.0;0.0;0.0;-5.80642132;-35.24167278;SPRF-RN;DEL01-RN;UOP02-DEL01-RN
638324.0;1432152.0;2024-10-30;quarta-feira;06:45:00;RN;226.0;1,3;NATAL;Não;Demais falhas na via;2;Tombamento;Com Vítimas Feridas;Pleno dia;Crescente;Nublado;Simples;"Reta;Em Obras";Sim;1146196.0;Motocicleta;HONDA/CG 160 TITAN;2021.0;Condutor;Ileso;31.0;Masculino;1.0;0.0;0.0;0.0;-5.80642132;-35.24167278;SPRF-RN;DEL01-RN;UOP02-DEL01-RN
638324.0;1432148.0;2024-10-30;quarta-feira;06:45:00;RN;226.0;1,3;NATAL;Não;Demais falhas na via;2;Tombamento;Com Vítimas Feridas;Pleno dia;Crescente;Nublado;Simples;"Reta;Em Obras";Sim;1146198.0;Motocicleta;YAMAHA/XTZ150 CROSSER ED;2014.0;Condutor;Lesões Leves;42.0;Masculino;0.0;1.0;0.0;0.0;-5.80642132;-35.24167278;SPRF-RN;DEL01-RN;UOP02-DEL01-RN
638324.0;1432152.0;2024-10-30;quarta-feira;06:45:00;RN;226.0;1,3;NATAL;Não;Demais falhas na via;1;Colisão transversal;Com Vítimas Feridas;Pleno dia;Crescente;Nublado;Simples;"Reta;Em Obras";Sim;1146196.0;Motocicleta;HONDA/CG 160 TITAN;2021.0;Condutor;Ileso;31.0;Masculino;1.0;0.0;0.0;0.0;-5.80642132;-35.24167278;SPRF-RN;DEL01-RN;UOP02-DEL01-RN
638324.0;1432148.0;2024-10-30;quarta-feira;06:45:00;RN;226.0;1,3;NATAL;Não;Demais falhas na via;1;Colisão transversal;Com Vítimas Feridas;Pleno dia;Crescente;Nublado;Simples;"Reta;Em Obras";Sim;1146198.0;Motocicleta;YAMAHA/XTZ150 CROSSER ED;2014.0;Condutor;Lesões Leves;42.0;Masculino;0.0;1.0;0.0;0.0;-5.80642132;-35.24167278;SPRF-RN;DEL01-RN;UOP02-DEL01-RN
638324.0;1432152.0;2024-10-30;quarta-feira;06:45:00;RN;226.0;1,3;NATAL;Sim;Acessar a via sem observar a presença dos outros veículos;2;Tombamento;Com Vítimas Feridas;Pleno dia;Crescente;Nublado;Simples;"Reta;Em Obras";Sim;1146196.0;Motocicleta;HONDA/CG 160 TITAN;2021.0;Condutor;Ileso;31.0;Masculino;1.0;0.0;0.0;0.0;-5.80642132;-35.24167278;SPRF-RN;DEL01-RN;UOP02-DEL01-RN
638324.0;1432148.0;2024-10-30;quarta-feira;06:45:00;RN;226.0;1,3;NATAL;Sim;Acessar a via sem observar a presença dos outros veículos;2;Tombamento;Com Vítimas Feridas;Pleno dia;Crescente;Nublado;Simples;"Reta;Em Obras";Sim;1146198.0;Motocicleta;YAMAHA/XTZ150 CROSSER ED;2014.0;Condutor;Lesões Leves;42.0;Masculino;0.0;1.0;0.0;0.0;-5.80642132;-35.24167278;SPRF-RN;DEL01-RN;UOP02-DEL01-RN
638324.0;1432152.0;2024-10-30;quarta-feira;06:45:00;RN;226.0;1,3;NATAL;Sim;Acessar a via sem observar a presença dos outros veículos;1;Colisão transversal;Com Vítimas Feridas;Pleno dia;Crescente;Nublado;Simples;"Reta;Em Obras";Sim;1146196.0;Motocicleta;HONDA/CG 160 TITAN;2021.0;Condutor;Ileso;31.0;Masculino;1.0;0.0;0.0;0.0;-5.80642132;-35.24167278;SPRF-RN;DEL01-RN;UOP02-DEL01-RN
638324.0;1432148.0;2024-10-30;quarta-feira;06:45:00;RN;226.0;1,3;NATAL;Sim;Acessar a via sem observar a presença dos outros veículos;1;Colisão transversal;Com Vítimas Feridas;Pleno dia;Crescente;Nublado;Simples;"Reta;Em Obras";Sim;1146198.0;Motocicleta;YAMAHA/XTZ150 CROSSER ED;2014.0;Condutor;Lesões Leves;42.0;Masculino;0.0;1.0;0.0;0.0;-5.80642132;-35.24167278;SPRF-RN;DEL01-RN;UOP02-DEL01-RN
638352.0;1432276.0;2024-10-30;quarta-feira;08:17:00;RN;101.0;98;NATAL;Sim;Pedestre - Ingestão de álcool/ substâncias psicoativas;1;Atropelamento de Pedestre;Com Vítimas Feridas;Pleno dia;Crescente;Sol;Dupla;Aclive;Sim;1146314.0;Caminhonete;VW/NOVA SAVEIRO RB MBVS;2021.0;Condutor;Ileso;40.0;Masculino;1.0;0.0;0.0;0.0;-5.86567888;-35.21651625;SPRF-RN;DEL01-RN;UOP01-DEL01-RN
638352.0;1432277.0;2024-10-30;quarta-feira;08:17:00;RN;101.0;98;NATAL;Sim;Pedestre - Ingestão de álcool/ substâncias psicoativas;1;Atropelamento de Pedestre;Com Vítimas Feridas;Pleno dia;Crescente;Sol;Dupla;Aclive;Sim;;;NA/NA;;Pedestre;Lesões Leves;67.0;Masculino;0.0;1.0;0.0;0.0;-5.86567888;-35.21651625;SPRF-RN;DEL01-RN;UOP01-DEL01-RN
638378.0;1432274.0;2024-10-30;quarta-feira;12:07:00;RN;101.0;97;NATAL;Sim;Condutor deixou de manter distância do veículo da frente;1;Colisão traseira;Com Vítimas Feridas;Pleno dia;Decrescente;Céu Claro;Dupla;Aclive;Não;1146316.0;Automóvel;FIAT/UNO ECONOMY;2013.0;Condutor;Ileso;36.0;Feminino;1.0;0.0;0.0;0.0;-5.85758898;-35.21271205;SPRF-RN;DEL01-RN;UOP01-DEL01-RN
638378.0;1432273.0;2024-10-30;quarta-feira;12:07:00;RN;101.0;97;NATAL;Sim;Condutor deixou de manter distância do veículo da frente;1;Colisão traseira;Com Vítimas Feridas;Pleno dia;Decrescente;Céu Claro;Dupla;Aclive;Não;1146315.0;Motocicleta;HONDA/CG 125 CARGO;2002.0;Condutor;Lesões Leves;31.0;Masculino;0.0;1.0;0.0;0.0;-5.85758898;-35.21271205;SPRF-RN;DEL01-RN;UOP01-DEL01-RN
638419.0;1432647.0;2024-10-30;quarta-feira;15:45:00;RN;226.0;2,9;NATAL;Sim;Condutor deixou de manter distância do veículo da frente;3;Tombamento;Com Vítimas Feridas;Pleno dia;Decrescente;Sol;Simples;Reta;Sim;1146625.0;Automóvel;TOYOTA/ETIOS SD X;2014.0;Condutor;Ileso;67.0;Masculino;1.0;0.0;0.0;0.0;-5.81364934;-35.2466547;SPRF-RN;DEL01-RN;UOP02-DEL01-RN
638419.0;1432646.0;2024-10-30;quarta-feira;15:45:00;RN;226.0;2,9;NATAL;Sim;Condutor deixou de manter distância do veículo da frente;3;Tombamento;Com Vítimas Feridas;Pleno dia;Decrescente;Sol;Simples;Reta;Sim;1146624.0;Motocicleta;HONDA/CG 125 TITAN;1999.0;Condutor;Lesões Leves;36.0;Masculino;0.0;1.0;0.0;0.0;-5.81364934;-35.2466547;SPRF-RN;DEL01-RN;UOP02-DEL01-RN
638419.0;1432647.0;2024-10-30;quarta-feira;15:45:00;RN;226.0;2,9;NATAL;Sim;Condutor deixou de manter distância do veículo da frente;2;Queda de ocupante de veículo;Com Vítimas Feridas;Pleno dia;Decrescente;Sol;Simples;Reta;Sim;1146625.0;Automóvel;TOYOTA/ETIOS SD X;2014.0;Condutor;Ileso;67.0;Masculino;1.0;0.0;0.0;0.0;-5.81364934;-35.2466547;SPRF-RN;DEL01-RN;UOP02-DEL01-RN
638419.0;1432646.0;2024-10-30;quarta-feira;15:45:00;RN;226.0;2,9;NATAL;Sim;Condutor deixou de manter distância do veículo da frente;2;Queda de ocupante de veículo;Com Vítimas Feridas;Pleno dia;Decrescente;Sol;Simples;Reta;Sim;1146624.0;Motocicleta;HONDA/CG 125 TITAN;1999.0;Condutor;Lesões Leves;36.0;Masculino;0.0;1.0;0.0;0.0;-5.81364934;-35.2466547;SPRF-RN;DEL01-RN;UOP02-DEL01-RN
638419.0;1432647.0;2024-10-30;quarta-feira;15:45:00;RN;226.0;2,9;NATAL;Sim;Condutor deixou de manter distância do veículo da frente;1;Colisão traseira;Com Vítimas Feridas;Pleno dia;Decrescente;Sol;Simples;Reta;Sim;1146625.0;Automóvel;TOYOTA/ETIOS SD X;2014.0;Condutor;Ileso;67.0;Masculino;1.0;0.0;0.0;0.0;-5.81364934;-35.2466547;SPRF-RN;DEL01-RN;UOP02-DEL01-RN
638419.0;1432646.0;2024-10-30;quarta-feira;15:45:00;RN;226.0;2,9;NATAL;Sim;Condutor deixou de manter distância do veículo da frente;1;Colisão traseira;Com Vítimas Feridas;Pleno dia;Decrescente;Sol;Simples;Reta;Sim;1146624.0;Motocicleta;HONDA/CG 125 TITAN;1999.0;Condutor;Lesões Leves;36.0;Masculino;0.0;1.0;0.0;0.0;-5.81364934;-35.2466547;SPRF-RN;DEL01-RN;UOP02-DEL01-RN
638878.0;1433427.0;2024-11-01;sexta-feira;20:22:00;RN;101.0;97;NATAL;Não;Reação tardia ou ineficiente do condutor;1;Colisão traseira;Com Vítimas Feridas;Plena Noite;Decrescente;Céu Claro;Múltipla;"Reta;Interseção de Vias";Sim;1147280.0;Motocicleta;MOTTU/SPORT 110I;2023.0;Condutor;Lesões Leves;37.0;Masculino;0.0;1.0;0.0;0.0;-5.85758898;-35.21271205;SPRF-RN;DEL01-RN;UOP01-DEL01-RN
638878.0;1435429.0;2024-11-01;sexta-feira;20:22:00;RN;101.0;97;NATAL;Não;Reação tardia ou ineficiente do condutor;1;Colisão traseira;Com Vítimas Feridas;Plena Noite;Decrescente;Céu Claro;Múltipla;"Reta;Interseção de Vias";Sim;1147278.0;Automóvel;FIAT/UNO EVOLUTION 1.4;2014.0;Passageiro;Ileso;11.0;Masculino;1.0;0.0;0.0;0.0;-5.85758898;-35.21271205;SPRF-RN;DEL01-RN;UOP01-DEL01-RN
638878.0;1435421.0;2024-11-01;sexta-feira;20:22:00;RN;101.0;97;NATAL;Não;Reação tardia ou ineficiente do condutor;1;Colisão traseira;Com Vítimas Feridas;Plena Noite;Decrescente;Céu Claro;Múltipla;"Reta;Interseção de Vias";Sim;1147278.0;Automóvel;FIAT/UNO EVOLUTION 1.4;2014.0;Passageiro;Ileso;37.0;Feminino;1.0;0.0;0.0;0.0;-5.85758898;-35.21271205;SPRF-RN;DEL01-RN;UOP01-DEL01-RN
638878.0;1433424.0;2024-11-01;sexta-feira;20:22:00;RN;101.0;97;NATAL;Não;Reação tardia ou ineficiente do condutor;1;Colisão traseira;Com Vítimas Feridas;Plena Noite;Decrescente;Céu Claro;Múltipla;"Reta;Interseção de Vias";Sim;1147278.0;Automóvel;FIAT/UNO EVOLUTION 1.4;2014.0;Condutor;Ileso;37.0;Masculino;1.0;0.0;0.0;0.0;-5.85758898;-35.21271205;SPRF-RN;DEL01-RN;UOP01-DEL01-RN
638878.0;1433427.0;2024-11-01;sexta-feira;20:22:00;RN;101.0;97;NATAL;Sim;Condutor deixou de manter distância do veículo da frente;1;Colisão traseira;Com Vítimas Feridas;Plena Noite;Decrescente;Céu Claro;Múltipla;"Reta;Interseção de Vias";Sim;1147280.0;Motocicleta;MOTTU/SPORT 110I;2023.0;Condutor;Lesões Leves;37.0;Masculino;0.0;1.0;0.0;0.0;-5.85758898;-35.21271205;SPRF-RN;DEL01-RN;UOP01-DEL01-RN
638878.0;1435429.0;2024-11-01;sexta-feira;20:22:00;RN;101.0;97;NATAL;Sim;Condutor deixou de manter distância do veículo da frente;1;Colisão traseira;Com Vítimas Feridas;Plena Noite;Decrescente;Céu Claro;Múltipla;"Reta;Interseção de Vias";Sim;1147278.0;Automóvel;FIAT/UNO EVOLUTION 1.4;2014.0;Passageiro;Ileso;11.0;Masculino;1.0;0.0;0.0;0.0;-5.85758898;-35.21271205;SPRF-RN;DEL01-RN;UOP01-DEL01-RN
638878.0;1435421.0;2024-11-01;sexta-feira;20:22:00;RN;101.0;97;NATAL;Sim;Condutor deixou de manter distância do veículo da frente;1;Colisão traseira;Com Vítimas Feridas;Plena Noite;Decrescente;Céu Claro;Múltipla;"Reta;Interseção de Vias";Sim;1147278.0;Automóvel;FIAT/UNO EVOLUTION 1.4;2014.0;Passageiro;Ileso;37.0;Feminino;1.0;0.0;0.0;0.0;-5.85758898;-35.21271205;SPRF-RN;DEL01-RN;UOP01-DEL01-RN
638878.0;1433424.0;2024-11-01;sexta-feira;20:22:00;RN;101.0;97;NATAL;Sim;Condutor deixou de manter distância do veículo da frente;1;Colisão traseira;Com Vítimas Feridas;Plena Noite;Decrescente;Céu Claro;Múltipla;"Reta;Interseção de Vias";Sim;1147278.0;Automóvel;FIAT/UNO EVOLUTION 1.4;2014.0;Condutor;Ileso;37.0;Masculino;1.0;0.0;0.0;0.0;-5.85758898;-35.21271205;SPRF-RN;DEL01-RN;UOP01-DEL01-RN
638884.0;1434823.0;2024-11-01;sexta-feira;21:30:00;RN;101.0;98;NATAL;Sim;Mal súbito do condutor;1;Colisão com objeto;Com Vítimas Fatais;Plena Noite;Decrescente;Céu Claro;Dupla;Reta;Sim;1148339.0;Automóvel;HONDA/FIT LX;2006.0;Condutor;Óbito;39.0;Masculino;0.0;0.0;0.0;1.0;-5.86567888;-35.21651625;SPRF-RN;DEL01-RN;UOP01-DEL01-RN
638892.0;1433542.0;2024-11-01;sexta-feira;21:39:00;RN;101.0;96;NATAL;Sim;Condutor deixou de manter distância do veículo da frente;1;Colisão traseira;Com Vítimas Feridas;Plena Noite;Decrescente;Céu Claro;Múltipla;Reta;Sim;1147374.0;Motocicleta;HONDA/NXR150 BROS KS;2011.0;Condutor;Lesões Leves;29.0;Masculino;0.0;1.0;0.0;0.0;-5.84949622;-35.20890752;SPRF-RN;DEL01-RN;UOP01-DEL01-RN
638892.0;1433543.0;2024-11-01;sexta-feira;21:39:00;RN;101.0;96;NATAL;Sim;Condutor deixou de manter distância do veículo da frente;1;Colisão traseira;Com Vítimas Feridas;Plena Noite;Decrescente;Céu Claro;Múltipla;Reta;Sim;1147373.0;Automóvel;HONDA/FIT LX FLEX;2008.0;Condutor;Ileso;30.0;Feminino;1.0;0.0;0.0;0.0;-5.84949622;-35.20890752;SPRF-RN;DEL01-RN;UOP01-DEL01-RN
639517.0;1435122.0;2024-11-04;segunda-feira;12:48:00;RN;101.0;97;NATAL;Sim;Acessar a via sem observar a presença dos outros veículos;1;Colisão lateral mesmo sentido;Com Vítimas Feridas;Pleno dia;Crescente;Céu Claro;Dupla;Interseção de Vias;Sim;1148569.0;Automóvel;CHEV/ONIX 10MT LT2;2020.0;Condutor;Ileso;26.0;Feminino;1.0;0.0;0.0;0.0;-5.85758898;-35.21271205;SPRF-RN;DEL01-RN;UOP01-DEL01-RN
639517.0;1435125.0;2024-11-04;segunda-feira;12:48:00;RN;101.0;97;NATAL;Sim;Acessar a via sem observar a presença dos outros veículos;1;Colisão lateral mesmo sentido;Com Vítimas Feridas;Pleno dia;Crescente;Céu Claro;Dupla;Interseção de Vias;Sim;1148568.0;Motocicleta;HONDA/CG 160 START;2017.0;Condutor;Lesões Graves;28.0;Masculino;0.0;0.0;1.0;0.0;-5.85758898;-35.21271205;SPRF-RN;DEL01-RN;UOP01-DEL01-RN
639658.0;1435224.0;2024-11-05;terça-feira;04:00:00;RN;101.0;85,5;NATAL;Não;Deficiência do Sistema de Iluminação/Sinalização;3;Queda de ocupante de veículo;Com Vítimas Feridas;Plena Noite;Crescente;Céu Claro;Simples;Ponte;Sim;1148647.0;Motocicleta;YAMAHA/FZ25 FAZER;2021.0;Condutor;Lesões Leves;48.0;Masculino;0.0;1.0;0.0;0.0;-5.78129266;-35.24784589;SPRF-RN;DEL02-RN;UOP01-DEL02-RN