id;pesid;data_inversa;dia_semana;horario;uf;br;km;municipio;causa_principal;causa_acidente;ordem_tipo_acidente;tipo_acidente;classificacao_acidente;fase_dia;sentido_via;condicao_metereologica;tipo_pista;tracado_via;uso_solo;id_veiculo;tipo_veiculo;marca;ano_fabricacao_veiculo;tipo_envolvido;estado_fisico;idade;sexo;ilesos;feridos_leves;feridos_graves;mortos;latitude;longitude;regional;delegacia;uop
639658.0;1435226.0;2024-11-05;terça-feira;04:00:00;RN;101.0;85,5;NATAL;Não;Deficiência do Sistema de Iluminação/Sinalização;3;Queda de ocupante de veículo;Com Vítimas Feridas;Plena Noite;Crescente;Céu Claro;Simples;Ponte;Sim;;;NA/NA;;Pedestre;Lesões Graves;;Masculino;0.0;0.0;1.0;0.0;-5.78129266;-35.24784589;SPRF-RN;DEL02-RN;UOP01-DEL02-RN
639658.0;1435224.0;2024-11-05;terça-feira;04:00:00;RN;101.0;85,5;NATAL;Não;Deficiência do Sistema de Iluminação/Sinalização;2;Tombamento;Com Vítimas Feridas;Plena Noite;Crescente;Céu Claro;Simples;Ponte;Sim;1148647.0;Motocicleta;YAMAHA/FZ25 FAZER;2021.0;Condutor;Lesões Leves;48.0;Masculino;0.0;1.0;0.0;0.0;-5.78129266;-35.24784589;SPRF-RN;DEL02-RN;UOP01-DEL02-RN
639658.0;1435226.0;2024-11-05;terça-feira;04:00:00;RN;101.0;85,5;NATAL;Não;Deficiência do Sistema de Iluminação/Sinalização;2;Tombamento;Com Vítimas Feridas;Plena Noite;Crescente;Céu Claro;Simples;Ponte;Sim;;;NA/NA;;Pedestre;Lesões Graves;;Masculino;0.0;0.0;1.0;0.0;-5.78129266;-35.24784589;SPRF-RN;DEL02-RN;UOP01-DEL02-RN
639658.0;1435224.0;2024-11-05;terça-feira;04:00:00;RN;101.0;85,5;NATAL;Não;Deficiência do Sistema de Iluminação/Sinalização;1;Atropelamento de Pedestre;Com Vítimas Feridas;Plena Noite;Crescente;Céu Claro;Simples;Ponte;Sim;1148647.0;Motocicleta;YAMAHA/FZ25 FAZER;2021.0;Condutor;Lesões Leves;48.0;Masculino;0.0;1.0;0.0;0.0;-5.78129266;-35.24784589;SPRF-RN;DEL02-RN;UOP01-DEL02-RN
639658.0;1435226.0;2024-11-05;terça-feira;04:00:00;RN;101.0;85,5;NATAL;Não;Deficiência do Sistema de Iluminação/Sinalização;1;Atropelamento de Pedestre;Com Vítimas Feridas;Plena Noite;Crescente;Céu Claro;Simples;Ponte;Sim;;;NA/NA;;Pedestre;Lesões Graves;;Masculino;0.0;0.0;1.0;0.0;-5.78129266;-35.24784589;SPRF-RN;DEL02-RN;UOP01-DEL02-RN
639658.0;1435224.0;2024-11-05;terça-feira;04:00:00;RN;101.0;85,5;NATAL;Sim;Entrada inopinada do pedestre;3;Queda de ocupante de veículo;Com Vítimas Feridas;Plena Noite;Crescente;Céu Claro;Simples;Ponte;Sim;1148647.0;Motocicleta;YAMAHA/FZ25 FAZER;2021.0;Condutor;Lesões Leves;48.0;Masculino;0.0;1.0;0.0;0.0;-5.78129266;-35.24784589;SPRF-RN;DEL02-RN;UOP01-DEL02-RN
639658.0;1435226.0;2024-11-05;terça-feira;04:00:00;RN;101.0;85,5;NATAL;Sim;Entrada inopinada do pedestre;3;Queda de ocupante de veículo;Com Vítimas Feridas;Plena Noite;Crescente;Céu Claro;Simples;Ponte;Sim;;;NA/NA;;Pedestre;Lesões Graves;;Masculino;0.0;0.0;1.0;0.0;-5.78129266;-35.24784589;SPRF-RN;DEL02-RN;UOP01-DEL02-RN
639658.0;1435224.0;2024-11-05;terça-feira;04:00:00;RN;101.0;85,5;NATAL;Sim;Entrada inopinada do pedestre;2;Tombamento;Com Vítimas Feridas;Plena Noite;Crescente;Céu Claro;Simples;Ponte;Sim;1148647.0;Motocicleta;YAMAHA/FZ25 FAZER;2021.0;Condutor;Lesões Leves;48.0;Masculino;0.0;1.0;0.0;0.0;-5.78129266;-35.24784589;SPRF-RN;DEL02-RN;UOP01-DEL02-RN
639658.0;1435226.0;2024-11-05;terça-feira;04:00:00;RN;101.0;85,5;NATAL;Sim;Entrada inopinada do pedestre;2;Tombamento;Com Vítimas Feridas;Plena Noite;Crescente;Céu Claro;Simples;Ponte;Sim;;;NA/NA;;Pedestre;Lesões Graves;;Masculino;0.0;0.0;1.0;0.0;-5.78129266;-35.24784589;SPRF-RN;DEL02-RN;UOP01-DEL02-RN
639658.0;1435224.0;2024-11-05;terça-feira;04:00:00;RN;101.0;85,5;NATAL;Sim;Entrada inopinada do pedestre;1;Atropelamento de Pedestre;Com Vítimas Feridas;Plena Noite;Crescente;Céu Claro;Simples;Ponte;Sim;1148647.0;Motocicleta;YAMAHA/FZ25 FAZER;2021.0;Condutor;Lesões Leves;48.0;Masculino;0.0;1.0;0.0;0.0;-5.78129266;-35.24784589;SPRF-RN;DEL02-RN;UOP01-DEL02-RN
639658.0;1435226.0;2024-11-05;terça-feira;04:00:00;RN;101.0;85,5;NATAL;Sim;Entrada inopinada do pedestre;1;Atropelamento de Pedestre;Com Vítimas Feridas;Plena Noite;Crescente;Céu Claro;Simples;Ponte;Sim;;;NA/NA;;Pedestre;Lesões Graves;;Masculino;0.0;0.0;1.0;0.0;-5.78129266;-35.24784589;SPRF-RN;DEL02-RN;UOP01-DEL02-RN
640073.0;1436219.0;2024-11-07;quinta-feira;07:00:00;RN;101.0;77,5;NATAL;Sim;Reação tardia ou ineficiente do condutor;3;Queda de ocupante de veículo;Com Vítimas Feridas;Pleno dia;Crescente;Céu Claro;Dupla;Reta;Sim;1149477.0;Ônibus;M.BENZ/MPOLO TORINO U;2009.0;Condutor;Ileso;61.0;Masculino;1.0;0.0;0.0;0.0;-5.73180495;-35.29112135;SPRF-RN;DEL02-RN;UOP01-DEL02-RN
640073.0;1436218.0;2024-11-07;quinta-feira;07:00:00;RN;101.0;77,5;NATAL;Sim;Reação tardia ou ineficiente do condutor;3;Queda de ocupante de veículo;Com Vítimas Feridas;Pleno dia;Crescente;Céu Claro;Dupla;Reta;Sim;1149476.0;Motocicleta;HONDA/CG 125 FAN ES;2013.0;Condutor;Lesões Leves;19.0;Masculino;0.0;1.0;0.0;0.0;-5.73180495;-35.29112135;SPRF-RN;DEL02-RN;UOP01-DEL02-RN
640073.0;1436219.0;2024-11-07;quinta-feira;07:00:00;RN;101.0;77,5;NATAL;Sim;Reação tardia ou ineficiente do condutor;2;Tombamento;Com Vítimas Feridas;Pleno dia;Crescente;Céu Claro;Dupla;Reta;Sim;1149477.0;Ônibus;M.BENZ/MPOLO TORINO U;2009.0;Condutor;Ileso;61.0;Masculino;1.0;0.0;0.0;0.0;-5.73180495;-35.29112135;SPRF-RN;DEL02-RN;UOP01-DEL02-RN
640073.0;1436218.0;2024-11-07;quinta-feira;07:00:00;RN;101.0;77,5;NATAL;Sim;Reação tardia ou ineficiente do condutor;2;Tombamento;Com Vítimas Feridas;Pleno dia;Crescente;Céu Claro;Dupla;Reta;Sim;1149476.0;Motocicleta;HONDA/CG 125 FAN ES;2013.0;Condutor;Lesões Leves;19.0;Masculino;0.0;1.0;0.0;0.0;-5.73180495;-35.29112135;SPRF-RN;DEL02-RN;UOP01-DEL02-RN
640073.0;1436219.0;2024-11-07;quinta-feira;07:00:00;RN;101.0;77,5;NATAL;Sim;Reação tardia ou ineficiente do condutor;1;Colisão traseira;Com Vítimas Feridas;Pleno dia;Crescente;Céu Claro;Dupla;Reta;Sim;1149477.0;Ônibus;M.BENZ/MPOLO TORINO U;2009.0;Condutor;Ileso;61.0;Masculino;1.0;0.0;0.0;0.0;-5.73180495;-35.29112135;SPRF-RN;DEL02-RN;UOP01-DEL02-RN
640073.0;1436218.0;2024-11-07;quinta-feira;07:00:00;RN;101.0;77,5;NATAL;Sim;Reação tardia ou ineficiente do condutor;1;Colisão traseira;Com Vítimas Feridas;Pleno dia;Crescente;Céu Claro;Dupla;Reta;Sim;1149476.0;Motocicleta;HONDA/CG 125 FAN ES;2013.0;Condutor;Lesões Leves;19.0;Masculino;0.0;1.0;0.0;0.0;-5.73180495;-35.29112135;SPRF-RN;DEL02-RN;UOP01-DEL02-RN
640145.0;1436700.0;2024-11-07;quinta-feira;14:30:00;RN;101.0;95;NATAL;Sim;Manobra de mudança de faixa;1;Colisão traseira;Com Vítimas Feridas;Pleno dia;Crescente;Céu Claro;Dupla;Reta;Sim;1149845.0;Automóvel;HYUNDAI/HB20 1.0M UNIQUE;2018.0;Condutor;Ileso;49.0;Feminino;1.0;0.0;0.0;0.0;-5.84076841;-35.21035949;SPRF-RN;DEL01-RN;UOP01-DEL01-RN
640145.0;1436699.0;2024-11-07;quinta-feira;14:30:00;RN;101.0;95;NATAL;Sim;Manobra de mudança de faixa;1;Colisão traseira;Com Vítimas Feridas;Pleno dia;Crescente;Céu Claro;Dupla;Reta;Sim;1149844.0;Motocicleta;YAMAHA/YBR125I FACTOR ED;2020.0;Condutor;Lesões Leves;43.0;Masculino;0.0;1.0;0.0;0.0;-5.84076841;-35.21035949;SPRF-RN;DEL01-RN;UOP01-DEL01-RN
640373.0;1436896.0;2024-11-08;sexta-feira;13:29:00;RN;101.0;96;NATAL;Sim;Demais falhas mecânicas ou elétricas;1;Tombamento;Com Vítimas Feridas;Pleno dia;Decrescente;Céu Claro;Dupla;Reta;Sim;1150015.0;Motocicleta;MOTTU/SPORT 110I;2024.0;Condutor;Lesões Leves;42.0;Masculino;0.0;1.0;0.0;0.0;-5.84970794;-35.20900369;SPRF-RN;DEL01-RN;UOP01-DEL01-RN
640373.0;1436896.0;2024-11-08;sexta-feira;13:29:00;RN;101.0;96;NATAL;Sim;Demais falhas mecânicas ou elétricas;2;Queda de ocupante de veículo;Com Vítimas Feridas;Pleno dia;Decrescente;Céu Claro;Dupla;Reta;Sim;1150015.0;Motocicleta;MOTTU/SPORT 110I;2024.0;Condutor;Lesões Leves;42.0;Masculino;0.0;1.0;0.0;0.0;-5.84970794;-35.20900369;SPRF-RN;DEL01-RN;UOP01-DEL01-RN
640411.0;1437417.0;2024-11-08;sexta-feira;16:12:00;RN;101.0;94;NATAL;Não;Velocidade Incompatível;1;Atropelamento de Pedestre;Com Vítimas Feridas;Pleno dia;Crescente;Céu Claro;Múltipla;Reta;Sim;1150450.0;Ônibus;VW/INDUSCAR APACHE U;2012.0;Condutor;Ileso;53.0;Masculino;1.0;0.0;0.0;0.0;-5.83176615;-35.21191342;SPRF-RN;DEL01-RN;UOP01-DEL01-RN
640411.0;1437418.0;2024-11-08;sexta-feira;16:12:00;RN;101.0;94;NATAL;Não;Velocidade Incompatível;1;Atropelamento de Pedestre;Com Vítimas Feridas;Pleno dia;Crescente;Céu Claro;Múltipla;Reta;Sim;;;NA/NA;;Pedestre;Lesões Graves;23.0;Masculino;0.0;0.0;1.0;0.0;-5.83176615;-35.21191342;SPRF-RN;DEL01-RN;UOP01-DEL01-RN
640411.0;1437417.0;2024-11-08;sexta-feira;16:12:00;RN;101.0;94;NATAL;Sim;Ausência de reação do condutor;1;Atropelamento de Pedestre;Com Vítimas Feridas;Pleno dia;Crescente;Céu Claro;Múltipla;Reta;Sim;1150450.0;Ônibus;VW/INDUSCAR APACHE U;2012.0;Condutor;Ileso;53.0;Masculino;1.0;0.0;0.0;0.0;-5.83176615;-35.21191342;SPRF-RN;DEL01-RN;UOP01-DEL01-RN
640411.0;1437418.0;2024-11-08;sexta-feira;16:12:00;RN;101.0;94;NATAL;Sim;Ausência de reação do condutor;1;Atropelamento de Pedestre;Com Vítimas Feridas;Pleno dia;Crescente;Céu Claro;Múltipla;Reta;Sim;;;NA/NA;;Pedestre;Lesões Graves;23.0;Masculino;0.0;0.0;1.0;0.0;-5.83176615;-35.21191342;SPRF-RN;DEL01-RN;UOP01-DEL01-RN
640474.0;1437167.0;2024-11-08;sexta-feira;18:40:00;RN;101.0;81,5;NATAL;Sim;Condutor deixou de manter distância do veículo da frente;2;Queda de ocupante de veículo;Com Vítimas Feridas;Plena Noite;Crescente;Céu Claro;Dupla;Reta;Sim;1150253.0;Automóvel;I/CHEVROLET CLASSIC LS;2015.0;Condutor;Ileso;59.0;Masculino;1.0;0.0;0.0;0.0;-5.76469466;-35.28295988;SPRF-RN;DEL02-RN;UOP01-DEL02-RN
640474.0;1437170.0;2024-11-08;sexta-feira;18:40:00;RN;101.0;81,5;NATAL;Sim;Condutor deixou de manter distância do veículo da frente;2;Queda de ocupante de veículo;Com Vítimas Feridas;Plena Noite;Crescente;Céu Claro;Dupla;Reta;Sim;1150254.0;Motocicleta;HONDA/CG 160 FAN;2024.0;Passageiro;Lesões Leves;26.0;Feminino;0.0;1.0;0.0;0.0;-5.76469466;-35.28295988;SPRF-RN;DEL02-RN;UOP01-DEL02-RN
640474.0;1437168.0;2024-11-08;sexta-feira;18:40:00;RN;101.0;81,5;NATAL;Sim;Condutor deixou de manter distância do veículo da frente;2;Queda de ocupante de veículo;Com Vítimas Feridas;Plena Noite;Crescente;Céu Claro;Dupla;Reta;Sim;1150254.0;Motocicleta;HONDA/CG 160 FAN;2024.0;Condutor;Lesões Leves;31.0;Masculino;0.0;1.0;0.0;0.0;-5.76469466;-35.28295988;SPRF-RN;DEL02-RN;UOP01-DEL02-RN
640474.0;1437167.0;2024-11-08;sexta-feira;18:40:00;RN;101.0;81,5;NATAL;Sim;Condutor deixou de manter distância do veículo da frente;1;Colisão lateral mesmo sentido;Com Vítimas Feridas;Plena Noite;Crescente;Céu Claro;Dupla;Reta;Sim;1150253.0;Automóvel;I/CHEVROLET CLASSIC LS;2015.0;Condutor;Ileso;59.0;Masculino;1.0;0.0;0.0;0.0;-5.76469466;-35.28295988;SPRF-RN;DEL02-RN;UOP01-DEL02-RN
640474.0;1437170.0;2024-11-08;sexta-feira;18:40:00;RN;101.0;81,5;NATAL;Sim;Condutor deixou de manter distância do veículo da frente;1;Colisão lateral mesmo sentido;Com Vítimas Feridas;Plena Noite;Crescente;Céu Claro;Dupla;Reta;Sim;1150254.0;Motocicleta;HONDA/CG 160 FAN;2024.0;Passageiro;Lesões Leves;26.0;Feminino;0.0;1.0;0.0;0.0;-5.76469466;-35.28295988;SPRF-RN;DEL02-RN;UOP01-DEL02-RN
640474.0;1437168.0;2024-11-08;sexta-feira;18:40:00;RN;101.0;81,5;NATAL;Sim;Condutor deixou de manter distância do veículo da frente;1;Colisão lateral mesmo sentido;Com Vítimas Feridas;Plena Noite;Crescente;Céu Claro;Dupla;Reta;Sim;1150254.0;Motocicleta;HONDA/CG 160 FAN;2024.0;Condutor;Lesões Leves;31.0;Masculino;0.0;1.0;0.0;0.0;-5.76469466;-35.28295988;SPRF-RN;DEL02-RN;UOP01-DEL02-RN
640617.0;1437506.0;2024-11-09;sábado;12:18:00;RN;304.0;94;NATAL;Sim;Condutor deixou de manter distância do veículo da frente;1;Engavetamento;Com Vítimas Feridas;Pleno dia;Crescente;Céu Claro;Dupla;Reta;Sim;1150485.0;Motocicleta;YAMAHA/YBR 125K;2008.0;Condutor;Lesões Leves;39.0;Masculino;0.0;1.0;0.0;0.0;-5.82903503;-35.21118881;SPRF-RN;DEL04-RN;UOP01-DEL04-RN
640617.0;1437505.0;2024-11-09;sábado;12:18:00;RN;304.0;94;NATAL;Sim;Condutor deixou de manter distância do veículo da frente;1;Engavetamento;Com Vítimas Feridas;Pleno dia;Crescente;Céu Claro;Dupla;Reta;Sim;1150484.0;Automóvel;HYUNDAI/HB20S 1.6M COMF;2018.0;Condutor;Ileso;43.0;Masculino;1.0;0.0;0.0;0.0;-5.82903503;-35.21118881;SPRF-RN;DEL04-RN;UOP01-DEL04-RN
640617.0;1437499.0;2024-11-09;sábado;12:18:00;RN;304.0;94;NATAL;Sim;Condutor deixou de manter distância do veículo da frente;1;Engavetamento;Com Vítimas Feridas;Pleno dia;Crescente;Céu Claro;Dupla;Reta;Sim;1150483.0;Automóvel;TOYOTA/COROLLA XEI18VVT;2007.0;Condutor;Ileso;24.0;Masculino;1.0;0.0;0.0;0.0;-5.82903503;-35.21118881;SPRF-RN;DEL04-RN;UOP01-DEL04-RN
640687.0;1437726.0;2024-11-09;sábado;19:24:00;RN;101.0;78;NATAL;Sim;Objeto estático sobre o leito carroçável;2;Queda de ocupante de veículo;Com Vítimas Feridas;Plena Noite;Crescente;Céu Claro;Dupla;Reta;Não;1150676.0;Motocicleta;HONDA/CB 250F TWISTER;2015.0;Passageiro;Lesões Leves;31.0;Feminino;0.0;1.0;0.0;0.0;-5.74071896;-35.29021064;SPRF-RN;DEL02-RN;UOP01-DEL02-RN
640687.0;1437724.0;2024-11-09;sábado;19:24:00;RN;101.0;78;NATAL;Sim;Objeto estático sobre o leito carroçável;2;Queda de ocupante de veículo;Com Vítimas Feridas;Plena Noite;Crescente;Céu Claro;Dupla;Reta;Não;1150676.0;Motocicleta;HONDA/CB 250F TWISTER;2015.0;Condutor;Lesões Leves;52.0;Masculino;0.0;1.0;0.0;0.0;-5.74071896;-35.29021064;SPRF-RN;DEL02-RN;UOP01-DEL02-RN
640687.0;1437726.0;2024-11-09;sábado;19:24:00;RN;101.0;78;NATAL;Sim;Objeto estático sobre o leito carroçável;1;Tombamento;Com Vítimas Feridas;Plena Noite;Crescente;Céu Claro;Dupla;Reta;Não;1150676.0;Motocicleta;HONDA/CB 250F TWISTER;2015.0;Passageiro;Lesões Leves;31.0;Feminino;0.0;1.0;0.0;0.0;-5.74071896;-35.29021064;SPRF-RN;DEL02-RN;UOP01-DEL02-RN
640687.0;1437724.0;2024-11-09;sábado;19:24:00;RN;101.0;78;NATAL;Sim;Objeto estático sobre o leito carroçável;1;Tombamento;Com Vítimas Feridas;Plena Noite;Crescente;Céu Claro;Dupla;Reta;Não;1150676.0;Motocicleta;HONDA/CB 250F TWISTER;2015.0;Condutor;Lesões Leves;52.0;Masculino;0.0;1.0;0.0;0.0;-5.74071896;-35.29021064;SPRF-RN;DEL02-RN;UOP01-DEL02-RN
640809.0;1438124.0;2024-11-10;domingo;07:00:00;RN;101.0;79;NATAL;Sim;Ausência de reação do condutor;1;Atropelamento de Pedestre;Com Vítimas Feridas;Pleno dia;Decrescente;Sol;Dupla;Reta;Não;1150989.0;Bicicleta;Não Informado/Não Informado;0.0;Condutor;Não Informado;;Não Informado;0.0;0.0;0.0;0.0;-5.74962896;-35.28918369;SPRF-RN;DEL02-RN;UOP01-DEL02-RN
640809.0;1438123.0;2024-11-10;domingo;07:00:00;RN;101.0;79;NATAL;Sim;Ausência de reação do condutor;1;Atropelamento de Pedestre;Com Vítimas Feridas;Pleno dia;Decrescente;Sol;Dupla;Reta;Não;1150987.0;Motocicleta;HONDA/CB250F TWISTER CBS;2022.0;Condutor;Lesões Graves;35.0;Masculino;0.0;0.0;1.0;0.0;-5.74962896;-35.28918369;SPRF-RN;DEL02-RN;UOP01-DEL02-RN
640845.0;1438056.0;2024-11-10;domingo;12:00:00;RN;101.0;79,8;NATAL;Sim;Acessar a via sem observar a presença dos outros veículos;1;Colisão lateral mesmo sentido;Com Vítimas Feridas;Pleno dia;Crescente;Sol;Dupla;"Interseção de Vias;Reta";Sim;1150924.0;Motocicleta;YAMAHA/YBR150 FACTOR E;2017.0;Condutor;Lesões Leves;33.0;Masculino;0.0;1.0;0.0;0.0;-5.74962896;-35.28918369;SPRF-RN;DEL02-RN;UOP01-DEL02-RN
640845.0;1438053.0;2024-11-10;domingo;12:00:00;RN;101.0;79,8;NATAL;Sim;Acessar a via sem observar a presença dos outros veículos;1;Colisão lateral mesmo sentido;Com Vítimas Feridas;Pleno dia;Crescente;Sol;Dupla;"Interseção de Vias;Reta";Sim;1150922.0;Motocicleta;HONDA/CG 160 FAN;2024.0;Condutor;Lesões Leves;20.0;Masculino;0.0;1.0;0.0;0.0;-5.74962896;-35.28918369;SPRF-RN;DEL02-RN;UOP01-DEL02-RN
640996.0;1438394.0;2024-11-10;domingo;22:20:00;RN;101.0;94;NATAL;Sim;Manobra de mudança de faixa;1;Colisão lateral mesmo sentido;Com Vítimas Feridas;Plena Noite;Decrescente;Céu Claro;Dupla;Reta;Sim;1151179.0;Motocicleta;HONDA/XRE 300 SAHARA ADV;2024.0;Condutor;Lesões Leves;39.0;Masculino;0.0;1.0;0.0;0.0;-5.83176615;-35.21191342;SPRF-RN;DEL01-RN;UOP01-DEL01-RN
640996.0;1438390.0;2024-11-10;domingo;22:20:00;RN;101.0;94;NATAL;Sim;Manobra de mudança de faixa;1;Colisão lateral mesmo sentido;Com Vítimas Feridas;Plena Noite;Decrescente;Céu Claro;Dupla;Reta;Sim;1151178.0;Motocicleta;HONDA/POP 110I;2021.0;Condutor;Lesões Leves;47.0;Masculino;0.0;1.0;0.0;0.0;-5.83176615;-35.21191342;SPRF-RN;DEL01-RN;UOP01-DEL01-RN
641066.0;1438598.0;2024-11-11;segunda-feira;07:30:00;RN;226.0;0,4;NATAL;Não;Ausência de sinalização;3;Queda de ocupante de veículo;Com Vítimas Feridas;Pleno dia;Decrescente;Céu Claro;Simples;Em Obras;Sim;1151341.0;Motocicleta;HONDA/NXR160 BROS ESDD;2018.0;Condutor;Lesões Leves;54.0;Masculino;0.0;1.0;0.0;0.0;-5.804245;-35.238302;SPRF-RN;DEL01-RN;UOP02-DEL01-RN
641066.0;1438595.0;2024-11-11;segunda-feira;07:30:00;RN;226.0;0,4;NATAL;Não;Ausência de sinalização;3;Queda de ocupante de veículo;Com Vítimas Feridas;Pleno dia;Decrescente;Céu Claro;Simples;Em Obras;Sim;1151340.0;Motocicleta;HONDA/CG 125 FAN KS;2011.0;Condutor;Lesões Leves;51.0;Masculino;0.0;1.0;0.0;0.0;-5.804245;-35.238302;SPRF-RN;DEL01-RN;UOP02-DEL01-RN
641066.0;1438597.0;2024-11-11;segunda-feira;07:30:00;RN;226.0;0,4;NATAL;Não;Ausência de sinalização;3;Queda de ocupante de veículo;Com Vítimas Feridas;Pleno dia;Decrescente;Céu Claro;Simples;Em Obras;Sim;1151340.0;Motocicleta;HONDA/CG 125 FAN KS;2011.0;Passageiro;Lesões Leves;20.0;Masculino;0.0;1.0;0.0;0.0;-5.804245;-35.238302;SPRF-RN;DEL01-RN;UOP02-DEL01-RN
641066.0;1440170.0;2024-11-11;segunda-feira;07:30:00;RN;226.0;0,4;NATAL;Não;Ausência de sinalização;3;Queda de ocupante de veículo;Com Vítimas Feridas;Pleno dia;Decrescente;Céu Claro;Simples;Em Obras;Sim;1151332.0;Automóvel;Não Informado/Não Informado;0.0;Condutor;Não Informado;;Não Informado;0.0;0.0;0.0;0.0;-5.804245;-35.238302;SPRF-RN;DEL01-RN;UOP02-DEL01-RN
641066.0;1438593.0;2024-11-11;segunda-feira;07:30:00;RN;226.0;0,4;NATAL;Não;Ausência de sinalização;3;Queda de ocupante de veículo;Com Vítimas Feridas;Pleno dia;Decrescente;Céu Claro;Simples;Em Obras;Sim;1151330.0;Motocicleta;HONDA/CG 125 TITAN;0.0;Passageiro;Lesões Graves;67.0;Masculino;0.0;0.0;1.0;0.0;-5.804245;-35.238302;SPRF-RN;DEL01-RN;UOP02-DEL01-RN
641066.0;1438587.0;2024-11-11;segunda-feira;07:30:00;RN;226.0;0,4;NATAL;Não;Ausência de sinalização;3;Queda de ocupante de veículo;Com Vítimas Feridas;Pleno dia;Decrescente;Céu Claro;Simples;Em Obras;Sim;1151330.0;Motocicleta;HONDA/CG 125 TITAN;0.0;Condutor;Lesões Graves;57.0;Masculino;0.0;0.0;1.0;0.0;-5.804245;-35.238302;SPRF-RN;DEL01-RN;UOP02-DEL01-RN
641066.0;1438598.0;2024-11-11;segunda-feira;07:30:00;RN;226.0;0,4;NATAL;Não;Ausência de sinalização;2;Tombamento;Com Vítimas Feridas;Pleno dia;Decrescente;Céu Claro;Simples;Em Obras;Sim;1151341.0;Motocicleta;HONDA/NXR160 BROS ESDD;2018.0;Condutor;Lesões Leves;54.0;Masculino;0.0;1.0;0.0;0.0;-5.804245;-35.238302;SPRF-RN;DEL01-RN;UOP02-DEL01-RN
641066.0;1438595.0;2024-11-11;segunda-feira;07:30:00;RN;226.0;0,4;NATAL;Não;Ausência de sinalização;2;Tombamento;Com Vítimas Feridas;Pleno dia;Decrescente;Céu Claro;Simples;Em Obras;Sim;1151340.0;Motocicleta;HONDA/CG 125 FAN KS;2011.0;Condutor;Lesões Leves;51.0;Masculino;0.0;1.0;0.0;0.0;-5.804245;-35.238302;SPRF-RN;DEL01-RN;UOP02-DEL01-RN
641066.0;1438597.0;2024-11-11;segunda-feira;07:30:00;RN;226.0;0,4;NATAL;Não;Ausência de sinalização;2;Tombamento;Com Vítimas Feridas;Pleno dia;Decrescente;Céu Claro;Simples;Em Obras;Sim;1151340.0;Motocicleta;HONDA/CG 125 FAN KS;2011.0;Passageiro;Lesões Leves;20.0;Masculino;0.0;1.0;0.0;0.0;-5.804245;-35.238302;SPRF-RN;DEL01-RN;UOP02-DEL01-RN
641066.0;1440170.0;2024-11-11;segunda-feira;07:30:00;RN;226.0;0,4;NATAL;Não;Ausência de sinalização;2;Tombamento;Com Vítimas Feridas;Pleno dia;Decrescente;Céu Claro;Simples;Em Obras;Sim;1151332.0;Automóvel;Não Informado/Não Informado;0.0;Condutor;Não Informado;;Não Informado;0.0;0.0;0.0;0.0;-5.804245;-35.238302;SPRF-RN;DEL01-RN;UOP02-DEL01-RN
641066.0;1438593.0;2024-11-11;segunda-feira;07:30:00;RN;226.0;0,4;NATAL;Não;Ausência de sinalização;2;Tombamento;Com Vítimas Feridas;Pleno dia;Decrescente;Céu Claro;Simples;Em Obras;Sim;1151330.0;Motocicleta;HONDA/CG 125 TITAN;0.0;Passageiro;Lesões Graves;67.0;Masculino;0.0;0.0;1.0;0.0;-5.804245;-35.238302;SPRF-RN;DEL01-RN;UOP02-DEL01-RN
641066.0;1438587.0;2024-11-11;segunda-feira;07:30:00;RN;226.0;0,4;NATAL;Não;Ausência de sinalização;2;Tombamento;Com Vítimas Feridas;Pleno dia;Decrescente;Céu Claro;Simples;Em Obras;Sim;1151330.0;Motocicleta;HONDA/CG 125 TITAN;0.0;Condutor;Lesões Graves;57.0;Masculino;0.0;0.0;1.0;0.0;-5.804245;-35.238302;SPRF-RN;DEL01-RN;UOP02-DEL01-RN
641066.0;1438598.0;2024-11-11;segunda-feira;07:30:00;RN;226.0;0,4;NATAL;Não;Ausência de sinalização;1;Colisão frontal;Com Vítimas Feridas;Pleno dia;Decrescente;Céu Claro;Simples;Em Obras;Sim;1151341.0;Motocicleta;HONDA/NXR160 BROS ESDD;2018.0;Condutor;Lesões Leves;54.0;Masculino;0.0;1.0;0.0;0.0;-5.804245;-35.238302;SPRF-RN;DEL01-RN;UOP02-DEL01-RN
641066.0;1438595.0;2024-11-11;segunda-feira;07:30:00;RN;226.0;0,4;NATAL;Não;Ausência de sinalização;1;Colisão frontal;Com Vítimas Feridas;Pleno dia;Decrescente;Céu Claro;Simples;Em Obras;Sim;1151340.0;Motocicleta;HONDA/CG 125 FAN KS;2011.0;Condutor;Lesões Leves;51.0;Masculino;0.0;1.0;0.0;0.0;-5.804245;-35.238302;SPRF-RN;DEL01-RN;UOP02-DEL01-RN
641066.0;1438597.0;2024-11-11;segunda-feira;07:30:00;RN;226.0;0,4;NATAL;Não;Ausência de sinalização;1;Colisão frontal;Com Vítimas Feridas;Pleno dia;Decrescente;Céu Claro;Simples;Em Obras;Sim;1151340.0;Motocicleta;HONDA/CG 125 FAN KS;2011.0;Passageiro;Lesões Leves;20.0;Masculino;0.0;1.0;0.0;0.0;-5.804245;-35.238302;SPRF-RN;DEL01-RN;UOP02-DEL01-RN