id;pesid;data_inversa;dia_semana;horario;uf;br;km;municipio;causa_principal;causa_acidente;ordem_tipo_acidente;tipo_acidente;classificacao_acidente;fase_dia;sentido_via;condicao_metereologica;tipo_pista;tracado_via;uso_solo;id_veiculo;tipo_veiculo;marca;ano_fabricacao_veiculo;tipo_envolvido;estado_fisico;idade;sexo;ilesos;feridos_leves;feridos_graves;mortos;latitude;longitude;regional;delegacia;uop
641066.0;1440170.0;2024-11-11;segunda-feira;07:30:00;RN;226.0;0,4;NATAL;Não;Ausência de sinalização;1;Colisão frontal;Com Vítimas Feridas;Pleno dia;Decrescente;Céu Claro;Simples;Em Obras;Sim;1151332.0;Automóvel;Não Informado/Não Informado;0.0;Condutor;Não Informado;;Não Informado;0.0;0.0;0.0;0.0;-5.804245;-35.238302;SPRF-RN;DEL01-RN;UOP02-DEL01-RN
641066.0;1438593.0;2024-11-11;segunda-feira;07:30:00;RN;226.0;0,4;NATAL;Não;Ausência de sinalização;1;Colisão frontal;Com Vítimas Feridas;Pleno dia;Decrescente;Céu Claro;Simples;Em Obras;Sim;1151330.0;Motocicleta;HONDA/CG 125 TITAN;0.0;Passageiro;Lesões Graves;67.0;Masculino;0.0;0.0;1.0;0.0;-5.804245;-35.238302;SPRF-RN;DEL01-RN;UOP02-DEL01-RN
641066.0;1438587.0;2024-11-11;segunda-feira;07:30:00;RN;226.0;0,4;NATAL;Não;Ausência de sinalização;1;Colisão frontal;Com Vítimas Feridas;Pleno dia;Decrescente;Céu Claro;Simples;Em Obras;Sim;1151330.0;Motocicleta;HONDA/CG 125 TITAN;0.0;Condutor;Lesões Graves;57.0;Masculino;0.0;0.0;1.0;0.0;-5.804245;-35.238302;SPRF-RN;DEL01-RN;UOP02-DEL01-RN
641066.0;1438598.0;2024-11-11;segunda-feira;07:30:00;RN;226.0;0,4;NATAL;Sim;Manobra de mudança de faixa;3;Queda de ocupante de veículo;Com Vítimas Feridas;Pleno dia;Decrescente;Céu Claro;Simples;Em Obras;Sim;1151341.0;Motocicleta;HONDA/NXR160 BROS ESDD;2018.0;Condutor;Lesões Leves;54.0;Masculino;0.0;1.0;0.0;0.0;-5.804245;-35.238302;SPRF-RN;DEL01-RN;UOP02-DEL01-RN
641066.0;1438595.0;2024-11-11;segunda-feira;07:30:00;RN;226.0;0,4;NATAL;Sim;Manobra de mudança de faixa;3;Queda de ocupante de veículo;Com Vítimas Feridas;Pleno dia;Decrescente;Céu Claro;Simples;Em Obras;Sim;1151340.0;Motocicleta;HONDA/CG 125 FAN KS;2011.0;Condutor;Lesões Leves;51.0;Masculino;0.0;1.0;0.0;0.0;-5.804245;-35.238302;SPRF-RN;DEL01-RN;UOP02-DEL01-RN
641066.0;1438597.0;2024-11-11;segunda-feira;07:30:00;RN;226.0;0,4;NATAL;Sim;Manobra de mudança de faixa;3;Queda de ocupante de veículo;Com Vítimas Feridas;Pleno dia;Decrescente;Céu Claro;Simples;Em Obras;Sim;1151340.0;Motocicleta;HONDA/CG 125 FAN KS;2011.0;Passageiro;Lesões Leves;20.0;Masculino;0.0;1.0;0.0;0.0;-5.804245;-35.238302;SPRF-RN;DEL01-RN;UOP02-DEL01-RN
641066.0;1440170.0;2024-11-11;segunda-feira;07:30:00;RN;226.0;0,4;NATAL;Sim;Manobra de mudança de faixa;3;Queda de ocupante de veículo;Com Vítimas Feridas;Pleno dia;Decrescente;Céu Claro;Simples;Em Obras;Sim;1151332.0;Automóvel;Não Informado/Não Informado;0.0;Condutor;Não Informado;;Não Informado;0.0;0.0;0.0;0.0;-5.804245;-35.238302;SPRF-RN;DEL01-RN;UOP02-DEL01-RN
641066.0;1438593.0;2024-11-11;segunda-feira;07:30:00;RN;226.0;0,4;NATAL;Sim;Manobra de mudança de faixa;3;Queda de ocupante de veículo;Com Vítimas Feridas;Pleno dia;Decrescente;Céu Claro;Simples;Em Obras;Sim;1151330.0;Motocicleta;HONDA/CG 125 TITAN;0.0;Passageiro;Lesões Graves;67.0;Masculino;0.0;0.0;1.0;0.0;-5.804245;-35.238302;SPRF-RN;DEL01-RN;UOP02-DEL01-RN
641066.0;1438587.0;2024-11-11;segunda-feira;07:30:00;RN;226.0;0,4;NATAL;Sim;Manobra de mudança de faixa;3;Queda de ocupante de veículo;Com Vítimas Feridas;Pleno dia;Decrescente;Céu Claro;Simples;Em Obras;Sim;1151330.0;Motocicleta;HONDA/CG 125 TITAN;0.0;Condutor;Lesões Graves;57.0;Masculino;0.0;0.0;1.0;0.0;-5.804245;-35.238302;SPRF-RN;DEL01-RN;UOP02-DEL01-RN
641066.0;1438598.0;2024-11-11;segunda-feira;07:30:00;RN;226.0;0,4;NATAL;Sim;Manobra de mudança de faixa;2;Tombamento;Com Vítimas Feridas;Pleno dia;Decrescente;Céu Claro;Simples;Em Obras;Sim;1151341.0;Motocicleta;HONDA/NXR160 BROS ESDD;2018.0;Condutor;Lesões Leves;54.0;Masculino;0.0;1.0;0.0;0.0;-5.804245;-35.238302;SPRF-RN;DEL01-RN;UOP02-DEL01-RN
641066.0;1438595.0;2024-11-11;segunda-feira;07:30:00;RN;226.0;0,4;NATAL;Sim;Manobra de mudança de faixa;2;Tombamento;Com Vítimas Feridas;Pleno dia;Decrescente;Céu Claro;Simples;Em Obras;Sim;1151340.0;Motocicleta;HONDA/CG 125 FAN KS;2011.0;Condutor;Lesões Leves;51.0;Masculino;0.0;1.0;0.0;0.0;-5.804245;-35.238302;SPRF-RN;DEL01-RN;UOP02-DEL01-RN
641066.0;1438597.0;2024-11-11;segunda-feira;07:30:00;RN;226.0;0,4;NATAL;Sim;Manobra de mudança de faixa;2;Tombamento;Com Vítimas Feridas;Pleno dia;Decrescente;Céu Claro;Simples;Em Obras;Sim;1151340.0;Motocicleta;HONDA/CG 125 FAN KS;2011.0;Passageiro;Lesões Leves;20.0;Masculino;0.0;1.0;0.0;0.0;-5.804245;-35.238302;SPRF-RN;DEL01-RN;UOP02-DEL01-RN
641066.0;1440170.0;2024-11-11;segunda-feira;07:30:00;RN;226.0;0,4;NATAL;Sim;Manobra de mudança de faixa;2;Tombamento;Com Vítimas Feridas;Pleno dia;Decrescente;Céu Claro;Simples;Em Obras;Sim;1151332.0;Automóvel;Não Informado/Não Informado;0.0;Condutor;Não Informado;;Não Informado;0.0;0.0;0.0;0.0;-5.804245;-35.238302;SPRF-RN;DEL01-RN;UOP02-DEL01-RN
641066.0;1438593.0;2024-11-11;segunda-feira;07:30:00;RN;226.0;0,4;NATAL;Sim;Manobra de mudança de faixa;2;Tombamento;Com Vítimas Feridas;Pleno dia;Decrescente;Céu Claro;Simples;Em Obras;Sim;1151330.0;Motocicleta;HONDA/CG 125 TITAN;0.0;Passageiro;Lesões Graves;67.0;Masculino;0.0;0.0;1.0;0.0;-5.804245;-35.238302;SPRF-RN;DEL01-RN;UOP02-DEL01-RN
641066.0;1438587.0;2024-11-11;segunda-feira;07:30:00;RN;226.0;0,4;NATAL;Sim;Manobra de mudança de faixa;2;Tombamento;Com Vítimas Feridas;Pleno dia;Decrescente;Céu Claro;Simples;Em Obras;Sim;1151330.0;Motocicleta;HONDA/CG 125 TITAN;0.0;Condutor;Lesões Graves;57.0;Masculino;0.0;0.0;1.0;0.0;-5.804245;-35.238302;SPRF-RN;DEL01-RN;UOP02-DEL01-RN
641066.0;1438598.0;2024-11-11;segunda-feira;07:30:00;RN;226.0;0,4;NATAL;Sim;Manobra de mudança de faixa;1;Colisão frontal;Com Vítimas Feridas;Pleno dia;Decrescente;Céu Claro;Simples;Em Obras;Sim;1151341.0;Motocicleta;HONDA/NXR160 BROS ESDD;2018.0;Condutor;Lesões Leves;54.0;Masculino;0.0;1.0;0.0;0.0;-5.804245;-35.238302;SPRF-RN;DEL01-RN;UOP02-DEL01-RN
641066.0;1438595.0;2024-11-11;segunda-feira;07:30:00;RN;226.0;0,4;NATAL;Sim;Manobra de mudança de faixa;1;Colisão frontal;Com Vítimas Feridas;Pleno dia;Decrescente;Céu Claro;Simples;Em Obras;Sim;1151340.0;Motocicleta;HONDA/CG 125 FAN KS;2011.0;Condutor;Lesões Leves;51.0;Masculino;0.0;1.0;0.0;0.0;-5.804245;-35.238302;SPRF-RN;DEL01-RN;UOP02-DEL01-RN
641066.0;1438597.0;2024-11-11;segunda-feira;07:30:00;RN;226.0;0,4;NATAL;Sim;Manobra de mudança de faixa;1;Colisão frontal;Com Vítimas Feridas;Pleno dia;Decrescente;Céu Claro;Simples;Em Obras;Sim;1151340.0;Motocicleta;HONDA/CG 125 FAN KS;2011.0;Passageiro;Lesões Leves;20.0;Masculino;0.0;1.0;0.0;0.0;-5.804245;-35.238302;SPRF-RN;DEL01-RN;UOP02-DEL01-RN
641066.0;1440170.0;2024-11-11;segunda-feira;07:30:00;RN;226.0;0,4;NATAL;Sim;Manobra de mudança de faixa;1;Colisão frontal;Com Vítimas Feridas;Pleno dia;Decrescente;Céu Claro;Simples;Em Obras;Sim;1151332.0;Automóvel;Não Informado/Não Informado;0.0;Condutor;Não Informado;;Não Informado;0.0;0.0;0.0;0.0;-5.804245;-35.238302;SPRF-RN;DEL01-RN;UOP02-DEL01-RN
641066.0;1438593.0;2024-11-11;segunda-feira;07:30:00;RN;226.0;0,4;NATAL;Sim;Manobra de mudança de faixa;1;Colisão frontal;Com Vítimas Feridas;Pleno dia;Decrescente;Céu Claro;Simples;Em Obras;Sim;1151330.0;Motocicleta;HONDA/CG 125 TITAN;0.0;Passageiro;Lesões Graves;67.0;Masculino;0.0;0.0;1.0;0.0;-5.804245;-35.238302;SPRF-RN;DEL01-RN;UOP02-DEL01-RN
641066.0;1438587.0;2024-11-11;segunda-feira;07:30:00;RN;226.0;0,4;NATAL;Sim;Manobra de mudança de faixa;1;Colisão frontal;Com Vítimas Feridas;Pleno dia;Decrescente;Céu Claro;Simples;Em Obras;Sim;1151330.0;Motocicleta;HONDA/CG 125 TITAN;0.0;Condutor;Lesões Graves;57.0;Masculino;0.0;0.0;1.0;0.0;-5.804245;-35.238302;SPRF-RN;DEL01-RN;UOP02-DEL01-RN
641293.0;1439172.0;2024-11-12;terça-feira;08:30:00;RN;101.0;102,9;NATAL;Sim;Condutor deixou de manter distância do veículo da frente;1;Colisão traseira;Sem Vítimas;Pleno dia;Crescente;Sol;Múltipla;Reta;Sim;1151779.0;Caminhonete;I/FIAT DUCATO GREEN AMB;2018.0;Condutor;Ileso;40.0;Masculino;1.0;0.0;0.0;0.0;-5.88858217;-35.24018997;SPRF-RN;DEL01-RN;UOP01-DEL01-RN
641293.0;1439171.0;2024-11-12;terça-feira;08:30:00;RN;101.0;102,9;NATAL;Sim;Condutor deixou de manter distância do veículo da frente;1;Colisão traseira;Sem Vítimas;Pleno dia;Crescente;Sol;Múltipla;Reta;Sim;1151778.0;Caminhonete;I/FORD RANGER XLT 13F;2005.0;Condutor;Ileso;54.0;Masculino;1.0;0.0;0.0;0.0;-5.88858217;-35.24018997;SPRF-RN;DEL01-RN;UOP01-DEL01-RN
641484.0;1439793.0;2024-11-13;quarta-feira;08:19:00;RN;101.0;96,5;NATAL;Sim;Condutor deixou de manter distância do veículo da frente;1;Colisão traseira;Com Vítimas Feridas;Pleno dia;Decrescente;Sol;Múltipla;Reta;Sim;1152263.0;Motocicleta;YAMAHA/YBR150 FACTOR E;2016.0;Condutor;Lesões Leves;35.0;Masculino;0.0;1.0;0.0;0.0;-5.85448941;-35.2112782;SPRF-RN;DEL01-RN;UOP01-DEL01-RN
641484.0;1439792.0;2024-11-13;quarta-feira;08:19:00;RN;101.0;96,5;NATAL;Sim;Condutor deixou de manter distância do veículo da frente;1;Colisão traseira;Com Vítimas Feridas;Pleno dia;Decrescente;Sol;Múltipla;Reta;Sim;1152261.0;Caminhonete;CHEVROLET/S10 LS DD4;2023.0;Condutor;Ileso;47.0;Masculino;1.0;0.0;0.0;0.0;-5.85448941;-35.2112782;SPRF-RN;DEL01-RN;UOP01-DEL01-RN
641484.0;1440218.0;2024-11-13;quarta-feira;08:19:00;RN;101.0;96,5;NATAL;Sim;Condutor deixou de manter distância do veículo da frente;1;Colisão traseira;Com Vítimas Feridas;Pleno dia;Decrescente;Sol;Múltipla;Reta;Sim;1152258.0;Motocicleta;HONDA/CG 150 TITAN KS;2004.0;Condutor;Lesões Leves;35.0;Masculino;0.0;1.0;0.0;0.0;-5.85448941;-35.2112782;SPRF-RN;DEL01-RN;UOP01-DEL01-RN
641721.0;1440413.0;2024-11-14;quinta-feira;11:30:00;RN;101.0;81;NATAL;Sim;Acessar a via sem observar a presença dos outros veículos;3;Tombamento;Com Vítimas Feridas;Pleno dia;Decrescente;Céu Claro;Dupla;Rotatória;Não;1152746.0;Automóvel;CHEVROLET/ONIX 10MT JOYE;2016.0;Condutor;Ileso;43.0;Masculino;1.0;0.0;0.0;0.0;-5.76469466;-35.28295988;SPRF-RN;DEL02-RN;UOP01-DEL02-RN
641721.0;1440409.0;2024-11-14;quinta-feira;11:30:00;RN;101.0;81;NATAL;Sim;Acessar a via sem observar a presença dos outros veículos;3;Tombamento;Com Vítimas Feridas;Pleno dia;Decrescente;Céu Claro;Dupla;Rotatória;Não;1152745.0;Motocicleta;HONDA/CG 160 FAN ESDI;2016.0;Condutor;Lesões Leves;29.0;Masculino;0.0;1.0;0.0;0.0;-5.76469466;-35.28295988;SPRF-RN;DEL02-RN;UOP01-DEL02-RN
641721.0;1440413.0;2024-11-14;quinta-feira;11:30:00;RN;101.0;81;NATAL;Sim;Acessar a via sem observar a presença dos outros veículos;2;Queda de ocupante de veículo;Com Vítimas Feridas;Pleno dia;Decrescente;Céu Claro;Dupla;Rotatória;Não;1152746.0;Automóvel;CHEVROLET/ONIX 10MT JOYE;2016.0;Condutor;Ileso;43.0;Masculino;1.0;0.0;0.0;0.0;-5.76469466;-35.28295988;SPRF-RN;DEL02-RN;UOP01-DEL02-RN
641721.0;1440409.0;2024-11-14;quinta-feira;11:30:00;RN;101.0;81;NATAL;Sim;Acessar a via sem observar a presença dos outros veículos;2;Queda de ocupante de veículo;Com Vítimas Feridas;Pleno dia;Decrescente;Céu Claro;Dupla;Rotatória;Não;1152745.0;Motocicleta;HONDA/CG 160 FAN ESDI;2016.0;Condutor;Lesões Leves;29.0;Masculino;0.0;1.0;0.0;0.0;-5.76469466;-35.28295988;SPRF-RN;DEL02-RN;UOP01-DEL02-RN
641721.0;1440413.0;2024-11-14;quinta-feira;11:30:00;RN;101.0;81;NATAL;Sim;Acessar a via sem observar a presença dos outros veículos;1;Colisão lateral mesmo sentido;Com Vítimas Feridas;Pleno dia;Decrescente;Céu Claro;Dupla;Rotatória;Não;1152746.0;Automóvel;CHEVROLET/ONIX 10MT JOYE;2016.0;Condutor;Ileso;43.0;Masculino;1.0;0.0;0.0;0.0;-5.76469466;-35.28295988;SPRF-RN;DEL02-RN;UOP01-DEL02-RN
641721.0;1440409.0;2024-11-14;quinta-feira;11:30:00;RN;101.0;81;NATAL;Sim;Acessar a via sem observar a presença dos outros veículos;1;Colisão lateral mesmo sentido;Com Vítimas Feridas;Pleno dia;Decrescente;Céu Claro;Dupla;Rotatória;Não;1152745.0;Motocicleta;HONDA/CG 160 FAN ESDI;2016.0;Condutor;Lesões Leves;29.0;Masculino;0.0;1.0;0.0;0.0;-5.76469466;-35.28295988;SPRF-RN;DEL02-RN;UOP01-DEL02-RN
641730.0;1440325.0;2024-11-14;quinta-feira;12:05:00;RN;101.0;96;NATAL;Sim;Condutor deixou de manter distância do veículo da frente;1;Engavetamento;Sem Vítimas;Pleno dia;Crescente;Céu Claro;Dupla;Reta;Sim;1152677.0;Automóvel;VW/T CROSS SENSE TSI;2022.0;Passageiro;Ileso;2.0;Masculino;1.0;0.0;0.0;0.0;-5.85524719;-35.21187901;SPRF-RN;DEL01-RN;UOP01-DEL01-RN
641730.0;1440324.0;2024-11-14;quinta-feira;12:05:00;RN;101.0;96;NATAL;Sim;Condutor deixou de manter distância do veículo da frente;1;Engavetamento;Sem Vítimas;Pleno dia;Crescente;Céu Claro;Dupla;Reta;Sim;1152677.0;Automóvel;VW/T CROSS SENSE TSI;2022.0;Passageiro;Ileso;7.0;Masculino;1.0;0.0;0.0;0.0;-5.85524719;-35.21187901;SPRF-RN;DEL01-RN;UOP01-DEL01-RN
641730.0;1440323.0;2024-11-14;quinta-feira;12:05:00;RN;101.0;96;NATAL;Sim;Condutor deixou de manter distância do veículo da frente;1;Engavetamento;Sem Vítimas;Pleno dia;Crescente;Céu Claro;Dupla;Reta;Sim;1152677.0;Automóvel;VW/T CROSS SENSE TSI;2022.0;Condutor;Ileso;36.0;Feminino;1.0;0.0;0.0;0.0;-5.85524719;-35.21187901;SPRF-RN;DEL01-RN;UOP01-DEL01-RN
641730.0;1440321.0;2024-11-14;quinta-feira;12:05:00;RN;101.0;96;NATAL;Sim;Condutor deixou de manter distância do veículo da frente;1;Engavetamento;Sem Vítimas;Pleno dia;Crescente;Céu Claro;Dupla;Reta;Sim;1152676.0;Camioneta;JEEP/RENEGADE LGTD T270;2022.0;Condutor;Ileso;39.0;Masculino;1.0;0.0;0.0;0.0;-5.85524719;-35.21187901;SPRF-RN;DEL01-RN;UOP01-DEL01-RN
641730.0;1440319.0;2024-11-14;quinta-feira;12:05:00;RN;101.0;96;NATAL;Sim;Condutor deixou de manter distância do veículo da frente;1;Engavetamento;Sem Vítimas;Pleno dia;Crescente;Céu Claro;Dupla;Reta;Sim;1152675.0;Automóvel;PEUGEOT/2008 STYLE THP A;2023.0;Condutor;Ileso;38.0;Masculino;1.0;0.0;0.0;0.0;-5.85524719;-35.21187901;SPRF-RN;DEL01-RN;UOP01-DEL01-RN
641730.0;1440317.0;2024-11-14;quinta-feira;12:05:00;RN;101.0;96;NATAL;Sim;Condutor deixou de manter distância do veículo da frente;1;Engavetamento;Sem Vítimas;Pleno dia;Crescente;Céu Claro;Dupla;Reta;Sim;1152674.0;Automóvel;I/FIAT CRONOS DRIVE 1.3;2019.0;Passageiro;Ileso;25.0;Masculino;1.0;0.0;0.0;0.0;-5.85524719;-35.21187901;SPRF-RN;DEL01-RN;UOP01-DEL01-RN
641730.0;1440316.0;2024-11-14;quinta-feira;12:05:00;RN;101.0;96;NATAL;Sim;Condutor deixou de manter distância do veículo da frente;1;Engavetamento;Sem Vítimas;Pleno dia;Crescente;Céu Claro;Dupla;Reta;Sim;1152674.0;Automóvel;I/FIAT CRONOS DRIVE 1.3;2019.0;Condutor;Ileso;48.0;Masculino;1.0;0.0;0.0;0.0;-5.85524719;-35.21187901;SPRF-RN;DEL01-RN;UOP01-DEL01-RN
641776.0;1443177.0;2024-11-14;quinta-feira;15:30:00;RN;101.0;96;NATAL;Não;Reação tardia ou ineficiente do condutor;1;Engavetamento;Sem Vítimas;Pleno dia;Decrescente;Céu Claro;Múltipla;Reta;Não;1154762.0;Automóvel;FORD/KA SE 1.0 HA B;2018.0;Condutor;Ileso;28.0;Feminino;1.0;0.0;0.0;0.0;-5.84949622;-35.20890752;SPRF-RN;DEL01-RN;UOP01-DEL01-RN
641776.0;1443176.0;2024-11-14;quinta-feira;15:30:00;RN;101.0;96;NATAL;Não;Reação tardia ou ineficiente do condutor;1;Engavetamento;Sem Vítimas;Pleno dia;Decrescente;Céu Claro;Múltipla;Reta;Não;1154761.0;Automóvel;FIAT/MOBI LIKE;2019.0;Condutor;Ileso;30.0;Feminino;1.0;0.0;0.0;0.0;-5.84949622;-35.20890752;SPRF-RN;DEL01-RN;UOP01-DEL01-RN
641776.0;1443174.0;2024-11-14;quinta-feira;15:30:00;RN;101.0;96;NATAL;Não;Reação tardia ou ineficiente do condutor;1;Engavetamento;Sem Vítimas;Pleno dia;Decrescente;Céu Claro;Múltipla;Reta;Não;1154760.0;Caminhonete;FIAT/STRADA ENDURANCE CS;2021.0;Condutor;Ileso;45.0;Masculino;1.0;0.0;0.0;0.0;-5.84949622;-35.20890752;SPRF-RN;DEL01-RN;UOP01-DEL01-RN
641776.0;1443173.0;2024-11-14;quinta-feira;15:30:00;RN;101.0;96;NATAL;Não;Reação tardia ou ineficiente do condutor;1;Engavetamento;Sem Vítimas;Pleno dia;Decrescente;Céu Claro;Múltipla;Reta;Não;1154759.0;Automóvel;CHEV/SPIN 1.8L AT LT7;2022.0;Condutor;Ileso;36.0;Masculino;1.0;0.0;0.0;0.0;-5.84949622;-35.20890752;SPRF-RN;DEL01-RN;UOP01-DEL01-RN
641776.0;1443167.0;2024-11-14;quinta-feira;15:30:00;RN;101.0;96;NATAL;Não;Reação tardia ou ineficiente do condutor;1;Engavetamento;Sem Vítimas;Pleno dia;Decrescente;Céu Claro;Múltipla;Reta;Não;1154754.0;Utilitário;SUZUKI/JIMNY 4 ALL;2014.0;Condutor;Ileso;29.0;Masculino;1.0;0.0;0.0;0.0;-5.84949622;-35.20890752;SPRF-RN;DEL01-RN;UOP01-DEL01-RN
641776.0;1440859.0;2024-11-14;quinta-feira;15:30:00;RN;101.0;96;NATAL;Não;Reação tardia ou ineficiente do condutor;1;Engavetamento;Sem Vítimas;Pleno dia;Decrescente;Céu Claro;Múltipla;Reta;Não;1153049.0;Caminhonete;I/TOYOTA HILUX CD4X4 SRV;2007.0;Condutor;Ileso;24.0;Masculino;1.0;0.0;0.0;0.0;-5.84949622;-35.20890752;SPRF-RN;DEL01-RN;UOP01-DEL01-RN
641776.0;1443177.0;2024-11-14;quinta-feira;15:30:00;RN;101.0;96;NATAL;Sim;Condutor deixou de manter distância do veículo da frente;1;Engavetamento;Sem Vítimas;Pleno dia;Decrescente;Céu Claro;Múltipla;Reta;Não;1154762.0;Automóvel;FORD/KA SE 1.0 HA B;2018.0;Condutor;Ileso;28.0;Feminino;1.0;0.0;0.0;0.0;-5.84949622;-35.20890752;SPRF-RN;DEL01-RN;UOP01-DEL01-RN
641776.0;1443176.0;2024-11-14;quinta-feira;15:30:00;RN;101.0;96;NATAL;Sim;Condutor deixou de manter distância do veículo da frente;1;Engavetamento;Sem Vítimas;Pleno dia;Decrescente;Céu Claro;Múltipla;Reta;Não;1154761.0;Automóvel;FIAT/MOBI LIKE;2019.0;Condutor;Ileso;30.0;Feminino;1.0;0.0;0.0;0.0;-5.84949622;-35.20890752;SPRF-RN;DEL01-RN;UOP01-DEL01-RN
641776.0;1443174.0;2024-11-14;quinta-feira;15:30:00;RN;101.0;96;NATAL;Sim;Condutor deixou de manter distância do veículo da frente;1;Engavetamento;Sem Vítimas;Pleno dia;Decrescente;Céu Claro;Múltipla;Reta;Não;1154760.0;Caminhonete;FIAT/STRADA ENDURANCE CS;2021.0;Condutor;Ileso;45.0;Masculino;1.0;0.0;0.0;0.0;-5.84949622;-35.20890752;SPRF-RN;DEL01-RN;UOP01-DEL01-RN
641776.0;1443173.0;2024-11-14;quinta-feira;15:30:00;RN;101.0;96;NATAL;Sim;Condutor deixou de manter distância do veículo da frente;1;Engavetamento;Sem Vítimas;Pleno dia;Decrescente;Céu Claro;Múltipla;Reta;Não;1154759.0;Automóvel;CHEV/SPIN 1.8L AT LT7;2022.0;Condutor;Ileso;36.0;Masculino;1.0;0.0;0.0;0.0;-5.84949622;-35.20890752;SPRF-RN;DEL01-RN;UOP01-DEL01-RN
641776.0;1443167.0;2024-11-14;quinta-feira;15:30:00;RN;101.0;96;NATAL;Sim;Condutor deixou de manter distância do veículo da frente;1;Engavetamento;Sem Vítimas;Pleno dia;Decrescente;Céu Claro;Múltipla;Reta;Não;1154754.0;Utilitário;SUZUKI/JIMNY 4 ALL;2014.0;Condutor;Ileso;29.0;Masculino;1.0;0.0;0.0;0.0;-5.84949622;-35.20890752;SPRF-RN;DEL01-RN;UOP01-DEL01-RN
641776.0;1440859.0;2024-11-14;quinta-feira;15:30:00;RN;101.0;96;NATAL;Sim;Condutor deixou de manter distância do veículo da frente;1;Engavetamento;Sem Vítimas;Pleno dia;Decrescente;Céu Claro;Múltipla;Reta;Não;1153049.0;Caminhonete;I/TOYOTA HILUX CD4X4 SRV;2007.0;Condutor;Ileso;24.0;Masculino;1.0;0.0;0.0;0.0;-5.84949622;-35.20890752;SPRF-RN;DEL01-RN;UOP01-DEL01-RN
641780.0;1440822.0;2024-11-14;quinta-feira;15:30:00;RN;101.0;83,6;NATAL;Sim;Ausência de sinalização;4;Colisão transversal;Com Vítimas Feridas;Pleno dia;Decrescente;Céu Claro;Dupla;Reta;Sim;1153015.0;Caminhonete;FIAT/STRADA FIRE FLEX;2008.0;Condutor;Ileso;53.0;Masculino;1.0;0.0;0.0;0.0;-5.772155;-35.263157;SPRF-RN;DEL02-RN;UOP01-DEL02-RN
641780.0;1440821.0;2024-11-14;quinta-feira;15:30:00;RN;101.0;83,6;NATAL;Sim;Ausência de sinalização;4;Colisão transversal;Com Vítimas Feridas;Pleno dia;Decrescente;Céu Claro;Dupla;Reta;Sim;1153014.0;Motocicleta;HONDA/CBX 250 TWISTER;2007.0;Condutor;Lesões Leves;20.0;Masculino;0.0;1.0;0.0;0.0;-5.772155;-35.263157;SPRF-RN;DEL02-RN;UOP01-DEL02-RN
641780.0;1440820.0;2024-11-14;quinta-feira;15:30:00;RN;101.0;83,6;NATAL;Sim;Ausência de sinalização;4;Colisão transversal;Com Vítimas Feridas;Pleno dia;Decrescente;Céu Claro;Dupla;Reta;Sim;1153013.0;Automóvel;FIAT/UNO MILLE ECONOMY;2010.0;Condutor;Ileso;52.0;Feminino;1.0;0.0;0.0;0.0;-5.772155;-35.263157;SPRF-RN;DEL02-RN;UOP01-DEL02-RN
641780.0;1440819.0;2024-11-14;quinta-feira;15:30:00;RN;101.0;83,6;NATAL;Sim;Ausência de sinalização;4;Colisão transversal;Com Vítimas Feridas;Pleno dia;Decrescente;Céu Claro;Dupla;Reta;Sim;1153012.0;Automóvel;FIAT/PALIO FIRE;2002.0;Condutor;Ileso;;Masculino;1.0;0.0;0.0;0.0;-5.772155;-35.263157;SPRF-RN;DEL02-RN;UOP01-DEL02-RN
641780.0;1440822.0;2024-11-14;quinta-feira;15:30:00;RN;101.0;83,6;NATAL;Sim;Ausência de sinalização;3;Tombamento;Com Vítimas Feridas;Pleno dia;Decrescente;Céu Claro;Dupla;Reta;Sim;1153015.0;Caminhonete;FIAT/STRADA FIRE FLEX;2008.0;Condutor;Ileso;53.0;Masculino;1.0;0.0;0.0;0.0;-5.772155;-35.263157;SPRF-RN;DEL02-RN;UOP01-DEL02-RN
641780.0;1440821.0;2024-11-14;quinta-feira;15:30:00;RN;101.0;83,6;NATAL;Sim;Ausência de sinalização;3;Tombamento;Com Vítimas Feridas;Pleno dia;Decrescente;Céu Claro;Dupla;Reta;Sim;1153014.0;Motocicleta;HONDA/CBX 250 TWISTER;2007.0;Condutor;Lesões Leves;20.0;Masculino;0.0;1.0;0.0;0.0;-5.772155;-35.263157;SPRF-RN;DEL02-RN;UOP01-DEL02-RN
641780.0;1440820.0;2024-11-14;quinta-feira;15:30:00;RN;101.0;83,6;NATAL;Sim;Ausência de sinalização;3;Tombamento;Com Vítimas Feridas;Pleno dia;Decrescente;Céu Claro;Dupla;Reta;Sim;1153013.0;Automóvel;FIAT/UNO MILLE ECONOMY;2010.0;Condutor;Ileso;52.0;Feminino;1.0;0.0;0.0;0.0;-5.772155;-35.263157;SPRF-RN;DEL02-RN;UOP01-DEL02-RN
641780.0;1440819.0;2024-11-14;quinta-feira;15:30:00;RN;101.0;83,6;NATAL;Sim;Ausência de sinalização;3;Tombamento;Com Vítimas Feridas;Pleno dia;Decrescente;Céu Claro;Dupla;Reta;Sim;1153012.0;Automóvel;FIAT/PALIO FIRE;2002.0;Condutor;Ileso;;Masculino;1.0;0.0;0.0;0.0;-5.772155;-35.263157;SPRF-RN;DEL02-RN;UOP01-DEL02-RN