id;pesid;data_inversa;dia_semana;horario;uf;br;km;municipio;causa_principal;causa_acidente;ordem_tipo_acidente;tipo_acidente;classificacao_acidente;fase_dia;sentido_via;condicao_metereologica;tipo_pista;tracado_via;uso_solo;id_veiculo;tipo_veiculo;marca;ano_fabricacao_veiculo;tipo_envolvido;estado_fisico;idade;sexo;ilesos;feridos_leves;feridos_graves;mortos;latitude;longitude;regional;delegacia;uop
641780.0;1440822.0;2024-11-14;quinta-feira;15:30:00;RN;101.0;83,6;NATAL;Sim;Ausência de sinalização;2;Queda de ocupante de veículo;Com Vítimas Feridas;Pleno dia;Decrescente;Céu Claro;Dupla;Reta;Sim;1153015.0;Caminhonete;FIAT/STRADA FIRE FLEX;2008.0;Condutor;Ileso;53.0;Masculino;1.0;0.0;0.0;0.0;-5.772155;-35.263157;SPRF-RN;DEL02-RN;UOP01-DEL02-RN
641780.0;1440821.0;2024-11-14;quinta-feira;15:30:00;RN;101.0;83,6;NATAL;Sim;Ausência de sinalização;2;Queda de ocupante de veículo;Com Vítimas Feridas;Pleno dia;Decrescente;Céu Claro;Dupla;Reta;Sim;1153014.0;Motocicleta;HONDA/CBX 250 TWISTER;2007.0;Condutor;Lesões Leves;20.0;Masculino;0.0;1.0;0.0;0.0;-5.772155;-35.263157;SPRF-RN;DEL02-RN;UOP01-DEL02-RN
641780.0;1440820.0;2024-11-14;quinta-feira;15:30:00;RN;101.0;83,6;NATAL;Sim;Ausência de sinalização;2;Queda de ocupante de veículo;Com Vítimas Feridas;Pleno dia;Decrescente;Céu Claro;Dupla;Reta;Sim;1153013.0;Automóvel;FIAT/UNO MILLE ECONOMY;2010.0;Condutor;Ileso;52.0;Feminino;1.0;0.0;0.0;0.0;-5.772155;-35.263157;SPRF-RN;DEL02-RN;UOP01-DEL02-RN
641780.0;1440819.0;2024-11-14;quinta-feira;15:30:00;RN;101.0;83,6;NATAL;Sim;Ausência de sinalização;2;Queda de ocupante de veículo;Com Vítimas Feridas;Pleno dia;Decrescente;Céu Claro;Dupla;Reta;Sim;1153012.0;Automóvel;FIAT/PALIO FIRE;2002.0;Condutor;Ileso;;Masculino;1.0;0.0;0.0;0.0;-5.772155;-35.263157;SPRF-RN;DEL02-RN;UOP01-DEL02-RN
641780.0;1440822.0;2024-11-14;quinta-feira;15:30:00;RN;101.0;83,6;NATAL;Sim;Ausência de sinalização;1;Colisão traseira;Com Vítimas Feridas;Pleno dia;Decrescente;Céu Claro;Dupla;Reta;Sim;1153015.0;Caminhonete;FIAT/STRADA FIRE FLEX;2008.0;Condutor;Ileso;53.0;Masculino;1.0;0.0;0.0;0.0;-5.772155;-35.263157;SPRF-RN;DEL02-RN;UOP01-DEL02-RN
641780.0;1440821.0;2024-11-14;quinta-feira;15:30:00;RN;101.0;83,6;NATAL;Sim;Ausência de sinalização;1;Colisão traseira;Com Vítimas Feridas;Pleno dia;Decrescente;Céu Claro;Dupla;Reta;Sim;1153014.0;Motocicleta;HONDA/CBX 250 TWISTER;2007.0;Condutor;Lesões Leves;20.0;Masculino;0.0;1.0;0.0;0.0;-5.772155;-35.263157;SPRF-RN;DEL02-RN;UOP01-DEL02-RN
641780.0;1440820.0;2024-11-14;quinta-feira;15:30:00;RN;101.0;83,6;NATAL;Sim;Ausência de sinalização;1;Colisão traseira;Com Vítimas Feridas;Pleno dia;Decrescente;Céu Claro;Dupla;Reta;Sim;1153013.0;Automóvel;FIAT/UNO MILLE ECONOMY;2010.0;Condutor;Ileso;52.0;Feminino;1.0;0.0;0.0;0.0;-5.772155;-35.263157;SPRF-RN;DEL02-RN;UOP01-DEL02-RN
641780.0;1440819.0;2024-11-14;quinta-feira;15:30:00;RN;101.0;83,6;NATAL;Sim;Ausência de sinalização;1;Colisão traseira;Com Vítimas Feridas;Pleno dia;Decrescente;Céu Claro;Dupla;Reta;Sim;1153012.0;Automóvel;FIAT/PALIO FIRE;2002.0;Condutor;Ileso;;Masculino;1.0;0.0;0.0;0.0;-5.772155;-35.263157;SPRF-RN;DEL02-RN;UOP01-DEL02-RN
641791.0;1440476.0;2024-11-14;quinta-feira;16:45:00;RN;101.0;96;NATAL;Sim;Condutor deixou de manter distância do veículo da frente;1;Engavetamento;Com Vítimas Feridas;Pleno dia;Decrescente;Céu Claro;Dupla;Reta;Sim;1152794.0;Automóvel;HONDA/CIVIC EXL CVT;2021.0;Passageiro;Ileso;9.0;Feminino;1.0;0.0;0.0;0.0;-5.85305925;-35.21067739;SPRF-RN;DEL01-RN;UOP01-DEL01-RN
641791.0;1440474.0;2024-11-14;quinta-feira;16:45:00;RN;101.0;96;NATAL;Sim;Condutor deixou de manter distância do veículo da frente;1;Engavetamento;Com Vítimas Feridas;Pleno dia;Decrescente;Céu Claro;Dupla;Reta;Sim;1152794.0;Automóvel;HONDA/CIVIC EXL CVT;2021.0;Condutor;Ileso;49.0;Feminino;1.0;0.0;0.0;0.0;-5.85305925;-35.21067739;SPRF-RN;DEL01-RN;UOP01-DEL01-RN
641791.0;1440471.0;2024-11-14;quinta-feira;16:45:00;RN;101.0;96;NATAL;Sim;Condutor deixou de manter distância do veículo da frente;1;Engavetamento;Com Vítimas Feridas;Pleno dia;Decrescente;Céu Claro;Dupla;Reta;Sim;1152792.0;Automóvel;I/BYD DOLPHIN GS 180EV;2023.0;Condutor;Ileso;33.0;Masculino;1.0;0.0;0.0;0.0;-5.85305925;-35.21067739;SPRF-RN;DEL01-RN;UOP01-DEL01-RN
641791.0;1440470.0;2024-11-14;quinta-feira;16:45:00;RN;101.0;96;NATAL;Sim;Condutor deixou de manter distância do veículo da frente;1;Engavetamento;Com Vítimas Feridas;Pleno dia;Decrescente;Céu Claro;Dupla;Reta;Sim;1152790.0;Automóvel;HONDA/CITY DX CVT;2017.0;Passageiro;Ileso;11.0;Masculino;1.0;0.0;0.0;0.0;-5.85305925;-35.21067739;SPRF-RN;DEL01-RN;UOP01-DEL01-RN
641791.0;1440466.0;2024-11-14;quinta-feira;16:45:00;RN;101.0;96;NATAL;Sim;Condutor deixou de manter distância do veículo da frente;1;Engavetamento;Com Vítimas Feridas;Pleno dia;Decrescente;Céu Claro;Dupla;Reta;Sim;1152790.0;Automóvel;HONDA/CITY DX CVT;2017.0;Condutor;Lesões Leves;49.0;Masculino;0.0;1.0;0.0;0.0;-5.85305925;-35.21067739;SPRF-RN;DEL01-RN;UOP01-DEL01-RN
642297.0;1441876.0;2024-11-16;sábado;16:35:00;RN;101.0;78,8;NATAL;Sim;Acessar a via sem observar a presença dos outros veículos;3;Queda de ocupante de veículo;Com Vítimas Fatais;Pleno dia;Decrescente;Céu Claro;Dupla;Reta;Sim;1153823.0;Bicicleta;Não Informado/Não Informado;0.0;Condutor;Óbito;54.0;Masculino;0.0;0.0;0.0;1.0;-5.74672573;-35.28950214;SPRF-RN;DEL02-RN;UOP01-DEL02-RN
642297.0;1441875.0;2024-11-16;sábado;16:35:00;RN;101.0;78,8;NATAL;Sim;Acessar a via sem observar a presença dos outros veículos;3;Queda de ocupante de veículo;Com Vítimas Fatais;Pleno dia;Decrescente;Céu Claro;Dupla;Reta;Sim;1153822.0;Motoneta;YAMAHA/NEO 125;2022.0;Condutor;Lesões Graves;61.0;Masculino;0.0;0.0;1.0;0.0;-5.74672573;-35.28950214;SPRF-RN;DEL02-RN;UOP01-DEL02-RN
642297.0;1441876.0;2024-11-16;sábado;16:35:00;RN;101.0;78,8;NATAL;Sim;Acessar a via sem observar a presença dos outros veículos;2;Tombamento;Com Vítimas Fatais;Pleno dia;Decrescente;Céu Claro;Dupla;Reta;Sim;1153823.0;Bicicleta;Não Informado/Não Informado;0.0;Condutor;Óbito;54.0;Masculino;0.0;0.0;0.0;1.0;-5.74672573;-35.28950214;SPRF-RN;DEL02-RN;UOP01-DEL02-RN
642297.0;1441875.0;2024-11-16;sábado;16:35:00;RN;101.0;78,8;NATAL;Sim;Acessar a via sem observar a presença dos outros veículos;2;Tombamento;Com Vítimas Fatais;Pleno dia;Decrescente;Céu Claro;Dupla;Reta;Sim;1153822.0;Motoneta;YAMAHA/NEO 125;2022.0;Condutor;Lesões Graves;61.0;Masculino;0.0;0.0;1.0;0.0;-5.74672573;-35.28950214;SPRF-RN;DEL02-RN;UOP01-DEL02-RN
642297.0;1441876.0;2024-11-16;sábado;16:35:00;RN;101.0;78,8;NATAL;Sim;Acessar a via sem observar a presença dos outros veículos;1;Colisão transversal;Com Vítimas Fatais;Pleno dia;Decrescente;Céu Claro;Dupla;Reta;Sim;1153823.0;Bicicleta;Não Informado/Não Informado;0.0;Condutor;Óbito;54.0;Masculino;0.0;0.0;0.0;1.0;-5.74672573;-35.28950214;SPRF-RN;DEL02-RN;UOP01-DEL02-RN
642297.0;1441875.0;2024-11-16;sábado;16:35:00;RN;101.0;78,8;NATAL;Sim;Acessar a via sem observar a presença dos outros veículos;1;Colisão transversal;Com Vítimas Fatais;Pleno dia;Decrescente;Céu Claro;Dupla;Reta;Sim;1153822.0;Motoneta;YAMAHA/NEO 125;2022.0;Condutor;Lesões Graves;61.0;Masculino;0.0;0.0;1.0;0.0;-5.74672573;-35.28950214;SPRF-RN;DEL02-RN;UOP01-DEL02-RN
643407.0;1444685.0;2024-11-22;sexta-feira;07:50:00;RN;101.0;95;NATAL;Sim;Pedestre cruzava a pista fora da faixa;1;Atropelamento de Pedestre;Com Vítimas Feridas;Pleno dia;Decrescente;Céu Claro;Dupla;Reta;Sim;1155966.0;Motocicleta;HONDA/NXR160 BROS ESDD;2023.0;Condutor;Lesões Leves;33.0;Feminino;0.0;1.0;0.0;0.0;-5.84422296;-35.20891476;SPRF-RN;DEL01-RN;UOP01-DEL01-RN
643407.0;1444792.0;2024-11-22;sexta-feira;07:50:00;RN;101.0;95;NATAL;Sim;Pedestre cruzava a pista fora da faixa;1;Atropelamento de Pedestre;Com Vítimas Feridas;Pleno dia;Decrescente;Céu Claro;Dupla;Reta;Sim;;;NA/NA;;Pedestre;Lesões Leves;26.0;Masculino;0.0;1.0;0.0;0.0;-5.84422296;-35.20891476;SPRF-RN;DEL01-RN;UOP01-DEL01-RN
643724.0;1445637.0;2024-11-23;sábado;13:40:00;RN;101.0;98;NATAL;Não;Participar de racha;5;Tombamento;Com Vítimas Feridas;Pleno dia;Decrescente;Sol;Múltipla;Reta;Sim;1156792.0;Motocicleta;YAMAHA/MT07 ABS;2017.0;Passageiro;Lesões Leves;32.0;Feminino;0.0;1.0;0.0;0.0;-5.86567888;-35.21651625;SPRF-RN;DEL01-RN;UOP01-DEL01-RN
643724.0;1445636.0;2024-11-23;sábado;13:40:00;RN;101.0;98;NATAL;Não;Participar de racha;5;Tombamento;Com Vítimas Feridas;Pleno dia;Decrescente;Sol;Múltipla;Reta;Sim;1156792.0;Motocicleta;YAMAHA/MT07 ABS;2017.0;Condutor;Lesões Leves;31.0;Masculino;0.0;1.0;0.0;0.0;-5.86567888;-35.21651625;SPRF-RN;DEL01-RN;UOP01-DEL01-RN
643724.0;1445635.0;2024-11-23;sábado;13:40:00;RN;101.0;98;NATAL;Não;Participar de racha;5;Tombamento;Com Vítimas Feridas;Pleno dia;Decrescente;Sol;Múltipla;Reta;Sim;1156791.0;Automóvel;RENAULT/SANDERO EXPR 10;2015.0;Passageiro;Ileso;15.0;Masculino;1.0;0.0;0.0;0.0;-5.86567888;-35.21651625;SPRF-RN;DEL01-RN;UOP01-DEL01-RN
643724.0;1445634.0;2024-11-23;sábado;13:40:00;RN;101.0;98;NATAL;Não;Participar de racha;5;Tombamento;Com Vítimas Feridas;Pleno dia;Decrescente;Sol;Múltipla;Reta;Sim;1156791.0;Automóvel;RENAULT/SANDERO EXPR 10;2015.0;Passageiro;Ileso;49.0;Feminino;1.0;0.0;0.0;0.0;-5.86567888;-35.21651625;SPRF-RN;DEL01-RN;UOP01-DEL01-RN
643724.0;1445633.0;2024-11-23;sábado;13:40:00;RN;101.0;98;NATAL;Não;Participar de racha;5;Tombamento;Com Vítimas Feridas;Pleno dia;Decrescente;Sol;Múltipla;Reta;Sim;1156791.0;Automóvel;RENAULT/SANDERO EXPR 10;2015.0;Condutor;Ileso;25.0;Masculino;1.0;0.0;0.0;0.0;-5.86567888;-35.21651625;SPRF-RN;DEL01-RN;UOP01-DEL01-RN
643724.0;1445632.0;2024-11-23;sábado;13:40:00;RN;101.0;98;NATAL;Não;Participar de racha;5;Tombamento;Com Vítimas Feridas;Pleno dia;Decrescente;Sol;Múltipla;Reta;Sim;1156790.0;Motocicleta;JTA/SUZUKI GSXR1000;0.0;Condutor;Ileso;20.0;Masculino;1.0;0.0;0.0;0.0;-5.86567888;-35.21651625;SPRF-RN;DEL01-RN;UOP01-DEL01-RN
643724.0;1445637.0;2024-11-23;sábado;13:40:00;RN;101.0;98;NATAL;Não;Participar de racha;4;Queda de ocupante de veículo;Com Vítimas Feridas;Pleno dia;Decrescente;Sol;Múltipla;Reta;Sim;1156792.0;Motocicleta;YAMAHA/MT07 ABS;2017.0;Passageiro;Lesões Leves;32.0;Feminino;0.0;1.0;0.0;0.0;-5.86567888;-35.21651625;SPRF-RN;DEL01-RN;UOP01-DEL01-RN
643724.0;1445636.0;2024-11-23;sábado;13:40:00;RN;101.0;98;NATAL;Não;Participar de racha;4;Queda de ocupante de veículo;Com Vítimas Feridas;Pleno dia;Decrescente;Sol;Múltipla;Reta;Sim;1156792.0;Motocicleta;YAMAHA/MT07 ABS;2017.0;Condutor;Lesões Leves;31.0;Masculino;0.0;1.0;0.0;0.0;-5.86567888;-35.21651625;SPRF-RN;DEL01-RN;UOP01-DEL01-RN
643724.0;1445635.0;2024-11-23;sábado;13:40:00;RN;101.0;98;NATAL;Não;Participar de racha;4;Queda de ocupante de veículo;Com Vítimas Feridas;Pleno dia;Decrescente;Sol;Múltipla;Reta;Sim;1156791.0;Automóvel;RENAULT/SANDERO EXPR 10;2015.0;Passageiro;Ileso;15.0;Masculino;1.0;0.0;0.0;0.0;-5.86567888;-35.21651625;SPRF-RN;DEL01-RN;UOP01-DEL01-RN
643724.0;1445634.0;2024-11-23;sábado;13:40:00;RN;101.0;98;NATAL;Não;Participar de racha;4;Queda de ocupante de veículo;Com Vítimas Feridas;Pleno dia;Decrescente;Sol;Múltipla;Reta;Sim;1156791.0;Automóvel;RENAULT/SANDERO EXPR 10;2015.0;Passageiro;Ileso;49.0;Feminino;1.0;0.0;0.0;0.0;-5.86567888;-35.21651625;SPRF-RN;DEL01-RN;UOP01-DEL01-RN
643724.0;1445633.0;2024-11-23;sábado;13:40:00;RN;101.0;98;NATAL;Não;Participar de racha;4;Queda de ocupante de veículo;Com Vítimas Feridas;Pleno dia;Decrescente;Sol;Múltipla;Reta;Sim;1156791.0;Automóvel;RENAULT/SANDERO EXPR 10;2015.0;Condutor;Ileso;25.0;Masculino;1.0;0.0;0.0;0.0;-5.86567888;-35.21651625;SPRF-RN;DEL01-RN;UOP01-DEL01-RN
643724.0;1445632.0;2024-11-23;sábado;13:40:00;RN;101.0;98;NATAL;Não;Participar de racha;4;Queda de ocupante de veículo;Com Vítimas Feridas;Pleno dia;Decrescente;Sol;Múltipla;Reta;Sim;1156790.0;Motocicleta;JTA/SUZUKI GSXR1000;0.0;Condutor;Ileso;20.0;Masculino;1.0;0.0;0.0;0.0;-5.86567888;-35.21651625;SPRF-RN;DEL01-RN;UOP01-DEL01-RN
643724.0;1445637.0;2024-11-23;sábado;13:40:00;RN;101.0;98;NATAL;Não;Participar de racha;3;Queda de ocupante de veículo;Com Vítimas Feridas;Pleno dia;Decrescente;Sol;Múltipla;Reta;Sim;1156792.0;Motocicleta;YAMAHA/MT07 ABS;2017.0;Passageiro;Lesões Leves;32.0;Feminino;0.0;1.0;0.0;0.0;-5.86567888;-35.21651625;SPRF-RN;DEL01-RN;UOP01-DEL01-RN
643724.0;1445636.0;2024-11-23;sábado;13:40:00;RN;101.0;98;NATAL;Não;Participar de racha;3;Queda de ocupante de veículo;Com Vítimas Feridas;Pleno dia;Decrescente;Sol;Múltipla;Reta;Sim;1156792.0;Motocicleta;YAMAHA/MT07 ABS;2017.0;Condutor;Lesões Leves;31.0;Masculino;0.0;1.0;0.0;0.0;-5.86567888;-35.21651625;SPRF-RN;DEL01-RN;UOP01-DEL01-RN
643724.0;1445635.0;2024-11-23;sábado;13:40:00;RN;101.0;98;NATAL;Não;Participar de racha;3;Queda de ocupante de veículo;Com Vítimas Feridas;Pleno dia;Decrescente;Sol;Múltipla;Reta;Sim;1156791.0;Automóvel;RENAULT/SANDERO EXPR 10;2015.0;Passageiro;Ileso;15.0;Masculino;1.0;0.0;0.0;0.0;-5.86567888;-35.21651625;SPRF-RN;DEL01-RN;UOP01-DEL01-RN
643724.0;1445634.0;2024-11-23;sábado;13:40:00;RN;101.0;98;NATAL;Não;Participar de racha;3;Queda de ocupante de veículo;Com Vítimas Feridas;Pleno dia;Decrescente;Sol;Múltipla;Reta;Sim;1156791.0;Automóvel;RENAULT/SANDERO EXPR 10;2015.0;Passageiro;Ileso;49.0;Feminino;1.0;0.0;0.0;0.0;-5.86567888;-35.21651625;SPRF-RN;DEL01-RN;UOP01-DEL01-RN
643724.0;1445633.0;2024-11-23;sábado;13:40:00;RN;101.0;98;NATAL;Não;Participar de racha;3;Queda de ocupante de veículo;Com Vítimas Feridas;Pleno dia;Decrescente;Sol;Múltipla;Reta;Sim;1156791.0;Automóvel;RENAULT/SANDERO EXPR 10;2015.0;Condutor;Ileso;25.0;Masculino;1.0;0.0;0.0;0.0;-5.86567888;-35.21651625;SPRF-RN;DEL01-RN;UOP01-DEL01-RN
643724.0;1445632.0;2024-11-23;sábado;13:40:00;RN;101.0;98;NATAL;Não;Participar de racha;3;Queda de ocupante de veículo;Com Vítimas Feridas;Pleno dia;Decrescente;Sol;Múltipla;Reta;Sim;1156790.0;Motocicleta;JTA/SUZUKI GSXR1000;0.0;Condutor;Ileso;20.0;Masculino;1.0;0.0;0.0;0.0;-5.86567888;-35.21651625;SPRF-RN;DEL01-RN;UOP01-DEL01-RN
643724.0;1445637.0;2024-11-23;sábado;13:40:00;RN;101.0;98;NATAL;Não;Participar de racha;2;Colisão lateral mesmo sentido;Com Vítimas Feridas;Pleno dia;Decrescente;Sol;Múltipla;Reta;Sim;1156792.0;Motocicleta;YAMAHA/MT07 ABS;2017.0;Passageiro;Lesões Leves;32.0;Feminino;0.0;1.0;0.0;0.0;-5.86567888;-35.21651625;SPRF-RN;DEL01-RN;UOP01-DEL01-RN
643724.0;1445636.0;2024-11-23;sábado;13:40:00;RN;101.0;98;NATAL;Não;Participar de racha;2;Colisão lateral mesmo sentido;Com Vítimas Feridas;Pleno dia;Decrescente;Sol;Múltipla;Reta;Sim;1156792.0;Motocicleta;YAMAHA/MT07 ABS;2017.0;Condutor;Lesões Leves;31.0;Masculino;0.0;1.0;0.0;0.0;-5.86567888;-35.21651625;SPRF-RN;DEL01-RN;UOP01-DEL01-RN
643724.0;1445635.0;2024-11-23;sábado;13:40:00;RN;101.0;98;NATAL;Não;Participar de racha;2;Colisão lateral mesmo sentido;Com Vítimas Feridas;Pleno dia;Decrescente;Sol;Múltipla;Reta;Sim;1156791.0;Automóvel;RENAULT/SANDERO EXPR 10;2015.0;Passageiro;Ileso;15.0;Masculino;1.0;0.0;0.0;0.0;-5.86567888;-35.21651625;SPRF-RN;DEL01-RN;UOP01-DEL01-RN
643724.0;1445634.0;2024-11-23;sábado;13:40:00;RN;101.0;98;NATAL;Não;Participar de racha;2;Colisão lateral mesmo sentido;Com Vítimas Feridas;Pleno dia;Decrescente;Sol;Múltipla;Reta;Sim;1156791.0;Automóvel;RENAULT/SANDERO EXPR 10;2015.0;Passageiro;Ileso;49.0;Feminino;1.0;0.0;0.0;0.0;-5.86567888;-35.21651625;SPRF-RN;DEL01-RN;UOP01-DEL01-RN
643724.0;1445633.0;2024-11-23;sábado;13:40:00;RN;101.0;98;NATAL;Não;Participar de racha;2;Colisão lateral mesmo sentido;Com Vítimas Feridas;Pleno dia;Decrescente;Sol;Múltipla;Reta;Sim;1156791.0;Automóvel;RENAULT/SANDERO EXPR 10;2015.0;Condutor;Ileso;25.0;Masculino;1.0;0.0;0.0;0.0;-5.86567888;-35.21651625;SPRF-RN;DEL01-RN;UOP01-DEL01-RN
643724.0;1445632.0;2024-11-23;sábado;13:40:00;RN;101.0;98;NATAL;Não;Participar de racha;2;Colisão lateral mesmo sentido;Com Vítimas Feridas;Pleno dia;Decrescente;Sol;Múltipla;Reta;Sim;1156790.0;Motocicleta;JTA/SUZUKI GSXR1000;0.0;Condutor;Ileso;20.0;Masculino;1.0;0.0;0.0;0.0;-5.86567888;-35.21651625;SPRF-RN;DEL01-RN;UOP01-DEL01-RN
643724.0;1445637.0;2024-11-23;sábado;13:40:00;RN;101.0;98;NATAL;Não;Participar de racha;1;Colisão lateral mesmo sentido;Com Vítimas Feridas;Pleno dia;Decrescente;Sol;Múltipla;Reta;Sim;1156792.0;Motocicleta;YAMAHA/MT07 ABS;2017.0;Passageiro;Lesões Leves;32.0;Feminino;0.0;1.0;0.0;0.0;-5.86567888;-35.21651625;SPRF-RN;DEL01-RN;UOP01-DEL01-RN
643724.0;1445636.0;2024-11-23;sábado;13:40:00;RN;101.0;98;NATAL;Não;Participar de racha;1;Colisão lateral mesmo sentido;Com Vítimas Feridas;Pleno dia;Decrescente;Sol;Múltipla;Reta;Sim;1156792.0;Motocicleta;YAMAHA/MT07 ABS;2017.0;Condutor;Lesões Leves;31.0;Masculino;0.0;1.0;0.0;0.0;-5.86567888;-35.21651625;SPRF-RN;DEL01-RN;UOP01-DEL01-RN
643724.0;1445635.0;2024-11-23;sábado;13:40:00;RN;101.0;98;NATAL;Não;Participar de racha;1;Colisão lateral mesmo sentido;Com Vítimas Feridas;Pleno dia;Decrescente;Sol;Múltipla;Reta;Sim;1156791.0;Automóvel;RENAULT/SANDERO EXPR 10;2015.0;Passageiro;Ileso;15.0;Masculino;1.0;0.0;0.0;0.0;-5.86567888;-35.21651625;SPRF-RN;DEL01-RN;UOP01-DEL01-RN
643724.0;1445634.0;2024-11-23;sábado;13:40:00;RN;101.0;98;NATAL;Não;Participar de racha;1;Colisão lateral mesmo sentido;Com Vítimas Feridas;Pleno dia;Decrescente;Sol;Múltipla;Reta;Sim;1156791.0;Automóvel;RENAULT/SANDERO EXPR 10;2015.0;Passageiro;Ileso;49.0;Feminino;1.0;0.0;0.0;0.0;-5.86567888;-35.21651625;SPRF-RN;DEL01-RN;UOP01-DEL01-RN
643724.0;1445633.0;2024-11-23;sábado;13:40:00;RN;101.0;98;NATAL;Não;Participar de racha;1;Colisão lateral mesmo sentido;Com Vítimas Feridas;Pleno dia;Decrescente;Sol;Múltipla;Reta;Sim;1156791.0;Automóvel;RENAULT/SANDERO EXPR 10;2015.0;Condutor;Ileso;25.0;Masculino;1.0;0.0;0.0;0.0;-5.86567888;-35.21651625;SPRF-RN;DEL01-RN;UOP01-DEL01-RN
643724.0;1445632.0;2024-11-23;sábado;13:40:00;RN;101.0;98;NATAL;Não;Participar de racha;1;Colisão lateral mesmo sentido;Com Vítimas Feridas;Pleno dia;Decrescente;Sol;Múltipla;Reta;Sim;1156790.0;Motocicleta;JTA/SUZUKI GSXR1000;0.0;Condutor;Ileso;20.0;Masculino;1.0;0.0;0.0;0.0;-5.86567888;-35.21651625;SPRF-RN;DEL01-RN;UOP01-DEL01-RN
643724.0;1445637.0;2024-11-23;sábado;13:40:00;RN;101.0;98;NATAL;Não;Condutor deixou de manter distância do veículo da frente;5;Tombamento;Com Vítimas Feridas;Pleno dia;Decrescente;Sol;Múltipla;Reta;Sim;1156792.0;Motocicleta;YAMAHA/MT07 ABS;2017.0;Passageiro;Lesões Leves;32.0;Feminino;0.0;1.0;0.0;0.0;-5.86567888;-35.21651625;SPRF-RN;DEL01-RN;UOP01-DEL01-RN
643724.0;1445636.0;2024-11-23;sábado;13:40:00;RN;101.0;98;NATAL;Não;Condutor deixou de manter distância do veículo da frente;5;Tombamento;Com Vítimas Feridas;Pleno dia;Decrescente;Sol;Múltipla;Reta;Sim;1156792.0;Motocicleta;YAMAHA/MT07 ABS;2017.0;Condutor;Lesões Leves;31.0;Masculino;0.0;1.0;0.0;0.0;-5.86567888;-35.21651625;SPRF-RN;DEL01-RN;UOP01-DEL01-RN
643724.0;1445635.0;2024-11-23;sábado;13:40:00;RN;101.0;98;NATAL;Não;Condutor deixou de manter distância do veículo da frente;5;Tombamento;Com Vítimas Feridas;Pleno dia;Decrescente;Sol;Múltipla;Reta;Sim;1156791.0;Automóvel;RENAULT/SANDERO EXPR 10;2015.0;Passageiro;Ileso;15.0;Masculino;1.0;0.0;0.0;0.0;-5.86567888;-35.21651625;SPRF-RN;DEL01-RN;UOP01-DEL01-RN
643724.0;1445634.0;2024-11-23;sábado;13:40:00;RN;101.0;98;NATAL;Não;Condutor deixou de manter distância do veículo da frente;5;Tombamento;Com Vítimas Feridas;Pleno dia;Decrescente;Sol;Múltipla;Reta;Sim;1156791.0;Automóvel;RENAULT/SANDERO EXPR 10;2015.0;Passageiro;Ileso;49.0;Feminino;1.0;0.0;0.0;0.0;-5.86567888;-35.21651625;SPRF-RN;DEL01-RN;UOP01-DEL01-RN
643724.0;1445633.0;2024-11-23;sábado;13:40:00;RN;101.0;98;NATAL;Não;Condutor deixou de manter distância do veículo da frente;5;Tombamento;Com Vítimas Feridas;Pleno dia;Decrescente;Sol;Múltipla;Reta;Sim;1156791.0;Automóvel;RENAULT/SANDERO EXPR 10;2015.0;Condutor;Ileso;25.0;Masculino;1.0;0.0;0.0;0.0;-5.86567888;-35.21651625;SPRF-RN;DEL01-RN;UOP01-DEL01-RN
643724.0;1445632.0;2024-11-23;sábado;13:40:00;RN;101.0;98;NATAL;Não;Condutor deixou de manter distância do veículo da frente;5;Tombamento;Com Vítimas Feridas;Pleno dia;Decrescente;Sol;Múltipla;Reta;Sim;1156790.0;Motocicleta;JTA/SUZUKI GSXR1000;0.0;Condutor;Ileso;20.0;Masculino;1.0;0.0;0.0;0.0;-5.86567888;-35.21651625;SPRF-RN;DEL01-RN;UOP01-DEL01-RN
643724.0;1445637.0;2024-11-23;sábado;13:40:00;RN;101.0;98;NATAL;Não;Condutor deixou de manter distância do veículo da frente;4;Queda de ocupante de veículo;Com Vítimas Feridas;Pleno dia;Decrescente;Sol;Múltipla;Reta;Sim;1156792.0;Motocicleta;YAMAHA/MT07 ABS;2017.0;Passageiro;Lesões Leves;32.0;Feminino;0.0;1.0;0.0;0.0;-5.86567888;-35.21651625;SPRF-RN;DEL01-RN;UOP01-DEL01-RN
643724.0;1445636.0;2024-11-23;sábado;13:40:00;RN;101.0;98;NATAL;Não;Condutor deixou de manter distância do veículo da frente;4;Queda de ocupante de veículo;Com Vítimas Feridas;Pleno dia;Decrescente;Sol;Múltipla;Reta;Sim;1156792.0;Motocicleta;YAMAHA/MT07 ABS;2017.0;Condutor;Lesões Leves;31.0;Masculino;0.0;1.0;0.0;0.0;-5.86567888;-35.21651625;SPRF-RN;DEL01-RN;UOP01-DEL01-RN
643724.0;1445635.0;2024-11-23;sábado;13:40:00;RN;101.0;98;NATAL;Não;Condutor deixou de manter distância do veículo da frente;4;Queda de ocupante de veículo;Com Vítimas Feridas;Pleno dia;Decrescente;Sol;Múltipla;Reta;Sim;1156791.0;Automóvel;RENAULT/SANDERO EXPR 10;2015.0;Passageiro;Ileso;15.0;Masculino;1.0;0.0;0.0;0.0;-5.86567888;-35.21651625;SPRF-RN;DEL01-RN;UOP01-DEL01-RN
643724.0;1445634.0;2024-11-23;sábado;13:40:00;RN;101.0;98;NATAL;Não;Condutor deixou de manter distância do veículo da frente;4;Queda de ocupante de veículo;Com Vítimas Feridas;Pleno dia;Decrescente;Sol;Múltipla;Reta;Sim;1156791.0;Automóvel;RENAULT/SANDERO EXPR 10;2015.0;Passageiro;Ileso;49.0;Feminino;1.0;0.0;0.0;0.0;-5.86567888;-35.21651625;SPRF-RN;DEL01-RN;UOP01-DEL01-RN