id;pesid;data_inversa;dia_semana;horario;uf;br;km;municipio;causa_principal;causa_acidente;ordem_tipo_acidente;tipo_acidente;classificacao_acidente;fase_dia;sentido_via;condicao_metereologica;tipo_pista;tracado_via;uso_solo;id_veiculo;tipo_veiculo;marca;ano_fabricacao_veiculo;tipo_envolvido;estado_fisico;idade;sexo;ilesos;feridos_leves;feridos_graves;mortos;latitude;longitude;regional;delegacia;uop
643724.0;1445634.0;2024-11-23;sábado;13:40:00;RN;101.0;98;NATAL;Não;Ultrapassagem Indevida;4;Queda de ocupante de veículo;Com Vítimas Feridas;Pleno dia;Decrescente;Sol;Múltipla;Reta;Sim;1156791.0;Automóvel;RENAULT/SANDERO EXPR 10;2015.0;Passageiro;Ileso;49.0;Feminino;1.0;0.0;0.0;0.0;-5.86567888;-35.21651625;SPRF-RN;DEL01-RN;UOP01-DEL01-RN
643724.0;1445633.0;2024-11-23;sábado;13:40:00;RN;101.0;98;NATAL;Não;Ultrapassagem Indevida;4;Queda de ocupante de veículo;Com Vítimas Feridas;Pleno dia;Decrescente;Sol;Múltipla;Reta;Sim;1156791.0;Automóvel;RENAULT/SANDERO EXPR 10;2015.0;Condutor;Ileso;25.0;Masculino;1.0;0.0;0.0;0.0;-5.86567888;-35.21651625;SPRF-RN;DEL01-RN;UOP01-DEL01-RN
643724.0;1445632.0;2024-11-23;sábado;13:40:00;RN;101.0;98;NATAL;Não;Ultrapassagem Indevida;4;Queda de ocupante de veículo;Com Vítimas Feridas;Pleno dia;Decrescente;Sol;Múltipla;Reta;Sim;1156790.0;Motocicleta;JTA/SUZUKI GSXR1000;0.0;Condutor;Ileso;20.0;Masculino;1.0;0.0;0.0;0.0;-5.86567888;-35.21651625;SPRF-RN;DEL01-RN;UOP01-DEL01-RN
643724.0;1445637.0;2024-11-23;sábado;13:40:00;RN;101.0;98;NATAL;Não;Ultrapassagem Indevida;3;Queda de ocupante de veículo;Com Vítimas Feridas;Pleno dia;Decrescente;Sol;Múltipla;Reta;Sim;1156792.0;Motocicleta;YAMAHA/MT07 ABS;2017.0;Passageiro;Lesões Leves;32.0;Feminino;0.0;1.0;0.0;0.0;-5.86567888;-35.21651625;SPRF-RN;DEL01-RN;UOP01-DEL01-RN
643724.0;1445636.0;2024-11-23;sábado;13:40:00;RN;101.0;98;NATAL;Não;Ultrapassagem Indevida;3;Queda de ocupante de veículo;Com Vítimas Feridas;Pleno dia;Decrescente;Sol;Múltipla;Reta;Sim;1156792.0;Motocicleta;YAMAHA/MT07 ABS;2017.0;Condutor;Lesões Leves;31.0;Masculino;0.0;1.0;0.0;0.0;-5.86567888;-35.21651625;SPRF-RN;DEL01-RN;UOP01-DEL01-RN
643724.0;1445635.0;2024-11-23;sábado;13:40:00;RN;101.0;98;NATAL;Não;Ultrapassagem Indevida;3;Queda de ocupante de veículo;Com Vítimas Feridas;Pleno dia;Decrescente;Sol;Múltipla;Reta;Sim;1156791.0;Automóvel;RENAULT/SANDERO EXPR 10;2015.0;Passageiro;Ileso;15.0;Masculino;1.0;0.0;0.0;0.0;-5.86567888;-35.21651625;SPRF-RN;DEL01-RN;UOP01-DEL01-RN
643724.0;1445634.0;2024-11-23;sábado;13:40:00;RN;101.0;98;NATAL;Não;Ultrapassagem Indevida;3;Queda de ocupante de veículo;Com Vítimas Feridas;Pleno dia;Decrescente;Sol;Múltipla;Reta;Sim;1156791.0;Automóvel;RENAULT/SANDERO EXPR 10;2015.0;Passageiro;Ileso;49.0;Feminino;1.0;0.0;0.0;0.0;-5.86567888;-35.21651625;SPRF-RN;DEL01-RN;UOP01-DEL01-RN
643724.0;1445633.0;2024-11-23;sábado;13:40:00;RN;101.0;98;NATAL;Não;Ultrapassagem Indevida;3;Queda de ocupante de veículo;Com Vítimas Feridas;Pleno dia;Decrescente;Sol;Múltipla;Reta;Sim;1156791.0;Automóvel;RENAULT/SANDERO EXPR 10;2015.0;Condutor;Ileso;25.0;Masculino;1.0;0.0;0.0;0.0;-5.86567888;-35.21651625;SPRF-RN;DEL01-RN;UOP01-DEL01-RN
643724.0;1445632.0;2024-11-23;sábado;13:40:00;RN;101.0;98;NATAL;Não;Ultrapassagem Indevida;3;Queda de ocupante de veículo;Com Vítimas Feridas;Pleno dia;Decrescente;Sol;Múltipla;Reta;Sim;1156790.0;Motocicleta;JTA/SUZUKI GSXR1000;0.0;Condutor;Ileso;20.0;Masculino;1.0;0.0;0.0;0.0;-5.86567888;-35.21651625;SPRF-RN;DEL01-RN;UOP01-DEL01-RN
643724.0;1445637.0;2024-11-23;sábado;13:40:00;RN;101.0;98;NATAL;Não;Ultrapassagem Indevida;2;Colisão lateral mesmo sentido;Com Vítimas Feridas;Pleno dia;Decrescente;Sol;Múltipla;Reta;Sim;1156792.0;Motocicleta;YAMAHA/MT07 ABS;2017.0;Passageiro;Lesões Leves;32.0;Feminino;0.0;1.0;0.0;0.0;-5.86567888;-35.21651625;SPRF-RN;DEL01-RN;UOP01-DEL01-RN
643724.0;1445636.0;2024-11-23;sábado;13:40:00;RN;101.0;98;NATAL;Não;Ultrapassagem Indevida;2;Colisão lateral mesmo sentido;Com Vítimas Feridas;Pleno dia;Decrescente;Sol;Múltipla;Reta;Sim;1156792.0;Motocicleta;YAMAHA/MT07 ABS;2017.0;Condutor;Lesões Leves;31.0;Masculino;0.0;1.0;0.0;0.0;-5.86567888;-35.21651625;SPRF-RN;DEL01-RN;UOP01-DEL01-RN
643724.0;1445635.0;2024-11-23;sábado;13:40:00;RN;101.0;98;NATAL;Não;Ultrapassagem Indevida;2;Colisão lateral mesmo sentido;Com Vítimas Feridas;Pleno dia;Decrescente;Sol;Múltipla;Reta;Sim;1156791.0;Automóvel;RENAULT/SANDERO EXPR 10;2015.0;Passageiro;Ileso;15.0;Masculino;1.0;0.0;0.0;0.0;-5.86567888;-35.21651625;SPRF-RN;DEL01-RN;UOP01-DEL01-RN
643724.0;1445634.0;2024-11-23;sábado;13:40:00;RN;101.0;98;NATAL;Não;Ultrapassagem Indevida;2;Colisão lateral mesmo sentido;Com Vítimas Feridas;Pleno dia;Decrescente;Sol;Múltipla;Reta;Sim;1156791.0;Automóvel;RENAULT/SANDERO EXPR 10;2015.0;Passageiro;Ileso;49.0;Feminino;1.0;0.0;0.0;0.0;-5.86567888;-35.21651625;SPRF-RN;DEL01-RN;UOP01-DEL01-RN
643724.0;1445633.0;2024-11-23;sábado;13:40:00;RN;101.0;98;NATAL;Não;Ultrapassagem Indevida;2;Colisão lateral mesmo sentido;Com Vítimas Feridas;Pleno dia;Decrescente;Sol;Múltipla;Reta;Sim;1156791.0;Automóvel;RENAULT/SANDERO EXPR 10;2015.0;Condutor;Ileso;25.0;Masculino;1.0;0.0;0.0;0.0;-5.86567888;-35.21651625;SPRF-RN;DEL01-RN;UOP01-DEL01-RN
643724.0;1445632.0;2024-11-23;sábado;13:40:00;RN;101.0;98;NATAL;Não;Ultrapassagem Indevida;2;Colisão lateral mesmo sentido;Com Vítimas Feridas;Pleno dia;Decrescente;Sol;Múltipla;Reta;Sim;1156790.0;Motocicleta;JTA/SUZUKI GSXR1000;0.0;Condutor;Ileso;20.0;Masculino;1.0;0.0;0.0;0.0;-5.86567888;-35.21651625;SPRF-RN;DEL01-RN;UOP01-DEL01-RN
643724.0;1445637.0;2024-11-23;sábado;13:40:00;RN;101.0;98;NATAL;Não;Ultrapassagem Indevida;1;Colisão lateral mesmo sentido;Com Vítimas Feridas;Pleno dia;Decrescente;Sol;Múltipla;Reta;Sim;1156792.0;Motocicleta;YAMAHA/MT07 ABS;2017.0;Passageiro;Lesões Leves;32.0;Feminino;0.0;1.0;0.0;0.0;-5.86567888;-35.21651625;SPRF-RN;DEL01-RN;UOP01-DEL01-RN
643724.0;1445636.0;2024-11-23;sábado;13:40:00;RN;101.0;98;NATAL;Não;Ultrapassagem Indevida;1;Colisão lateral mesmo sentido;Com Vítimas Feridas;Pleno dia;Decrescente;Sol;Múltipla;Reta;Sim;1156792.0;Motocicleta;YAMAHA/MT07 ABS;2017.0;Condutor;Lesões Leves;31.0;Masculino;0.0;1.0;0.0;0.0;-5.86567888;-35.21651625;SPRF-RN;DEL01-RN;UOP01-DEL01-RN
643724.0;1445635.0;2024-11-23;sábado;13:40:00;RN;101.0;98;NATAL;Não;Ultrapassagem Indevida;1;Colisão lateral mesmo sentido;Com Vítimas Feridas;Pleno dia;Decrescente;Sol;Múltipla;Reta;Sim;1156791.0;Automóvel;RENAULT/SANDERO EXPR 10;2015.0;Passageiro;Ileso;15.0;Masculino;1.0;0.0;0.0;0.0;-5.86567888;-35.21651625;SPRF-RN;DEL01-RN;UOP01-DEL01-RN
643724.0;1445634.0;2024-11-23;sábado;13:40:00;RN;101.0;98;NATAL;Não;Ultrapassagem Indevida;1;Colisão lateral mesmo sentido;Com Vítimas Feridas;Pleno dia;Decrescente;Sol;Múltipla;Reta;Sim;1156791.0;Automóvel;RENAULT/SANDERO EXPR 10;2015.0;Passageiro;Ileso;49.0;Feminino;1.0;0.0;0.0;0.0;-5.86567888;-35.21651625;SPRF-RN;DEL01-RN;UOP01-DEL01-RN
643724.0;1445633.0;2024-11-23;sábado;13:40:00;RN;101.0;98;NATAL;Não;Ultrapassagem Indevida;1;Colisão lateral mesmo sentido;Com Vítimas Feridas;Pleno dia;Decrescente;Sol;Múltipla;Reta;Sim;1156791.0;Automóvel;RENAULT/SANDERO EXPR 10;2015.0;Condutor;Ileso;25.0;Masculino;1.0;0.0;0.0;0.0;-5.86567888;-35.21651625;SPRF-RN;DEL01-RN;UOP01-DEL01-RN
643724.0;1445632.0;2024-11-23;sábado;13:40:00;RN;101.0;98;NATAL;Não;Ultrapassagem Indevida;1;Colisão lateral mesmo sentido;Com Vítimas Feridas;Pleno dia;Decrescente;Sol;Múltipla;Reta;Sim;1156790.0;Motocicleta;JTA/SUZUKI GSXR1000;0.0;Condutor;Ileso;20.0;Masculino;1.0;0.0;0.0;0.0;-5.86567888;-35.21651625;SPRF-RN;DEL01-RN;UOP01-DEL01-RN
643724.0;1445637.0;2024-11-23;sábado;13:40:00;RN;101.0;98;NATAL;Não;Trafegar com motocicleta (ou similar) entre as faixas;5;Tombamento;Com Vítimas Feridas;Pleno dia;Decrescente;Sol;Múltipla;Reta;Sim;1156792.0;Motocicleta;YAMAHA/MT07 ABS;2017.0;Passageiro;Lesões Leves;32.0;Feminino;0.0;1.0;0.0;0.0;-5.86567888;-35.21651625;SPRF-RN;DEL01-RN;UOP01-DEL01-RN
643724.0;1445636.0;2024-11-23;sábado;13:40:00;RN;101.0;98;NATAL;Não;Trafegar com motocicleta (ou similar) entre as faixas;5;Tombamento;Com Vítimas Feridas;Pleno dia;Decrescente;Sol;Múltipla;Reta;Sim;1156792.0;Motocicleta;YAMAHA/MT07 ABS;2017.0;Condutor;Lesões Leves;31.0;Masculino;0.0;1.0;0.0;0.0;-5.86567888;-35.21651625;SPRF-RN;DEL01-RN;UOP01-DEL01-RN
643724.0;1445635.0;2024-11-23;sábado;13:40:00;RN;101.0;98;NATAL;Não;Trafegar com motocicleta (ou similar) entre as faixas;5;Tombamento;Com Vítimas Feridas;Pleno dia;Decrescente;Sol;Múltipla;Reta;Sim;1156791.0;Automóvel;RENAULT/SANDERO EXPR 10;2015.0;Passageiro;Ileso;15.0;Masculino;1.0;0.0;0.0;0.0;-5.86567888;-35.21651625;SPRF-RN;DEL01-RN;UOP01-DEL01-RN
643724.0;1445634.0;2024-11-23;sábado;13:40:00;RN;101.0;98;NATAL;Não;Trafegar com motocicleta (ou similar) entre as faixas;5;Tombamento;Com Vítimas Feridas;Pleno dia;Decrescente;Sol;Múltipla;Reta;Sim;1156791.0;Automóvel;RENAULT/SANDERO EXPR 10;2015.0;Passageiro;Ileso;49.0;Feminino;1.0;0.0;0.0;0.0;-5.86567888;-35.21651625;SPRF-RN;DEL01-RN;UOP01-DEL01-RN
643724.0;1445633.0;2024-11-23;sábado;13:40:00;RN;101.0;98;NATAL;Não;Trafegar com motocicleta (ou similar) entre as faixas;5;Tombamento;Com Vítimas Feridas;Pleno dia;Decrescente;Sol;Múltipla;Reta;Sim;1156791.0;Automóvel;RENAULT/SANDERO EXPR 10;2015.0;Condutor;Ileso;25.0;Masculino;1.0;0.0;0.0;0.0;-5.86567888;-35.21651625;SPRF-RN;DEL01-RN;UOP01-DEL01-RN
643724.0;1445632.0;2024-11-23;sábado;13:40:00;RN;101.0;98;NATAL;Não;Trafegar com motocicleta (ou similar) entre as faixas;5;Tombamento;Com Vítimas Feridas;Pleno dia;Decrescente;Sol;Múltipla;Reta;Sim;1156790.0;Motocicleta;JTA/SUZUKI GSXR1000;0.0;Condutor;Ileso;20.0;Masculino;1.0;0.0;0.0;0.0;-5.86567888;-35.21651625;SPRF-RN;DEL01-RN;UOP01-DEL01-RN
643724.0;1445637.0;2024-11-23;sábado;13:40:00;RN;101.0;98;NATAL;Não;Trafegar com motocicleta (ou similar) entre as faixas;4;Queda de ocupante de veículo;Com Vítimas Feridas;Pleno dia;Decrescente;Sol;Múltipla;Reta;Sim;1156792.0;Motocicleta;YAMAHA/MT07 ABS;2017.0;Passageiro;Lesões Leves;32.0;Feminino;0.0;1.0;0.0;0.0;-5.86567888;-35.21651625;SPRF-RN;DEL01-RN;UOP01-DEL01-RN
643724.0;1445636.0;2024-11-23;sábado;13:40:00;RN;101.0;98;NATAL;Não;Trafegar com motocicleta (ou similar) entre as faixas;4;Queda de ocupante de veículo;Com Vítimas Feridas;Pleno dia;Decrescente;Sol;Múltipla;Reta;Sim;1156792.0;Motocicleta;YAMAHA/MT07 ABS;2017.0;Condutor;Lesões Leves;31.0;Masculino;0.0;1.0;0.0;0.0;-5.86567888;-35.21651625;SPRF-RN;DEL01-RN;UOP01-DEL01-RN
643724.0;1445635.0;2024-11-23;sábado;13:40:00;RN;101.0;98;NATAL;Não;Trafegar com motocicleta (ou similar) entre as faixas;4;Queda de ocupante de veículo;Com Vítimas Feridas;Pleno dia;Decrescente;Sol;Múltipla;Reta;Sim;1156791.0;Automóvel;RENAULT/SANDERO EXPR 10;2015.0;Passageiro;Ileso;15.0;Masculino;1.0;0.0;0.0;0.0;-5.86567888;-35.21651625;SPRF-RN;DEL01-RN;UOP01-DEL01-RN
643724.0;1445634.0;2024-11-23;sábado;13:40:00;RN;101.0;98;NATAL;Não;Trafegar com motocicleta (ou similar) entre as faixas;4;Queda de ocupante de veículo;Com Vítimas Feridas;Pleno dia;Decrescente;Sol;Múltipla;Reta;Sim;1156791.0;Automóvel;RENAULT/SANDERO EXPR 10;2015.0;Passageiro;Ileso;49.0;Feminino;1.0;0.0;0.0;0.0;-5.86567888;-35.21651625;SPRF-RN;DEL01-RN;UOP01-DEL01-RN
643724.0;1445633.0;2024-11-23;sábado;13:40:00;RN;101.0;98;NATAL;Não;Trafegar com motocicleta (ou similar) entre as faixas;4;Queda de ocupante de veículo;Com Vítimas Feridas;Pleno dia;Decrescente;Sol;Múltipla;Reta;Sim;1156791.0;Automóvel;RENAULT/SANDERO EXPR 10;2015.0;Condutor;Ileso;25.0;Masculino;1.0;0.0;0.0;0.0;-5.86567888;-35.21651625;SPRF-RN;DEL01-RN;UOP01-DEL01-RN
643724.0;1445632.0;2024-11-23;sábado;13:40:00;RN;101.0;98;NATAL;Não;Trafegar com motocicleta (ou similar) entre as faixas;4;Queda de ocupante de veículo;Com Vítimas Feridas;Pleno dia;Decrescente;Sol;Múltipla;Reta;Sim;1156790.0;Motocicleta;JTA/SUZUKI GSXR1000;0.0;Condutor;Ileso;20.0;Masculino;1.0;0.0;0.0;0.0;-5.86567888;-35.21651625;SPRF-RN;DEL01-RN;UOP01-DEL01-RN
643724.0;1445637.0;2024-11-23;sábado;13:40:00;RN;101.0;98;NATAL;Não;Trafegar com motocicleta (ou similar) entre as faixas;3;Queda de ocupante de veículo;Com Vítimas Feridas;Pleno dia;Decrescente;Sol;Múltipla;Reta;Sim;1156792.0;Motocicleta;YAMAHA/MT07 ABS;2017.0;Passageiro;Lesões Leves;32.0;Feminino;0.0;1.0;0.0;0.0;-5.86567888;-35.21651625;SPRF-RN;DEL01-RN;UOP01-DEL01-RN
643724.0;1445636.0;2024-11-23;sábado;13:40:00;RN;101.0;98;NATAL;Não;Trafegar com motocicleta (ou similar) entre as faixas;3;Queda de ocupante de veículo;Com Vítimas Feridas;Pleno dia;Decrescente;Sol;Múltipla;Reta;Sim;1156792.0;Motocicleta;YAMAHA/MT07 ABS;2017.0;Condutor;Lesões Leves;31.0;Masculino;0.0;1.0;0.0;0.0;-5.86567888;-35.21651625;SPRF-RN;DEL01-RN;UOP01-DEL01-RN
643724.0;1445635.0;2024-11-23;sábado;13:40:00;RN;101.0;98;NATAL;Não;Trafegar com motocicleta (ou similar) entre as faixas;3;Queda de ocupante de veículo;Com Vítimas Feridas;Pleno dia;Decrescente;Sol;Múltipla;Reta;Sim;1156791.0;Automóvel;RENAULT/SANDERO EXPR 10;2015.0;Passageiro;Ileso;15.0;Masculino;1.0;0.0;0.0;0.0;-5.86567888;-35.21651625;SPRF-RN;DEL01-RN;UOP01-DEL01-RN
643724.0;1445634.0;2024-11-23;sábado;13:40:00;RN;101.0;98;NATAL;Não;Trafegar com motocicleta (ou similar) entre as faixas;3;Queda de ocupante de veículo;Com Vítimas Feridas;Pleno dia;Decrescente;Sol;Múltipla;Reta;Sim;1156791.0;Automóvel;RENAULT/SANDERO EXPR 10;2015.0;Passageiro;Ileso;49.0;Feminino;1.0;0.0;0.0;0.0;-5.86567888;-35.21651625;SPRF-RN;DEL01-RN;UOP01-DEL01-RN
643724.0;1445633.0;2024-11-23;sábado;13:40:00;RN;101.0;98;NATAL;Não;Trafegar com motocicleta (ou similar) entre as faixas;3;Queda de ocupante de veículo;Com Vítimas Feridas;Pleno dia;Decrescente;Sol;Múltipla;Reta;Sim;1156791.0;Automóvel;RENAULT/SANDERO EXPR 10;2015.0;Condutor;Ileso;25.0;Masculino;1.0;0.0;0.0;0.0;-5.86567888;-35.21651625;SPRF-RN;DEL01-RN;UOP01-DEL01-RN
643724.0;1445632.0;2024-11-23;sábado;13:40:00;RN;101.0;98;NATAL;Não;Trafegar com motocicleta (ou similar) entre as faixas;3;Queda de ocupante de veículo;Com Vítimas Feridas;Pleno dia;Decrescente;Sol;Múltipla;Reta;Sim;1156790.0;Motocicleta;JTA/SUZUKI GSXR1000;0.0;Condutor;Ileso;20.0;Masculino;1.0;0.0;0.0;0.0;-5.86567888;-35.21651625;SPRF-RN;DEL01-RN;UOP01-DEL01-RN
643724.0;1445637.0;2024-11-23;sábado;13:40:00;RN;101.0;98;NATAL;Não;Trafegar com motocicleta (ou similar) entre as faixas;2;Colisão lateral mesmo sentido;Com Vítimas Feridas;Pleno dia;Decrescente;Sol;Múltipla;Reta;Sim;1156792.0;Motocicleta;YAMAHA/MT07 ABS;2017.0;Passageiro;Lesões Leves;32.0;Feminino;0.0;1.0;0.0;0.0;-5.86567888;-35.21651625;SPRF-RN;DEL01-RN;UOP01-DEL01-RN
643724.0;1445636.0;2024-11-23;sábado;13:40:00;RN;101.0;98;NATAL;Não;Trafegar com motocicleta (ou similar) entre as faixas;2;Colisão lateral mesmo sentido;Com Vítimas Feridas;Pleno dia;Decrescente;Sol;Múltipla;Reta;Sim;1156792.0;Motocicleta;YAMAHA/MT07 ABS;2017.0;Condutor;Lesões Leves;31.0;Masculino;0.0;1.0;0.0;0.0;-5.86567888;-35.21651625;SPRF-RN;DEL01-RN;UOP01-DEL01-RN
643724.0;1445635.0;2024-11-23;sábado;13:40:00;RN;101.0;98;NATAL;Não;Trafegar com motocicleta (ou similar) entre as faixas;2;Colisão lateral mesmo sentido;Com Vítimas Feridas;Pleno dia;Decrescente;Sol;Múltipla;Reta;Sim;1156791.0;Automóvel;RENAULT/SANDERO EXPR 10;2015.0;Passageiro;Ileso;15.0;Masculino;1.0;0.0;0.0;0.0;-5.86567888;-35.21651625;SPRF-RN;DEL01-RN;UOP01-DEL01-RN
643724.0;1445634.0;2024-11-23;sábado;13:40:00;RN;101.0;98;NATAL;Não;Trafegar com motocicleta (ou similar) entre as faixas;2;Colisão lateral mesmo sentido;Com Vítimas Feridas;Pleno dia;Decrescente;Sol;Múltipla;Reta;Sim;1156791.0;Automóvel;RENAULT/SANDERO EXPR 10;2015.0;Passageiro;Ileso;49.0;Feminino;1.0;0.0;0.0;0.0;-5.86567888;-35.21651625;SPRF-RN;DEL01-RN;UOP01-DEL01-RN
643724.0;1445633.0;2024-11-23;sábado;13:40:00;RN;101.0;98;NATAL;Não;Trafegar com motocicleta (ou similar) entre as faixas;2;Colisão lateral mesmo sentido;Com Vítimas Feridas;Pleno dia;Decrescente;Sol;Múltipla;Reta;Sim;1156791.0;Automóvel;RENAULT/SANDERO EXPR 10;2015.0;Condutor;Ileso;25.0;Masculino;1.0;0.0;0.0;0.0;-5.86567888;-35.21651625;SPRF-RN;DEL01-RN;UOP01-DEL01-RN
643724.0;1445632.0;2024-11-23;sábado;13:40:00;RN;101.0;98;NATAL;Não;Trafegar com motocicleta (ou similar) entre as faixas;2;Colisão lateral mesmo sentido;Com Vítimas Feridas;Pleno dia;Decrescente;Sol;Múltipla;Reta;Sim;1156790.0;Motocicleta;JTA/SUZUKI GSXR1000;0.0;Condutor;Ileso;20.0;Masculino;1.0;0.0;0.0;0.0;-5.86567888;-35.21651625;SPRF-RN;DEL01-RN;UOP01-DEL01-RN
643724.0;1445637.0;2024-11-23;sábado;13:40:00;RN;101.0;98;NATAL;Não;Trafegar com motocicleta (ou similar) entre as faixas;1;Colisão lateral mesmo sentido;Com Vítimas Feridas;Pleno dia;Decrescente;Sol;Múltipla;Reta;Sim;1156792.0;Motocicleta;YAMAHA/MT07 ABS;2017.0;Passageiro;Lesões Leves;32.0;Feminino;0.0;1.0;0.0;0.0;-5.86567888;-35.21651625;SPRF-RN;DEL01-RN;UOP01-DEL01-RN
643724.0;1445636.0;2024-11-23;sábado;13:40:00;RN;101.0;98;NATAL;Não;Trafegar com motocicleta (ou similar) entre as faixas;1;Colisão lateral mesmo sentido;Com Vítimas Feridas;Pleno dia;Decrescente;Sol;Múltipla;Reta;Sim;1156792.0;Motocicleta;YAMAHA/MT07 ABS;2017.0;Condutor;Lesões Leves;31.0;Masculino;0.0;1.0;0.0;0.0;-5.86567888;-35.21651625;SPRF-RN;DEL01-RN;UOP01-DEL01-RN
643724.0;1445635.0;2024-11-23;sábado;13:40:00;RN;101.0;98;NATAL;Não;Trafegar com motocicleta (ou similar) entre as faixas;1;Colisão lateral mesmo sentido;Com Vítimas Feridas;Pleno dia;Decrescente;Sol;Múltipla;Reta;Sim;1156791.0;Automóvel;RENAULT/SANDERO EXPR 10;2015.0;Passageiro;Ileso;15.0;Masculino;1.0;0.0;0.0;0.0;-5.86567888;-35.21651625;SPRF-RN;DEL01-RN;UOP01-DEL01-RN
643724.0;1445634.0;2024-11-23;sábado;13:40:00;RN;101.0;98;NATAL;Não;Trafegar com motocicleta (ou similar) entre as faixas;1;Colisão lateral mesmo sentido;Com Vítimas Feridas;Pleno dia;Decrescente;Sol;Múltipla;Reta;Sim;1156791.0;Automóvel;RENAULT/SANDERO EXPR 10;2015.0;Passageiro;Ileso;49.0;Feminino;1.0;0.0;0.0;0.0;-5.86567888;-35.21651625;SPRF-RN;DEL01-RN;UOP01-DEL01-RN
643724.0;1445633.0;2024-11-23;sábado;13:40:00;RN;101.0;98;NATAL;Não;Trafegar com motocicleta (ou similar) entre as faixas;1;Colisão lateral mesmo sentido;Com Vítimas Feridas;Pleno dia;Decrescente;Sol;Múltipla;Reta;Sim;1156791.0;Automóvel;RENAULT/SANDERO EXPR 10;2015.0;Condutor;Ileso;25.0;Masculino;1.0;0.0;0.0;0.0;-5.86567888;-35.21651625;SPRF-RN;DEL01-RN;UOP01-DEL01-RN
643724.0;1445632.0;2024-11-23;sábado;13:40:00;RN;101.0;98;NATAL;Não;Trafegar com motocicleta (ou similar) entre as faixas;1;Colisão lateral mesmo sentido;Com Vítimas Feridas;Pleno dia;Decrescente;Sol;Múltipla;Reta;Sim;1156790.0;Motocicleta;JTA/SUZUKI GSXR1000;0.0;Condutor;Ileso;20.0;Masculino;1.0;0.0;0.0;0.0;-5.86567888;-35.21651625;SPRF-RN;DEL01-RN;UOP01-DEL01-RN
643724.0;1445637.0;2024-11-23;sábado;13:40:00;RN;101.0;98;NATAL;Sim;Velocidade Incompatível;5;Tombamento;Com Vítimas Feridas;Pleno dia;Decrescente;Sol;Múltipla;Reta;Sim;1156792.0;Motocicleta;YAMAHA/MT07 ABS;2017.0;Passageiro;Lesões Leves;32.0;Feminino;0.0;1.0;0.0;0.0;-5.86567888;-35.21651625;SPRF-RN;DEL01-RN;UOP01-DEL01-RN
643724.0;1445636.0;2024-11-23;sábado;13:40:00;RN;101.0;98;NATAL;Sim;Velocidade Incompatível;5;Tombamento;Com Vítimas Feridas;Pleno dia;Decrescente;Sol;Múltipla;Reta;Sim;1156792.0;Motocicleta;YAMAHA/MT07 ABS;2017.0;Condutor;Lesões Leves;31.0;Masculino;0.0;1.0;0.0;0.0;-5.86567888;-35.21651625;SPRF-RN;DEL01-RN;UOP01-DEL01-RN
643724.0;1445635.0;2024-11-23;sábado;13:40:00;RN;101.0;98;NATAL;Sim;Velocidade Incompatível;5;Tombamento;Com Vítimas Feridas;Pleno dia;Decrescente;Sol;Múltipla;Reta;Sim;1156791.0;Automóvel;RENAULT/SANDERO EXPR 10;2015.0;Passageiro;Ileso;15.0;Masculino;1.0;0.0;0.0;0.0;-5.86567888;-35.21651625;SPRF-RN;DEL01-RN;UOP01-DEL01-RN
643724.0;1445634.0;2024-11-23;sábado;13:40:00;RN;101.0;98;NATAL;Sim;Velocidade Incompatível;5;Tombamento;Com Vítimas Feridas;Pleno dia;Decrescente;Sol;Múltipla;Reta;Sim;1156791.0;Automóvel;RENAULT/SANDERO EXPR 10;2015.0;Passageiro;Ileso;49.0;Feminino;1.0;0.0;0.0;0.0;-5.86567888;-35.21651625;SPRF-RN;DEL01-RN;UOP01-DEL01-RN
643724.0;1445633.0;2024-11-23;sábado;13:40:00;RN;101.0;98;NATAL;Sim;Velocidade Incompatível;5;Tombamento;Com Vítimas Feridas;Pleno dia;Decrescente;Sol;Múltipla;Reta;Sim;1156791.0;Automóvel;RENAULT/SANDERO EXPR 10;2015.0;Condutor;Ileso;25.0;Masculino;1.0;0.0;0.0;0.0;-5.86567888;-35.21651625;SPRF-RN;DEL01-RN;UOP01-DEL01-RN
643724.0;1445632.0;2024-11-23;sábado;13:40:00;RN;101.0;98;NATAL;Sim;Velocidade Incompatível;5;Tombamento;Com Vítimas Feridas;Pleno dia;Decrescente;Sol;Múltipla;Reta;Sim;1156790.0;Motocicleta;JTA/SUZUKI GSXR1000;0.0;Condutor;Ileso;20.0;Masculino;1.0;0.0;0.0;0.0;-5.86567888;-35.21651625;SPRF-RN;DEL01-RN;UOP01-DEL01-RN
643724.0;1445637.0;2024-11-23;sábado;13:40:00;RN;101.0;98;NATAL;Sim;Velocidade Incompatível;4;Queda de ocupante de veículo;Com Vítimas Feridas;Pleno dia;Decrescente;Sol;Múltipla;Reta;Sim;1156792.0;Motocicleta;YAMAHA/MT07 ABS;2017.0;Passageiro;Lesões Leves;32.0;Feminino;0.0;1.0;0.0;0.0;-5.86567888;-35.21651625;SPRF-RN;DEL01-RN;UOP01-DEL01-RN
643724.0;1445636.0;2024-11-23;sábado;13:40:00;RN;101.0;98;NATAL;Sim;Velocidade Incompatível;4;Queda de ocupante de veículo;Com Vítimas Feridas;Pleno dia;Decrescente;Sol;Múltipla;Reta;Sim;1156792.0;Motocicleta;YAMAHA/MT07 ABS;2017.0;Condutor;Lesões Leves;31.0;Masculino;0.0;1.0;0.0;0.0;-5.86567888;-35.21651625;SPRF-RN;DEL01-RN;UOP01-DEL01-RN
643724.0;1445635.0;2024-11-23;sábado;13:40:00;RN;101.0;98;NATAL;Sim;Velocidade Incompatível;4;Queda de ocupante de veículo;Com Vítimas Feridas;Pleno dia;Decrescente;Sol;Múltipla;Reta;Sim;1156791.0;Automóvel;RENAULT/SANDERO EXPR 10;2015.0;Passageiro;Ileso;15.0;Masculino;1.0;0.0;0.0;0.0;-5.86567888;-35.21651625;SPRF-RN;DEL01-RN;UOP01-DEL01-RN