id;pesid;data_inversa;dia_semana;horario;uf;br;km;municipio;causa_principal;causa_acidente;ordem_tipo_acidente;tipo_acidente;classificacao_acidente;fase_dia;sentido_via;condicao_metereologica;tipo_pista;tracado_via;uso_solo;id_veiculo;tipo_veiculo;marca;ano_fabricacao_veiculo;tipo_envolvido;estado_fisico;idade;sexo;ilesos;feridos_leves;feridos_graves;mortos;latitude;longitude;regional;delegacia;uop
643724.0;1445634.0;2024-11-23;sábado;13:40:00;RN;101.0;98;NATAL;Sim;Velocidade Incompatível;4;Queda de ocupante de veículo;Com Vítimas Feridas;Pleno dia;Decrescente;Sol;Múltipla;Reta;Sim;1156791.0;Automóvel;RENAULT/SANDERO EXPR 10;2015.0;Passageiro;Ileso;49.0;Feminino;1.0;0.0;0.0;0.0;-5.86567888;-35.21651625;SPRF-RN;DEL01-RN;UOP01-DEL01-RN
643724.0;1445633.0;2024-11-23;sábado;13:40:00;RN;101.0;98;NATAL;Sim;Velocidade Incompatível;4;Queda de ocupante de veículo;Com Vítimas Feridas;Pleno dia;Decrescente;Sol;Múltipla;Reta;Sim;1156791.0;Automóvel;RENAULT/SANDERO EXPR 10;2015.0;Condutor;Ileso;25.0;Masculino;1.0;0.0;0.0;0.0;-5.86567888;-35.21651625;SPRF-RN;DEL01-RN;UOP01-DEL01-RN
643724.0;1445632.0;2024-11-23;sábado;13:40:00;RN;101.0;98;NATAL;Sim;Velocidade Incompatível;4;Queda de ocupante de veículo;Com Vítimas Feridas;Pleno dia;Decrescente;Sol;Múltipla;Reta;Sim;1156790.0;Motocicleta;JTA/SUZUKI GSXR1000;0.0;Condutor;Ileso;20.0;Masculino;1.0;0.0;0.0;0.0;-5.86567888;-35.21651625;SPRF-RN;DEL01-RN;UOP01-DEL01-RN
643724.0;1445637.0;2024-11-23;sábado;13:40:00;RN;101.0;98;NATAL;Sim;Velocidade Incompatível;3;Queda de ocupante de veículo;Com Vítimas Feridas;Pleno dia;Decrescente;Sol;Múltipla;Reta;Sim;1156792.0;Motocicleta;YAMAHA/MT07 ABS;2017.0;Passageiro;Lesões Leves;32.0;Feminino;0.0;1.0;0.0;0.0;-5.86567888;-35.21651625;SPRF-RN;DEL01-RN;UOP01-DEL01-RN
643724.0;1445636.0;2024-11-23;sábado;13:40:00;RN;101.0;98;NATAL;Sim;Velocidade Incompatível;3;Queda de ocupante de veículo;Com Vítimas Feridas;Pleno dia;Decrescente;Sol;Múltipla;Reta;Sim;1156792.0;Motocicleta;YAMAHA/MT07 ABS;2017.0;Condutor;Lesões Leves;31.0;Masculino;0.0;1.0;0.0;0.0;-5.86567888;-35.21651625;SPRF-RN;DEL01-RN;UOP01-DEL01-RN
643724.0;1445635.0;2024-11-23;sábado;13:40:00;RN;101.0;98;NATAL;Sim;Velocidade Incompatível;3;Queda de ocupante de veículo;Com Vítimas Feridas;Pleno dia;Decrescente;Sol;Múltipla;Reta;Sim;1156791.0;Automóvel;RENAULT/SANDERO EXPR 10;2015.0;Passageiro;Ileso;15.0;Masculino;1.0;0.0;0.0;0.0;-5.86567888;-35.21651625;SPRF-RN;DEL01-RN;UOP01-DEL01-RN
643724.0;1445634.0;2024-11-23;sábado;13:40:00;RN;101.0;98;NATAL;Sim;Velocidade Incompatível;3;Queda de ocupante de veículo;Com Vítimas Feridas;Pleno dia;Decrescente;Sol;Múltipla;Reta;Sim;1156791.0;Automóvel;RENAULT/SANDERO EXPR 10;2015.0;Passageiro;Ileso;49.0;Feminino;1.0;0.0;0.0;0.0;-5.86567888;-35.21651625;SPRF-RN;DEL01-RN;UOP01-DEL01-RN
643724.0;1445633.0;2024-11-23;sábado;13:40:00;RN;101.0;98;NATAL;Sim;Velocidade Incompatível;3;Queda de ocupante de veículo;Com Vítimas Feridas;Pleno dia;Decrescente;Sol;Múltipla;Reta;Sim;1156791.0;Automóvel;RENAULT/SANDERO EXPR 10;2015.0;Condutor;Ileso;25.0;Masculino;1.0;0.0;0.0;0.0;-5.86567888;-35.21651625;SPRF-RN;DEL01-RN;UOP01-DEL01-RN
643724.0;1445632.0;2024-11-23;sábado;13:40:00;RN;101.0;98;NATAL;Sim;Velocidade Incompatível;3;Queda de ocupante de veículo;Com Vítimas Feridas;Pleno dia;Decrescente;Sol;Múltipla;Reta;Sim;1156790.0;Motocicleta;JTA/SUZUKI GSXR1000;0.0;Condutor;Ileso;20.0;Masculino;1.0;0.0;0.0;0.0;-5.86567888;-35.21651625;SPRF-RN;DEL01-RN;UOP01-DEL01-RN
643724.0;1445637.0;2024-11-23;sábado;13:40:00;RN;101.0;98;NATAL;Sim;Velocidade Incompatível;2;Colisão lateral mesmo sentido;Com Vítimas Feridas;Pleno dia;Decrescente;Sol;Múltipla;Reta;Sim;1156792.0;Motocicleta;YAMAHA/MT07 ABS;2017.0;Passageiro;Lesões Leves;32.0;Feminino;0.0;1.0;0.0;0.0;-5.86567888;-35.21651625;SPRF-RN;DEL01-RN;UOP01-DEL01-RN
643724.0;1445636.0;2024-11-23;sábado;13:40:00;RN;101.0;98;NATAL;Sim;Velocidade Incompatível;2;Colisão lateral mesmo sentido;Com Vítimas Feridas;Pleno dia;Decrescente;Sol;Múltipla;Reta;Sim;1156792.0;Motocicleta;YAMAHA/MT07 ABS;2017.0;Condutor;Lesões Leves;31.0;Masculino;0.0;1.0;0.0;0.0;-5.86567888;-35.21651625;SPRF-RN;DEL01-RN;UOP01-DEL01-RN
643724.0;1445635.0;2024-11-23;sábado;13:40:00;RN;101.0;98;NATAL;Sim;Velocidade Incompatível;2;Colisão lateral mesmo sentido;Com Vítimas Feridas;Pleno dia;Decrescente;Sol;Múltipla;Reta;Sim;1156791.0;Automóvel;RENAULT/SANDERO EXPR 10;2015.0;Passageiro;Ileso;15.0;Masculino;1.0;0.0;0.0;0.0;-5.86567888;-35.21651625;SPRF-RN;DEL01-RN;UOP01-DEL01-RN
643724.0;1445634.0;2024-11-23;sábado;13:40:00;RN;101.0;98;NATAL;Sim;Velocidade Incompatível;2;Colisão lateral mesmo sentido;Com Vítimas Feridas;Pleno dia;Decrescente;Sol;Múltipla;Reta;Sim;1156791.0;Automóvel;RENAULT/SANDERO EXPR 10;2015.0;Passageiro;Ileso;49.0;Feminino;1.0;0.0;0.0;0.0;-5.86567888;-35.21651625;SPRF-RN;DEL01-RN;UOP01-DEL01-RN
643724.0;1445633.0;2024-11-23;sábado;13:40:00;RN;101.0;98;NATAL;Sim;Velocidade Incompatível;2;Colisão lateral mesmo sentido;Com Vítimas Feridas;Pleno dia;Decrescente;Sol;Múltipla;Reta;Sim;1156791.0;Automóvel;RENAULT/SANDERO EXPR 10;2015.0;Condutor;Ileso;25.0;Masculino;1.0;0.0;0.0;0.0;-5.86567888;-35.21651625;SPRF-RN;DEL01-RN;UOP01-DEL01-RN
643724.0;1445632.0;2024-11-23;sábado;13:40:00;RN;101.0;98;NATAL;Sim;Velocidade Incompatível;2;Colisão lateral mesmo sentido;Com Vítimas Feridas;Pleno dia;Decrescente;Sol;Múltipla;Reta;Sim;1156790.0;Motocicleta;JTA/SUZUKI GSXR1000;0.0;Condutor;Ileso;20.0;Masculino;1.0;0.0;0.0;0.0;-5.86567888;-35.21651625;SPRF-RN;DEL01-RN;UOP01-DEL01-RN
643724.0;1445637.0;2024-11-23;sábado;13:40:00;RN;101.0;98;NATAL;Sim;Velocidade Incompatível;1;Colisão lateral mesmo sentido;Com Vítimas Feridas;Pleno dia;Decrescente;Sol;Múltipla;Reta;Sim;1156792.0;Motocicleta;YAMAHA/MT07 ABS;2017.0;Passageiro;Lesões Leves;32.0;Feminino;0.0;1.0;0.0;0.0;-5.86567888;-35.21651625;SPRF-RN;DEL01-RN;UOP01-DEL01-RN
643724.0;1445636.0;2024-11-23;sábado;13:40:00;RN;101.0;98;NATAL;Sim;Velocidade Incompatível;1;Colisão lateral mesmo sentido;Com Vítimas Feridas;Pleno dia;Decrescente;Sol;Múltipla;Reta;Sim;1156792.0;Motocicleta;YAMAHA/MT07 ABS;2017.0;Condutor;Lesões Leves;31.0;Masculino;0.0;1.0;0.0;0.0;-5.86567888;-35.21651625;SPRF-RN;DEL01-RN;UOP01-DEL01-RN
643724.0;1445635.0;2024-11-23;sábado;13:40:00;RN;101.0;98;NATAL;Sim;Velocidade Incompatível;1;Colisão lateral mesmo sentido;Com Vítimas Feridas;Pleno dia;Decrescente;Sol;Múltipla;Reta;Sim;1156791.0;Automóvel;RENAULT/SANDERO EXPR 10;2015.0;Passageiro;Ileso;15.0;Masculino;1.0;0.0;0.0;0.0;-5.86567888;-35.21651625;SPRF-RN;DEL01-RN;UOP01-DEL01-RN
643724.0;1445634.0;2024-11-23;sábado;13:40:00;RN;101.0;98;NATAL;Sim;Velocidade Incompatível;1;Colisão lateral mesmo sentido;Com Vítimas Feridas;Pleno dia;Decrescente;Sol;Múltipla;Reta;Sim;1156791.0;Automóvel;RENAULT/SANDERO EXPR 10;2015.0;Passageiro;Ileso;49.0;Feminino;1.0;0.0;0.0;0.0;-5.86567888;-35.21651625;SPRF-RN;DEL01-RN;UOP01-DEL01-RN
643724.0;1445633.0;2024-11-23;sábado;13:40:00;RN;101.0;98;NATAL;Sim;Velocidade Incompatível;1;Colisão lateral mesmo sentido;Com Vítimas Feridas;Pleno dia;Decrescente;Sol;Múltipla;Reta;Sim;1156791.0;Automóvel;RENAULT/SANDERO EXPR 10;2015.0;Condutor;Ileso;25.0;Masculino;1.0;0.0;0.0;0.0;-5.86567888;-35.21651625;SPRF-RN;DEL01-RN;UOP01-DEL01-RN
643724.0;1445632.0;2024-11-23;sábado;13:40:00;RN;101.0;98;NATAL;Sim;Velocidade Incompatível;1;Colisão lateral mesmo sentido;Com Vítimas Feridas;Pleno dia;Decrescente;Sol;Múltipla;Reta;Sim;1156790.0;Motocicleta;JTA/SUZUKI GSXR1000;0.0;Condutor;Ileso;20.0;Masculino;1.0;0.0;0.0;0.0;-5.86567888;-35.21651625;SPRF-RN;DEL01-RN;UOP01-DEL01-RN
643778.0;1445509.0;2024-11-23;sábado;18:35:00;RN;101.0;72;NATAL;Não;Pedestre - Ingestão de álcool/ substâncias psicoativas;3;Queda de ocupante de veículo;Com Vítimas Feridas;Plena Noite;Crescente;Céu Claro;Simples;Declive;Não;1156681.0;Motocicleta;MOTTU/SPORT 110I;2023.0;Passageiro;Lesões Leves;28.0;Masculino;0.0;1.0;0.0;0.0;-5.69866248;-35.26316835;SPRF-RN;DEL02-RN;UOP01-DEL02-RN
643778.0;1445507.0;2024-11-23;sábado;18:35:00;RN;101.0;72;NATAL;Não;Pedestre - Ingestão de álcool/ substâncias psicoativas;3;Queda de ocupante de veículo;Com Vítimas Feridas;Plena Noite;Crescente;Céu Claro;Simples;Declive;Não;1156681.0;Motocicleta;MOTTU/SPORT 110I;2023.0;Condutor;Lesões Leves;31.0;Masculino;0.0;1.0;0.0;0.0;-5.69866248;-35.26316835;SPRF-RN;DEL02-RN;UOP01-DEL02-RN
643778.0;1445506.0;2024-11-23;sábado;18:35:00;RN;101.0;72;NATAL;Não;Pedestre - Ingestão de álcool/ substâncias psicoativas;3;Queda de ocupante de veículo;Com Vítimas Feridas;Plena Noite;Crescente;Céu Claro;Simples;Declive;Não;1156680.0;Bicicleta;Não Informado/Não Informado;0.0;Condutor;Lesões Leves;;Masculino;0.0;1.0;0.0;0.0;-5.69866248;-35.26316835;SPRF-RN;DEL02-RN;UOP01-DEL02-RN
643778.0;1445509.0;2024-11-23;sábado;18:35:00;RN;101.0;72;NATAL;Não;Pedestre - Ingestão de álcool/ substâncias psicoativas;2;Tombamento;Com Vítimas Feridas;Plena Noite;Crescente;Céu Claro;Simples;Declive;Não;1156681.0;Motocicleta;MOTTU/SPORT 110I;2023.0;Passageiro;Lesões Leves;28.0;Masculino;0.0;1.0;0.0;0.0;-5.69866248;-35.26316835;SPRF-RN;DEL02-RN;UOP01-DEL02-RN
643778.0;1445507.0;2024-11-23;sábado;18:35:00;RN;101.0;72;NATAL;Não;Pedestre - Ingestão de álcool/ substâncias psicoativas;2;Tombamento;Com Vítimas Feridas;Plena Noite;Crescente;Céu Claro;Simples;Declive;Não;1156681.0;Motocicleta;MOTTU/SPORT 110I;2023.0;Condutor;Lesões Leves;31.0;Masculino;0.0;1.0;0.0;0.0;-5.69866248;-35.26316835;SPRF-RN;DEL02-RN;UOP01-DEL02-RN
643778.0;1445506.0;2024-11-23;sábado;18:35:00;RN;101.0;72;NATAL;Não;Pedestre - Ingestão de álcool/ substâncias psicoativas;2;Tombamento;Com Vítimas Feridas;Plena Noite;Crescente;Céu Claro;Simples;Declive;Não;1156680.0;Bicicleta;Não Informado/Não Informado;0.0;Condutor;Lesões Leves;;Masculino;0.0;1.0;0.0;0.0;-5.69866248;-35.26316835;SPRF-RN;DEL02-RN;UOP01-DEL02-RN
643778.0;1445509.0;2024-11-23;sábado;18:35:00;RN;101.0;72;NATAL;Não;Pedestre - Ingestão de álcool/ substâncias psicoativas;1;Atropelamento de Pedestre;Com Vítimas Feridas;Plena Noite;Crescente;Céu Claro;Simples;Declive;Não;1156681.0;Motocicleta;MOTTU/SPORT 110I;2023.0;Passageiro;Lesões Leves;28.0;Masculino;0.0;1.0;0.0;0.0;-5.69866248;-35.26316835;SPRF-RN;DEL02-RN;UOP01-DEL02-RN
643778.0;1445507.0;2024-11-23;sábado;18:35:00;RN;101.0;72;NATAL;Não;Pedestre - Ingestão de álcool/ substâncias psicoativas;1;Atropelamento de Pedestre;Com Vítimas Feridas;Plena Noite;Crescente;Céu Claro;Simples;Declive;Não;1156681.0;Motocicleta;MOTTU/SPORT 110I;2023.0;Condutor;Lesões Leves;31.0;Masculino;0.0;1.0;0.0;0.0;-5.69866248;-35.26316835;SPRF-RN;DEL02-RN;UOP01-DEL02-RN
643778.0;1445506.0;2024-11-23;sábado;18:35:00;RN;101.0;72;NATAL;Não;Pedestre - Ingestão de álcool/ substâncias psicoativas;1;Atropelamento de Pedestre;Com Vítimas Feridas;Plena Noite;Crescente;Céu Claro;Simples;Declive;Não;1156680.0;Bicicleta;Não Informado/Não Informado;0.0;Condutor;Lesões Leves;;Masculino;0.0;1.0;0.0;0.0;-5.69866248;-35.26316835;SPRF-RN;DEL02-RN;UOP01-DEL02-RN
643778.0;1445509.0;2024-11-23;sábado;18:35:00;RN;101.0;72;NATAL;Sim;Pedestre andava na pista;3;Queda de ocupante de veículo;Com Vítimas Feridas;Plena Noite;Crescente;Céu Claro;Simples;Declive;Não;1156681.0;Motocicleta;MOTTU/SPORT 110I;2023.0;Passageiro;Lesões Leves;28.0;Masculino;0.0;1.0;0.0;0.0;-5.69866248;-35.26316835;SPRF-RN;DEL02-RN;UOP01-DEL02-RN
643778.0;1445507.0;2024-11-23;sábado;18:35:00;RN;101.0;72;NATAL;Sim;Pedestre andava na pista;3;Queda de ocupante de veículo;Com Vítimas Feridas;Plena Noite;Crescente;Céu Claro;Simples;Declive;Não;1156681.0;Motocicleta;MOTTU/SPORT 110I;2023.0;Condutor;Lesões Leves;31.0;Masculino;0.0;1.0;0.0;0.0;-5.69866248;-35.26316835;SPRF-RN;DEL02-RN;UOP01-DEL02-RN
643778.0;1445506.0;2024-11-23;sábado;18:35:00;RN;101.0;72;NATAL;Sim;Pedestre andava na pista;3;Queda de ocupante de veículo;Com Vítimas Feridas;Plena Noite;Crescente;Céu Claro;Simples;Declive;Não;1156680.0;Bicicleta;Não Informado/Não Informado;0.0;Condutor;Lesões Leves;;Masculino;0.0;1.0;0.0;0.0;-5.69866248;-35.26316835;SPRF-RN;DEL02-RN;UOP01-DEL02-RN
643778.0;1445509.0;2024-11-23;sábado;18:35:00;RN;101.0;72;NATAL;Sim;Pedestre andava na pista;2;Tombamento;Com Vítimas Feridas;Plena Noite;Crescente;Céu Claro;Simples;Declive;Não;1156681.0;Motocicleta;MOTTU/SPORT 110I;2023.0;Passageiro;Lesões Leves;28.0;Masculino;0.0;1.0;0.0;0.0;-5.69866248;-35.26316835;SPRF-RN;DEL02-RN;UOP01-DEL02-RN
643778.0;1445507.0;2024-11-23;sábado;18:35:00;RN;101.0;72;NATAL;Sim;Pedestre andava na pista;2;Tombamento;Com Vítimas Feridas;Plena Noite;Crescente;Céu Claro;Simples;Declive;Não;1156681.0;Motocicleta;MOTTU/SPORT 110I;2023.0;Condutor;Lesões Leves;31.0;Masculino;0.0;1.0;0.0;0.0;-5.69866248;-35.26316835;SPRF-RN;DEL02-RN;UOP01-DEL02-RN
643778.0;1445506.0;2024-11-23;sábado;18:35:00;RN;101.0;72;NATAL;Sim;Pedestre andava na pista;2;Tombamento;Com Vítimas Feridas;Plena Noite;Crescente;Céu Claro;Simples;Declive;Não;1156680.0;Bicicleta;Não Informado/Não Informado;0.0;Condutor;Lesões Leves;;Masculino;0.0;1.0;0.0;0.0;-5.69866248;-35.26316835;SPRF-RN;DEL02-RN;UOP01-DEL02-RN
643778.0;1445509.0;2024-11-23;sábado;18:35:00;RN;101.0;72;NATAL;Sim;Pedestre andava na pista;1;Atropelamento de Pedestre;Com Vítimas Feridas;Plena Noite;Crescente;Céu Claro;Simples;Declive;Não;1156681.0;Motocicleta;MOTTU/SPORT 110I;2023.0;Passageiro;Lesões Leves;28.0;Masculino;0.0;1.0;0.0;0.0;-5.69866248;-35.26316835;SPRF-RN;DEL02-RN;UOP01-DEL02-RN
643778.0;1445507.0;2024-11-23;sábado;18:35:00;RN;101.0;72;NATAL;Sim;Pedestre andava na pista;1;Atropelamento de Pedestre;Com Vítimas Feridas;Plena Noite;Crescente;Céu Claro;Simples;Declive;Não;1156681.0;Motocicleta;MOTTU/SPORT 110I;2023.0;Condutor;Lesões Leves;31.0;Masculino;0.0;1.0;0.0;0.0;-5.69866248;-35.26316835;SPRF-RN;DEL02-RN;UOP01-DEL02-RN
643778.0;1445506.0;2024-11-23;sábado;18:35:00;RN;101.0;72;NATAL;Sim;Pedestre andava na pista;1;Atropelamento de Pedestre;Com Vítimas Feridas;Plena Noite;Crescente;Céu Claro;Simples;Declive;Não;1156680.0;Bicicleta;Não Informado/Não Informado;0.0;Condutor;Lesões Leves;;Masculino;0.0;1.0;0.0;0.0;-5.69866248;-35.26316835;SPRF-RN;DEL02-RN;UOP01-DEL02-RN
644173.0;1446403.0;2024-11-25;segunda-feira;13:25:00;RN;101.0;96;NATAL;Não;Reação tardia ou ineficiente do condutor;1;Colisão traseira;Com Vítimas Feridas;Pleno dia;Decrescente;Céu Claro;Múltipla;Reta;Sim;1157351.0;Automóvel;FIAT/ARGO 1.0;2021.0;Condutor;Lesões Leves;57.0;Feminino;0.0;1.0;0.0;0.0;-5.84949622;-35.20890752;SPRF-RN;DEL01-RN;UOP01-DEL01-RN
644173.0;1446402.0;2024-11-25;segunda-feira;13:25:00;RN;101.0;96;NATAL;Não;Reação tardia ou ineficiente do condutor;1;Colisão traseira;Com Vítimas Feridas;Pleno dia;Decrescente;Céu Claro;Múltipla;Reta;Sim;1157350.0;Utilitário;NISSAN/XTERRA 2.8 SE;2004.0;Condutor;Ileso;40.0;Masculino;1.0;0.0;0.0;0.0;-5.84949622;-35.20890752;SPRF-RN;DEL01-RN;UOP01-DEL01-RN
644173.0;1446403.0;2024-11-25;segunda-feira;13:25:00;RN;101.0;96;NATAL;Sim;Condutor deixou de manter distância do veículo da frente;1;Colisão traseira;Com Vítimas Feridas;Pleno dia;Decrescente;Céu Claro;Múltipla;Reta;Sim;1157351.0;Automóvel;FIAT/ARGO 1.0;2021.0;Condutor;Lesões Leves;57.0;Feminino;0.0;1.0;0.0;0.0;-5.84949622;-35.20890752;SPRF-RN;DEL01-RN;UOP01-DEL01-RN
644173.0;1446402.0;2024-11-25;segunda-feira;13:25:00;RN;101.0;96;NATAL;Sim;Condutor deixou de manter distância do veículo da frente;1;Colisão traseira;Com Vítimas Feridas;Pleno dia;Decrescente;Céu Claro;Múltipla;Reta;Sim;1157350.0;Utilitário;NISSAN/XTERRA 2.8 SE;2004.0;Condutor;Ileso;40.0;Masculino;1.0;0.0;0.0;0.0;-5.84949622;-35.20890752;SPRF-RN;DEL01-RN;UOP01-DEL01-RN
644197.0;1446498.0;2024-11-25;segunda-feira;15:30:00;RN;101.0;80;NATAL;Sim;Acesso irregular;1;Colisão lateral mesmo sentido;Com Vítimas Feridas;Pleno dia;Decrescente;Sol;Dupla;Rotatória;Sim;1157434.0;Caminhão;VW/8.120 EURO3;2005.0;Condutor;Ileso;34.0;Masculino;1.0;0.0;0.0;0.0;-5.75852229;-35.28806121;SPRF-RN;DEL02-RN;UOP01-DEL02-RN
644197.0;1446496.0;2024-11-25;segunda-feira;15:30:00;RN;101.0;80;NATAL;Sim;Acesso irregular;1;Colisão lateral mesmo sentido;Com Vítimas Feridas;Pleno dia;Decrescente;Sol;Dupla;Rotatória;Sim;1157431.0;Motocicleta;YAMAHA/YBR125I FACTOR ED;2019.0;Passageiro;Lesões Leves;31.0;Masculino;0.0;1.0;0.0;0.0;-5.75852229;-35.28806121;SPRF-RN;DEL02-RN;UOP01-DEL02-RN
644197.0;1446493.0;2024-11-25;segunda-feira;15:30:00;RN;101.0;80;NATAL;Sim;Acesso irregular;1;Colisão lateral mesmo sentido;Com Vítimas Feridas;Pleno dia;Decrescente;Sol;Dupla;Rotatória;Sim;1157431.0;Motocicleta;YAMAHA/YBR125I FACTOR ED;2019.0;Condutor;Lesões Leves;34.0;Masculino;0.0;1.0;0.0;0.0;-5.75852229;-35.28806121;SPRF-RN;DEL02-RN;UOP01-DEL02-RN
644243.0;1446551.0;2024-11-25;segunda-feira;19:44:00;RN;101.0;96,9;NATAL;Não;Manobra de mudança de faixa;2;Queda de ocupante de veículo;Com Vítimas Feridas;Plena Noite;Crescente;Céu Claro;Dupla;Reta;Sim;1157467.0;Motocicleta;HONDA/CG 160 FAN;2018.0;Condutor;Lesões Leves;57.0;Masculino;0.0;1.0;0.0;0.0;-5.85537526;-35.21188974;SPRF-RN;DEL01-RN;UOP01-DEL01-RN
644243.0;1446551.0;2024-11-25;segunda-feira;19:44:00;RN;101.0;96,9;NATAL;Não;Manobra de mudança de faixa;1;Tombamento;Com Vítimas Feridas;Plena Noite;Crescente;Céu Claro;Dupla;Reta;Sim;1157467.0;Motocicleta;HONDA/CG 160 FAN;2018.0;Condutor;Lesões Leves;57.0;Masculino;0.0;1.0;0.0;0.0;-5.85537526;-35.21188974;SPRF-RN;DEL01-RN;UOP01-DEL01-RN
644243.0;1446551.0;2024-11-25;segunda-feira;19:44:00;RN;101.0;96,9;NATAL;Sim;Reação tardia ou ineficiente do condutor;2;Queda de ocupante de veículo;Com Vítimas Feridas;Plena Noite;Crescente;Céu Claro;Dupla;Reta;Sim;1157467.0;Motocicleta;HONDA/CG 160 FAN;2018.0;Condutor;Lesões Leves;57.0;Masculino;0.0;1.0;0.0;0.0;-5.85537526;-35.21188974;SPRF-RN;DEL01-RN;UOP01-DEL01-RN
644243.0;1446551.0;2024-11-25;segunda-feira;19:44:00;RN;101.0;96,9;NATAL;Sim;Reação tardia ou ineficiente do condutor;1;Tombamento;Com Vítimas Feridas;Plena Noite;Crescente;Céu Claro;Dupla;Reta;Sim;1157467.0;Motocicleta;HONDA/CG 160 FAN;2018.0;Condutor;Lesões Leves;57.0;Masculino;0.0;1.0;0.0;0.0;-5.85537526;-35.21188974;SPRF-RN;DEL01-RN;UOP01-DEL01-RN
644395.0;1446968.0;2024-11-26;terça-feira;14:30:00;RN;101.0;83,3;NATAL;Sim;Condutor deixou de manter distância do veículo da frente;3;Queda de ocupante de veículo;Com Vítimas Feridas;Pleno dia;Decrescente;Sol;Dupla;Reta;Sim;1157819.0;Motoneta;HONDA/BIZ 110I;2024.0;Condutor;Lesões Leves;25.0;Feminino;0.0;1.0;0.0;0.0;-5.7710445;-35.26616981;SPRF-RN;DEL02-RN;UOP01-DEL02-RN
644395.0;1446967.0;2024-11-26;terça-feira;14:30:00;RN;101.0;83,3;NATAL;Sim;Condutor deixou de manter distância do veículo da frente;3;Queda de ocupante de veículo;Com Vítimas Feridas;Pleno dia;Decrescente;Sol;Dupla;Reta;Sim;1157815.0;Motocicleta;YAMAHA/FAZER YS250;2008.0;Condutor;Ileso;28.0;Masculino;1.0;0.0;0.0;0.0;-5.7710445;-35.26616981;SPRF-RN;DEL02-RN;UOP01-DEL02-RN
644395.0;1446968.0;2024-11-26;terça-feira;14:30:00;RN;101.0;83,3;NATAL;Sim;Condutor deixou de manter distância do veículo da frente;2;Tombamento;Com Vítimas Feridas;Pleno dia;Decrescente;Sol;Dupla;Reta;Sim;1157819.0;Motoneta;HONDA/BIZ 110I;2024.0;Condutor;Lesões Leves;25.0;Feminino;0.0;1.0;0.0;0.0;-5.7710445;-35.26616981;SPRF-RN;DEL02-RN;UOP01-DEL02-RN
644395.0;1446967.0;2024-11-26;terça-feira;14:30:00;RN;101.0;83,3;NATAL;Sim;Condutor deixou de manter distância do veículo da frente;2;Tombamento;Com Vítimas Feridas;Pleno dia;Decrescente;Sol;Dupla;Reta;Sim;1157815.0;Motocicleta;YAMAHA/FAZER YS250;2008.0;Condutor;Ileso;28.0;Masculino;1.0;0.0;0.0;0.0;-5.7710445;-35.26616981;SPRF-RN;DEL02-RN;UOP01-DEL02-RN
644395.0;1446968.0;2024-11-26;terça-feira;14:30:00;RN;101.0;83,3;NATAL;Sim;Condutor deixou de manter distância do veículo da frente;1;Colisão traseira;Com Vítimas Feridas;Pleno dia;Decrescente;Sol;Dupla;Reta;Sim;1157819.0;Motoneta;HONDA/BIZ 110I;2024.0;Condutor;Lesões Leves;25.0;Feminino;0.0;1.0;0.0;0.0;-5.7710445;-35.26616981;SPRF-RN;DEL02-RN;UOP01-DEL02-RN
644395.0;1446967.0;2024-11-26;terça-feira;14:30:00;RN;101.0;83,3;NATAL;Sim;Condutor deixou de manter distância do veículo da frente;1;Colisão traseira;Com Vítimas Feridas;Pleno dia;Decrescente;Sol;Dupla;Reta;Sim;1157815.0;Motocicleta;YAMAHA/FAZER YS250;2008.0;Condutor;Ileso;28.0;Masculino;1.0;0.0;0.0;0.0;-5.7710445;-35.26616981;SPRF-RN;DEL02-RN;UOP01-DEL02-RN
644512.0;1447307.0;2024-11-27;quarta-feira;06:00:00;RN;101.0;79;NATAL;Não;Ultrapassagem Indevida;2;Capotamento;Com Vítimas Feridas;Pleno dia;Crescente;Céu Claro;Dupla;Reta;Sim;1158090.0;Camioneta;VW/KOMBI;2011.0;Condutor;Ileso;45.0;Masculino;1.0;0.0;0.0;0.0;-5.73180495;-35.29112135;SPRF-RN;DEL02-RN;UOP01-DEL02-RN
644512.0;1447303.0;2024-11-27;quarta-feira;06:00:00;RN;101.0;79;NATAL;Não;Ultrapassagem Indevida;2;Capotamento;Com Vítimas Feridas;Pleno dia;Crescente;Céu Claro;Dupla;Reta;Sim;1158089.0;Automóvel;FIAT/SIENA FIRE FLEX;2006.0;Passageiro;Lesões Graves;27.0;Masculino;0.0;0.0;1.0;0.0;-5.73180495;-35.29112135;SPRF-RN;DEL02-RN;UOP01-DEL02-RN
644512.0;1447305.0;2024-11-27;quarta-feira;06:00:00;RN;101.0;79;NATAL;Não;Ultrapassagem Indevida;2;Capotamento;Com Vítimas Feridas;Pleno dia;Crescente;Céu Claro;Dupla;Reta;Sim;1158089.0;Automóvel;FIAT/SIENA FIRE FLEX;2006.0;Passageiro;Lesões Graves;24.0;Masculino;0.0;0.0;1.0;0.0;-5.73180495;-35.29112135;SPRF-RN;DEL02-RN;UOP01-DEL02-RN