id;pesid;data_inversa;dia_semana;horario;uf;br;km;municipio;causa_principal;causa_acidente;ordem_tipo_acidente;tipo_acidente;classificacao_acidente;fase_dia;sentido_via;condicao_metereologica;tipo_pista;tracado_via;uso_solo;id_veiculo;tipo_veiculo;marca;ano_fabricacao_veiculo;tipo_envolvido;estado_fisico;idade;sexo;ilesos;feridos_leves;feridos_graves;mortos;latitude;longitude;regional;delegacia;uop
649024.0;1458301.0;2024-12-16;segunda-feira;20:00:00;RN;101.0;98;NATAL;Sim;Ausência de sinalização;1;Colisão traseira;Com Vítimas Feridas;Plena Noite;Decrescente;Céu Claro;Dupla;Aclive;Sim;1166628.0;Motocicleta;HONDA/NXR160 BROS ESDD;2021.0;Condutor;Lesões Graves;42.0;Masculino;0.0;0.0;1.0;0.0;-5.86567888;-35.21651625;SPRF-RN;DEL01-RN;UOP01-DEL01-RN
649433.0;1459375.0;2024-12-18;quarta-feira;18:44:00;RN;101.0;72;NATAL;Sim;Acessar a via sem observar a presença dos outros veículos;2;Queda de ocupante de veículo;Com Vítimas Feridas;Plena Noite;Decrescente;Céu Claro;Simples;Interseção de Vias;Não;1167429.0;Automóvel;I/BYD SEAL AWD GS 590EV;2023.0;Condutor;Ileso;48.0;Masculino;1.0;0.0;0.0;0.0;-5.704492;-35.26564;SPRF-RN;DEL02-RN;UOP01-DEL02-RN
649433.0;1459376.0;2024-12-18;quarta-feira;18:44:00;RN;101.0;72;NATAL;Sim;Acessar a via sem observar a presença dos outros veículos;2;Queda de ocupante de veículo;Com Vítimas Feridas;Plena Noite;Decrescente;Céu Claro;Simples;Interseção de Vias;Não;1167431.0;Motocicleta;HONDA/CG 125I FAN;2018.0;Condutor;Lesões Leves;24.0;Masculino;0.0;1.0;0.0;0.0;-5.704492;-35.26564;SPRF-RN;DEL02-RN;UOP01-DEL02-RN
649433.0;1459597.0;2024-12-18;quarta-feira;18:44:00;RN;101.0;72;NATAL;Sim;Acessar a via sem observar a presença dos outros veículos;2;Queda de ocupante de veículo;Com Vítimas Feridas;Plena Noite;Decrescente;Céu Claro;Simples;Interseção de Vias;Não;1167431.0;Motocicleta;HONDA/CG 125I FAN;2018.0;Passageiro;Lesões Leves;21.0;Feminino;0.0;1.0;0.0;0.0;-5.704492;-35.26564;SPRF-RN;DEL02-RN;UOP01-DEL02-RN
649433.0;1459375.0;2024-12-18;quarta-feira;18:44:00;RN;101.0;72;NATAL;Sim;Acessar a via sem observar a presença dos outros veículos;1;Colisão transversal;Com Vítimas Feridas;Plena Noite;Decrescente;Céu Claro;Simples;Interseção de Vias;Não;1167429.0;Automóvel;I/BYD SEAL AWD GS 590EV;2023.0;Condutor;Ileso;48.0;Masculino;1.0;0.0;0.0;0.0;-5.704492;-35.26564;SPRF-RN;DEL02-RN;UOP01-DEL02-RN
649433.0;1459376.0;2024-12-18;quarta-feira;18:44:00;RN;101.0;72;NATAL;Sim;Acessar a via sem observar a presença dos outros veículos;1;Colisão transversal;Com Vítimas Feridas;Plena Noite;Decrescente;Céu Claro;Simples;Interseção de Vias;Não;1167431.0;Motocicleta;HONDA/CG 125I FAN;2018.0;Condutor;Lesões Leves;24.0;Masculino;0.0;1.0;0.0;0.0;-5.704492;-35.26564;SPRF-RN;DEL02-RN;UOP01-DEL02-RN
649433.0;1459597.0;2024-12-18;quarta-feira;18:44:00;RN;101.0;72;NATAL;Sim;Acessar a via sem observar a presença dos outros veículos;1;Colisão transversal;Com Vítimas Feridas;Plena Noite;Decrescente;Céu Claro;Simples;Interseção de Vias;Não;1167431.0;Motocicleta;HONDA/CG 125I FAN;2018.0;Passageiro;Lesões Leves;21.0;Feminino;0.0;1.0;0.0;0.0;-5.704492;-35.26564;SPRF-RN;DEL02-RN;UOP01-DEL02-RN
649498.0;1459566.0;2024-12-19;quinta-feira;05:48:00;RN;101.0;81;NATAL;Sim;Reação tardia ou ineficiente do condutor;3;Queda de ocupante de veículo;Com Vítimas Feridas;Pleno dia;Decrescente;Céu Claro;Dupla;Reta;Sim;1167567.0;Automóvel;I/CHEVROLET AGILE LTZ;2009.0;Condutor;Ileso;43.0;Feminino;1.0;0.0;0.0;0.0;-5.76469466;-35.28295988;SPRF-RN;DEL02-RN;UOP01-DEL02-RN
649498.0;1459565.0;2024-12-19;quinta-feira;05:48:00;RN;101.0;81;NATAL;Sim;Reação tardia ou ineficiente do condutor;3;Queda de ocupante de veículo;Com Vítimas Feridas;Pleno dia;Decrescente;Céu Claro;Dupla;Reta;Sim;1167566.0;Motocicleta;HONDA/NXR150 BROS ESD;2013.0;Condutor;Lesões Leves;43.0;Masculino;0.0;1.0;0.0;0.0;-5.76469466;-35.28295988;SPRF-RN;DEL02-RN;UOP01-DEL02-RN
649498.0;1459566.0;2024-12-19;quinta-feira;05:48:00;RN;101.0;81;NATAL;Sim;Reação tardia ou ineficiente do condutor;2;Tombamento;Com Vítimas Feridas;Pleno dia;Decrescente;Céu Claro;Dupla;Reta;Sim;1167567.0;Automóvel;I/CHEVROLET AGILE LTZ;2009.0;Condutor;Ileso;43.0;Feminino;1.0;0.0;0.0;0.0;-5.76469466;-35.28295988;SPRF-RN;DEL02-RN;UOP01-DEL02-RN
649498.0;1459565.0;2024-12-19;quinta-feira;05:48:00;RN;101.0;81;NATAL;Sim;Reação tardia ou ineficiente do condutor;2;Tombamento;Com Vítimas Feridas;Pleno dia;Decrescente;Céu Claro;Dupla;Reta;Sim;1167566.0;Motocicleta;HONDA/NXR150 BROS ESD;2013.0;Condutor;Lesões Leves;43.0;Masculino;0.0;1.0;0.0;0.0;-5.76469466;-35.28295988;SPRF-RN;DEL02-RN;UOP01-DEL02-RN
649498.0;1459566.0;2024-12-19;quinta-feira;05:48:00;RN;101.0;81;NATAL;Sim;Reação tardia ou ineficiente do condutor;1;Colisão traseira;Com Vítimas Feridas;Pleno dia;Decrescente;Céu Claro;Dupla;Reta;Sim;1167567.0;Automóvel;I/CHEVROLET AGILE LTZ;2009.0;Condutor;Ileso;43.0;Feminino;1.0;0.0;0.0;0.0;-5.76469466;-35.28295988;SPRF-RN;DEL02-RN;UOP01-DEL02-RN
649498.0;1459565.0;2024-12-19;quinta-feira;05:48:00;RN;101.0;81;NATAL;Sim;Reação tardia ou ineficiente do condutor;1;Colisão traseira;Com Vítimas Feridas;Pleno dia;Decrescente;Céu Claro;Dupla;Reta;Sim;1167566.0;Motocicleta;HONDA/NXR150 BROS ESD;2013.0;Condutor;Lesões Leves;43.0;Masculino;0.0;1.0;0.0;0.0;-5.76469466;-35.28295988;SPRF-RN;DEL02-RN;UOP01-DEL02-RN
649974.0;1460701.0;2024-12-20;sexta-feira;21:19:00;RN;101.0;82,6;NATAL;Sim;Condutor deixou de manter distância do veículo da frente;3;Queda de ocupante de veículo;Com Vítimas Feridas;Plena Noite;Decrescente;Céu Claro;Dupla;"Reta;Viaduto";Sim;1168460.0;Automóvel;Não Informado/Não Informado;0.0;Condutor;Não Informado;;Não Informado;0.0;0.0;0.0;0.0;-5.77048126;-35.26794087;SPRF-RN;DEL02-RN;UOP01-DEL02-RN
649974.0;1460700.0;2024-12-20;sexta-feira;21:19:00;RN;101.0;82,6;NATAL;Sim;Condutor deixou de manter distância do veículo da frente;3;Queda de ocupante de veículo;Com Vítimas Feridas;Plena Noite;Decrescente;Céu Claro;Dupla;"Reta;Viaduto";Sim;1168457.0;Motocicleta;MOTTU/SPORT 110I;2023.0;Passageiro;Lesões Leves;47.0;Masculino;0.0;1.0;0.0;0.0;-5.77048126;-35.26794087;SPRF-RN;DEL02-RN;UOP01-DEL02-RN
649974.0;1460699.0;2024-12-20;sexta-feira;21:19:00;RN;101.0;82,6;NATAL;Sim;Condutor deixou de manter distância do veículo da frente;3;Queda de ocupante de veículo;Com Vítimas Feridas;Plena Noite;Decrescente;Céu Claro;Dupla;"Reta;Viaduto";Sim;1168457.0;Motocicleta;MOTTU/SPORT 110I;2023.0;Condutor;Lesões Leves;48.0;Masculino;0.0;1.0;0.0;0.0;-5.77048126;-35.26794087;SPRF-RN;DEL02-RN;UOP01-DEL02-RN
649974.0;1460701.0;2024-12-20;sexta-feira;21:19:00;RN;101.0;82,6;NATAL;Sim;Condutor deixou de manter distância do veículo da frente;2;Tombamento;Com Vítimas Feridas;Plena Noite;Decrescente;Céu Claro;Dupla;"Reta;Viaduto";Sim;1168460.0;Automóvel;Não Informado/Não Informado;0.0;Condutor;Não Informado;;Não Informado;0.0;0.0;0.0;0.0;-5.77048126;-35.26794087;SPRF-RN;DEL02-RN;UOP01-DEL02-RN
649974.0;1460700.0;2024-12-20;sexta-feira;21:19:00;RN;101.0;82,6;NATAL;Sim;Condutor deixou de manter distância do veículo da frente;2;Tombamento;Com Vítimas Feridas;Plena Noite;Decrescente;Céu Claro;Dupla;"Reta;Viaduto";Sim;1168457.0;Motocicleta;MOTTU/SPORT 110I;2023.0;Passageiro;Lesões Leves;47.0;Masculino;0.0;1.0;0.0;0.0;-5.77048126;-35.26794087;SPRF-RN;DEL02-RN;UOP01-DEL02-RN
649974.0;1460699.0;2024-12-20;sexta-feira;21:19:00;RN;101.0;82,6;NATAL;Sim;Condutor deixou de manter distância do veículo da frente;2;Tombamento;Com Vítimas Feridas;Plena Noite;Decrescente;Céu Claro;Dupla;"Reta;Viaduto";Sim;1168457.0;Motocicleta;MOTTU/SPORT 110I;2023.0;Condutor;Lesões Leves;48.0;Masculino;0.0;1.0;0.0;0.0;-5.77048126;-35.26794087;SPRF-RN;DEL02-RN;UOP01-DEL02-RN
649974.0;1460701.0;2024-12-20;sexta-feira;21:19:00;RN;101.0;82,6;NATAL;Sim;Condutor deixou de manter distância do veículo da frente;1;Colisão traseira;Com Vítimas Feridas;Plena Noite;Decrescente;Céu Claro;Dupla;"Reta;Viaduto";Sim;1168460.0;Automóvel;Não Informado/Não Informado;0.0;Condutor;Não Informado;;Não Informado;0.0;0.0;0.0;0.0;-5.77048126;-35.26794087;SPRF-RN;DEL02-RN;UOP01-DEL02-RN
649974.0;1460700.0;2024-12-20;sexta-feira;21:19:00;RN;101.0;82,6;NATAL;Sim;Condutor deixou de manter distância do veículo da frente;1;Colisão traseira;Com Vítimas Feridas;Plena Noite;Decrescente;Céu Claro;Dupla;"Reta;Viaduto";Sim;1168457.0;Motocicleta;MOTTU/SPORT 110I;2023.0;Passageiro;Lesões Leves;47.0;Masculino;0.0;1.0;0.0;0.0;-5.77048126;-35.26794087;SPRF-RN;DEL02-RN;UOP01-DEL02-RN
649974.0;1460699.0;2024-12-20;sexta-feira;21:19:00;RN;101.0;82,6;NATAL;Sim;Condutor deixou de manter distância do veículo da frente;1;Colisão traseira;Com Vítimas Feridas;Plena Noite;Decrescente;Céu Claro;Dupla;"Reta;Viaduto";Sim;1168457.0;Motocicleta;MOTTU/SPORT 110I;2023.0;Condutor;Lesões Leves;48.0;Masculino;0.0;1.0;0.0;0.0;-5.77048126;-35.26794087;SPRF-RN;DEL02-RN;UOP01-DEL02-RN
650219.0;1461726.0;2024-12-21;sábado;14:00:00;RN;101.0;94;NATAL;Sim;Manobra de mudança de faixa;1;Colisão traseira;Com Vítimas Feridas;Pleno dia;Crescente;Sol;Dupla;"Aclive;Curva;Viaduto";Sim;1169220.0;Motocicleta;MOTTU/SPORT 110I;2023.0;Passageiro;Lesões Leves;41.0;Feminino;0.0;1.0;0.0;0.0;-5.83176615;-35.21191342;SPRF-RN;DEL01-RN;UOP01-DEL01-RN
650219.0;1461725.0;2024-12-21;sábado;14:00:00;RN;101.0;94;NATAL;Sim;Manobra de mudança de faixa;1;Colisão traseira;Com Vítimas Feridas;Pleno dia;Crescente;Sol;Dupla;"Aclive;Curva;Viaduto";Sim;1169220.0;Motocicleta;MOTTU/SPORT 110I;2023.0;Condutor;Lesões Leves;29.0;Masculino;0.0;1.0;0.0;0.0;-5.83176615;-35.21191342;SPRF-RN;DEL01-RN;UOP01-DEL01-RN
650219.0;1461721.0;2024-12-21;sábado;14:00:00;RN;101.0;94;NATAL;Sim;Manobra de mudança de faixa;1;Colisão traseira;Com Vítimas Feridas;Pleno dia;Crescente;Sol;Dupla;"Aclive;Curva;Viaduto";Sim;1169219.0;Automóvel;CHEVROLET/ONIX 1.0MT LT;2017.0;Condutor;Ileso;62.0;Feminino;1.0;0.0;0.0;0.0;-5.83176615;-35.21191342;SPRF-RN;DEL01-RN;UOP01-DEL01-RN
650341.0;1463285.0;2024-12-21;sábado;22:15:00;RN;101.0;82;NATAL;Não;Ausência de reação do condutor;1;Colisão traseira;Com Vítimas Feridas;Plena Noite;Crescente;Céu Claro;Dupla;Reta;Sim;1169210.0;Automóvel;Não Informado/Não Informado;0.0;Condutor;Não Informado;;Não Informado;0.0;0.0;0.0;0.0;-5.76791511;-35.27456305;SPRF-RN;DEL02-RN;UOP01-DEL02-RN
650341.0;1461704.0;2024-12-21;sábado;22:15:00;RN;101.0;82;NATAL;Não;Ausência de reação do condutor;1;Colisão traseira;Com Vítimas Feridas;Plena Noite;Crescente;Céu Claro;Dupla;Reta;Sim;1169209.0;Motocicleta;YAMAHA/FAZER YS250;2014.0;Condutor;Lesões Leves;36.0;Feminino;0.0;1.0;0.0;0.0;-5.76791511;-35.27456305;SPRF-RN;DEL02-RN;UOP01-DEL02-RN
650341.0;1463285.0;2024-12-21;sábado;22:15:00;RN;101.0;82;NATAL;Sim;Condutor deixou de manter distância do veículo da frente;1;Colisão traseira;Com Vítimas Feridas;Plena Noite;Crescente;Céu Claro;Dupla;Reta;Sim;1169210.0;Automóvel;Não Informado/Não Informado;0.0;Condutor;Não Informado;;Não Informado;0.0;0.0;0.0;0.0;-5.76791511;-35.27456305;SPRF-RN;DEL02-RN;UOP01-DEL02-RN
650341.0;1461704.0;2024-12-21;sábado;22:15:00;RN;101.0;82;NATAL;Sim;Condutor deixou de manter distância do veículo da frente;1;Colisão traseira;Com Vítimas Feridas;Plena Noite;Crescente;Céu Claro;Dupla;Reta;Sim;1169209.0;Motocicleta;YAMAHA/FAZER YS250;2014.0;Condutor;Lesões Leves;36.0;Feminino;0.0;1.0;0.0;0.0;-5.76791511;-35.27456305;SPRF-RN;DEL02-RN;UOP01-DEL02-RN
650353.0;1463929.0;2024-12-21;sábado;23:00:00;RN;101.0;95;NATAL;Sim;Retorno proibido;1;Colisão transversal;Com Vítimas Feridas;Plena Noite;Decrescente;Céu Claro;Múltipla;Reta;Sim;1170647.0;Automóvel;VW/NOVO GOL 1.0;2013.0;Condutor;Ileso;35.0;Masculino;1.0;0.0;0.0;0.0;-5.84076841;-35.21035949;SPRF-RN;DEL01-RN;UOP01-DEL01-RN
650353.0;1464717.0;2024-12-21;sábado;23:00:00;RN;101.0;95;NATAL;Sim;Retorno proibido;1;Colisão transversal;Com Vítimas Feridas;Plena Noite;Decrescente;Céu Claro;Múltipla;Reta;Sim;1169131.0;Motocicleta;YAMAHA/FZ25 FAZER;2023.0;Passageiro;Lesões Leves;26.0;Feminino;0.0;1.0;0.0;0.0;-5.84076841;-35.21035949;SPRF-RN;DEL01-RN;UOP01-DEL01-RN
650353.0;1461600.0;2024-12-21;sábado;23:00:00;RN;101.0;95;NATAL;Sim;Retorno proibido;1;Colisão transversal;Com Vítimas Feridas;Plena Noite;Decrescente;Céu Claro;Múltipla;Reta;Sim;1169131.0;Motocicleta;YAMAHA/FZ25 FAZER;2023.0;Condutor;Lesões Leves;40.0;Masculino;0.0;1.0;0.0;0.0;-5.84076841;-35.21035949;SPRF-RN;DEL01-RN;UOP01-DEL01-RN
650817.0;1462898.0;2024-12-23;segunda-feira;17:20:00;RN;101.0;94;NATAL;Sim;Ausência de reação do condutor;1;Colisão traseira;Com Vítimas Feridas;Pleno dia;Crescente;Céu Claro;Dupla;Reta;Não;1169966.0;Motocicleta;YAMAHA/YBR150 FACTOR ED;2024.0;Condutor;Lesões Leves;41.0;Masculino;0.0;1.0;0.0;0.0;-5.83176615;-35.21191342;SPRF-RN;DEL01-RN;UOP01-DEL01-RN
650817.0;1462896.0;2024-12-23;segunda-feira;17:20:00;RN;101.0;94;NATAL;Sim;Ausência de reação do condutor;1;Colisão traseira;Com Vítimas Feridas;Pleno dia;Crescente;Céu Claro;Dupla;Reta;Não;1169965.0;Automóvel;FIAT/ARGO DRIVE 1.0;2019.0;Condutor;Ileso;33.0;Masculino;1.0;0.0;0.0;0.0;-5.83176615;-35.21191342;SPRF-RN;DEL01-RN;UOP01-DEL01-RN
651047.0;1463490.0;2024-12-24;terça-feira;16:50:00;RN;101.0;83,6;NATAL;Sim;Acessar a via sem observar a presença dos outros veículos;3;Queda de ocupante de veículo;Sem Vítimas;Pleno dia;Decrescente;Céu Claro;Dupla;Interseção de Vias;Sim;1170425.0;Automóvel;GM/CELTA 2P SPIRIT;2010.0;Condutor;Ileso;23.0;Feminino;1.0;0.0;0.0;0.0;-5.7710445;-35.26616981;SPRF-RN;DEL02-RN;UOP01-DEL02-RN
651047.0;1463489.0;2024-12-24;terça-feira;16:50:00;RN;101.0;83,6;NATAL;Sim;Acessar a via sem observar a presença dos outros veículos;3;Queda de ocupante de veículo;Sem Vítimas;Pleno dia;Decrescente;Céu Claro;Dupla;Interseção de Vias;Sim;1170423.0;Motocicleta;HONDA/CG 150 FAN ESI;2011.0;Condutor;Ileso;42.0;Masculino;1.0;0.0;0.0;0.0;-5.7710445;-35.26616981;SPRF-RN;DEL02-RN;UOP01-DEL02-RN
651047.0;1463490.0;2024-12-24;terça-feira;16:50:00;RN;101.0;83,6;NATAL;Sim;Acessar a via sem observar a presença dos outros veículos;2;Tombamento;Sem Vítimas;Pleno dia;Decrescente;Céu Claro;Dupla;Interseção de Vias;Sim;1170425.0;Automóvel;GM/CELTA 2P SPIRIT;2010.0;Condutor;Ileso;23.0;Feminino;1.0;0.0;0.0;0.0;-5.7710445;-35.26616981;SPRF-RN;DEL02-RN;UOP01-DEL02-RN
651047.0;1463489.0;2024-12-24;terça-feira;16:50:00;RN;101.0;83,6;NATAL;Sim;Acessar a via sem observar a presença dos outros veículos;2;Tombamento;Sem Vítimas;Pleno dia;Decrescente;Céu Claro;Dupla;Interseção de Vias;Sim;1170423.0;Motocicleta;HONDA/CG 150 FAN ESI;2011.0;Condutor;Ileso;42.0;Masculino;1.0;0.0;0.0;0.0;-5.7710445;-35.26616981;SPRF-RN;DEL02-RN;UOP01-DEL02-RN
651047.0;1463490.0;2024-12-24;terça-feira;16:50:00;RN;101.0;83,6;NATAL;Sim;Acessar a via sem observar a presença dos outros veículos;1;Colisão transversal;Sem Vítimas;Pleno dia;Decrescente;Céu Claro;Dupla;Interseção de Vias;Sim;1170425.0;Automóvel;GM/CELTA 2P SPIRIT;2010.0;Condutor;Ileso;23.0;Feminino;1.0;0.0;0.0;0.0;-5.7710445;-35.26616981;SPRF-RN;DEL02-RN;UOP01-DEL02-RN
651047.0;1463489.0;2024-12-24;terça-feira;16:50:00;RN;101.0;83,6;NATAL;Sim;Acessar a via sem observar a presença dos outros veículos;1;Colisão transversal;Sem Vítimas;Pleno dia;Decrescente;Céu Claro;Dupla;Interseção de Vias;Sim;1170423.0;Motocicleta;HONDA/CG 150 FAN ESI;2011.0;Condutor;Ileso;42.0;Masculino;1.0;0.0;0.0;0.0;-5.7710445;-35.26616981;SPRF-RN;DEL02-RN;UOP01-DEL02-RN
651524.0;1464917.0;2024-12-26;quinta-feira;19:43:00;RN;101.0;75;NATAL;Sim;Ausência de reação do condutor;1;Colisão traseira;Com Vítimas Feridas;Plena Noite;Decrescente;Céu Claro;Dupla;"Interseção de Vias;Reta";Não;1171251.0;Automóvel;GM/CORSA SEDAN PREMIUM;2009.0;Condutor;Ileso;40.0;Feminino;1.0;0.0;0.0;0.0;-5.73180495;-35.29112135;SPRF-RN;DEL02-RN;UOP01-DEL02-RN
651524.0;1464916.0;2024-12-26;quinta-feira;19:43:00;RN;101.0;75;NATAL;Sim;Ausência de reação do condutor;1;Colisão traseira;Com Vítimas Feridas;Plena Noite;Decrescente;Céu Claro;Dupla;"Interseção de Vias;Reta";Não;1171250.0;Motoneta;YAMAHA/NMAX 160;2024.0;Condutor;Lesões Leves;29.0;Feminino;0.0;1.0;0.0;0.0;-5.73180495;-35.29112135;SPRF-RN;DEL02-RN;UOP01-DEL02-RN
651711.0;1465716.0;2024-12-27;sexta-feira;15:58:00;RN;101.0;99;NATAL;Sim;Condutor deixou de manter distância do veículo da frente;2;Queda de ocupante de veículo;Com Vítimas Feridas;Pleno dia;Crescente;Céu Claro;Dupla;Reta;Sim;1171665.0;Caminhonete;I/TOYOTA HILUX CDSRVA4FD;0.0;Condutor;Não Informado;;Não Informado;0.0;0.0;0.0;0.0;-5.87359183;-35.22063023;SPRF-RN;DEL01-RN;UOP01-DEL01-RN
651711.0;1465532.0;2024-12-27;sexta-feira;15:58:00;RN;101.0;99;NATAL;Sim;Condutor deixou de manter distância do veículo da frente;2;Queda de ocupante de veículo;Com Vítimas Feridas;Pleno dia;Crescente;Céu Claro;Dupla;Reta;Sim;1171664.0;Motocicleta;MOTTU/SPORT 110I;2024.0;Passageiro;Lesões Graves;29.0;Feminino;0.0;0.0;1.0;0.0;-5.87359183;-35.22063023;SPRF-RN;DEL01-RN;UOP01-DEL01-RN
651711.0;1465531.0;2024-12-27;sexta-feira;15:58:00;RN;101.0;99;NATAL;Sim;Condutor deixou de manter distância do veículo da frente;2;Queda de ocupante de veículo;Com Vítimas Feridas;Pleno dia;Crescente;Céu Claro;Dupla;Reta;Sim;1171664.0;Motocicleta;MOTTU/SPORT 110I;2024.0;Condutor;Lesões Leves;62.0;Masculino;0.0;1.0;0.0;0.0;-5.87359183;-35.22063023;SPRF-RN;DEL01-RN;UOP01-DEL01-RN
651711.0;1465716.0;2024-12-27;sexta-feira;15:58:00;RN;101.0;99;NATAL;Sim;Condutor deixou de manter distância do veículo da frente;1;Colisão traseira;Com Vítimas Feridas;Pleno dia;Crescente;Céu Claro;Dupla;Reta;Sim;1171665.0;Caminhonete;I/TOYOTA HILUX CDSRVA4FD;0.0;Condutor;Não Informado;;Não Informado;0.0;0.0;0.0;0.0;-5.87359183;-35.22063023;SPRF-RN;DEL01-RN;UOP01-DEL01-RN
651711.0;1465532.0;2024-12-27;sexta-feira;15:58:00;RN;101.0;99;NATAL;Sim;Condutor deixou de manter distância do veículo da frente;1;Colisão traseira;Com Vítimas Feridas;Pleno dia;Crescente;Céu Claro;Dupla;Reta;Sim;1171664.0;Motocicleta;MOTTU/SPORT 110I;2024.0;Passageiro;Lesões Graves;29.0;Feminino;0.0;0.0;1.0;0.0;-5.87359183;-35.22063023;SPRF-RN;DEL01-RN;UOP01-DEL01-RN
651711.0;1465531.0;2024-12-27;sexta-feira;15:58:00;RN;101.0;99;NATAL;Sim;Condutor deixou de manter distância do veículo da frente;1;Colisão traseira;Com Vítimas Feridas;Pleno dia;Crescente;Céu Claro;Dupla;Reta;Sim;1171664.0;Motocicleta;MOTTU/SPORT 110I;2024.0;Condutor;Lesões Leves;62.0;Masculino;0.0;1.0;0.0;0.0;-5.87359183;-35.22063023;SPRF-RN;DEL01-RN;UOP01-DEL01-RN
652266.0;1467261.0;2024-12-30;segunda-feira;18:56:00;RN;101.0;81;NATAL;Sim;Manobra de mudança de faixa;1;Colisão lateral mesmo sentido;Com Vítimas Feridas;Pleno dia;Decrescente;Céu Claro;Dupla;Reta;Não;1172678.0;Caminhonete;FIAT/STRADA VOLCANO CD13;2024.0;Condutor;Ileso;39.0;Masculino;1.0;0.0;0.0;0.0;-5.76469466;-35.28295988;SPRF-RN;DEL02-RN;UOP01-DEL02-RN
652266.0;1467260.0;2024-12-30;segunda-feira;18:56:00;RN;101.0;81;NATAL;Sim;Manobra de mudança de faixa;1;Colisão lateral mesmo sentido;Com Vítimas Feridas;Pleno dia;Decrescente;Céu Claro;Dupla;Reta;Não;1172677.0;Motocicleta;HONDA/CB 300R;2013.0;Passageiro;Lesões Graves;46.0;Feminino;0.0;0.0;1.0;0.0;-5.76469466;-35.28295988;SPRF-RN;DEL02-RN;UOP01-DEL02-RN
652266.0;1467259.0;2024-12-30;segunda-feira;18:56:00;RN;101.0;81;NATAL;Sim;Manobra de mudança de faixa;1;Colisão lateral mesmo sentido;Com Vítimas Feridas;Pleno dia;Decrescente;Céu Claro;Dupla;Reta;Não;1172677.0;Motocicleta;HONDA/CB 300R;2013.0;Condutor;Ileso;51.0;Masculino;1.0;0.0;0.0;0.0;-5.76469466;-35.28295988;SPRF-RN;DEL02-RN;UOP01-DEL02-RN
652273.0;1467165.0;2024-12-30;segunda-feira;19:20:00;RN;101.0;72;NATAL;Sim;Acessar a via sem observar a presença dos outros veículos;3;Queda de ocupante de veículo;Com Vítimas Feridas;Plena Noite;Decrescente;Céu Claro;Simples;"Reta;Interseção de Vias";Não;1172609.0;Motocicleta;HONDA/CG 125 TITAN ES;2002.0;Passageiro;Lesões Leves;28.0;Feminino;0.0;1.0;0.0;0.0;-5.70453057;-35.26565194;SPRF-RN;DEL02-RN;UOP01-DEL02-RN
652273.0;1467164.0;2024-12-30;segunda-feira;19:20:00;RN;101.0;72;NATAL;Sim;Acessar a via sem observar a presença dos outros veículos;3;Queda de ocupante de veículo;Com Vítimas Feridas;Plena Noite;Decrescente;Céu Claro;Simples;"Reta;Interseção de Vias";Não;1172609.0;Motocicleta;HONDA/CG 125 TITAN ES;2002.0;Condutor;Lesões Leves;48.0;Masculino;0.0;1.0;0.0;0.0;-5.70453057;-35.26565194;SPRF-RN;DEL02-RN;UOP01-DEL02-RN
652273.0;1467163.0;2024-12-30;segunda-feira;19:20:00;RN;101.0;72;NATAL;Sim;Acessar a via sem observar a presença dos outros veículos;3;Queda de ocupante de veículo;Com Vítimas Feridas;Plena Noite;Decrescente;Céu Claro;Simples;"Reta;Interseção de Vias";Não;1172608.0;Automóvel;RENAULT/SANDERO EXPR 10;2016.0;Condutor;Ileso;31.0;Masculino;1.0;0.0;0.0;0.0;-5.70453057;-35.26565194;SPRF-RN;DEL02-RN;UOP01-DEL02-RN
652273.0;1467165.0;2024-12-30;segunda-feira;19:20:00;RN;101.0;72;NATAL;Sim;Acessar a via sem observar a presença dos outros veículos;2;Tombamento;Com Vítimas Feridas;Plena Noite;Decrescente;Céu Claro;Simples;"Reta;Interseção de Vias";Não;1172609.0;Motocicleta;HONDA/CG 125 TITAN ES;2002.0;Passageiro;Lesões Leves;28.0;Feminino;0.0;1.0;0.0;0.0;-5.70453057;-35.26565194;SPRF-RN;DEL02-RN;UOP01-DEL02-RN
652273.0;1467164.0;2024-12-30;segunda-feira;19:20:00;RN;101.0;72;NATAL;Sim;Acessar a via sem observar a presença dos outros veículos;2;Tombamento;Com Vítimas Feridas;Plena Noite;Decrescente;Céu Claro;Simples;"Reta;Interseção de Vias";Não;1172609.0;Motocicleta;HONDA/CG 125 TITAN ES;2002.0;Condutor;Lesões Leves;48.0;Masculino;0.0;1.0;0.0;0.0;-5.70453057;-35.26565194;SPRF-RN;DEL02-RN;UOP01-DEL02-RN
652273.0;1467163.0;2024-12-30;segunda-feira;19:20:00;RN;101.0;72;NATAL;Sim;Acessar a via sem observar a presença dos outros veículos;2;Tombamento;Com Vítimas Feridas;Plena Noite;Decrescente;Céu Claro;Simples;"Reta;Interseção de Vias";Não;1172608.0;Automóvel;RENAULT/SANDERO EXPR 10;2016.0;Condutor;Ileso;31.0;Masculino;1.0;0.0;0.0;0.0;-5.70453057;-35.26565194;SPRF-RN;DEL02-RN;UOP01-DEL02-RN