id;pesid;data_inversa;dia_semana;horario;uf;br;km;municipio;causa_principal;causa_acidente;ordem_tipo_acidente;tipo_acidente;classificacao_acidente;fase_dia;sentido_via;condicao_metereologica;tipo_pista;tracado_via;uso_solo;id_veiculo;tipo_veiculo;marca;ano_fabricacao_veiculo;tipo_envolvido;estado_fisico;idade;sexo;ilesos;feridos_leves;feridos_graves;mortos;latitude;longitude;regional;delegacia;uop
652273.0;1467165.0;2024-12-30;segunda-feira;19:20:00;RN;101.0;72;NATAL;Sim;Acessar a via sem observar a presença dos outros veículos;1;Colisão transversal;Com Vítimas Feridas;Plena Noite;Decrescente;Céu Claro;Simples;"Reta;Interseção de Vias";Não;1172609.0;Motocicleta;HONDA/CG 125 TITAN ES;2002.0;Passageiro;Lesões Leves;28.0;Feminino;0.0;1.0;0.0;0.0;-5.70453057;-35.26565194;SPRF-RN;DEL02-RN;UOP01-DEL02-RN
652273.0;1467164.0;2024-12-30;segunda-feira;19:20:00;RN;101.0;72;NATAL;Sim;Acessar a via sem observar a presença dos outros veículos;1;Colisão transversal;Com Vítimas Feridas;Plena Noite;Decrescente;Céu Claro;Simples;"Reta;Interseção de Vias";Não;1172609.0;Motocicleta;HONDA/CG 125 TITAN ES;2002.0;Condutor;Lesões Leves;48.0;Masculino;0.0;1.0;0.0;0.0;-5.70453057;-35.26565194;SPRF-RN;DEL02-RN;UOP01-DEL02-RN
652273.0;1467163.0;2024-12-30;segunda-feira;19:20:00;RN;101.0;72;NATAL;Sim;Acessar a via sem observar a presença dos outros veículos;1;Colisão transversal;Com Vítimas Feridas;Plena Noite;Decrescente;Céu Claro;Simples;"Reta;Interseção de Vias";Não;1172608.0;Automóvel;RENAULT/SANDERO EXPR 10;2016.0;Condutor;Ileso;31.0;Masculino;1.0;0.0;0.0;0.0;-5.70453057;-35.26565194;SPRF-RN;DEL02-RN;UOP01-DEL02-RN
652330.0;1467315.0;2024-12-31;terça-feira;07:00:00;RN;101.0;78;NATAL;Sim;Animais na Pista;1;Atropelamento de Pedestre;Com Vítimas Feridas;Pleno dia;Decrescente;Céu Claro;Dupla;Reta;Não;1172723.0;Automóvel;VW/VOYAGE 1.0;2012.0;Condutor;Ileso;26.0;Masculino;1.0;0.0;0.0;0.0;-5.74071896;-35.29021064;SPRF-RN;DEL02-RN;UOP01-DEL02-RN
652330.0;1467413.0;2024-12-31;terça-feira;07:00:00;RN;101.0;78;NATAL;Sim;Animais na Pista;1;Atropelamento de Pedestre;Com Vítimas Feridas;Pleno dia;Decrescente;Céu Claro;Dupla;Reta;Não;;;NA/NA;;Pedestre;Lesões Leves;39.0;Masculino;0.0;1.0;0.0;0.0;-5.74071896;-35.29021064;SPRF-RN;DEL02-RN;UOP01-DEL02-RN
652396.0;1467536.0;2024-12-31;terça-feira;15:35:00;RN;226.0;4;NATAL;Sim;Conversão proibida;1;Colisão transversal;Com Vítimas Feridas;Pleno dia;Crescente;Céu Claro;Simples;Reta;Sim;1172853.0;Motocicleta;HONDA/CG150 START;2015.0;Passageiro;Ileso;34.0;Masculino;1.0;0.0;0.0;0.0;-5.81958019;-35.25969486;SPRF-RN;DEL01-RN;UOP02-DEL01-RN
652396.0;1467510.0;2024-12-31;terça-feira;15:35:00;RN;226.0;4;NATAL;Sim;Conversão proibida;1;Colisão transversal;Com Vítimas Feridas;Pleno dia;Crescente;Céu Claro;Simples;Reta;Sim;1172853.0;Motocicleta;HONDA/CG150 START;2015.0;Condutor;Lesões Graves;28.0;Masculino;0.0;0.0;1.0;0.0;-5.81958019;-35.25969486;SPRF-RN;DEL01-RN;UOP02-DEL01-RN
652396.0;1467534.0;2024-12-31;terça-feira;15:35:00;RN;226.0;4;NATAL;Sim;Conversão proibida;1;Colisão transversal;Com Vítimas Feridas;Pleno dia;Crescente;Céu Claro;Simples;Reta;Sim;1172852.0;Motocicleta;HONDA/NXR160 BROS ESDD;2015.0;Passageiro;Lesões Leves;42.0;Masculino;0.0;1.0;0.0;0.0;-5.81958019;-35.25969486;SPRF-RN;DEL01-RN;UOP02-DEL01-RN
652396.0;1467508.0;2024-12-31;terça-feira;15:35:00;RN;226.0;4;NATAL;Sim;Conversão proibida;1;Colisão transversal;Com Vítimas Feridas;Pleno dia;Crescente;Céu Claro;Simples;Reta;Sim;1172852.0;Motocicleta;HONDA/NXR160 BROS ESDD;2015.0;Condutor;Lesões Leves;29.0;Masculino;0.0;1.0;0.0;0.0;-5.81958019;-35.25969486;SPRF-RN;DEL01-RN;UOP02-DEL01-RN
658080.0;1482853.0;2024-12-20;sexta-feira;15:50:00;RN;101.0;95;NATAL;Sim;Acessar a via sem observar a presença dos outros veículos;2;Tombamento;Com Vítimas Feridas;Pleno dia;Crescente;Sol;Múltipla;"Aclive;Reta";Sim;1183539.0;Camioneta;JEEP/COMPASS SERIE S TF;2022.0;Condutor;Ileso;34.0;Feminino;1.0;0.0;0.0;0.0;-5.84076841;-35.21035949;SPRF-RN;DEL01-RN;UOP01-DEL01-RN
658080.0;1482852.0;2024-12-20;sexta-feira;15:50:00;RN;101.0;95;NATAL;Sim;Acessar a via sem observar a presença dos outros veículos;2;Tombamento;Com Vítimas Feridas;Pleno dia;Crescente;Sol;Múltipla;"Aclive;Reta";Sim;1183538.0;Bicicleta;Não Informado/Não Informado;0.0;Condutor;Lesões Leves;29.0;Masculino;0.0;1.0;0.0;0.0;-5.84076841;-35.21035949;SPRF-RN;DEL01-RN;UOP01-DEL01-RN
658080.0;1482853.0;2024-12-20;sexta-feira;15:50:00;RN;101.0;95;NATAL;Sim;Acessar a via sem observar a presença dos outros veículos;1;Colisão transversal;Com Vítimas Feridas;Pleno dia;Crescente;Sol;Múltipla;"Aclive;Reta";Sim;1183539.0;Camioneta;JEEP/COMPASS SERIE S TF;2022.0;Condutor;Ileso;34.0;Feminino;1.0;0.0;0.0;0.0;-5.84076841;-35.21035949;SPRF-RN;DEL01-RN;UOP01-DEL01-RN
658080.0;1482852.0;2024-12-20;sexta-feira;15:50:00;RN;101.0;95;NATAL;Sim;Acessar a via sem observar a presença dos outros veículos;1;Colisão transversal;Com Vítimas Feridas;Pleno dia;Crescente;Sol;Múltipla;"Aclive;Reta";Sim;1183538.0;Bicicleta;Não Informado/Não Informado;0.0;Condutor;Lesões Leves;29.0;Masculino;0.0;1.0;0.0;0.0;-5.84076841;-35.21035949;SPRF-RN;DEL01-RN;UOP01-DEL01-RN
498002.0;1088595.0;2023-01-08;domingo;15:50:00;RN;101.0;96;NATAL;Sim;Transitar na contramão;1;Colisão frontal;Com Vítimas Feridas;Pleno dia;Decrescente;Céu Claro;Simples;Reta;Sim;877443.0;Automóvel;VW/FOX 1.0 GII;2012.0;Condutor;Ileso;23.0;Feminino;1.0;0.0;0.0;0.0;-5,84949622;-35,20890752;SPRF-RN;DEL01-RN;UOP01-DEL01-RN
498002.0;1088596.0;2023-01-08;domingo;15:50:00;RN;101.0;96;NATAL;Sim;Transitar na contramão;1;Colisão frontal;Com Vítimas Feridas;Pleno dia;Decrescente;Céu Claro;Simples;Reta;Sim;877445.0;Bicicleta;Não Informado/Não Informado;0.0;Condutor;Ileso;18.0;Masculino;1.0;0.0;0.0;0.0;-5,84949622;-35,20890752;SPRF-RN;DEL01-RN;UOP01-DEL01-RN
498002.0;1088597.0;2023-01-08;domingo;15:50:00;RN;101.0;96;NATAL;Sim;Transitar na contramão;1;Colisão frontal;Com Vítimas Feridas;Pleno dia;Decrescente;Céu Claro;Simples;Reta;Sim;877445.0;Bicicleta;Não Informado/Não Informado;0.0;Passageiro;Lesões Leves;15.0;Feminino;0.0;1.0;0.0;0.0;-5,84949622;-35,20890752;SPRF-RN;DEL01-RN;UOP01-DEL01-RN
498413.0;1087436.0;2023-01-10;terça-feira;17:03:00;RN;101.0;95;NATAL;Sim;Manobra de mudança de faixa;2;Tombamento;Com Vítimas Feridas;Pleno dia;Crescente;Céu Claro;Dupla;Aclive;Sim;876624.0;Motocicleta;YAMAHA/XTZ150 CROSSER Z;2019.0;Passageiro;Lesões Leves;37.0;Feminino;0.0;1.0;0.0;0.0;-5,84076841;-35,21035949;SPRF-RN;DEL01-RN;UOP01-DEL01-RN
498413.0;1087435.0;2023-01-10;terça-feira;17:03:00;RN;101.0;95;NATAL;Sim;Manobra de mudança de faixa;2;Tombamento;Com Vítimas Feridas;Pleno dia;Crescente;Céu Claro;Dupla;Aclive;Sim;876624.0;Motocicleta;YAMAHA/XTZ150 CROSSER Z;2019.0;Condutor;Lesões Leves;28.0;Masculino;0.0;1.0;0.0;0.0;-5,84076841;-35,21035949;SPRF-RN;DEL01-RN;UOP01-DEL01-RN
498413.0;1087437.0;2023-01-10;terça-feira;17:03:00;RN;101.0;95;NATAL;Sim;Manobra de mudança de faixa;2;Tombamento;Com Vítimas Feridas;Pleno dia;Crescente;Céu Claro;Dupla;Aclive;Sim;876626.0;Motocicleta;HONDA/CG 150 TITAN EX;2014.0;Condutor;Lesões Graves;40.0;Masculino;0.0;0.0;1.0;0.0;-5,84076841;-35,21035949;SPRF-RN;DEL01-RN;UOP01-DEL01-RN
498413.0;1087436.0;2023-01-10;terça-feira;17:03:00;RN;101.0;95;NATAL;Sim;Manobra de mudança de faixa;1;Colisão lateral mesmo sentido;Com Vítimas Feridas;Pleno dia;Crescente;Céu Claro;Dupla;Aclive;Sim;876624.0;Motocicleta;YAMAHA/XTZ150 CROSSER Z;2019.0;Passageiro;Lesões Leves;37.0;Feminino;0.0;1.0;0.0;0.0;-5,84076841;-35,21035949;SPRF-RN;DEL01-RN;UOP01-DEL01-RN
498413.0;1087435.0;2023-01-10;terça-feira;17:03:00;RN;101.0;95;NATAL;Sim;Manobra de mudança de faixa;1;Colisão lateral mesmo sentido;Com Vítimas Feridas;Pleno dia;Crescente;Céu Claro;Dupla;Aclive;Sim;876624.0;Motocicleta;YAMAHA/XTZ150 CROSSER Z;2019.0;Condutor;Lesões Leves;28.0;Masculino;0.0;1.0;0.0;0.0;-5,84076841;-35,21035949;SPRF-RN;DEL01-RN;UOP01-DEL01-RN
498413.0;1087437.0;2023-01-10;terça-feira;17:03:00;RN;101.0;95;NATAL;Sim;Manobra de mudança de faixa;1;Colisão lateral mesmo sentido;Com Vítimas Feridas;Pleno dia;Crescente;Céu Claro;Dupla;Aclive;Sim;876626.0;Motocicleta;HONDA/CG 150 TITAN EX;2014.0;Condutor;Lesões Graves;40.0;Masculino;0.0;0.0;1.0;0.0;-5,84076841;-35,21035949;SPRF-RN;DEL01-RN;UOP01-DEL01-RN
498446.0;1087558.0;2023-01-10;terça-feira;22:14:00;RN;101.0;80,3;NATAL;Sim;Demais falhas mecânicas ou elétricas;1;Incêndio;Sem Vítimas;Plena Noite;Crescente;Céu Claro;Dupla;Reta;Sim;876703.0;Automóvel;FIAT/SIENA 1.4 TETRAFUEL;2009.0;Condutor;Ileso;55.0;Masculino;1.0;0.0;0.0;0.0;-5,75852229;-35,28806121;SPRF-RN;DEL02-RN;UOP01-DEL02-RN
498590.0;1088093.0;2023-01-11;quarta-feira;20:10:00;RN;101.0;95;NATAL;Sim;Ingestão de álcool pelo condutor;1;Colisão lateral mesmo sentido;Com Vítimas Feridas;Plena Noite;Decrescente;Céu Claro;Múltipla;Reta;Sim;877072.0;Motocicleta;YAMAHA/YZF R3 ABS;2017.0;Passageiro;Lesões Leves;20.0;Feminino;0.0;1.0;0.0;0.0;-5,84076841;-35,21035949;SPRF-RN;DEL01-RN;UOP01-DEL01-RN
498590.0;1088092.0;2023-01-11;quarta-feira;20:10:00;RN;101.0;95;NATAL;Sim;Ingestão de álcool pelo condutor;1;Colisão lateral mesmo sentido;Com Vítimas Feridas;Plena Noite;Decrescente;Céu Claro;Múltipla;Reta;Sim;877072.0;Motocicleta;YAMAHA/YZF R3 ABS;2017.0;Condutor;Lesões Leves;22.0;Masculino;0.0;1.0;0.0;0.0;-5,84076841;-35,21035949;SPRF-RN;DEL01-RN;UOP01-DEL01-RN
498590.0;1088091.0;2023-01-11;quarta-feira;20:10:00;RN;101.0;95;NATAL;Sim;Ingestão de álcool pelo condutor;1;Colisão lateral mesmo sentido;Com Vítimas Feridas;Plena Noite;Decrescente;Céu Claro;Múltipla;Reta;Sim;877071.0;Camioneta;JEEP/COMPASS LONGITUDE F;2017.0;Condutor;Ileso;47.0;Masculino;1.0;0.0;0.0;0.0;-5,84076841;-35,21035949;SPRF-RN;DEL01-RN;UOP01-DEL01-RN
498754.0;1088390.0;2023-01-12;quinta-feira;17:15:00;RN;101.0;97;NATAL;Sim;Condutor deixou de manter distância do veículo da frente;1;Colisão traseira;Com Vítimas Feridas;Pleno dia;Decrescente;Céu Claro;Dupla;Reta;Sim;877291.0;Motocicleta;YAMAHA/FACTOR YBR125 K;2012.0;Condutor;Lesões Leves;54.0;Masculino;0.0;1.0;0.0;0.0;-5,85758898;-35,21271205;SPRF-RN;DEL01-RN;UOP01-DEL01-RN
498754.0;1088389.0;2023-01-12;quinta-feira;17:15:00;RN;101.0;97;NATAL;Sim;Condutor deixou de manter distância do veículo da frente;1;Colisão traseira;Com Vítimas Feridas;Pleno dia;Decrescente;Céu Claro;Dupla;Reta;Sim;877290.0;Automóvel;FIAT/IDEA ATTRACTIVE 1.4;2015.0;Condutor;Ileso;51.0;Feminino;1.0;0.0;0.0;0.0;-5,85758898;-35,21271205;SPRF-RN;DEL01-RN;UOP01-DEL01-RN
498777.0;1088483.0;2023-01-12;quinta-feira;19:15:00;RN;101.0;97;NATAL;Sim;Condutor deixou de manter distância do veículo da frente;1;Colisão traseira;Com Vítimas Feridas;Plena Noite;Decrescente;Céu Claro;Múltipla;Reta;Sim;877355.0;Motocicleta;YAMAHA/FAZER YS250;2007.0;Condutor;Lesões Leves;35.0;Masculino;0.0;1.0;0.0;0.0;-5,85758898;-35,21271205;SPRF-RN;DEL01-RN;UOP01-DEL01-RN
498777.0;1088482.0;2023-01-12;quinta-feira;19:15:00;RN;101.0;97;NATAL;Sim;Condutor deixou de manter distância do veículo da frente;1;Colisão traseira;Com Vítimas Feridas;Plena Noite;Decrescente;Céu Claro;Múltipla;Reta;Sim;877353.0;Automóvel;FORD/KA SE 1.0 HA C;2020.0;Condutor;Ileso;51.0;Masculino;1.0;0.0;0.0;0.0;-5,85758898;-35,21271205;SPRF-RN;DEL01-RN;UOP01-DEL01-RN
499564.0;1090408.0;2023-01-16;segunda-feira;15:55:00;RN;101.0;80;NATAL;Sim;Acessar a via sem observar a presença dos outros veículos;2;Tombamento;Com Vítimas Feridas;Pleno dia;Crescente;Céu Claro;Dupla;Reta;Sim;878835.0;Motoneta;HONDA/BIZ 125;2021.0;Condutor;Lesões Leves;49.0;Masculino;0.0;1.0;0.0;0.0;-5,75852229;-35,28806121;SPRF-RN;DEL02-RN;UOP01-DEL02-RN
499564.0;1090407.0;2023-01-16;segunda-feira;15:55:00;RN;101.0;80;NATAL;Sim;Acessar a via sem observar a presença dos outros veículos;2;Tombamento;Com Vítimas Feridas;Pleno dia;Crescente;Céu Claro;Dupla;Reta;Sim;878834.0;Automóvel;HYUNDAI/HB20 1.0M COMFOR;2016.0;Condutor;Ileso;32.0;Masculino;1.0;0.0;0.0;0.0;-5,75852229;-35,28806121;SPRF-RN;DEL02-RN;UOP01-DEL02-RN
499564.0;1090408.0;2023-01-16;segunda-feira;15:55:00;RN;101.0;80;NATAL;Sim;Acessar a via sem observar a presença dos outros veículos;1;Colisão transversal;Com Vítimas Feridas;Pleno dia;Crescente;Céu Claro;Dupla;Reta;Sim;878835.0;Motoneta;HONDA/BIZ 125;2021.0;Condutor;Lesões Leves;49.0;Masculino;0.0;1.0;0.0;0.0;-5,75852229;-35,28806121;SPRF-RN;DEL02-RN;UOP01-DEL02-RN
499564.0;1090407.0;2023-01-16;segunda-feira;15:55:00;RN;101.0;80;NATAL;Sim;Acessar a via sem observar a presença dos outros veículos;1;Colisão transversal;Com Vítimas Feridas;Pleno dia;Crescente;Céu Claro;Dupla;Reta;Sim;878834.0;Automóvel;HYUNDAI/HB20 1.0M COMFOR;2016.0;Condutor;Ileso;32.0;Masculino;1.0;0.0;0.0;0.0;-5,75852229;-35,28806121;SPRF-RN;DEL02-RN;UOP01-DEL02-RN
499945.0;1091557.0;2023-01-18;quarta-feira;18:45:00;RN;101.0;96;NATAL;Sim;Reação tardia ou ineficiente do condutor;1;Colisão traseira;Com Vítimas Feridas;Plena Noite;Crescente;Chuva;Dupla;Reta;Sim;879663.0;Motocicleta;HARLEY DAVIDSON/FLHTC;2008.0;Condutor;Lesões Leves;68.0;Masculino;0.0;1.0;0.0;0.0;-5,84949622;-35,20890752;SPRF-RN;DEL01-RN;UOP01-DEL01-RN
499945.0;1091558.0;2023-01-18;quarta-feira;18:45:00;RN;101.0;96;NATAL;Sim;Reação tardia ou ineficiente do condutor;1;Colisão traseira;Com Vítimas Feridas;Plena Noite;Crescente;Chuva;Dupla;Reta;Sim;879664.0;Automóvel;FIAT/MOBI LIKE;2022.0;Condutor;Ileso;41.0;Masculino;1.0;0.0;0.0;0.0;-5,84949622;-35,20890752;SPRF-RN;DEL01-RN;UOP01-DEL01-RN
500859.0;1093875.0;2023-01-24;terça-feira;17:40:00;RN;101.0;94;NATAL;Sim;Manobra de mudança de faixa;1;Colisão lateral mesmo sentido;Com Vítimas Feridas;Pleno dia;Crescente;Céu Claro;Múltipla;Reta;Sim;881463.0;Automóvel;CHEVROLET/COBALT 18A LTZ;2018.0;Condutor;Ileso;43.0;Masculino;1.0;0.0;0.0;0.0;-5,83176615;-35,21191342;SPRF-RN;DEL01-RN;UOP01-DEL01-RN
500859.0;1093876.0;2023-01-24;terça-feira;17:40:00;RN;101.0;94;NATAL;Sim;Manobra de mudança de faixa;1;Colisão lateral mesmo sentido;Com Vítimas Feridas;Pleno dia;Crescente;Céu Claro;Múltipla;Reta;Sim;881464.0;Motocicleta;YAMAHA/FZ25 FAZER;2022.0;Condutor;Lesões Leves;27.0;Masculino;0.0;1.0;0.0;0.0;-5,83176615;-35,21191342;SPRF-RN;DEL01-RN;UOP01-DEL01-RN
501020.0;1094070.0;2023-01-25;quarta-feira;11:00:00;RN;304.0;96;NATAL;Não;Manobra de mudança de faixa;2;Queda de ocupante de veículo;Com Vítimas Feridas;Pleno dia;Decrescente;Céu Claro;Múltipla;Reta;Não;881620.0;Caminhonete;FIAT/TORO FREED TURB AT6;2022.0;Condutor;Ileso;62.0;Masculino;1.0;0.0;0.0;0.0;-5,85494835;-35,21157861;SPRF-RN;DEL04-RN;UOP01-DEL04-RN
501020.0;1094071.0;2023-01-25;quarta-feira;11:00:00;RN;304.0;96;NATAL;Não;Manobra de mudança de faixa;2;Queda de ocupante de veículo;Com Vítimas Feridas;Pleno dia;Decrescente;Céu Claro;Múltipla;Reta;Não;881623.0;Motocicleta;HONDA/CG 160 START;2017.0;Condutor;Lesões Leves;24.0;Masculino;0.0;1.0;0.0;0.0;-5,85494835;-35,21157861;SPRF-RN;DEL04-RN;UOP01-DEL04-RN
501020.0;1094070.0;2023-01-25;quarta-feira;11:00:00;RN;304.0;96;NATAL;Sim;Ausência de reação do condutor;2;Queda de ocupante de veículo;Com Vítimas Feridas;Pleno dia;Decrescente;Céu Claro;Múltipla;Reta;Não;881620.0;Caminhonete;FIAT/TORO FREED TURB AT6;2022.0;Condutor;Ileso;62.0;Masculino;1.0;0.0;0.0;0.0;-5,85494835;-35,21157861;SPRF-RN;DEL04-RN;UOP01-DEL04-RN
501020.0;1094071.0;2023-01-25;quarta-feira;11:00:00;RN;304.0;96;NATAL;Sim;Ausência de reação do condutor;2;Queda de ocupante de veículo;Com Vítimas Feridas;Pleno dia;Decrescente;Céu Claro;Múltipla;Reta;Não;881623.0;Motocicleta;HONDA/CG 160 START;2017.0;Condutor;Lesões Leves;24.0;Masculino;0.0;1.0;0.0;0.0;-5,85494835;-35,21157861;SPRF-RN;DEL04-RN;UOP01-DEL04-RN
501020.0;1094070.0;2023-01-25;quarta-feira;11:00:00;RN;304.0;96;NATAL;Não;Manobra de mudança de faixa;1;Colisão lateral mesmo sentido;Com Vítimas Feridas;Pleno dia;Decrescente;Céu Claro;Múltipla;Reta;Não;881620.0;Caminhonete;FIAT/TORO FREED TURB AT6;2022.0;Condutor;Ileso;62.0;Masculino;1.0;0.0;0.0;0.0;-5,85494835;-35,21157861;SPRF-RN;DEL04-RN;UOP01-DEL04-RN
501020.0;1094071.0;2023-01-25;quarta-feira;11:00:00;RN;304.0;96;NATAL;Não;Manobra de mudança de faixa;1;Colisão lateral mesmo sentido;Com Vítimas Feridas;Pleno dia;Decrescente;Céu Claro;Múltipla;Reta;Não;881623.0;Motocicleta;HONDA/CG 160 START;2017.0;Condutor;Lesões Leves;24.0;Masculino;0.0;1.0;0.0;0.0;-5,85494835;-35,21157861;SPRF-RN;DEL04-RN;UOP01-DEL04-RN
501020.0;1094070.0;2023-01-25;quarta-feira;11:00:00;RN;304.0;96;NATAL;Sim;Ausência de reação do condutor;1;Colisão lateral mesmo sentido;Com Vítimas Feridas;Pleno dia;Decrescente;Céu Claro;Múltipla;Reta;Não;881620.0;Caminhonete;FIAT/TORO FREED TURB AT6;2022.0;Condutor;Ileso;62.0;Masculino;1.0;0.0;0.0;0.0;-5,85494835;-35,21157861;SPRF-RN;DEL04-RN;UOP01-DEL04-RN
501020.0;1094071.0;2023-01-25;quarta-feira;11:00:00;RN;304.0;96;NATAL;Sim;Ausência de reação do condutor;1;Colisão lateral mesmo sentido;Com Vítimas Feridas;Pleno dia;Decrescente;Céu Claro;Múltipla;Reta;Não;881623.0;Motocicleta;HONDA/CG 160 START;2017.0;Condutor;Lesões Leves;24.0;Masculino;0.0;1.0;0.0;0.0;-5,85494835;-35,21157861;SPRF-RN;DEL04-RN;UOP01-DEL04-RN
501081.0;1094653.0;2023-01-25;quarta-feira;14:10:00;RN;101.0;96;NATAL;Sim;Condutor deixou de manter distância do veículo da frente;1;Engavetamento;Sem Vítimas;Pleno dia;Decrescente;Céu Claro;Dupla;Reta;Sim;882017.0;Utilitário;TOYOTA/CCROSS XRE 20;2021.0;Condutor;Ileso;40.0;Masculino;1.0;0.0;0.0;0.0;-5,84949622;-35,20890752;SPRF-RN;DEL01-RN;UOP01-DEL01-RN
501081.0;1094654.0;2023-01-25;quarta-feira;14:10:00;RN;101.0;96;NATAL;Sim;Condutor deixou de manter distância do veículo da frente;1;Engavetamento;Sem Vítimas;Pleno dia;Decrescente;Céu Claro;Dupla;Reta;Sim;882018.0;Automóvel;CHEV/ONIX 10TAT LT1;2020.0;Condutor;Ileso;42.0;Masculino;1.0;0.0;0.0;0.0;-5,84949622;-35,20890752;SPRF-RN;DEL01-RN;UOP01-DEL01-RN
501081.0;1094656.0;2023-01-25;quarta-feira;14:10:00;RN;101.0;96;NATAL;Sim;Condutor deixou de manter distância do veículo da frente;1;Engavetamento;Sem Vítimas;Pleno dia;Decrescente;Céu Claro;Dupla;Reta;Sim;882019.0;Automóvel;HONDA/CITY HATCH TOURING;2022.0;Condutor;Ileso;30.0;Feminino;1.0;0.0;0.0;0.0;-5,84949622;-35,20890752;SPRF-RN;DEL01-RN;UOP01-DEL01-RN
501081.0;1094655.0;2023-01-25;quarta-feira;14:10:00;RN;101.0;96;NATAL;Sim;Condutor deixou de manter distância do veículo da frente;1;Engavetamento;Sem Vítimas;Pleno dia;Decrescente;Céu Claro;Dupla;Reta;Sim;882020.0;Caminhonete;FIAT/FIOR MODIFICAR AB1;2022.0;Condutor;Ileso;50.0;Masculino;1.0;0.0;0.0;0.0;-5,84949622;-35,20890752;SPRF-RN;DEL01-RN;UOP01-DEL01-RN
501454.0;1097621.0;2023-01-27;sexta-feira;05:37:00;RN;101.0;85;NATAL;Sim;Ausência de reação do condutor;1;Colisão traseira;Com Vítimas Feridas;Amanhecer;Decrescente;Céu Claro;Dupla;Aclive;Sim;884251.0;Automóvel;VW/NOVO GOL TL MCV;2018.0;Condutor;Lesões Leves;29.0;Masculino;0.0;1.0;0.0;0.0;-5,777664;-35,24937;SPRF-RN;DEL02-RN;UOP01-DEL02-RN
501454.0;1097619.0;2023-01-27;sexta-feira;05:37:00;RN;101.0;85;NATAL;Sim;Ausência de reação do condutor;1;Colisão traseira;Com Vítimas Feridas;Amanhecer;Decrescente;Céu Claro;Dupla;Aclive;Sim;884252.0;Utilitário;JEEP/RENEGADE LNGTD AT D;2018.0;Condutor;Ileso;37.0;Feminino;1.0;0.0;0.0;0.0;-5,777664;-35,24937;SPRF-RN;DEL02-RN;UOP01-DEL02-RN
502171.0;1097072.0;2023-01-30;segunda-feira;15:30:00;RN;226.0;6;NATAL;Sim;Ausência de reação do condutor;1;Colisão com objeto;Com Vítimas Feridas;Pleno dia;Decrescente;Céu Claro;Simples;Reta;Sim;883900.0;Automóvel;Não Informado/Não Informado;0.0;Condutor;Não Informado;;Não Informado;0.0;0.0;0.0;0.0;-5,82628;-35,280325;SPRF-RN;DEL01-RN;UOP02-DEL01-RN
502171.0;1097096.0;2023-01-30;segunda-feira;15:30:00;RN;226.0;6;NATAL;Sim;Ausência de reação do condutor;1;Colisão com objeto;Com Vítimas Feridas;Pleno dia;Decrescente;Céu Claro;Simples;Reta;Sim;;;NA/NA;;Pedestre;Lesões Leves;55.0;Masculino;0.0;1.0;0.0;0.0;-5,82628;-35,280325;SPRF-RN;DEL01-RN;UOP02-DEL01-RN
502171.0;1097098.0;2023-01-30;segunda-feira;15:30:00;RN;226.0;6;NATAL;Sim;Ausência de reação do condutor;1;Colisão com objeto;Com Vítimas Feridas;Pleno dia;Decrescente;Céu Claro;Simples;Reta;Sim;;;NA/NA;;Pedestre;Lesões Leves;50.0;Feminino;0.0;1.0;0.0;0.0;-5,82628;-35,280325;SPRF-RN;DEL01-RN;UOP02-DEL01-RN
502171.0;1097072.0;2023-01-30;segunda-feira;15:30:00;RN;226.0;6;NATAL;Não;Acesso irregular;1;Colisão com objeto;Com Vítimas Feridas;Pleno dia;Decrescente;Céu Claro;Simples;Reta;Sim;883900.0;Automóvel;Não Informado/Não Informado;0.0;Condutor;Não Informado;;Não Informado;0.0;0.0;0.0;0.0;-5,82628;-35,280325;SPRF-RN;DEL01-RN;UOP02-DEL01-RN
502171.0;1097096.0;2023-01-30;segunda-feira;15:30:00;RN;226.0;6;NATAL;Não;Acesso irregular;1;Colisão com objeto;Com Vítimas Feridas;Pleno dia;Decrescente;Céu Claro;Simples;Reta;Sim;;;NA/NA;;Pedestre;Lesões Leves;55.0;Masculino;0.0;1.0;0.0;0.0;-5,82628;-35,280325;SPRF-RN;DEL01-RN;UOP02-DEL01-RN
502171.0;1097098.0;2023-01-30;segunda-feira;15:30:00;RN;226.0;6;NATAL;Não;Acesso irregular;1;Colisão com objeto;Com Vítimas Feridas;Pleno dia;Decrescente;Céu Claro;Simples;Reta;Sim;;;NA/NA;;Pedestre;Lesões Leves;50.0;Feminino;0.0;1.0;0.0;0.0;-5,82628;-35,280325;SPRF-RN;DEL01-RN;UOP02-DEL01-RN
502314.0;1097447.0;2023-01-31;terça-feira;09:40:00;RN;101.0;83,8;NATAL;Sim;Mal súbito do condutor;1;Colisão traseira;Com Vítimas Feridas;Pleno dia;Decrescente;Céu Claro;Dupla;Reta;Sim;884107.0;Caminhão;M.BENZ/L 1620;1998.0;Condutor;Lesões Graves;50.0;Masculino;0.0;0.0;1.0;0.0;-5,7710445;-35,26616981;SPRF-RN;DEL02-RN;UOP01-DEL02-RN