id;pesid;data_inversa;dia_semana;horario;uf;br;km;municipio;causa_principal;causa_acidente;ordem_tipo_acidente;tipo_acidente;classificacao_acidente;fase_dia;sentido_via;condicao_metereologica;tipo_pista;tracado_via;uso_solo;id_veiculo;tipo_veiculo;marca;ano_fabricacao_veiculo;tipo_envolvido;estado_fisico;idade;sexo;ilesos;feridos_leves;feridos_graves;mortos;latitude;longitude;regional;delegacia;uop
504925.0;1104125.0;2023-02-13;segunda-feira;14:25:00;RN;101.0;84;NATAL;Sim;Condutor deixou de manter distância do veículo da frente;1;Colisão lateral mesmo sentido;Com Vítimas Feridas;Pleno dia;Decrescente;Céu Claro;Múltipla;"Aclive;Reta";Sim;889134.0;Motocicleta;HONDA/CBX 250 TWISTER;2003.0;Condutor;Lesões Leves;45.0;Masculino;0.0;1.0;0.0;0.0;-5,774175;-35,2578;SPRF-RN;DEL02-RN;UOP01-DEL02-RN
505039.0;1104404.0;2023-02-14;terça-feira;07:31:00;RN;101.0;94;NATAL;Sim;Acesso irregular;1;Colisão transversal;Com Vítimas Feridas;Pleno dia;Crescente;Céu Claro;Simples;Reta;Sim;889367.0;Motocicleta;HONDA/CG 160 FAN;2022.0;Condutor;Lesões Leves;37.0;Masculino;0.0;1.0;0.0;0.0;-5,83176615;-35,21191342;SPRF-RN;DEL01-RN;UOP01-DEL01-RN
505930.0;1106509.0;2023-02-18;sábado;16:20:00;RN;226.0;4;NATAL;Sim;Conversão proibida;1;Tombamento;Com Vítimas Feridas;Pleno dia;Crescente;Céu Claro;Simples;Reta;Sim;891088.0;Motocicleta;HONDA/XR 250 TORNADO;0.0;Condutor;Lesões Graves;43.0;Masculino;0.0;0.0;1.0;0.0;-5,81958019;-35,25969486;SPRF-RN;DEL01-RN;UOP02-DEL01-RN
505930.0;1106510.0;2023-02-18;sábado;16:20:00;RN;226.0;4;NATAL;Sim;Conversão proibida;1;Tombamento;Com Vítimas Feridas;Pleno dia;Crescente;Céu Claro;Simples;Reta;Sim;891088.0;Motocicleta;HONDA/XR 250 TORNADO;0.0;Passageiro;Lesões Leves;49.0;Masculino;0.0;1.0;0.0;0.0;-5,81958019;-35,25969486;SPRF-RN;DEL01-RN;UOP02-DEL01-RN
506201.0;1107187.0;2023-02-19;domingo;20:20:00;RN;226.0;4;NATAL;Sim;Transitar na contramão;1;Colisão frontal;Com Vítimas Feridas;Plena Noite;Decrescente;Céu Claro;Simples;Reta;Sim;891602.0;Automóvel;FIAT/UNO MILLE FIRE;2003.0;Condutor;Lesões Leves;37.0;Masculino;0.0;1.0;0.0;0.0;-5,819578;-35,25972;SPRF-RN;DEL01-RN;UOP02-DEL01-RN
506201.0;1107188.0;2023-02-19;domingo;20:20:00;RN;226.0;4;NATAL;Sim;Transitar na contramão;1;Colisão frontal;Com Vítimas Feridas;Plena Noite;Decrescente;Céu Claro;Simples;Reta;Sim;891603.0;Automóvel;CHEVROLET/COBALT 1.4 LTZ;2014.0;Condutor;Lesões Leves;30.0;Masculino;0.0;1.0;0.0;0.0;-5,819578;-35,25972;SPRF-RN;DEL01-RN;UOP02-DEL01-RN
506433.0;1107681.0;2023-02-21;terça-feira;05:15:00;RN;101.0;76,3;NATAL;Sim;Ingestão de álcool ou de substâncias psicoativas pelo pedestre;2;Capotamento;Com Vítimas Feridas;Amanhecer;Decrescente;Céu Claro;Dupla;"Reta;Em Obras;Declive";Não;891903.0;Camioneta;FORD/ECOSPORT XLT1.6FLEX;2007.0;Condutor;Lesões Graves;44.0;Masculino;0.0;0.0;1.0;0.0;-5,72603024;-35,28461489;SPRF-RN;DEL02-RN;UOP01-DEL02-RN
506433.0;1107681.0;2023-02-21;terça-feira;05:15:00;RN;101.0;76,3;NATAL;Sim;Ingestão de álcool ou de substâncias psicoativas pelo pedestre;1;Saída de leito carroçável;Com Vítimas Feridas;Amanhecer;Decrescente;Céu Claro;Dupla;"Reta;Em Obras;Declive";Não;891903.0;Camioneta;FORD/ECOSPORT XLT1.6FLEX;2007.0;Condutor;Lesões Graves;44.0;Masculino;0.0;0.0;1.0;0.0;-5,72603024;-35,28461489;SPRF-RN;DEL02-RN;UOP01-DEL02-RN
506934.0;1109134.0;2023-02-24;sexta-feira;08:25:00;RN;101.0;97;NATAL;Sim;Condutor deixou de manter distância do veículo da frente;1;Engavetamento;Com Vítimas Feridas;Pleno dia;Decrescente;Nublado;Múltipla;Declive;Não;892949.0;Automóvel;FIAT/MOBI DRIVE GSR;2017.0;Condutor;Lesões Leves;33.0;Feminino;0.0;1.0;0.0;0.0;-5,85758898;-35,21271205;SPRF-RN;DEL01-RN;UOP01-DEL01-RN
506934.0;1109135.0;2023-02-24;sexta-feira;08:25:00;RN;101.0;97;NATAL;Sim;Condutor deixou de manter distância do veículo da frente;1;Engavetamento;Com Vítimas Feridas;Pleno dia;Decrescente;Nublado;Múltipla;Declive;Não;892950.0;Automóvel;FIAT/MOBI LIKE;2017.0;Condutor;Ileso;25.0;Masculino;1.0;0.0;0.0;0.0;-5,85758898;-35,21271205;SPRF-RN;DEL01-RN;UOP01-DEL01-RN
506934.0;1109136.0;2023-02-24;sexta-feira;08:25:00;RN;101.0;97;NATAL;Sim;Condutor deixou de manter distância do veículo da frente;1;Engavetamento;Com Vítimas Feridas;Pleno dia;Decrescente;Nublado;Múltipla;Declive;Não;892951.0;Automóvel;I/GM CLASSIC SPIRIT;2008.0;Condutor;Ileso;43.0;Masculino;1.0;0.0;0.0;0.0;-5,85758898;-35,21271205;SPRF-RN;DEL01-RN;UOP01-DEL01-RN
507334.0;1110111.0;2023-02-26;domingo;17:19:00;RN;101.0;72;NATAL;Sim;Ultrapassagem Indevida;1;Colisão frontal;Com Vítimas Feridas;Anoitecer;Decrescente;Nublado;Simples;"Reta;Aclive";Não;893689.0;Motocicleta;HONDA/XRE 300 ABS;2021.0;Condutor;Lesões Graves;42.0;Masculino;0.0;0.0;1.0;0.0;-5,69866248;-35,26316835;SPRF-RN;DEL02-RN;UOP01-DEL02-RN
507334.0;1110112.0;2023-02-26;domingo;17:19:00;RN;101.0;72;NATAL;Sim;Ultrapassagem Indevida;1;Colisão frontal;Com Vítimas Feridas;Anoitecer;Decrescente;Nublado;Simples;"Reta;Aclive";Não;893691.0;Motocicleta;HONDA/CG 160 START;2022.0;Condutor;Lesões Graves;25.0;Masculino;0.0;0.0;1.0;0.0;-5,69866248;-35,26316835;SPRF-RN;DEL02-RN;UOP01-DEL02-RN
507334.0;1110113.0;2023-02-26;domingo;17:19:00;RN;101.0;72;NATAL;Sim;Ultrapassagem Indevida;1;Colisão frontal;Com Vítimas Feridas;Anoitecer;Decrescente;Nublado;Simples;"Reta;Aclive";Não;893691.0;Motocicleta;HONDA/CG 160 START;2022.0;Passageiro;Lesões Graves;25.0;Feminino;0.0;0.0;1.0;0.0;-5,69866248;-35,26316835;SPRF-RN;DEL02-RN;UOP01-DEL02-RN
507354.0;1110961.0;2023-02-26;domingo;18:44:00;RN;101.0;72;NATAL;Não;Condutor deixou de manter distância do veículo da frente;2;Tombamento;Sem Vítimas;Plena Noite;Crescente;Céu Claro;Simples;Declive;Não;893729.0;Utilitário;MMC/PAJERO TR4 FLEX;2008.0;Condutor;Ileso;65.0;Masculino;1.0;0.0;0.0;0.0;-5,69866248;-35,26316835;SPRF-RN;DEL02-RN;UOP01-DEL02-RN
507354.0;1110962.0;2023-02-26;domingo;18:44:00;RN;101.0;72;NATAL;Não;Condutor deixou de manter distância do veículo da frente;2;Tombamento;Sem Vítimas;Plena Noite;Crescente;Céu Claro;Simples;Declive;Não;893730.0;Motocicleta;HONDA/CG 160 START;2020.0;Condutor;Ileso;28.0;Masculino;1.0;0.0;0.0;0.0;-5,69866248;-35,26316835;SPRF-RN;DEL02-RN;UOP01-DEL02-RN
507354.0;1110961.0;2023-02-26;domingo;18:44:00;RN;101.0;72;NATAL;Sim;Reação tardia ou ineficiente do condutor;2;Tombamento;Sem Vítimas;Plena Noite;Crescente;Céu Claro;Simples;Declive;Não;893729.0;Utilitário;MMC/PAJERO TR4 FLEX;2008.0;Condutor;Ileso;65.0;Masculino;1.0;0.0;0.0;0.0;-5,69866248;-35,26316835;SPRF-RN;DEL02-RN;UOP01-DEL02-RN
507354.0;1110962.0;2023-02-26;domingo;18:44:00;RN;101.0;72;NATAL;Sim;Reação tardia ou ineficiente do condutor;2;Tombamento;Sem Vítimas;Plena Noite;Crescente;Céu Claro;Simples;Declive;Não;893730.0;Motocicleta;HONDA/CG 160 START;2020.0;Condutor;Ileso;28.0;Masculino;1.0;0.0;0.0;0.0;-5,69866248;-35,26316835;SPRF-RN;DEL02-RN;UOP01-DEL02-RN
507354.0;1110961.0;2023-02-26;domingo;18:44:00;RN;101.0;72;NATAL;Não;Condutor deixou de manter distância do veículo da frente;1;Colisão traseira;Sem Vítimas;Plena Noite;Crescente;Céu Claro;Simples;Declive;Não;893729.0;Utilitário;MMC/PAJERO TR4 FLEX;2008.0;Condutor;Ileso;65.0;Masculino;1.0;0.0;0.0;0.0;-5,69866248;-35,26316835;SPRF-RN;DEL02-RN;UOP01-DEL02-RN
507354.0;1110962.0;2023-02-26;domingo;18:44:00;RN;101.0;72;NATAL;Não;Condutor deixou de manter distância do veículo da frente;1;Colisão traseira;Sem Vítimas;Plena Noite;Crescente;Céu Claro;Simples;Declive;Não;893730.0;Motocicleta;HONDA/CG 160 START;2020.0;Condutor;Ileso;28.0;Masculino;1.0;0.0;0.0;0.0;-5,69866248;-35,26316835;SPRF-RN;DEL02-RN;UOP01-DEL02-RN
507354.0;1110961.0;2023-02-26;domingo;18:44:00;RN;101.0;72;NATAL;Sim;Reação tardia ou ineficiente do condutor;1;Colisão traseira;Sem Vítimas;Plena Noite;Crescente;Céu Claro;Simples;Declive;Não;893729.0;Utilitário;MMC/PAJERO TR4 FLEX;2008.0;Condutor;Ileso;65.0;Masculino;1.0;0.0;0.0;0.0;-5,69866248;-35,26316835;SPRF-RN;DEL02-RN;UOP01-DEL02-RN
507354.0;1110962.0;2023-02-26;domingo;18:44:00;RN;101.0;72;NATAL;Sim;Reação tardia ou ineficiente do condutor;1;Colisão traseira;Sem Vítimas;Plena Noite;Crescente;Céu Claro;Simples;Declive;Não;893730.0;Motocicleta;HONDA/CG 160 START;2020.0;Condutor;Ileso;28.0;Masculino;1.0;0.0;0.0;0.0;-5,69866248;-35,26316835;SPRF-RN;DEL02-RN;UOP01-DEL02-RN
507798.0;1111150.0;2023-03-01;quarta-feira;07:40:00;RN;101.0;98,3;NATAL;Sim;Ausência de reação do condutor;1;Colisão traseira;Com Vítimas Feridas;Pleno dia;Decrescente;Céu Claro;Dupla;Reta;Sim;894488.0;Automóvel;TOYOTA/ETIOS HB X;2014.0;Passageiro;Lesões Leves;33.0;Feminino;0.0;1.0;0.0;0.0;-5,86567888;-35,21651625;SPRF-RN;DEL01-RN;UOP01-DEL01-RN
507798.0;1111149.0;2023-03-01;quarta-feira;07:40:00;RN;101.0;98,3;NATAL;Sim;Ausência de reação do condutor;1;Colisão traseira;Com Vítimas Feridas;Pleno dia;Decrescente;Céu Claro;Dupla;Reta;Sim;894488.0;Automóvel;TOYOTA/ETIOS HB X;2014.0;Condutor;Ileso;29.0;Masculino;1.0;0.0;0.0;0.0;-5,86567888;-35,21651625;SPRF-RN;DEL01-RN;UOP01-DEL01-RN
507798.0;1111148.0;2023-03-01;quarta-feira;07:40:00;RN;101.0;98,3;NATAL;Sim;Ausência de reação do condutor;1;Colisão traseira;Com Vítimas Feridas;Pleno dia;Decrescente;Céu Claro;Dupla;Reta;Sim;894487.0;Automóvel;VW/GOL 1.6L MB5;2019.0;Condutor;Ileso;45.0;Masculino;1.0;0.0;0.0;0.0;-5,86567888;-35,21651625;SPRF-RN;DEL01-RN;UOP01-DEL01-RN
507798.0;1114032.0;2023-03-01;quarta-feira;07:40:00;RN;101.0;98,3;NATAL;Sim;Ausência de reação do condutor;1;Colisão traseira;Com Vítimas Feridas;Pleno dia;Decrescente;Céu Claro;Dupla;Reta;Sim;896730.0;Automóvel;Não Informado/Não Informado;0.0;Condutor;Não Informado;;Não Informado;0.0;0.0;0.0;0.0;-5,86567888;-35,21651625;SPRF-RN;DEL01-RN;UOP01-DEL01-RN
507988.0;1111817.0;2023-03-02;quinta-feira;11:58:00;RN;226.0;1;NATAL;Sim;Manobra de mudança de faixa;1;Colisão transversal;Com Vítimas Feridas;Pleno dia;Decrescente;Nublado;Dupla;Reta;Sim;894990.0;Caminhonete;GM/S10 ADVANTAGE D;2006.0;Condutor;Ileso;75.0;Masculino;1.0;0.0;0.0;0.0;-5,80642132;-35,24167278;SPRF-RN;DEL01-RN;UOP02-DEL01-RN
507988.0;1111820.0;2023-03-02;quinta-feira;11:58:00;RN;226.0;1;NATAL;Sim;Manobra de mudança de faixa;1;Colisão transversal;Com Vítimas Feridas;Pleno dia;Decrescente;Nublado;Dupla;Reta;Sim;894995.0;Motocicleta;HONDA/CG 160 FAN;2021.0;Passageiro;Lesões Leves;22.0;Masculino;0.0;1.0;0.0;0.0;-5,80642132;-35,24167278;SPRF-RN;DEL01-RN;UOP02-DEL01-RN
507988.0;1111819.0;2023-03-02;quinta-feira;11:58:00;RN;226.0;1;NATAL;Sim;Manobra de mudança de faixa;1;Colisão transversal;Com Vítimas Feridas;Pleno dia;Decrescente;Nublado;Dupla;Reta;Sim;894995.0;Motocicleta;HONDA/CG 160 FAN;2021.0;Condutor;Lesões Leves;24.0;Masculino;0.0;1.0;0.0;0.0;-5,80642132;-35,24167278;SPRF-RN;DEL01-RN;UOP02-DEL01-RN
508241.0;1112468.0;2023-03-03;sexta-feira;14:00:00;RN;101.0;94;NATAL;Sim;Condutor deixou de manter distância do veículo da frente;1;Colisão traseira;Com Vítimas Feridas;Pleno dia;Decrescente;Céu Claro;Dupla;Reta;Sim;895373.0;Caminhonete;I/TOYOTA HILUX CD4X4 SR;2014.0;Condutor;Ileso;62.0;Masculino;1.0;0.0;0.0;0.0;-5,83176615;-35,21191342;SPRF-RN;DEL01-RN;UOP01-DEL01-RN
508241.0;1112470.0;2023-03-03;sexta-feira;14:00:00;RN;101.0;94;NATAL;Sim;Condutor deixou de manter distância do veículo da frente;1;Colisão traseira;Com Vítimas Feridas;Pleno dia;Decrescente;Céu Claro;Dupla;Reta;Sim;895518.0;Automóvel;TOYOTA/ETIOS SD X VSC MT;2018.0;Condutor;Lesões Leves;47.0;Masculino;0.0;1.0;0.0;0.0;-5,83176615;-35,21191342;SPRF-RN;DEL01-RN;UOP01-DEL01-RN
508502.0;1112818.0;2023-03-04;sábado;19:43:00;RN;101.0;84,1;NATAL;Sim;Demais falhas mecânicas ou elétricas;1;Incêndio;Sem Vítimas;Plena Noite;Decrescente;Céu Claro;Dupla;Reta;Sim;895788.0;Automóvel;FORD/KA FLEX;2008.0;Condutor;Ileso;43.0;Masculino;1.0;0.0;0.0;0.0;-5,774175;-35,2578;SPRF-RN;DEL02-RN;UOP01-DEL02-RN
509414.0;1115114.0;2023-03-09;quinta-feira;10:20:00;RN;101.0;94;NATAL;Sim;Conversão proibida;1;Colisão lateral mesmo sentido;Com Vítimas Feridas;Pleno dia;Decrescente;Céu Claro;Dupla;Reta;Sim;897513.0;Motocicleta;YAMAHA/MT07 ABS;2017.0;Condutor;Lesões Leves;31.0;Masculino;0.0;1.0;0.0;0.0;-5,83176615;-35,21191342;SPRF-RN;DEL01-RN;UOP01-DEL01-RN
509414.0;1115118.0;2023-03-09;quinta-feira;10:20:00;RN;101.0;94;NATAL;Sim;Conversão proibida;1;Colisão lateral mesmo sentido;Com Vítimas Feridas;Pleno dia;Decrescente;Céu Claro;Dupla;Reta;Sim;897514.0;Automóvel;VW/GOL CL MC;2015.0;Condutor;Ileso;65.0;Masculino;1.0;0.0;0.0;0.0;-5,83176615;-35,21191342;SPRF-RN;DEL01-RN;UOP01-DEL01-RN
509414.0;1115119.0;2023-03-09;quinta-feira;10:20:00;RN;101.0;94;NATAL;Sim;Conversão proibida;1;Colisão lateral mesmo sentido;Com Vítimas Feridas;Pleno dia;Decrescente;Céu Claro;Dupla;Reta;Sim;897514.0;Automóvel;VW/GOL CL MC;2015.0;Passageiro;Ileso;55.0;Feminino;1.0;0.0;0.0;0.0;-5,83176615;-35,21191342;SPRF-RN;DEL01-RN;UOP01-DEL01-RN
509414.0;1115114.0;2023-03-09;quinta-feira;10:20:00;RN;101.0;94;NATAL;Não;Acessar a via sem observar a presença dos outros veículos;1;Colisão lateral mesmo sentido;Com Vítimas Feridas;Pleno dia;Decrescente;Céu Claro;Dupla;Reta;Sim;897513.0;Motocicleta;YAMAHA/MT07 ABS;2017.0;Condutor;Lesões Leves;31.0;Masculino;0.0;1.0;0.0;0.0;-5,83176615;-35,21191342;SPRF-RN;DEL01-RN;UOP01-DEL01-RN
509414.0;1115118.0;2023-03-09;quinta-feira;10:20:00;RN;101.0;94;NATAL;Não;Acessar a via sem observar a presença dos outros veículos;1;Colisão lateral mesmo sentido;Com Vítimas Feridas;Pleno dia;Decrescente;Céu Claro;Dupla;Reta;Sim;897514.0;Automóvel;VW/GOL CL MC;2015.0;Condutor;Ileso;65.0;Masculino;1.0;0.0;0.0;0.0;-5,83176615;-35,21191342;SPRF-RN;DEL01-RN;UOP01-DEL01-RN
509414.0;1115119.0;2023-03-09;quinta-feira;10:20:00;RN;101.0;94;NATAL;Não;Acessar a via sem observar a presença dos outros veículos;1;Colisão lateral mesmo sentido;Com Vítimas Feridas;Pleno dia;Decrescente;Céu Claro;Dupla;Reta;Sim;897514.0;Automóvel;VW/GOL CL MC;2015.0;Passageiro;Ileso;55.0;Feminino;1.0;0.0;0.0;0.0;-5,83176615;-35,21191342;SPRF-RN;DEL01-RN;UOP01-DEL01-RN
510062.0;1116683.0;2023-03-12;domingo;12:36:00;RN;101.0;96;NATAL;Sim;Mal súbito do condutor;1;Colisão traseira;Com Vítimas Feridas;Pleno dia;Decrescente;Sol;Múltipla;Reta;Sim;898735.0;Automóvel;CHEVROLET/CELTA 1.0L LT;2012.0;Condutor;Ileso;26.0;Masculino;1.0;0.0;0.0;0.0;-5,84949622;-35,20890752;SPRF-RN;DEL01-RN;UOP01-DEL01-RN
510062.0;1116686.0;2023-03-12;domingo;12:36:00;RN;101.0;96;NATAL;Sim;Mal súbito do condutor;1;Colisão traseira;Com Vítimas Feridas;Pleno dia;Decrescente;Sol;Múltipla;Reta;Sim;898736.0;Automóvel;FORD/FIESTA;2005.0;Passageiro;Lesões Leves;13.0;Feminino;0.0;1.0;0.0;0.0;-5,84949622;-35,20890752;SPRF-RN;DEL01-RN;UOP01-DEL01-RN
510062.0;1116682.0;2023-03-12;domingo;12:36:00;RN;101.0;96;NATAL;Sim;Mal súbito do condutor;1;Colisão traseira;Com Vítimas Feridas;Pleno dia;Decrescente;Sol;Múltipla;Reta;Sim;898736.0;Automóvel;FORD/FIESTA;2005.0;Condutor;Ileso;40.0;Masculino;1.0;0.0;0.0;0.0;-5,84949622;-35,20890752;SPRF-RN;DEL01-RN;UOP01-DEL01-RN
510062.0;1119756.0;2023-03-12;domingo;12:36:00;RN;101.0;96;NATAL;Sim;Mal súbito do condutor;1;Colisão traseira;Com Vítimas Feridas;Pleno dia;Decrescente;Sol;Múltipla;Reta;Sim;898736.0;Automóvel;FORD/FIESTA;2005.0;Passageiro;Ileso;11.0;Masculino;1.0;0.0;0.0;0.0;-5,84949622;-35,20890752;SPRF-RN;DEL01-RN;UOP01-DEL01-RN
510062.0;1119759.0;2023-03-12;domingo;12:36:00;RN;101.0;96;NATAL;Sim;Mal súbito do condutor;1;Colisão traseira;Com Vítimas Feridas;Pleno dia;Decrescente;Sol;Múltipla;Reta;Sim;898736.0;Automóvel;FORD/FIESTA;2005.0;Passageiro;Ileso;16.0;Feminino;1.0;0.0;0.0;0.0;-5,84949622;-35,20890752;SPRF-RN;DEL01-RN;UOP01-DEL01-RN
510062.0;1119760.0;2023-03-12;domingo;12:36:00;RN;101.0;96;NATAL;Sim;Mal súbito do condutor;1;Colisão traseira;Com Vítimas Feridas;Pleno dia;Decrescente;Sol;Múltipla;Reta;Sim;898736.0;Automóvel;FORD/FIESTA;2005.0;Passageiro;Ileso;32.0;Feminino;1.0;0.0;0.0;0.0;-5,84949622;-35,20890752;SPRF-RN;DEL01-RN;UOP01-DEL01-RN
510164.0;1116990.0;2023-03-12;domingo;21:57:00;RN;101.0;82;NATAL;Sim;Condutor deixou de manter distância do veículo da frente;1;Colisão traseira;Com Vítimas Feridas;Plena Noite;Crescente;Céu Claro;Simples;Reta;Sim;898962.0;Motocicleta;HONDA/CG 160 FAN;2022.0;Condutor;Lesões Graves;22.0;Masculino;0.0;0.0;1.0;0.0;-5,76791511;-35,27456305;SPRF-RN;DEL02-RN;UOP01-DEL02-RN
510164.0;1119355.0;2023-03-12;domingo;21:57:00;RN;101.0;82;NATAL;Sim;Condutor deixou de manter distância do veículo da frente;1;Colisão traseira;Com Vítimas Feridas;Plena Noite;Crescente;Céu Claro;Simples;Reta;Sim;898964.0;Automóvel;Não Informado/Não Informado;0.0;Condutor;Não Informado;;Não Informado;0.0;0.0;0.0;0.0;-5,76791511;-35,27456305;SPRF-RN;DEL02-RN;UOP01-DEL02-RN
510177.0;1117009.0;2023-03-12;domingo;21:57:00;RN;226.0;5;NATAL;Sim;Ingestão de álcool pelo condutor;2;Colisão com objeto;Sem Vítimas;Plena Noite;Crescente;Nublado;Simples;Reta;Sim;898982.0;Automóvel;CITROEN/C3 GLX 14 FLEX;2007.0;Condutor;Ileso;38.0;Masculino;1.0;0.0;0.0;0.0;-5,82090114;-35,26828435;SPRF-RN;DEL01-RN;UOP02-DEL01-RN
510177.0;1117009.0;2023-03-12;domingo;21:57:00;RN;226.0;5;NATAL;Sim;Ingestão de álcool pelo condutor;1;Saída de leito carroçável;Sem Vítimas;Plena Noite;Crescente;Nublado;Simples;Reta;Sim;898982.0;Automóvel;CITROEN/C3 GLX 14 FLEX;2007.0;Condutor;Ileso;38.0;Masculino;1.0;0.0;0.0;0.0;-5,82090114;-35,26828435;SPRF-RN;DEL01-RN;UOP02-DEL01-RN
510485.0;1117840.0;2023-02-08;quarta-feira;17:15:00;RN;101.0;76;NATAL;Sim;Demais Fenômenos da natureza;1;Colisão traseira;Com Vítimas Feridas;Anoitecer;Crescente;Céu Claro;Dupla;Reta;Sim;899571.0;Carroça-charrete;Não Informado/Não Informado;0.0;Passageiro;Lesões Leves;41.0;Feminino;0.0;1.0;0.0;0.0;-5,72603024;-35,28461489;SPRF-RN;DEL02-RN;UOP01-DEL02-RN
510485.0;1117828.0;2023-02-08;quarta-feira;17:15:00;RN;101.0;76;NATAL;Sim;Demais Fenômenos da natureza;1;Colisão traseira;Com Vítimas Feridas;Anoitecer;Crescente;Céu Claro;Dupla;Reta;Sim;899571.0;Carroça-charrete;Não Informado/Não Informado;0.0;Passageiro;Lesões Leves;11.0;Masculino;0.0;1.0;0.0;0.0;-5,72603024;-35,28461489;SPRF-RN;DEL02-RN;UOP01-DEL02-RN
510485.0;1117829.0;2023-02-08;quarta-feira;17:15:00;RN;101.0;76;NATAL;Sim;Demais Fenômenos da natureza;1;Colisão traseira;Com Vítimas Feridas;Anoitecer;Crescente;Céu Claro;Dupla;Reta;Sim;899571.0;Carroça-charrete;Não Informado/Não Informado;0.0;Condutor;Lesões Leves;30.0;Feminino;0.0;1.0;0.0;0.0;-5,72603024;-35,28461489;SPRF-RN;DEL02-RN;UOP01-DEL02-RN
510485.0;1117830.0;2023-02-08;quarta-feira;17:15:00;RN;101.0;76;NATAL;Sim;Demais Fenômenos da natureza;1;Colisão traseira;Com Vítimas Feridas;Anoitecer;Crescente;Céu Claro;Dupla;Reta;Sim;899572.0;Automóvel;NISSAN/KICKS SENSE CVT;2022.0;Condutor;Ileso;48.0;Masculino;1.0;0.0;0.0;0.0;-5,72603024;-35,28461489;SPRF-RN;DEL02-RN;UOP01-DEL02-RN
510668.0;1118319.0;2023-03-15;quarta-feira;11:20:00;RN;101.0;95,9;NATAL;Não;Acessar a via sem observar a presença dos outros veículos;2;Tombamento;Com Vítimas Feridas;Pleno dia;Crescente;Céu Claro;Múltipla;Reta;Não;900005.0;Motocicleta;YAMAHA/YS150 FAZER SED;2018.0;Condutor;Não Informado;;Não Informado;0.0;0.0;0.0;0.0;-5,84076841;-35,21035949;SPRF-RN;DEL01-RN;UOP01-DEL01-RN
510668.0;1118320.0;2023-03-15;quarta-feira;11:20:00;RN;101.0;95,9;NATAL;Não;Acessar a via sem observar a presença dos outros veículos;2;Tombamento;Com Vítimas Feridas;Pleno dia;Crescente;Céu Claro;Múltipla;Reta;Não;900005.0;Motocicleta;YAMAHA/YS150 FAZER SED;2018.0;Passageiro;Lesões Leves;30.0;Feminino;0.0;1.0;0.0;0.0;-5,84076841;-35,21035949;SPRF-RN;DEL01-RN;UOP01-DEL01-RN
510668.0;1118321.0;2023-03-15;quarta-feira;11:20:00;RN;101.0;95,9;NATAL;Não;Acessar a via sem observar a presença dos outros veículos;2;Tombamento;Com Vítimas Feridas;Pleno dia;Crescente;Céu Claro;Múltipla;Reta;Não;900006.0;Motocicleta;HONDA/CG 125 FAN KS;2013.0;Condutor;Ileso;32.0;Masculino;1.0;0.0;0.0;0.0;-5,84076841;-35,21035949;SPRF-RN;DEL01-RN;UOP01-DEL01-RN
510668.0;1118319.0;2023-03-15;quarta-feira;11:20:00;RN;101.0;95,9;NATAL;Sim;Manobra de mudança de faixa;2;Tombamento;Com Vítimas Feridas;Pleno dia;Crescente;Céu Claro;Múltipla;Reta;Não;900005.0;Motocicleta;YAMAHA/YS150 FAZER SED;2018.0;Condutor;Não Informado;;Não Informado;0.0;0.0;0.0;0.0;-5,84076841;-35,21035949;SPRF-RN;DEL01-RN;UOP01-DEL01-RN
510668.0;1118320.0;2023-03-15;quarta-feira;11:20:00;RN;101.0;95,9;NATAL;Sim;Manobra de mudança de faixa;2;Tombamento;Com Vítimas Feridas;Pleno dia;Crescente;Céu Claro;Múltipla;Reta;Não;900005.0;Motocicleta;YAMAHA/YS150 FAZER SED;2018.0;Passageiro;Lesões Leves;30.0;Feminino;0.0;1.0;0.0;0.0;-5,84076841;-35,21035949;SPRF-RN;DEL01-RN;UOP01-DEL01-RN
510668.0;1118321.0;2023-03-15;quarta-feira;11:20:00;RN;101.0;95,9;NATAL;Sim;Manobra de mudança de faixa;2;Tombamento;Com Vítimas Feridas;Pleno dia;Crescente;Céu Claro;Múltipla;Reta;Não;900006.0;Motocicleta;HONDA/CG 125 FAN KS;2013.0;Condutor;Ileso;32.0;Masculino;1.0;0.0;0.0;0.0;-5,84076841;-35,21035949;SPRF-RN;DEL01-RN;UOP01-DEL01-RN
510668.0;1118319.0;2023-03-15;quarta-feira;11:20:00;RN;101.0;95,9;NATAL;Não;Acessar a via sem observar a presença dos outros veículos;1;Colisão lateral mesmo sentido;Com Vítimas Feridas;Pleno dia;Crescente;Céu Claro;Múltipla;Reta;Não;900005.0;Motocicleta;YAMAHA/YS150 FAZER SED;2018.0;Condutor;Não Informado;;Não Informado;0.0;0.0;0.0;0.0;-5,84076841;-35,21035949;SPRF-RN;DEL01-RN;UOP01-DEL01-RN
510668.0;1118320.0;2023-03-15;quarta-feira;11:20:00;RN;101.0;95,9;NATAL;Não;Acessar a via sem observar a presença dos outros veículos;1;Colisão lateral mesmo sentido;Com Vítimas Feridas;Pleno dia;Crescente;Céu Claro;Múltipla;Reta;Não;900005.0;Motocicleta;YAMAHA/YS150 FAZER SED;2018.0;Passageiro;Lesões Leves;30.0;Feminino;0.0;1.0;0.0;0.0;-5,84076841;-35,21035949;SPRF-RN;DEL01-RN;UOP01-DEL01-RN