id;pesid;data_inversa;dia_semana;horario;uf;br;km;municipio;causa_principal;causa_acidente;ordem_tipo_acidente;tipo_acidente;classificacao_acidente;fase_dia;sentido_via;condicao_metereologica;tipo_pista;tracado_via;uso_solo;id_veiculo;tipo_veiculo;marca;ano_fabricacao_veiculo;tipo_envolvido;estado_fisico;idade;sexo;ilesos;feridos_leves;feridos_graves;mortos;latitude;longitude;regional;delegacia;uop
520932.0;1143055.0;2023-05-04;quinta-feira;07:40:00;RN;101.0;85,9;NATAL;Não;Chuva;2;Queda de ocupante de veículo;Com Vítimas Feridas;Pleno dia;Decrescente;Chuva;Dupla;"Reta;Em Obras;Desvio Temporário;Ponte";Sim;919596.0;Motocicleta;HONDA/NXR160 BROS ESDD;2019.0;Condutor;Lesões Leves;34.0;Feminino;0.0;1.0;0.0;0.0;-5,777664;-35,24937;SPRF-RN;DEL02-RN;UOP01-DEL02-RN
520932.0;1143057.0;2023-05-04;quinta-feira;07:40:00;RN;101.0;85,9;NATAL;Não;Chuva;2;Queda de ocupante de veículo;Com Vítimas Feridas;Pleno dia;Decrescente;Chuva;Dupla;"Reta;Em Obras;Desvio Temporário;Ponte";Sim;919597.0;Motocicleta;YAMAHA/XTZ150 CROSSER ED;2017.0;Condutor;Lesões Leves;34.0;Masculino;0.0;1.0;0.0;0.0;-5,777664;-35,24937;SPRF-RN;DEL02-RN;UOP01-DEL02-RN
520932.0;1143055.0;2023-05-04;quinta-feira;07:40:00;RN;101.0;85,9;NATAL;Sim;Reação tardia ou ineficiente do condutor;2;Queda de ocupante de veículo;Com Vítimas Feridas;Pleno dia;Decrescente;Chuva;Dupla;"Reta;Em Obras;Desvio Temporário;Ponte";Sim;919596.0;Motocicleta;HONDA/NXR160 BROS ESDD;2019.0;Condutor;Lesões Leves;34.0;Feminino;0.0;1.0;0.0;0.0;-5,777664;-35,24937;SPRF-RN;DEL02-RN;UOP01-DEL02-RN
520932.0;1143057.0;2023-05-04;quinta-feira;07:40:00;RN;101.0;85,9;NATAL;Sim;Reação tardia ou ineficiente do condutor;2;Queda de ocupante de veículo;Com Vítimas Feridas;Pleno dia;Decrescente;Chuva;Dupla;"Reta;Em Obras;Desvio Temporário;Ponte";Sim;919597.0;Motocicleta;YAMAHA/XTZ150 CROSSER ED;2017.0;Condutor;Lesões Leves;34.0;Masculino;0.0;1.0;0.0;0.0;-5,777664;-35,24937;SPRF-RN;DEL02-RN;UOP01-DEL02-RN
521210.0;1143810.0;2023-05-05;sexta-feira;17:58:00;RN;101.0;98;NATAL;Sim;Velocidade Incompatível;1;Colisão traseira;Com Vítimas Feridas;Plena Noite;Crescente;Nublado;Dupla;"Reta;Aclive";Sim;920141.0;Automóvel;VW/POLO MCA;2018.0;Condutor;Ileso;52.0;Masculino;1.0;0.0;0.0;0.0;-5,86567888;-35,21651625;SPRF-RN;DEL01-RN;UOP01-DEL01-RN
521210.0;1143808.0;2023-05-05;sexta-feira;17:58:00;RN;101.0;98;NATAL;Sim;Velocidade Incompatível;1;Colisão traseira;Com Vítimas Feridas;Plena Noite;Crescente;Nublado;Dupla;"Reta;Aclive";Sim;920140.0;Caminhonete;I/TOYOTA HILUX CDLOWM4FD;2018.0;Condutor;Ileso;40.0;Feminino;1.0;0.0;0.0;0.0;-5,86567888;-35,21651625;SPRF-RN;DEL01-RN;UOP01-DEL01-RN
521210.0;1143812.0;2023-05-05;sexta-feira;17:58:00;RN;101.0;98;NATAL;Sim;Velocidade Incompatível;1;Colisão traseira;Com Vítimas Feridas;Plena Noite;Crescente;Nublado;Dupla;"Reta;Aclive";Sim;920142.0;Automóvel;FORD/FIESTA HA 1.5L S;2015.0;Passageiro;Lesões Leves;5.0;Feminino;0.0;1.0;0.0;0.0;-5,86567888;-35,21651625;SPRF-RN;DEL01-RN;UOP01-DEL01-RN
521210.0;1143811.0;2023-05-05;sexta-feira;17:58:00;RN;101.0;98;NATAL;Sim;Velocidade Incompatível;1;Colisão traseira;Com Vítimas Feridas;Plena Noite;Crescente;Nublado;Dupla;"Reta;Aclive";Sim;920142.0;Automóvel;FORD/FIESTA HA 1.5L S;2015.0;Condutor;Ileso;24.0;Masculino;1.0;0.0;0.0;0.0;-5,86567888;-35,21651625;SPRF-RN;DEL01-RN;UOP01-DEL01-RN
521250.0;1146486.0;2023-05-05;sexta-feira;21:30:00;RN;101.0;77,8;NATAL;Sim;Entrada inopinada do pedestre;1;Atropelamento de Pedestre;Com Vítimas Feridas;Plena Noite;Decrescente;Chuva;Dupla;Reta;Sim;920191.0;Motocicleta;Não Informado/Não Informado;0.0;Condutor;Ileso;;Masculino;1.0;0.0;0.0;0.0;-5,73180495;-35,29112135;SPRF-RN;DEL02-RN;UOP01-DEL02-RN
521250.0;1143888.0;2023-05-05;sexta-feira;21:30:00;RN;101.0;77,8;NATAL;Sim;Entrada inopinada do pedestre;1;Atropelamento de Pedestre;Com Vítimas Feridas;Plena Noite;Decrescente;Chuva;Dupla;Reta;Sim;;;NA/NA;;Pedestre;Lesões Graves;40.0;Masculino;0.0;0.0;1.0;0.0;-5,73180495;-35,29112135;SPRF-RN;DEL02-RN;UOP01-DEL02-RN
521508.0;1146006.0;2023-05-07;domingo;00:40:00;RN;101.0;97;NATAL;Sim;Manobra de mudança de faixa;1;Colisão lateral mesmo sentido;Com Vítimas Feridas;Plena Noite;Decrescente;Nublado;Dupla;"Curva;Viaduto";Sim;921791.0;Automóvel;RENAULT/KWID ZEN 10MT;2020.0;Condutor;Ileso;18.0;Masculino;1.0;0.0;0.0;0.0;-5,85758898;-35,21271205;SPRF-RN;DEL01-RN;UOP01-DEL01-RN
521508.0;1146007.0;2023-05-07;domingo;00:40:00;RN;101.0;97;NATAL;Sim;Manobra de mudança de faixa;1;Colisão lateral mesmo sentido;Com Vítimas Feridas;Plena Noite;Decrescente;Nublado;Dupla;"Curva;Viaduto";Sim;921792.0;Motocicleta;HONDA/CB 300R;2011.0;Condutor;Lesões Graves;20.0;Masculino;0.0;0.0;1.0;0.0;-5,85758898;-35,21271205;SPRF-RN;DEL01-RN;UOP01-DEL01-RN
522318.0;1146608.0;2023-05-11;quinta-feira;11:50:00;RN;226.0;7,1;NATAL;Sim;Curva acentuada;2;Colisão frontal;Com Vítimas Feridas;Pleno dia;Decrescente;Céu Claro;Simples;Curva;Não;922248.0;Automóvel;HONDA/CIVIC LX;2003.0;Condutor;Lesões Leves;28.0;Feminino;0.0;1.0;0.0;0.0;-5,83583319;-35,28030896;SPRF-RN;DEL01-RN;UOP02-DEL01-RN
522318.0;1146608.0;2023-05-11;quinta-feira;11:50:00;RN;226.0;7,1;NATAL;Sim;Curva acentuada;1;Saída de leito carroçável;Com Vítimas Feridas;Pleno dia;Decrescente;Céu Claro;Simples;Curva;Não;922248.0;Automóvel;HONDA/CIVIC LX;2003.0;Condutor;Lesões Leves;28.0;Feminino;0.0;1.0;0.0;0.0;-5,83583319;-35,28030896;SPRF-RN;DEL01-RN;UOP02-DEL01-RN
522775.0;1147728.0;2023-05-13;sábado;13:07:00;RN;304.0;301;NATAL;Sim;Reação tardia ou ineficiente do condutor;1;Queda de ocupante de veículo;Com Vítimas Feridas;Pleno dia;Crescente;Céu Claro;Dupla;Reta;Não;923168.0;Motocicleta;Não Informado/Não Informado;0.0;Condutor;Lesões Graves;28.0;Masculino;0.0;0.0;1.0;0.0;-5,87657067;-35,30647289;SPRF-RN;DEL01-RN;UOP02-DEL01-RN
523379.0;1149549.0;2023-05-16;terça-feira;08:21:00;RN;101.0;94;NATAL;Sim;Manobra de mudança de faixa;1;Colisão lateral mesmo sentido;Com Vítimas Feridas;Pleno dia;Decrescente;Céu Claro;Dupla;Reta;Sim;924627.0;Motocicleta;YAMAHA/CROSSER S ABS;2022.0;Condutor;Lesões Leves;28.0;Masculino;0.0;1.0;0.0;0.0;-5,83176615;-35,21191342;SPRF-RN;DEL01-RN;UOP01-DEL01-RN
523379.0;1149551.0;2023-05-16;terça-feira;08:21:00;RN;101.0;94;NATAL;Sim;Manobra de mudança de faixa;1;Colisão lateral mesmo sentido;Com Vítimas Feridas;Pleno dia;Decrescente;Céu Claro;Dupla;Reta;Sim;924627.0;Motocicleta;YAMAHA/CROSSER S ABS;2022.0;Passageiro;Lesões Graves;24.0;Feminino;0.0;0.0;1.0;0.0;-5,83176615;-35,21191342;SPRF-RN;DEL01-RN;UOP01-DEL01-RN
523379.0;1149547.0;2023-05-16;terça-feira;08:21:00;RN;101.0;94;NATAL;Sim;Manobra de mudança de faixa;1;Colisão lateral mesmo sentido;Com Vítimas Feridas;Pleno dia;Decrescente;Céu Claro;Dupla;Reta;Sim;924626.0;Motocicleta;HONDA/CBR 650R;2021.0;Condutor;Ileso;37.0;Masculino;1.0;0.0;0.0;0.0;-5,83176615;-35,21191342;SPRF-RN;DEL01-RN;UOP01-DEL01-RN
523594.0;1149805.0;2023-05-17;quarta-feira;09:40:00;RN;226.0;5,1;NATAL;Sim;Reação tardia ou ineficiente do condutor;2;Queda de ocupante de veículo;Com Vítimas Feridas;Pleno dia;Crescente;Céu Claro;Simples;Reta;Sim;924822.0;Motocicleta;YAMAHA/FACTOR YBR125 K;0.0;Condutor;Lesões Leves;36.0;Masculino;0.0;1.0;0.0;0.0;-5,81958019;-35,25969486;SPRF-RN;DEL01-RN;UOP02-DEL01-RN
523594.0;1149961.0;2023-05-17;quarta-feira;09:40:00;RN;226.0;5,1;NATAL;Sim;Reação tardia ou ineficiente do condutor;2;Queda de ocupante de veículo;Com Vítimas Feridas;Pleno dia;Crescente;Céu Claro;Simples;Reta;Sim;924824.0;Motocicleta;HONDA/CG 150 TITAN ESD;0.0;Condutor;Ileso;;Masculino;1.0;0.0;0.0;0.0;-5,81958019;-35,25969486;SPRF-RN;DEL01-RN;UOP02-DEL01-RN
523594.0;1149805.0;2023-05-17;quarta-feira;09:40:00;RN;226.0;5,1;NATAL;Sim;Reação tardia ou ineficiente do condutor;1;Colisão traseira;Com Vítimas Feridas;Pleno dia;Crescente;Céu Claro;Simples;Reta;Sim;924822.0;Motocicleta;YAMAHA/FACTOR YBR125 K;0.0;Condutor;Lesões Leves;36.0;Masculino;0.0;1.0;0.0;0.0;-5,81958019;-35,25969486;SPRF-RN;DEL01-RN;UOP02-DEL01-RN
523594.0;1149961.0;2023-05-17;quarta-feira;09:40:00;RN;226.0;5,1;NATAL;Sim;Reação tardia ou ineficiente do condutor;1;Colisão traseira;Com Vítimas Feridas;Pleno dia;Crescente;Céu Claro;Simples;Reta;Sim;924824.0;Motocicleta;HONDA/CG 150 TITAN ESD;0.0;Condutor;Ileso;;Masculino;1.0;0.0;0.0;0.0;-5,81958019;-35,25969486;SPRF-RN;DEL01-RN;UOP02-DEL01-RN
523754.0;1150142.0;2023-05-18;quinta-feira;08:40:00;RN;101.0;94;NATAL;Sim;Manobra de mudança de faixa;1;Colisão lateral mesmo sentido;Com Vítimas Feridas;Pleno dia;Decrescente;Nublado;Dupla;Reta;Sim;925071.0;Motocicleta;YAMAHA/YS150 FAZER SED;2014.0;Condutor;Lesões Leves;27.0;Masculino;0.0;1.0;0.0;0.0;-5,83176615;-35,21191342;SPRF-RN;DEL01-RN;UOP01-DEL01-RN
523754.0;1150143.0;2023-05-18;quinta-feira;08:40:00;RN;101.0;94;NATAL;Sim;Manobra de mudança de faixa;1;Colisão lateral mesmo sentido;Com Vítimas Feridas;Pleno dia;Decrescente;Nublado;Dupla;Reta;Sim;925072.0;Motocicleta;HONDA/NXR160 BROS ESDD;2015.0;Condutor;Lesões Leves;29.0;Feminino;0.0;1.0;0.0;0.0;-5,83176615;-35,21191342;SPRF-RN;DEL01-RN;UOP01-DEL01-RN
523827.0;1150304.0;2023-05-18;quinta-feira;15:15:00;RN;101.0;81,4;NATAL;Sim;Reação tardia ou ineficiente do condutor;1;Colisão transversal;Com Vítimas Feridas;Pleno dia;Crescente;Chuva;Dupla;"Reta;Em Obras";Sim;925209.0;Bicicleta;Não Informado/Não Informado;0.0;Condutor;Lesões Leves;24.0;Masculino;0.0;1.0;0.0;0.0;-5,76469466;-35,28295988;SPRF-RN;DEL02-RN;UOP01-DEL02-RN
523827.0;1150306.0;2023-05-18;quinta-feira;15:15:00;RN;101.0;81,4;NATAL;Sim;Reação tardia ou ineficiente do condutor;1;Colisão transversal;Com Vítimas Feridas;Pleno dia;Crescente;Chuva;Dupla;"Reta;Em Obras";Sim;925210.0;Ônibus;MARCOPOLO/VOLARE W9 ON;2014.0;Condutor;Ileso;47.0;Masculino;1.0;0.0;0.0;0.0;-5,76469466;-35,28295988;SPRF-RN;DEL02-RN;UOP01-DEL02-RN
524064.0;1150867.0;2023-05-19;sexta-feira;18:15:00;RN;226.0;0;NATAL;Sim;Acessar a via sem observar a presença dos outros veículos;3;Queda de ocupante de veículo;Com Vítimas Feridas;Plena Noite;Crescente;Nublado;Simples;Reta;Sim;925635.0;Automóvel;I/FIAT SIENA EL 1.0 FLEX;2015.0;Condutor;Ileso;22.0;Masculino;1.0;0.0;0.0;0.0;-5,800019;-35,238174;SPRF-RN;DEL01-RN;UOP02-DEL01-RN
524064.0;1150870.0;2023-05-19;sexta-feira;18:15:00;RN;226.0;0;NATAL;Sim;Acessar a via sem observar a presença dos outros veículos;3;Queda de ocupante de veículo;Com Vítimas Feridas;Plena Noite;Crescente;Nublado;Simples;Reta;Sim;925636.0;Motocicleta;HONDA/XRE 190;2022.0;Condutor;Lesões Leves;44.0;Masculino;0.0;1.0;0.0;0.0;-5,800019;-35,238174;SPRF-RN;DEL01-RN;UOP02-DEL01-RN
524064.0;1150867.0;2023-05-19;sexta-feira;18:15:00;RN;226.0;0;NATAL;Sim;Acessar a via sem observar a presença dos outros veículos;2;Tombamento;Com Vítimas Feridas;Plena Noite;Crescente;Nublado;Simples;Reta;Sim;925635.0;Automóvel;I/FIAT SIENA EL 1.0 FLEX;2015.0;Condutor;Ileso;22.0;Masculino;1.0;0.0;0.0;0.0;-5,800019;-35,238174;SPRF-RN;DEL01-RN;UOP02-DEL01-RN
524064.0;1150870.0;2023-05-19;sexta-feira;18:15:00;RN;226.0;0;NATAL;Sim;Acessar a via sem observar a presença dos outros veículos;2;Tombamento;Com Vítimas Feridas;Plena Noite;Crescente;Nublado;Simples;Reta;Sim;925636.0;Motocicleta;HONDA/XRE 190;2022.0;Condutor;Lesões Leves;44.0;Masculino;0.0;1.0;0.0;0.0;-5,800019;-35,238174;SPRF-RN;DEL01-RN;UOP02-DEL01-RN
524064.0;1150867.0;2023-05-19;sexta-feira;18:15:00;RN;226.0;0;NATAL;Sim;Acessar a via sem observar a presença dos outros veículos;1;Colisão transversal;Com Vítimas Feridas;Plena Noite;Crescente;Nublado;Simples;Reta;Sim;925635.0;Automóvel;I/FIAT SIENA EL 1.0 FLEX;2015.0;Condutor;Ileso;22.0;Masculino;1.0;0.0;0.0;0.0;-5,800019;-35,238174;SPRF-RN;DEL01-RN;UOP02-DEL01-RN
524064.0;1150870.0;2023-05-19;sexta-feira;18:15:00;RN;226.0;0;NATAL;Sim;Acessar a via sem observar a presença dos outros veículos;1;Colisão transversal;Com Vítimas Feridas;Plena Noite;Crescente;Nublado;Simples;Reta;Sim;925636.0;Motocicleta;HONDA/XRE 190;2022.0;Condutor;Lesões Leves;44.0;Masculino;0.0;1.0;0.0;0.0;-5,800019;-35,238174;SPRF-RN;DEL01-RN;UOP02-DEL01-RN
524822.0;1152723.0;2023-05-23;terça-feira;09:50:00;RN;101.0;97,8;NATAL;Sim;Reação tardia ou ineficiente do condutor;1;Colisão traseira;Com Vítimas Feridas;Pleno dia;Decrescente;Céu Claro;Dupla;Reta;Sim;927104.0;Motocicleta;Não Informado/Não Informado;0.0;Condutor;Ileso;;Masculino;1.0;0.0;0.0;0.0;-5,85758898;-35,21271205;SPRF-RN;DEL01-RN;UOP01-DEL01-RN
524822.0;1152724.0;2023-05-23;terça-feira;09:50:00;RN;101.0;97,8;NATAL;Sim;Reação tardia ou ineficiente do condutor;1;Colisão traseira;Com Vítimas Feridas;Pleno dia;Decrescente;Céu Claro;Dupla;Reta;Sim;927107.0;Motocicleta;HONDA/NXR150 BROS ESD;2011.0;Condutor;Lesões Leves;42.0;Masculino;0.0;1.0;0.0;0.0;-5,85758898;-35,21271205;SPRF-RN;DEL01-RN;UOP01-DEL01-RN
525016.0;1153271.0;2023-05-24;quarta-feira;13:00:00;RN;101.0;85,5;NATAL;Sim;Reação tardia ou ineficiente do condutor;2;Queda de ocupante de veículo;Com Vítimas Feridas;Pleno dia;Crescente;Céu Claro;Simples;"Em Obras;Reta;Desvio Temporário";Sim;927565.0;Motocicleta;Não Informado/Não Informado;0.0;Condutor;Ileso;23.0;Masculino;1.0;0.0;0.0;0.0;-5,777664;-35,24937;SPRF-RN;DEL02-RN;UOP01-DEL02-RN
525016.0;1153272.0;2023-05-24;quarta-feira;13:00:00;RN;101.0;85,5;NATAL;Sim;Reação tardia ou ineficiente do condutor;2;Queda de ocupante de veículo;Com Vítimas Feridas;Pleno dia;Crescente;Céu Claro;Simples;"Em Obras;Reta;Desvio Temporário";Sim;927565.0;Motocicleta;Não Informado/Não Informado;0.0;Passageiro;Lesões Leves;31.0;Feminino;0.0;1.0;0.0;0.0;-5,777664;-35,24937;SPRF-RN;DEL02-RN;UOP01-DEL02-RN
525016.0;1153229.0;2023-05-24;quarta-feira;13:00:00;RN;101.0;85,5;NATAL;Sim;Reação tardia ou ineficiente do condutor;2;Queda de ocupante de veículo;Com Vítimas Feridas;Pleno dia;Crescente;Céu Claro;Simples;"Em Obras;Reta;Desvio Temporário";Sim;927547.0;Motocicleta;HONDA/CG 160 CARGO C;2020.0;Condutor;Ileso;46.0;Masculino;1.0;0.0;0.0;0.0;-5,777664;-35,24937;SPRF-RN;DEL02-RN;UOP01-DEL02-RN
525016.0;1153233.0;2023-05-24;quarta-feira;13:00:00;RN;101.0;85,5;NATAL;Sim;Reação tardia ou ineficiente do condutor;2;Queda de ocupante de veículo;Com Vítimas Feridas;Pleno dia;Crescente;Céu Claro;Simples;"Em Obras;Reta;Desvio Temporário";Sim;927548.0;Motocicleta;HONDA/CG 125 FAN KS;2010.0;Condutor;Lesões Leves;35.0;Masculino;0.0;1.0;0.0;0.0;-5,777664;-35,24937;SPRF-RN;DEL02-RN;UOP01-DEL02-RN
525016.0;1153271.0;2023-05-24;quarta-feira;13:00:00;RN;101.0;85,5;NATAL;Sim;Reação tardia ou ineficiente do condutor;1;Colisão traseira;Com Vítimas Feridas;Pleno dia;Crescente;Céu Claro;Simples;"Em Obras;Reta;Desvio Temporário";Sim;927565.0;Motocicleta;Não Informado/Não Informado;0.0;Condutor;Ileso;23.0;Masculino;1.0;0.0;0.0;0.0;-5,777664;-35,24937;SPRF-RN;DEL02-RN;UOP01-DEL02-RN
525016.0;1153272.0;2023-05-24;quarta-feira;13:00:00;RN;101.0;85,5;NATAL;Sim;Reação tardia ou ineficiente do condutor;1;Colisão traseira;Com Vítimas Feridas;Pleno dia;Crescente;Céu Claro;Simples;"Em Obras;Reta;Desvio Temporário";Sim;927565.0;Motocicleta;Não Informado/Não Informado;0.0;Passageiro;Lesões Leves;31.0;Feminino;0.0;1.0;0.0;0.0;-5,777664;-35,24937;SPRF-RN;DEL02-RN;UOP01-DEL02-RN
525016.0;1153229.0;2023-05-24;quarta-feira;13:00:00;RN;101.0;85,5;NATAL;Sim;Reação tardia ou ineficiente do condutor;1;Colisão traseira;Com Vítimas Feridas;Pleno dia;Crescente;Céu Claro;Simples;"Em Obras;Reta;Desvio Temporário";Sim;927547.0;Motocicleta;HONDA/CG 160 CARGO C;2020.0;Condutor;Ileso;46.0;Masculino;1.0;0.0;0.0;0.0;-5,777664;-35,24937;SPRF-RN;DEL02-RN;UOP01-DEL02-RN
525016.0;1153233.0;2023-05-24;quarta-feira;13:00:00;RN;101.0;85,5;NATAL;Sim;Reação tardia ou ineficiente do condutor;1;Colisão traseira;Com Vítimas Feridas;Pleno dia;Crescente;Céu Claro;Simples;"Em Obras;Reta;Desvio Temporário";Sim;927548.0;Motocicleta;HONDA/CG 125 FAN KS;2010.0;Condutor;Lesões Leves;35.0;Masculino;0.0;1.0;0.0;0.0;-5,777664;-35,24937;SPRF-RN;DEL02-RN;UOP01-DEL02-RN
525366.0;1154389.0;2023-05-26;sexta-feira;07:50:00;RN;226.0;1,6;NATAL;Sim;Animais na Pista;3;Queda de ocupante de veículo;Com Vítimas Feridas;Pleno dia;Decrescente;Céu Claro;Dupla;"Reta;Em Obras";Sim;928463.0;Motocicleta;YAMAHA/MT03 ABS;2018.0;Condutor;Lesões Leves;46.0;Masculino;0.0;1.0;0.0;0.0;-5,811047;-35,245045;SPRF-RN;DEL01-RN;UOP02-DEL01-RN
525366.0;1154389.0;2023-05-26;sexta-feira;07:50:00;RN;226.0;1,6;NATAL;Sim;Animais na Pista;2;Tombamento;Com Vítimas Feridas;Pleno dia;Decrescente;Céu Claro;Dupla;"Reta;Em Obras";Sim;928463.0;Motocicleta;YAMAHA/MT03 ABS;2018.0;Condutor;Lesões Leves;46.0;Masculino;0.0;1.0;0.0;0.0;-5,811047;-35,245045;SPRF-RN;DEL01-RN;UOP02-DEL01-RN
525366.0;1154389.0;2023-05-26;sexta-feira;07:50:00;RN;226.0;1,6;NATAL;Sim;Animais na Pista;1;Atropelamento de Animal;Com Vítimas Feridas;Pleno dia;Decrescente;Céu Claro;Dupla;"Reta;Em Obras";Sim;928463.0;Motocicleta;YAMAHA/MT03 ABS;2018.0;Condutor;Lesões Leves;46.0;Masculino;0.0;1.0;0.0;0.0;-5,811047;-35,245045;SPRF-RN;DEL01-RN;UOP02-DEL01-RN
525457.0;1154377.0;2023-05-26;sexta-feira;17:00:00;RN;101.0;85,5;NATAL;Sim;Trafegar com motocicleta (ou similar) entre as faixas;1;Colisão frontal;Com Vítimas Feridas;Anoitecer;Decrescente;Nublado;Dupla;Em Obras;Sim;928452.0;Motocicleta;HONDA/CG 150 TITAN ES;2008.0;Condutor;Lesões Leves;57.0;Masculino;0.0;1.0;0.0;0.0;-5,777664;-35,24937;SPRF-RN;DEL02-RN;UOP01-DEL02-RN
525457.0;1154376.0;2023-05-26;sexta-feira;17:00:00;RN;101.0;85,5;NATAL;Sim;Trafegar com motocicleta (ou similar) entre as faixas;1;Colisão frontal;Com Vítimas Feridas;Anoitecer;Decrescente;Nublado;Dupla;Em Obras;Sim;928451.0;Ônibus;VW/9150 NEOBUS THUNDER;2008.0;Condutor;Ileso;62.0;Masculino;1.0;0.0;0.0;0.0;-5,777664;-35,24937;SPRF-RN;DEL02-RN;UOP01-DEL02-RN
526247.0;1156257.0;2023-05-30;terça-feira;10:10:00;RN;101.0;95;NATAL;Sim;Condutor deixou de manter distância do veículo da frente;1;Colisão lateral mesmo sentido;Com Vítimas Feridas;Pleno dia;Decrescente;Nublado;Dupla;Interseção de Vias;Sim;929859.0;Caminhonete;VW/SAVEIRO CD CROSS MA;2019.0;Condutor;Ileso;53.0;Masculino;1.0;0.0;0.0;0.0;-5,84076841;-35,21035949;SPRF-RN;DEL01-RN;UOP01-DEL01-RN
526247.0;1156258.0;2023-05-30;terça-feira;10:10:00;RN;101.0;95;NATAL;Sim;Condutor deixou de manter distância do veículo da frente;1;Colisão lateral mesmo sentido;Com Vítimas Feridas;Pleno dia;Decrescente;Nublado;Dupla;Interseção de Vias;Sim;929860.0;Motocicleta;HONDA/CG 160 TITAN EX;2017.0;Condutor;Lesões Leves;36.0;Masculino;0.0;1.0;0.0;0.0;-5,84076841;-35,21035949;SPRF-RN;DEL01-RN;UOP01-DEL01-RN
526281.0;1156435.0;2023-05-30;terça-feira;14:27:00;RN;101.0;94,3;NATAL;Sim;Trafegar com motocicleta (ou similar) entre as faixas;1;Colisão traseira;Com Vítimas Feridas;Pleno dia;Decrescente;Céu Claro;Dupla;Reta;Sim;930000.0;Caminhonete;I/FORD RANGER XLSCD4 22C;2018.0;Condutor;Ileso;65.0;Masculino;1.0;0.0;0.0;0.0;-5,83176615;-35,21191342;SPRF-RN;DEL01-RN;UOP01-DEL01-RN
526281.0;1156436.0;2023-05-30;terça-feira;14:27:00;RN;101.0;94,3;NATAL;Sim;Trafegar com motocicleta (ou similar) entre as faixas;1;Colisão traseira;Com Vítimas Feridas;Pleno dia;Decrescente;Céu Claro;Dupla;Reta;Sim;930001.0;Motocicleta;HONDA/CB250F TWISTER C S;2020.0;Condutor;Lesões Leves;26.0;Masculino;0.0;1.0;0.0;0.0;-5,83176615;-35,21191342;SPRF-RN;DEL01-RN;UOP01-DEL01-RN
526281.0;1156437.0;2023-05-30;terça-feira;14:27:00;RN;101.0;94,3;NATAL;Sim;Trafegar com motocicleta (ou similar) entre as faixas;1;Colisão traseira;Com Vítimas Feridas;Pleno dia;Decrescente;Céu Claro;Dupla;Reta;Sim;930001.0;Motocicleta;HONDA/CB250F TWISTER C S;2020.0;Passageiro;Lesões Leves;32.0;Feminino;0.0;1.0;0.0;0.0;-5,83176615;-35,21191342;SPRF-RN;DEL01-RN;UOP01-DEL01-RN
526496.0;1156800.0;2023-05-31;quarta-feira;15:30:00;RN;101.0;94,3;NATAL;Sim;Área urbana sem a presença de local apropriado para a travessia de pedestres;1;Atropelamento de Pedestre;Com Vítimas Feridas;Pleno dia;Crescente;Céu Claro;Dupla;"Viaduto;Reta;Retorno Regulamentado";Sim;930302.0;Motocicleta;HONDA/CB 500X;2022.0;Condutor;Ileso;56.0;Masculino;1.0;0.0;0.0;0.0;-5,83176615;-35,21191342;SPRF-RN;DEL01-RN;UOP01-DEL01-RN
526496.0;1156801.0;2023-05-31;quarta-feira;15:30:00;RN;101.0;94,3;NATAL;Sim;Área urbana sem a presença de local apropriado para a travessia de pedestres;1;Atropelamento de Pedestre;Com Vítimas Feridas;Pleno dia;Crescente;Céu Claro;Dupla;"Viaduto;Reta;Retorno Regulamentado";Sim;;;NA/NA;;Pedestre;Lesões Graves;82.0;Feminino;0.0;0.0;1.0;0.0;-5,83176615;-35,21191342;SPRF-RN;DEL01-RN;UOP01-DEL01-RN
527098.0;1158383.0;2023-06-03;sábado;12:00:00;RN;101.0;95;NATAL;Sim;Manobra de mudança de faixa;1;Queda de ocupante de veículo;Com Vítimas Feridas;Pleno dia;Crescente;Céu Claro;Dupla;"Declive;Reta";Sim;931621.0;Motocicleta;HONDA/CB250F TWISTER CBS;2021.0;Condutor;Lesões Leves;47.0;Masculino;0.0;1.0;0.0;0.0;-5,84076841;-35,21035949;SPRF-RN;DEL01-RN;UOP01-DEL01-RN
527098.0;1160293.0;2023-06-03;sábado;12:00:00;RN;101.0;95;NATAL;Sim;Manobra de mudança de faixa;1;Queda de ocupante de veículo;Com Vítimas Feridas;Pleno dia;Crescente;Céu Claro;Dupla;"Declive;Reta";Sim;931619.0;Automóvel;Não Informado/Não Informado;0.0;Condutor;Ileso;;Feminino;1.0;0.0;0.0;0.0;-5,84076841;-35,21035949;SPRF-RN;DEL01-RN;UOP01-DEL01-RN
527923.0;1160388.0;2023-06-07;quarta-feira;13:37:00;RN;101.0;96;NATAL;Sim;Condutor deixou de manter distância do veículo da frente;1;Engavetamento;Sem Vítimas;Pleno dia;Decrescente;Céu Claro;Dupla;Reta;Sim;933196.0;Camioneta;JEEP/RENEGADE 1.8 AT;2018.0;Condutor;Ileso;40.0;Feminino;1.0;0.0;0.0;0.0;-5,8502;-35,2099;SPRF-RN;DEL01-RN;UOP01-DEL01-RN