id;pesid;data_inversa;dia_semana;horario;uf;br;km;municipio;causa_principal;causa_acidente;ordem_tipo_acidente;tipo_acidente;classificacao_acidente;fase_dia;sentido_via;condicao_metereologica;tipo_pista;tracado_via;uso_solo;id_veiculo;tipo_veiculo;marca;ano_fabricacao_veiculo;tipo_envolvido;estado_fisico;idade;sexo;ilesos;feridos_leves;feridos_graves;mortos;latitude;longitude;regional;delegacia;uop
532607.0;1171877.0;2023-06-29;quinta-feira;18:33:00;RN;101.0;76;NATAL;Sim;Demais falhas na via;2;Tombamento;Com Vítimas Feridas;Plena Noite;Decrescente;Céu Claro;Dupla;Em Obras;Não;942151.0;Motocicleta;HONDA/CBX 250 TWISTER;2004.0;Passageiro;Lesões Leves;32.0;Feminino;0.0;1.0;0.0;0.0;-5,72603;-35,28461;SPRF-RN;DEL02-RN;UOP01-DEL02-RN
532607.0;1171876.0;2023-06-29;quinta-feira;18:33:00;RN;101.0;76;NATAL;Sim;Demais falhas na via;2;Tombamento;Com Vítimas Feridas;Plena Noite;Decrescente;Céu Claro;Dupla;Em Obras;Não;942151.0;Motocicleta;HONDA/CBX 250 TWISTER;2004.0;Condutor;Lesões Graves;41.0;Masculino;0.0;0.0;1.0;0.0;-5,72603;-35,28461;SPRF-RN;DEL02-RN;UOP01-DEL02-RN
532607.0;1171877.0;2023-06-29;quinta-feira;18:33:00;RN;101.0;76;NATAL;Não;Ausência de reação do condutor;1;Queda de ocupante de veículo;Com Vítimas Feridas;Plena Noite;Decrescente;Céu Claro;Dupla;Em Obras;Não;942151.0;Motocicleta;HONDA/CBX 250 TWISTER;2004.0;Passageiro;Lesões Leves;32.0;Feminino;0.0;1.0;0.0;0.0;-5,72603;-35,28461;SPRF-RN;DEL02-RN;UOP01-DEL02-RN
532607.0;1171876.0;2023-06-29;quinta-feira;18:33:00;RN;101.0;76;NATAL;Não;Ausência de reação do condutor;1;Queda de ocupante de veículo;Com Vítimas Feridas;Plena Noite;Decrescente;Céu Claro;Dupla;Em Obras;Não;942151.0;Motocicleta;HONDA/CBX 250 TWISTER;2004.0;Condutor;Lesões Graves;41.0;Masculino;0.0;0.0;1.0;0.0;-5,72603;-35,28461;SPRF-RN;DEL02-RN;UOP01-DEL02-RN
532607.0;1171877.0;2023-06-29;quinta-feira;18:33:00;RN;101.0;76;NATAL;Sim;Demais falhas na via;1;Queda de ocupante de veículo;Com Vítimas Feridas;Plena Noite;Decrescente;Céu Claro;Dupla;Em Obras;Não;942151.0;Motocicleta;HONDA/CBX 250 TWISTER;2004.0;Passageiro;Lesões Leves;32.0;Feminino;0.0;1.0;0.0;0.0;-5,72603;-35,28461;SPRF-RN;DEL02-RN;UOP01-DEL02-RN
532607.0;1171876.0;2023-06-29;quinta-feira;18:33:00;RN;101.0;76;NATAL;Sim;Demais falhas na via;1;Queda de ocupante de veículo;Com Vítimas Feridas;Plena Noite;Decrescente;Céu Claro;Dupla;Em Obras;Não;942151.0;Motocicleta;HONDA/CBX 250 TWISTER;2004.0;Condutor;Lesões Graves;41.0;Masculino;0.0;0.0;1.0;0.0;-5,72603;-35,28461;SPRF-RN;DEL02-RN;UOP01-DEL02-RN
533406.0;1173847.0;2023-07-03;segunda-feira;09:10:00;RN;101.0;96,6;NATAL;Sim;Condutor deixou de manter distância do veículo da frente;1;Eventos atípicos;Com Vítimas Feridas;Pleno dia;Crescente;Céu Claro;Dupla;Reta;Sim;943724.0;Automóvel;TOYOTA/ETIOS SD X;2012.0;Condutor;Ileso;42.0;Masculino;1.0;0.0;0.0;0.0;-5,849496;-35,20891;SPRF-RN;DEL01-RN;UOP01-DEL01-RN
533406.0;1178486.0;2023-07-03;segunda-feira;09:10:00;RN;101.0;96,6;NATAL;Sim;Condutor deixou de manter distância do veículo da frente;1;Eventos atípicos;Com Vítimas Feridas;Pleno dia;Crescente;Céu Claro;Dupla;Reta;Sim;943724.0;Automóvel;TOYOTA/ETIOS SD X;2012.0;Passageiro;Lesões Leves;31.0;Feminino;0.0;1.0;0.0;0.0;-5,849496;-35,20891;SPRF-RN;DEL01-RN;UOP01-DEL01-RN
533406.0;1173848.0;2023-07-03;segunda-feira;09:10:00;RN;101.0;96,6;NATAL;Sim;Condutor deixou de manter distância do veículo da frente;1;Eventos atípicos;Com Vítimas Feridas;Pleno dia;Crescente;Céu Claro;Dupla;Reta;Sim;943725.0;Motoneta;YAMAHA/NMAX 160;2022.0;Condutor;Ileso;32.0;Masculino;1.0;0.0;0.0;0.0;-5,849496;-35,20891;SPRF-RN;DEL01-RN;UOP01-DEL01-RN
533485.0;1174130.0;2023-07-03;segunda-feira;17:00:00;RN;101.0;96;NATAL;Sim;Reação tardia ou ineficiente do condutor;1;Colisão lateral mesmo sentido;Com Vítimas Feridas;Anoitecer;Decrescente;Céu Claro;Múltipla;Reta;Sim;943928.0;Automóvel;NISSAN/LIVINA 18SL;2011.0;Condutor;Ileso;67.0;Masculino;1.0;0.0;0.0;0.0;-5,849496;-35,20891;SPRF-RN;DEL01-RN;UOP01-DEL01-RN
533485.0;1174134.0;2023-07-03;segunda-feira;17:00:00;RN;101.0;96;NATAL;Sim;Reação tardia ou ineficiente do condutor;1;Colisão lateral mesmo sentido;Com Vítimas Feridas;Anoitecer;Decrescente;Céu Claro;Múltipla;Reta;Sim;943929.0;Motocicleta;HONDA/NXR160 BROS SE;2021.0;Condutor;Lesões Leves;28.0;Masculino;0.0;1.0;0.0;0.0;-5,849496;-35,20891;SPRF-RN;DEL01-RN;UOP01-DEL01-RN
535258.0;1178394.0;2023-07-12;quarta-feira;00:35:00;RN;101.0;94;NATAL;Sim;Acessar a via sem observar a presença dos outros veículos;1;Colisão lateral mesmo sentido;Com Vítimas Feridas;Plena Noite;Decrescente;Céu Claro;Múltipla;Reta;Sim;947287.0;Motocicleta;HONDA/CG 150 TITAN KS;2004.0;Condutor;Lesões Leves;32.0;Masculino;0.0;1.0;0.0;0.0;-5,831766;-35,21191;SPRF-RN;DEL01-RN;UOP01-DEL01-RN
535258.0;1178395.0;2023-07-12;quarta-feira;00:35:00;RN;101.0;94;NATAL;Sim;Acessar a via sem observar a presença dos outros veículos;1;Colisão lateral mesmo sentido;Com Vítimas Feridas;Plena Noite;Decrescente;Céu Claro;Múltipla;Reta;Sim;947288.0;Motocicleta;HONDA/CG 150 TITAN KS;2007.0;Condutor;Não Informado;;Não Informado;0.0;0.0;0.0;0.0;-5,831766;-35,21191;SPRF-RN;DEL01-RN;UOP01-DEL01-RN
535376.0;1178889.0;2023-07-12;quarta-feira;16:10:00;RN;101.0;76;NATAL;Não;Acumulo de areia ou detritos sobre o pavimento;1;Colisão traseira;Com Vítimas Feridas;Pleno dia;Decrescente;Céu Claro;Dupla;"Em Obras;Reta";Não;947708.0;Caminhonete;I/KIA UK2500 HD SC;2011.0;Condutor;Ileso;32.0;Masculino;1.0;0.0;0.0;0.0;-5,72603;-35,28461;SPRF-RN;DEL02-RN;UOP01-DEL02-RN
535376.0;1178892.0;2023-07-12;quarta-feira;16:10:00;RN;101.0;76;NATAL;Não;Acumulo de areia ou detritos sobre o pavimento;1;Colisão traseira;Com Vítimas Feridas;Pleno dia;Decrescente;Céu Claro;Dupla;"Em Obras;Reta";Não;947709.0;Motocicleta;YAMAHA/YBR125 FACTOR K1;2013.0;Passageiro;Lesões Leves;38.0;Feminino;0.0;1.0;0.0;0.0;-5,72603;-35,28461;SPRF-RN;DEL02-RN;UOP01-DEL02-RN
535376.0;1178891.0;2023-07-12;quarta-feira;16:10:00;RN;101.0;76;NATAL;Não;Acumulo de areia ou detritos sobre o pavimento;1;Colisão traseira;Com Vítimas Feridas;Pleno dia;Decrescente;Céu Claro;Dupla;"Em Obras;Reta";Não;947709.0;Motocicleta;YAMAHA/YBR125 FACTOR K1;2013.0;Condutor;Lesões Leves;40.0;Masculino;0.0;1.0;0.0;0.0;-5,72603;-35,28461;SPRF-RN;DEL02-RN;UOP01-DEL02-RN
535376.0;1178889.0;2023-07-12;quarta-feira;16:10:00;RN;101.0;76;NATAL;Sim;Retorno proibido;1;Colisão traseira;Com Vítimas Feridas;Pleno dia;Decrescente;Céu Claro;Dupla;"Em Obras;Reta";Não;947708.0;Caminhonete;I/KIA UK2500 HD SC;2011.0;Condutor;Ileso;32.0;Masculino;1.0;0.0;0.0;0.0;-5,72603;-35,28461;SPRF-RN;DEL02-RN;UOP01-DEL02-RN
535376.0;1178892.0;2023-07-12;quarta-feira;16:10:00;RN;101.0;76;NATAL;Sim;Retorno proibido;1;Colisão traseira;Com Vítimas Feridas;Pleno dia;Decrescente;Céu Claro;Dupla;"Em Obras;Reta";Não;947709.0;Motocicleta;YAMAHA/YBR125 FACTOR K1;2013.0;Passageiro;Lesões Leves;38.0;Feminino;0.0;1.0;0.0;0.0;-5,72603;-35,28461;SPRF-RN;DEL02-RN;UOP01-DEL02-RN
535376.0;1178891.0;2023-07-12;quarta-feira;16:10:00;RN;101.0;76;NATAL;Sim;Retorno proibido;1;Colisão traseira;Com Vítimas Feridas;Pleno dia;Decrescente;Céu Claro;Dupla;"Em Obras;Reta";Não;947709.0;Motocicleta;YAMAHA/YBR125 FACTOR K1;2013.0;Condutor;Lesões Leves;40.0;Masculino;0.0;1.0;0.0;0.0;-5,72603;-35,28461;SPRF-RN;DEL02-RN;UOP01-DEL02-RN
535580.0;1179200.0;2023-07-13;quinta-feira;16:00:00;RN;101.0;96,4;NATAL;Sim;Condutor deixou de manter distância do veículo da frente;1;Colisão traseira;Sem Vítimas;Pleno dia;Decrescente;Céu Claro;Simples;Reta;Não;947954.0;Caminhonete;I/VW AMAROK CD 4X4 SE;2018.0;Condutor;Ileso;67.0;Masculino;1.0;0.0;0.0;0.0;-5,849496;-35,20891;SPRF-RN;DEL01-RN;UOP01-DEL01-RN
535580.0;1179203.0;2023-07-13;quinta-feira;16:00:00;RN;101.0;96,4;NATAL;Sim;Condutor deixou de manter distância do veículo da frente;1;Colisão traseira;Sem Vítimas;Pleno dia;Decrescente;Céu Claro;Simples;Reta;Não;947955.0;Caminhonete;VW/NOVA SAVEIRO RB MBVD;2019.0;Condutor;Ileso;26.0;Masculino;1.0;0.0;0.0;0.0;-5,849496;-35,20891;SPRF-RN;DEL01-RN;UOP01-DEL01-RN
536334.0;1181305.0;2023-07-16;domingo;23:10:00;RN;101.0;97,4;NATAL;Não;Falta de acostamento;1;Colisão traseira;Com Vítimas Feridas;Plena Noite;Crescente;Nublado;Múltipla;"Aclive;Reta";Sim;949466.0;Automóvel;GM/CELTA 4P LIFE;2006.0;Condutor;Ileso;26.0;Masculino;1.0;0.0;0.0;0.0;-5,858456;-35,21335;SPRF-RN;DEL01-RN;UOP01-DEL01-RN
536334.0;1181306.0;2023-07-16;domingo;23:10:00;RN;101.0;97,4;NATAL;Não;Falta de acostamento;1;Colisão traseira;Com Vítimas Feridas;Plena Noite;Crescente;Nublado;Múltipla;"Aclive;Reta";Sim;949466.0;Automóvel;GM/CELTA 4P LIFE;2006.0;Passageiro;Lesões Leves;26.0;Feminino;0.0;1.0;0.0;0.0;-5,858456;-35,21335;SPRF-RN;DEL01-RN;UOP01-DEL01-RN
536334.0;1181302.0;2023-07-16;domingo;23:10:00;RN;101.0;97,4;NATAL;Não;Falta de acostamento;1;Colisão traseira;Com Vítimas Feridas;Plena Noite;Crescente;Nublado;Múltipla;"Aclive;Reta";Sim;949465.0;Automóvel;HYUNDAI/CRETA 16A ACTION;2021.0;Condutor;Ileso;26.0;Masculino;1.0;0.0;0.0;0.0;-5,858456;-35,21335;SPRF-RN;DEL01-RN;UOP01-DEL01-RN
536334.0;1181303.0;2023-07-16;domingo;23:10:00;RN;101.0;97,4;NATAL;Não;Falta de acostamento;1;Colisão traseira;Com Vítimas Feridas;Plena Noite;Crescente;Nublado;Múltipla;"Aclive;Reta";Sim;949465.0;Automóvel;HYUNDAI/CRETA 16A ACTION;2021.0;Passageiro;Lesões Leves;24.0;Feminino;0.0;1.0;0.0;0.0;-5,858456;-35,21335;SPRF-RN;DEL01-RN;UOP01-DEL01-RN
536334.0;1181305.0;2023-07-16;domingo;23:10:00;RN;101.0;97,4;NATAL;Não;Velocidade Incompatível;1;Colisão traseira;Com Vítimas Feridas;Plena Noite;Crescente;Nublado;Múltipla;"Aclive;Reta";Sim;949466.0;Automóvel;GM/CELTA 4P LIFE;2006.0;Condutor;Ileso;26.0;Masculino;1.0;0.0;0.0;0.0;-5,858456;-35,21335;SPRF-RN;DEL01-RN;UOP01-DEL01-RN
536334.0;1181306.0;2023-07-16;domingo;23:10:00;RN;101.0;97,4;NATAL;Não;Velocidade Incompatível;1;Colisão traseira;Com Vítimas Feridas;Plena Noite;Crescente;Nublado;Múltipla;"Aclive;Reta";Sim;949466.0;Automóvel;GM/CELTA 4P LIFE;2006.0;Passageiro;Lesões Leves;26.0;Feminino;0.0;1.0;0.0;0.0;-5,858456;-35,21335;SPRF-RN;DEL01-RN;UOP01-DEL01-RN
536334.0;1181302.0;2023-07-16;domingo;23:10:00;RN;101.0;97,4;NATAL;Não;Velocidade Incompatível;1;Colisão traseira;Com Vítimas Feridas;Plena Noite;Crescente;Nublado;Múltipla;"Aclive;Reta";Sim;949465.0;Automóvel;HYUNDAI/CRETA 16A ACTION;2021.0;Condutor;Ileso;26.0;Masculino;1.0;0.0;0.0;0.0;-5,858456;-35,21335;SPRF-RN;DEL01-RN;UOP01-DEL01-RN
536334.0;1181303.0;2023-07-16;domingo;23:10:00;RN;101.0;97,4;NATAL;Não;Velocidade Incompatível;1;Colisão traseira;Com Vítimas Feridas;Plena Noite;Crescente;Nublado;Múltipla;"Aclive;Reta";Sim;949465.0;Automóvel;HYUNDAI/CRETA 16A ACTION;2021.0;Passageiro;Lesões Leves;24.0;Feminino;0.0;1.0;0.0;0.0;-5,858456;-35,21335;SPRF-RN;DEL01-RN;UOP01-DEL01-RN
536334.0;1181305.0;2023-07-16;domingo;23:10:00;RN;101.0;97,4;NATAL;Não;Condutor Dormindo;1;Colisão traseira;Com Vítimas Feridas;Plena Noite;Crescente;Nublado;Múltipla;"Aclive;Reta";Sim;949466.0;Automóvel;GM/CELTA 4P LIFE;2006.0;Condutor;Ileso;26.0;Masculino;1.0;0.0;0.0;0.0;-5,858456;-35,21335;SPRF-RN;DEL01-RN;UOP01-DEL01-RN
536334.0;1181306.0;2023-07-16;domingo;23:10:00;RN;101.0;97,4;NATAL;Não;Condutor Dormindo;1;Colisão traseira;Com Vítimas Feridas;Plena Noite;Crescente;Nublado;Múltipla;"Aclive;Reta";Sim;949466.0;Automóvel;GM/CELTA 4P LIFE;2006.0;Passageiro;Lesões Leves;26.0;Feminino;0.0;1.0;0.0;0.0;-5,858456;-35,21335;SPRF-RN;DEL01-RN;UOP01-DEL01-RN
536334.0;1181302.0;2023-07-16;domingo;23:10:00;RN;101.0;97,4;NATAL;Não;Condutor Dormindo;1;Colisão traseira;Com Vítimas Feridas;Plena Noite;Crescente;Nublado;Múltipla;"Aclive;Reta";Sim;949465.0;Automóvel;HYUNDAI/CRETA 16A ACTION;2021.0;Condutor;Ileso;26.0;Masculino;1.0;0.0;0.0;0.0;-5,858456;-35,21335;SPRF-RN;DEL01-RN;UOP01-DEL01-RN
536334.0;1181303.0;2023-07-16;domingo;23:10:00;RN;101.0;97,4;NATAL;Não;Condutor Dormindo;1;Colisão traseira;Com Vítimas Feridas;Plena Noite;Crescente;Nublado;Múltipla;"Aclive;Reta";Sim;949465.0;Automóvel;HYUNDAI/CRETA 16A ACTION;2021.0;Passageiro;Lesões Leves;24.0;Feminino;0.0;1.0;0.0;0.0;-5,858456;-35,21335;SPRF-RN;DEL01-RN;UOP01-DEL01-RN
536334.0;1181305.0;2023-07-16;domingo;23:10:00;RN;101.0;97,4;NATAL;Não;Condutor usando celular;1;Colisão traseira;Com Vítimas Feridas;Plena Noite;Crescente;Nublado;Múltipla;"Aclive;Reta";Sim;949466.0;Automóvel;GM/CELTA 4P LIFE;2006.0;Condutor;Ileso;26.0;Masculino;1.0;0.0;0.0;0.0;-5,858456;-35,21335;SPRF-RN;DEL01-RN;UOP01-DEL01-RN
536334.0;1181306.0;2023-07-16;domingo;23:10:00;RN;101.0;97,4;NATAL;Não;Condutor usando celular;1;Colisão traseira;Com Vítimas Feridas;Plena Noite;Crescente;Nublado;Múltipla;"Aclive;Reta";Sim;949466.0;Automóvel;GM/CELTA 4P LIFE;2006.0;Passageiro;Lesões Leves;26.0;Feminino;0.0;1.0;0.0;0.0;-5,858456;-35,21335;SPRF-RN;DEL01-RN;UOP01-DEL01-RN
536334.0;1181302.0;2023-07-16;domingo;23:10:00;RN;101.0;97,4;NATAL;Não;Condutor usando celular;1;Colisão traseira;Com Vítimas Feridas;Plena Noite;Crescente;Nublado;Múltipla;"Aclive;Reta";Sim;949465.0;Automóvel;HYUNDAI/CRETA 16A ACTION;2021.0;Condutor;Ileso;26.0;Masculino;1.0;0.0;0.0;0.0;-5,858456;-35,21335;SPRF-RN;DEL01-RN;UOP01-DEL01-RN
536334.0;1181303.0;2023-07-16;domingo;23:10:00;RN;101.0;97,4;NATAL;Não;Condutor usando celular;1;Colisão traseira;Com Vítimas Feridas;Plena Noite;Crescente;Nublado;Múltipla;"Aclive;Reta";Sim;949465.0;Automóvel;HYUNDAI/CRETA 16A ACTION;2021.0;Passageiro;Lesões Leves;24.0;Feminino;0.0;1.0;0.0;0.0;-5,858456;-35,21335;SPRF-RN;DEL01-RN;UOP01-DEL01-RN
536334.0;1181305.0;2023-07-16;domingo;23:10:00;RN;101.0;97,4;NATAL;Sim;Reação tardia ou ineficiente do condutor;1;Colisão traseira;Com Vítimas Feridas;Plena Noite;Crescente;Nublado;Múltipla;"Aclive;Reta";Sim;949466.0;Automóvel;GM/CELTA 4P LIFE;2006.0;Condutor;Ileso;26.0;Masculino;1.0;0.0;0.0;0.0;-5,858456;-35,21335;SPRF-RN;DEL01-RN;UOP01-DEL01-RN
536334.0;1181306.0;2023-07-16;domingo;23:10:00;RN;101.0;97,4;NATAL;Sim;Reação tardia ou ineficiente do condutor;1;Colisão traseira;Com Vítimas Feridas;Plena Noite;Crescente;Nublado;Múltipla;"Aclive;Reta";Sim;949466.0;Automóvel;GM/CELTA 4P LIFE;2006.0;Passageiro;Lesões Leves;26.0;Feminino;0.0;1.0;0.0;0.0;-5,858456;-35,21335;SPRF-RN;DEL01-RN;UOP01-DEL01-RN
536334.0;1181302.0;2023-07-16;domingo;23:10:00;RN;101.0;97,4;NATAL;Sim;Reação tardia ou ineficiente do condutor;1;Colisão traseira;Com Vítimas Feridas;Plena Noite;Crescente;Nublado;Múltipla;"Aclive;Reta";Sim;949465.0;Automóvel;HYUNDAI/CRETA 16A ACTION;2021.0;Condutor;Ileso;26.0;Masculino;1.0;0.0;0.0;0.0;-5,858456;-35,21335;SPRF-RN;DEL01-RN;UOP01-DEL01-RN
536334.0;1181303.0;2023-07-16;domingo;23:10:00;RN;101.0;97,4;NATAL;Sim;Reação tardia ou ineficiente do condutor;1;Colisão traseira;Com Vítimas Feridas;Plena Noite;Crescente;Nublado;Múltipla;"Aclive;Reta";Sim;949465.0;Automóvel;HYUNDAI/CRETA 16A ACTION;2021.0;Passageiro;Lesões Leves;24.0;Feminino;0.0;1.0;0.0;0.0;-5,858456;-35,21335;SPRF-RN;DEL01-RN;UOP01-DEL01-RN
536519.0;1181699.0;2023-07-17;segunda-feira;19:00:00;RN;101.0;72;NATAL;Sim;Acessar a via sem observar a presença dos outros veículos;1;Colisão transversal;Com Vítimas Feridas;Plena Noite;Decrescente;Céu Claro;Dupla;Reta;Não;949747.0;Automóvel;CHEVROLET/ONIX 1.4MT LT;2012.0;Condutor;Ileso;39.0;Masculino;1.0;0.0;0.0;0.0;-5,698662;-35,26317;SPRF-RN;DEL02-RN;UOP01-DEL02-RN
536519.0;1181728.0;2023-07-17;segunda-feira;19:00:00;RN;101.0;72;NATAL;Sim;Acessar a via sem observar a presença dos outros veículos;1;Colisão transversal;Com Vítimas Feridas;Plena Noite;Decrescente;Céu Claro;Dupla;Reta;Não;949768.0;Motocicleta;YAMAHA/XTZ 125E;2012.0;Condutor;Lesões Leves;30.0;Masculino;0.0;1.0;0.0;0.0;-5,698662;-35,26317;SPRF-RN;DEL02-RN;UOP01-DEL02-RN
536751.0;1182424.0;2023-07-19;quarta-feira;05:13:00;RN;101.0;78;NATAL;Sim;Pedestre andava na pista;1;Atropelamento de Pedestre;Com Vítimas Feridas;Pleno dia;Crescente;Chuva;Dupla;Reta;Não;950251.0;Automóvel;FORD/KA;2005.0;Condutor;Ileso;50.0;Masculino;1.0;0.0;0.0;0.0;-5,740719;-35,29021;SPRF-RN;DEL02-RN;UOP01-DEL02-RN
536751.0;1182423.0;2023-07-19;quarta-feira;05:13:00;RN;101.0;78;NATAL;Sim;Pedestre andava na pista;1;Atropelamento de Pedestre;Com Vítimas Feridas;Pleno dia;Crescente;Chuva;Dupla;Reta;Não;;;NA/NA;;Pedestre;Lesões Graves;;Feminino;0.0;0.0;1.0;0.0;-5,740719;-35,29021;SPRF-RN;DEL02-RN;UOP01-DEL02-RN
536901.0;1182805.0;2023-07-19;quarta-feira;21:15:00;RN;101.0;94;NATAL;Sim;Conversão proibida;1;Colisão lateral sentido oposto;Com Vítimas Feridas;Plena Noite;Decrescente;Garoa/Chuvisco;Dupla;Interseção de Vias;Sim;950551.0;Utilitário;SUZUKI/JIMNY 4 ALL;2014.0;Condutor;Ileso;30.0;Masculino;1.0;0.0;0.0;0.0;-5,831766;-35,21191;SPRF-RN;DEL01-RN;UOP01-DEL01-RN
536901.0;1182806.0;2023-07-19;quarta-feira;21:15:00;RN;101.0;94;NATAL;Sim;Conversão proibida;1;Colisão lateral sentido oposto;Com Vítimas Feridas;Plena Noite;Decrescente;Garoa/Chuvisco;Dupla;Interseção de Vias;Sim;950552.0;Motocicleta;HONDA/CG150 START;2015.0;Condutor;Lesões Leves;27.0;Masculino;0.0;1.0;0.0;0.0;-5,831766;-35,21191;SPRF-RN;DEL01-RN;UOP01-DEL01-RN
536933.0;1183044.0;2023-07-20;quinta-feira;08:00:00;RN;101.0;94;NATAL;Sim;Estacionar ou parar em local proibido;1;Colisão lateral mesmo sentido;Com Vítimas Feridas;Pleno dia;Crescente;Céu Claro;Dupla;Reta;Sim;950720.0;Motocicleta;HONDA/CG 125 FAN KS;2010.0;Condutor;Ileso;35.0;Feminino;1.0;0.0;0.0;0.0;-5,831766;-35,21191;SPRF-RN;DEL01-RN;UOP01-DEL01-RN
536933.0;1183035.0;2023-07-20;quinta-feira;08:00:00;RN;101.0;94;NATAL;Sim;Estacionar ou parar em local proibido;1;Colisão lateral mesmo sentido;Com Vítimas Feridas;Pleno dia;Crescente;Céu Claro;Dupla;Reta;Sim;950719.0;Motocicleta;MOTTU/SPORT 110I;2023.0;Condutor;Lesões Leves;46.0;Masculino;0.0;1.0;0.0;0.0;-5,831766;-35,21191;SPRF-RN;DEL01-RN;UOP01-DEL01-RN
536933.0;1183036.0;2023-07-20;quinta-feira;08:00:00;RN;101.0;94;NATAL;Sim;Estacionar ou parar em local proibido;1;Colisão lateral mesmo sentido;Com Vítimas Feridas;Pleno dia;Crescente;Céu Claro;Dupla;Reta;Sim;950719.0;Motocicleta;MOTTU/SPORT 110I;2023.0;Passageiro;Lesões Leves;24.0;Feminino;0.0;1.0;0.0;0.0;-5,831766;-35,21191;SPRF-RN;DEL01-RN;UOP01-DEL01-RN
537023.0;1183163.0;2023-07-20;quinta-feira;18:00:00;RN;101.0;94;NATAL;Sim;Condutor deixou de manter distância do veículo da frente;1;Engavetamento;Sem Vítimas;Plena Noite;Crescente;Céu Claro;Dupla;Reta;Sim;950796.0;Camioneta;I/HYUNDAI IX35 2.0;2010.0;Condutor;Ileso;35.0;Masculino;1.0;0.0;0.0;0.0;-5,831766;-35,21191;SPRF-RN;DEL01-RN;UOP01-DEL01-RN
537023.0;1183165.0;2023-07-20;quinta-feira;18:00:00;RN;101.0;94;NATAL;Sim;Condutor deixou de manter distância do veículo da frente;1;Engavetamento;Sem Vítimas;Plena Noite;Crescente;Céu Claro;Dupla;Reta;Sim;950797.0;Automóvel;CHEV/PRISMA 1.4MT LTZ;2014.0;Condutor;Ileso;60.0;Masculino;1.0;0.0;0.0;0.0;-5,831766;-35,21191;SPRF-RN;DEL01-RN;UOP01-DEL01-RN
537023.0;1183167.0;2023-07-20;quinta-feira;18:00:00;RN;101.0;94;NATAL;Sim;Condutor deixou de manter distância do veículo da frente;1;Engavetamento;Sem Vítimas;Plena Noite;Crescente;Céu Claro;Dupla;Reta;Sim;950798.0;Micro-ônibus;I/M.BENZ 415CDISPRINTERM;2018.0;Condutor;Ileso;31.0;Masculino;1.0;0.0;0.0;0.0;-5,831766;-35,21191;SPRF-RN;DEL01-RN;UOP01-DEL01-RN
537269.0;1183957.0;2023-07-21;sexta-feira;20:20:00;RN;101.0;94;NATAL;Sim;Acessar a via sem observar a presença dos outros veículos;1;Colisão traseira;Com Vítimas Feridas;Plena Noite;Decrescente;Nublado;Dupla;Reta;Não;951399.0;Utilitário;TROLLER/T4 TDI 3.0;2010.0;Condutor;Ileso;63.0;Feminino;1.0;0.0;0.0;0.0;-5,831766;-35,21191;SPRF-RN;DEL01-RN;UOP01-DEL01-RN
537269.0;1183956.0;2023-07-21;sexta-feira;20:20:00;RN;101.0;94;NATAL;Sim;Acessar a via sem observar a presença dos outros veículos;1;Colisão traseira;Com Vítimas Feridas;Plena Noite;Decrescente;Nublado;Dupla;Reta;Não;951398.0;Motocicleta;HONDA/CG 150 FAN ESI;2009.0;Condutor;Lesões Leves;44.0;Masculino;0.0;1.0;0.0;0.0;-5,831766;-35,21191;SPRF-RN;DEL01-RN;UOP01-DEL01-RN
537425.0;1184346.0;2023-07-22;sábado;15:34:00;RN;101.0;83,2;NATAL;Sim;Acessar a via sem observar a presença dos outros veículos;1;Colisão lateral mesmo sentido;Com Vítimas Feridas;Pleno dia;Decrescente;Nublado;Dupla;Reta;Sim;951720.0;Motocicleta;HONDA/CG 125 FAN KS;2010.0;Condutor;Lesões Leves;34.0;Masculino;0.0;1.0;0.0;0.0;-5,771045;-35,26617;SPRF-RN;DEL02-RN;UOP01-DEL02-RN
537425.0;1184342.0;2023-07-22;sábado;15:34:00;RN;101.0;83,2;NATAL;Sim;Acessar a via sem observar a presença dos outros veículos;1;Colisão lateral mesmo sentido;Com Vítimas Feridas;Pleno dia;Decrescente;Nublado;Dupla;Reta;Sim;951719.0;Caminhonete;FIAT/STRADA WORKING CD;2011.0;Condutor;Ileso;38.0;Masculino;1.0;0.0;0.0;0.0;-5,771045;-35,26617;SPRF-RN;DEL02-RN;UOP01-DEL02-RN
537799.0;1185127.0;2023-07-23;domingo;23:25:00;RN;101.0;94;NATAL;Sim;Ingestão de álcool pelo condutor;1;Capotamento;Sem Vítimas;Plena Noite;Crescente;Chuva;Dupla;Reta;Sim;952307.0;Automóvel;I/FORD FIESTA SE HA;2012.0;Condutor;Ileso;21.0;Masculino;1.0;0.0;0.0;0.0;-5,831766;-35,21191;SPRF-RN;DEL01-RN;UOP01-DEL01-RN
537799.0;1187021.0;2023-07-23;domingo;23:25:00;RN;101.0;94;NATAL;Sim;Ingestão de álcool pelo condutor;1;Capotamento;Sem Vítimas;Plena Noite;Crescente;Chuva;Dupla;Reta;Sim;952307.0;Automóvel;I/FORD FIESTA SE HA;2012.0;Passageiro;Ileso;21.0;Feminino;1.0;0.0;0.0;0.0;-5,831766;-35,21191;SPRF-RN;DEL01-RN;UOP01-DEL01-RN
538040.0;1185945.0;2023-07-25;terça-feira;06:40:00;RN;101.0;99;NATAL;Sim;Manobra de mudança de faixa;1;Colisão transversal;Com Vítimas Feridas;Pleno dia;Crescente;Céu Claro;Dupla;Reta;Sim;952922.0;Automóvel;CHEV/PRISMA 1.4AT LTZ;2017.0;Condutor;Ileso;32.0;Masculino;1.0;0.0;0.0;0.0;-5,873592;-35,22063;SPRF-RN;DEL01-RN;UOP01-DEL01-RN