id;pesid;data_inversa;dia_semana;horario;uf;br;km;municipio;causa_principal;causa_acidente;ordem_tipo_acidente;tipo_acidente;classificacao_acidente;fase_dia;sentido_via;condicao_metereologica;tipo_pista;tracado_via;uso_solo;id_veiculo;tipo_veiculo;marca;ano_fabricacao_veiculo;tipo_envolvido;estado_fisico;idade;sexo;ilesos;feridos_leves;feridos_graves;mortos;latitude;longitude;regional;delegacia;uop
538040.0;1185947.0;2023-07-25;terça-feira;06:40:00;RN;101.0;99;NATAL;Sim;Manobra de mudança de faixa;1;Colisão transversal;Com Vítimas Feridas;Pleno dia;Crescente;Céu Claro;Dupla;Reta;Sim;952923.0;Motocicleta;MOTTU/SPORT 110I;2023.0;Condutor;Lesões Leves;32.0;Feminino;0.0;1.0;0.0;0.0;-5,873592;-35,22063;SPRF-RN;DEL01-RN;UOP01-DEL01-RN
538516.0;1187019.0;2023-07-27;quinta-feira;17:30:00;RN;101.0;97,6;NATAL;Sim;Condutor deixou de manter distância do veículo da frente;2;Tombamento;Com Vítimas Feridas;Anoitecer;Decrescente;Céu Claro;Múltipla;Viaduto;Sim;953777.0;Motocicleta;HONDA/CG 160 FAN;2021.0;Condutor;Lesões Leves;21.0;Masculino;0.0;1.0;0.0;0.0;-5,859132;-35,21347;SPRF-RN;DEL01-RN;UOP01-DEL01-RN
538516.0;1187173.0;2023-07-27;quinta-feira;17:30:00;RN;101.0;97,6;NATAL;Sim;Condutor deixou de manter distância do veículo da frente;2;Tombamento;Com Vítimas Feridas;Anoitecer;Decrescente;Céu Claro;Múltipla;Viaduto;Sim;953777.0;Motocicleta;HONDA/CG 160 FAN;2021.0;Passageiro;Lesões Leves;15.0;Feminino;0.0;1.0;0.0;0.0;-5,859132;-35,21347;SPRF-RN;DEL01-RN;UOP01-DEL01-RN
538516.0;1187018.0;2023-07-27;quinta-feira;17:30:00;RN;101.0;97,6;NATAL;Sim;Condutor deixou de manter distância do veículo da frente;2;Tombamento;Com Vítimas Feridas;Anoitecer;Decrescente;Céu Claro;Múltipla;Viaduto;Sim;953778.0;Automóvel;HONDA/FIT EXL FLEX;2012.0;Condutor;Ileso;52.0;Masculino;1.0;0.0;0.0;0.0;-5,859132;-35,21347;SPRF-RN;DEL01-RN;UOP01-DEL01-RN
538516.0;1187019.0;2023-07-27;quinta-feira;17:30:00;RN;101.0;97,6;NATAL;Sim;Condutor deixou de manter distância do veículo da frente;1;Colisão traseira;Com Vítimas Feridas;Anoitecer;Decrescente;Céu Claro;Múltipla;Viaduto;Sim;953777.0;Motocicleta;HONDA/CG 160 FAN;2021.0;Condutor;Lesões Leves;21.0;Masculino;0.0;1.0;0.0;0.0;-5,859132;-35,21347;SPRF-RN;DEL01-RN;UOP01-DEL01-RN
538516.0;1187173.0;2023-07-27;quinta-feira;17:30:00;RN;101.0;97,6;NATAL;Sim;Condutor deixou de manter distância do veículo da frente;1;Colisão traseira;Com Vítimas Feridas;Anoitecer;Decrescente;Céu Claro;Múltipla;Viaduto;Sim;953777.0;Motocicleta;HONDA/CG 160 FAN;2021.0;Passageiro;Lesões Leves;15.0;Feminino;0.0;1.0;0.0;0.0;-5,859132;-35,21347;SPRF-RN;DEL01-RN;UOP01-DEL01-RN
538516.0;1187018.0;2023-07-27;quinta-feira;17:30:00;RN;101.0;97,6;NATAL;Sim;Condutor deixou de manter distância do veículo da frente;1;Colisão traseira;Com Vítimas Feridas;Anoitecer;Decrescente;Céu Claro;Múltipla;Viaduto;Sim;953778.0;Automóvel;HONDA/FIT EXL FLEX;2012.0;Condutor;Ileso;52.0;Masculino;1.0;0.0;0.0;0.0;-5,859132;-35,21347;SPRF-RN;DEL01-RN;UOP01-DEL01-RN
538524.0;1189271.0;2023-07-27;quinta-feira;17:00:00;RN;101.0;95;NATAL;Não;Falta de elemento de contenção que evite a saída do leito carroçável;1;Saída de leito carroçável;Com Vítimas Feridas;Anoitecer;Decrescente;Céu Claro;Múltipla;Reta;Sim;953848.0;Automóvel;I/FIAT CRONOS PREC AT;2018.0;Condutor;Ileso;35.0;Masculino;1.0;0.0;0.0;0.0;-5,840768;-35,21036;SPRF-RN;DEL01-RN;UOP01-DEL01-RN
538524.0;1189268.0;2023-07-27;quinta-feira;17:00:00;RN;101.0;95;NATAL;Não;Falta de elemento de contenção que evite a saída do leito carroçável;1;Saída de leito carroçável;Com Vítimas Feridas;Anoitecer;Decrescente;Céu Claro;Múltipla;Reta;Sim;953845.0;Automóvel;RENAULT/SANDERO EXPR 10;2016.0;Condutor;Ileso;51.0;Feminino;1.0;0.0;0.0;0.0;-5,840768;-35,21036;SPRF-RN;DEL01-RN;UOP01-DEL01-RN
538524.0;1187092.0;2023-07-27;quinta-feira;17:00:00;RN;101.0;95;NATAL;Não;Falta de elemento de contenção que evite a saída do leito carroçável;1;Saída de leito carroçável;Com Vítimas Feridas;Anoitecer;Decrescente;Céu Claro;Múltipla;Reta;Sim;953842.0;Automóvel;GM/PRISMA MAXX;2009.0;Condutor;Lesões Graves;49.0;Masculino;0.0;0.0;1.0;0.0;-5,840768;-35,21036;SPRF-RN;DEL01-RN;UOP01-DEL01-RN
538524.0;1189270.0;2023-07-27;quinta-feira;17:00:00;RN;101.0;95;NATAL;Não;Falta de elemento de contenção que evite a saída do leito carroçável;1;Saída de leito carroçável;Com Vítimas Feridas;Anoitecer;Decrescente;Céu Claro;Múltipla;Reta;Sim;953847.0;Caminhonete;FIAT/STRADA WORKING;2000.0;Condutor;Ileso;37.0;Masculino;1.0;0.0;0.0;0.0;-5,840768;-35,21036;SPRF-RN;DEL01-RN;UOP01-DEL01-RN
538524.0;1189271.0;2023-07-27;quinta-feira;17:00:00;RN;101.0;95;NATAL;Sim;Mal súbito do condutor;1;Saída de leito carroçável;Com Vítimas Feridas;Anoitecer;Decrescente;Céu Claro;Múltipla;Reta;Sim;953848.0;Automóvel;I/FIAT CRONOS PREC AT;2018.0;Condutor;Ileso;35.0;Masculino;1.0;0.0;0.0;0.0;-5,840768;-35,21036;SPRF-RN;DEL01-RN;UOP01-DEL01-RN
538524.0;1189268.0;2023-07-27;quinta-feira;17:00:00;RN;101.0;95;NATAL;Sim;Mal súbito do condutor;1;Saída de leito carroçável;Com Vítimas Feridas;Anoitecer;Decrescente;Céu Claro;Múltipla;Reta;Sim;953845.0;Automóvel;RENAULT/SANDERO EXPR 10;2016.0;Condutor;Ileso;51.0;Feminino;1.0;0.0;0.0;0.0;-5,840768;-35,21036;SPRF-RN;DEL01-RN;UOP01-DEL01-RN
538524.0;1187092.0;2023-07-27;quinta-feira;17:00:00;RN;101.0;95;NATAL;Sim;Mal súbito do condutor;1;Saída de leito carroçável;Com Vítimas Feridas;Anoitecer;Decrescente;Céu Claro;Múltipla;Reta;Sim;953842.0;Automóvel;GM/PRISMA MAXX;2009.0;Condutor;Lesões Graves;49.0;Masculino;0.0;0.0;1.0;0.0;-5,840768;-35,21036;SPRF-RN;DEL01-RN;UOP01-DEL01-RN
538524.0;1189270.0;2023-07-27;quinta-feira;17:00:00;RN;101.0;95;NATAL;Sim;Mal súbito do condutor;1;Saída de leito carroçável;Com Vítimas Feridas;Anoitecer;Decrescente;Céu Claro;Múltipla;Reta;Sim;953847.0;Caminhonete;FIAT/STRADA WORKING;2000.0;Condutor;Ileso;37.0;Masculino;1.0;0.0;0.0;0.0;-5,840768;-35,21036;SPRF-RN;DEL01-RN;UOP01-DEL01-RN
538594.0;1187152.0;2023-07-28;sexta-feira;01:10:00;RN;101.0;78;NATAL;Sim;Objeto estático sobre o leito carroçável;4;Queda de ocupante de veículo;Com Vítimas Feridas;Plena Noite;Decrescente;Nublado;Dupla;Em Obras;Sim;953901.0;Motocicleta;HONDA/CG150 FAN ESDI;2013.0;Condutor;Lesões Leves;46.0;Masculino;0.0;1.0;0.0;0.0;-5,740719;-35,29021;SPRF-RN;DEL02-RN;UOP01-DEL02-RN
538594.0;1187152.0;2023-07-28;sexta-feira;01:10:00;RN;101.0;78;NATAL;Sim;Objeto estático sobre o leito carroçável;3;Tombamento;Com Vítimas Feridas;Plena Noite;Decrescente;Nublado;Dupla;Em Obras;Sim;953901.0;Motocicleta;HONDA/CG150 FAN ESDI;2013.0;Condutor;Lesões Leves;46.0;Masculino;0.0;1.0;0.0;0.0;-5,740719;-35,29021;SPRF-RN;DEL02-RN;UOP01-DEL02-RN
538594.0;1187152.0;2023-07-28;sexta-feira;01:10:00;RN;101.0;78;NATAL;Sim;Objeto estático sobre o leito carroçável;2;Colisão com objeto;Com Vítimas Feridas;Plena Noite;Decrescente;Nublado;Dupla;Em Obras;Sim;953901.0;Motocicleta;HONDA/CG150 FAN ESDI;2013.0;Condutor;Lesões Leves;46.0;Masculino;0.0;1.0;0.0;0.0;-5,740719;-35,29021;SPRF-RN;DEL02-RN;UOP01-DEL02-RN
538594.0;1187152.0;2023-07-28;sexta-feira;01:10:00;RN;101.0;78;NATAL;Sim;Objeto estático sobre o leito carroçável;1;Eventos atípicos;Com Vítimas Feridas;Plena Noite;Decrescente;Nublado;Dupla;Em Obras;Sim;953901.0;Motocicleta;HONDA/CG150 FAN ESDI;2013.0;Condutor;Lesões Leves;46.0;Masculino;0.0;1.0;0.0;0.0;-5,740719;-35,29021;SPRF-RN;DEL02-RN;UOP01-DEL02-RN
538638.0;1187245.0;2023-07-28;sexta-feira;08:08:00;RN;226.0;3,1;NATAL;Não;Acessar a via sem observar a presença dos outros veículos;3;Queda de ocupante de veículo;Com Vítimas Feridas;Pleno dia;Crescente;Céu Claro;Simples;Reta;Sim;953960.0;Ciclomotor;I/SHINERAY XY50Q PHOENIX;2014.0;Condutor;Lesões Graves;20.0;Masculino;0.0;0.0;1.0;0.0;-5,820857;-35,25187;SPRF-RN;DEL01-RN;UOP02-DEL01-RN
538638.0;1187246.0;2023-07-28;sexta-feira;08:08:00;RN;226.0;3,1;NATAL;Não;Acessar a via sem observar a presença dos outros veículos;3;Queda de ocupante de veículo;Com Vítimas Feridas;Pleno dia;Crescente;Céu Claro;Simples;Reta;Sim;953960.0;Ciclomotor;I/SHINERAY XY50Q PHOENIX;2014.0;Passageiro;Lesões Leves;17.0;Masculino;0.0;1.0;0.0;0.0;-5,820857;-35,25187;SPRF-RN;DEL01-RN;UOP02-DEL01-RN
538638.0;1187248.0;2023-07-28;sexta-feira;08:08:00;RN;226.0;3,1;NATAL;Não;Acessar a via sem observar a presença dos outros veículos;3;Queda de ocupante de veículo;Com Vítimas Feridas;Pleno dia;Crescente;Céu Claro;Simples;Reta;Sim;953961.0;Caminhão;FORD/F4000;1985.0;Passageiro;Ileso;63.0;Masculino;1.0;0.0;0.0;0.0;-5,820857;-35,25187;SPRF-RN;DEL01-RN;UOP02-DEL01-RN
538638.0;1187247.0;2023-07-28;sexta-feira;08:08:00;RN;226.0;3,1;NATAL;Não;Acessar a via sem observar a presença dos outros veículos;3;Queda de ocupante de veículo;Com Vítimas Feridas;Pleno dia;Crescente;Céu Claro;Simples;Reta;Sim;953961.0;Caminhão;FORD/F4000;1985.0;Condutor;Ileso;26.0;Masculino;1.0;0.0;0.0;0.0;-5,820857;-35,25187;SPRF-RN;DEL01-RN;UOP02-DEL01-RN
538638.0;1187245.0;2023-07-28;sexta-feira;08:08:00;RN;226.0;3,1;NATAL;Sim;Demais falhas mecânicas ou elétricas;3;Queda de ocupante de veículo;Com Vítimas Feridas;Pleno dia;Crescente;Céu Claro;Simples;Reta;Sim;953960.0;Ciclomotor;I/SHINERAY XY50Q PHOENIX;2014.0;Condutor;Lesões Graves;20.0;Masculino;0.0;0.0;1.0;0.0;-5,820857;-35,25187;SPRF-RN;DEL01-RN;UOP02-DEL01-RN
538638.0;1187246.0;2023-07-28;sexta-feira;08:08:00;RN;226.0;3,1;NATAL;Sim;Demais falhas mecânicas ou elétricas;3;Queda de ocupante de veículo;Com Vítimas Feridas;Pleno dia;Crescente;Céu Claro;Simples;Reta;Sim;953960.0;Ciclomotor;I/SHINERAY XY50Q PHOENIX;2014.0;Passageiro;Lesões Leves;17.0;Masculino;0.0;1.0;0.0;0.0;-5,820857;-35,25187;SPRF-RN;DEL01-RN;UOP02-DEL01-RN
538638.0;1187248.0;2023-07-28;sexta-feira;08:08:00;RN;226.0;3,1;NATAL;Sim;Demais falhas mecânicas ou elétricas;3;Queda de ocupante de veículo;Com Vítimas Feridas;Pleno dia;Crescente;Céu Claro;Simples;Reta;Sim;953961.0;Caminhão;FORD/F4000;1985.0;Passageiro;Ileso;63.0;Masculino;1.0;0.0;0.0;0.0;-5,820857;-35,25187;SPRF-RN;DEL01-RN;UOP02-DEL01-RN
538638.0;1187247.0;2023-07-28;sexta-feira;08:08:00;RN;226.0;3,1;NATAL;Sim;Demais falhas mecânicas ou elétricas;3;Queda de ocupante de veículo;Com Vítimas Feridas;Pleno dia;Crescente;Céu Claro;Simples;Reta;Sim;953961.0;Caminhão;FORD/F4000;1985.0;Condutor;Ileso;26.0;Masculino;1.0;0.0;0.0;0.0;-5,820857;-35,25187;SPRF-RN;DEL01-RN;UOP02-DEL01-RN
538638.0;1187245.0;2023-07-28;sexta-feira;08:08:00;RN;226.0;3,1;NATAL;Não;Acessar a via sem observar a presença dos outros veículos;2;Tombamento;Com Vítimas Feridas;Pleno dia;Crescente;Céu Claro;Simples;Reta;Sim;953960.0;Ciclomotor;I/SHINERAY XY50Q PHOENIX;2014.0;Condutor;Lesões Graves;20.0;Masculino;0.0;0.0;1.0;0.0;-5,820857;-35,25187;SPRF-RN;DEL01-RN;UOP02-DEL01-RN
538638.0;1187246.0;2023-07-28;sexta-feira;08:08:00;RN;226.0;3,1;NATAL;Não;Acessar a via sem observar a presença dos outros veículos;2;Tombamento;Com Vítimas Feridas;Pleno dia;Crescente;Céu Claro;Simples;Reta;Sim;953960.0;Ciclomotor;I/SHINERAY XY50Q PHOENIX;2014.0;Passageiro;Lesões Leves;17.0;Masculino;0.0;1.0;0.0;0.0;-5,820857;-35,25187;SPRF-RN;DEL01-RN;UOP02-DEL01-RN
538638.0;1187248.0;2023-07-28;sexta-feira;08:08:00;RN;226.0;3,1;NATAL;Não;Acessar a via sem observar a presença dos outros veículos;2;Tombamento;Com Vítimas Feridas;Pleno dia;Crescente;Céu Claro;Simples;Reta;Sim;953961.0;Caminhão;FORD/F4000;1985.0;Passageiro;Ileso;63.0;Masculino;1.0;0.0;0.0;0.0;-5,820857;-35,25187;SPRF-RN;DEL01-RN;UOP02-DEL01-RN
538638.0;1187247.0;2023-07-28;sexta-feira;08:08:00;RN;226.0;3,1;NATAL;Não;Acessar a via sem observar a presença dos outros veículos;2;Tombamento;Com Vítimas Feridas;Pleno dia;Crescente;Céu Claro;Simples;Reta;Sim;953961.0;Caminhão;FORD/F4000;1985.0;Condutor;Ileso;26.0;Masculino;1.0;0.0;0.0;0.0;-5,820857;-35,25187;SPRF-RN;DEL01-RN;UOP02-DEL01-RN
538638.0;1187245.0;2023-07-28;sexta-feira;08:08:00;RN;226.0;3,1;NATAL;Sim;Demais falhas mecânicas ou elétricas;2;Tombamento;Com Vítimas Feridas;Pleno dia;Crescente;Céu Claro;Simples;Reta;Sim;953960.0;Ciclomotor;I/SHINERAY XY50Q PHOENIX;2014.0;Condutor;Lesões Graves;20.0;Masculino;0.0;0.0;1.0;0.0;-5,820857;-35,25187;SPRF-RN;DEL01-RN;UOP02-DEL01-RN
538638.0;1187246.0;2023-07-28;sexta-feira;08:08:00;RN;226.0;3,1;NATAL;Sim;Demais falhas mecânicas ou elétricas;2;Tombamento;Com Vítimas Feridas;Pleno dia;Crescente;Céu Claro;Simples;Reta;Sim;953960.0;Ciclomotor;I/SHINERAY XY50Q PHOENIX;2014.0;Passageiro;Lesões Leves;17.0;Masculino;0.0;1.0;0.0;0.0;-5,820857;-35,25187;SPRF-RN;DEL01-RN;UOP02-DEL01-RN
538638.0;1187248.0;2023-07-28;sexta-feira;08:08:00;RN;226.0;3,1;NATAL;Sim;Demais falhas mecânicas ou elétricas;2;Tombamento;Com Vítimas Feridas;Pleno dia;Crescente;Céu Claro;Simples;Reta;Sim;953961.0;Caminhão;FORD/F4000;1985.0;Passageiro;Ileso;63.0;Masculino;1.0;0.0;0.0;0.0;-5,820857;-35,25187;SPRF-RN;DEL01-RN;UOP02-DEL01-RN
538638.0;1187247.0;2023-07-28;sexta-feira;08:08:00;RN;226.0;3,1;NATAL;Sim;Demais falhas mecânicas ou elétricas;2;Tombamento;Com Vítimas Feridas;Pleno dia;Crescente;Céu Claro;Simples;Reta;Sim;953961.0;Caminhão;FORD/F4000;1985.0;Condutor;Ileso;26.0;Masculino;1.0;0.0;0.0;0.0;-5,820857;-35,25187;SPRF-RN;DEL01-RN;UOP02-DEL01-RN
538638.0;1187245.0;2023-07-28;sexta-feira;08:08:00;RN;226.0;3,1;NATAL;Não;Acessar a via sem observar a presença dos outros veículos;1;Colisão transversal;Com Vítimas Feridas;Pleno dia;Crescente;Céu Claro;Simples;Reta;Sim;953960.0;Ciclomotor;I/SHINERAY XY50Q PHOENIX;2014.0;Condutor;Lesões Graves;20.0;Masculino;0.0;0.0;1.0;0.0;-5,820857;-35,25187;SPRF-RN;DEL01-RN;UOP02-DEL01-RN
538638.0;1187246.0;2023-07-28;sexta-feira;08:08:00;RN;226.0;3,1;NATAL;Não;Acessar a via sem observar a presença dos outros veículos;1;Colisão transversal;Com Vítimas Feridas;Pleno dia;Crescente;Céu Claro;Simples;Reta;Sim;953960.0;Ciclomotor;I/SHINERAY XY50Q PHOENIX;2014.0;Passageiro;Lesões Leves;17.0;Masculino;0.0;1.0;0.0;0.0;-5,820857;-35,25187;SPRF-RN;DEL01-RN;UOP02-DEL01-RN
538638.0;1187248.0;2023-07-28;sexta-feira;08:08:00;RN;226.0;3,1;NATAL;Não;Acessar a via sem observar a presença dos outros veículos;1;Colisão transversal;Com Vítimas Feridas;Pleno dia;Crescente;Céu Claro;Simples;Reta;Sim;953961.0;Caminhão;FORD/F4000;1985.0;Passageiro;Ileso;63.0;Masculino;1.0;0.0;0.0;0.0;-5,820857;-35,25187;SPRF-RN;DEL01-RN;UOP02-DEL01-RN
538638.0;1187247.0;2023-07-28;sexta-feira;08:08:00;RN;226.0;3,1;NATAL;Não;Acessar a via sem observar a presença dos outros veículos;1;Colisão transversal;Com Vítimas Feridas;Pleno dia;Crescente;Céu Claro;Simples;Reta;Sim;953961.0;Caminhão;FORD/F4000;1985.0;Condutor;Ileso;26.0;Masculino;1.0;0.0;0.0;0.0;-5,820857;-35,25187;SPRF-RN;DEL01-RN;UOP02-DEL01-RN
538638.0;1187245.0;2023-07-28;sexta-feira;08:08:00;RN;226.0;3,1;NATAL;Sim;Demais falhas mecânicas ou elétricas;1;Colisão transversal;Com Vítimas Feridas;Pleno dia;Crescente;Céu Claro;Simples;Reta;Sim;953960.0;Ciclomotor;I/SHINERAY XY50Q PHOENIX;2014.0;Condutor;Lesões Graves;20.0;Masculino;0.0;0.0;1.0;0.0;-5,820857;-35,25187;SPRF-RN;DEL01-RN;UOP02-DEL01-RN
538638.0;1187246.0;2023-07-28;sexta-feira;08:08:00;RN;226.0;3,1;NATAL;Sim;Demais falhas mecânicas ou elétricas;1;Colisão transversal;Com Vítimas Feridas;Pleno dia;Crescente;Céu Claro;Simples;Reta;Sim;953960.0;Ciclomotor;I/SHINERAY XY50Q PHOENIX;2014.0;Passageiro;Lesões Leves;17.0;Masculino;0.0;1.0;0.0;0.0;-5,820857;-35,25187;SPRF-RN;DEL01-RN;UOP02-DEL01-RN
538638.0;1187248.0;2023-07-28;sexta-feira;08:08:00;RN;226.0;3,1;NATAL;Sim;Demais falhas mecânicas ou elétricas;1;Colisão transversal;Com Vítimas Feridas;Pleno dia;Crescente;Céu Claro;Simples;Reta;Sim;953961.0;Caminhão;FORD/F4000;1985.0;Passageiro;Ileso;63.0;Masculino;1.0;0.0;0.0;0.0;-5,820857;-35,25187;SPRF-RN;DEL01-RN;UOP02-DEL01-RN
538638.0;1187247.0;2023-07-28;sexta-feira;08:08:00;RN;226.0;3,1;NATAL;Sim;Demais falhas mecânicas ou elétricas;1;Colisão transversal;Com Vítimas Feridas;Pleno dia;Crescente;Céu Claro;Simples;Reta;Sim;953961.0;Caminhão;FORD/F4000;1985.0;Condutor;Ileso;26.0;Masculino;1.0;0.0;0.0;0.0;-5,820857;-35,25187;SPRF-RN;DEL01-RN;UOP02-DEL01-RN
538709.0;1187436.0;2023-07-28;sexta-feira;15:25:00;RN;101.0;94;NATAL;Sim;Condutor deixou de manter distância do veículo da frente;1;Engavetamento;Sem Vítimas;Pleno dia;Decrescente;Céu Claro;Dupla;Reta;Sim;954123.0;Caminhonete;FIAT/STRADA ENDURANCE CS;2022.0;Condutor;Ileso;64.0;Masculino;1.0;0.0;0.0;0.0;-5,831766;-35,21191;SPRF-RN;DEL01-RN;UOP01-DEL01-RN
538709.0;1187437.0;2023-07-28;sexta-feira;15:25:00;RN;101.0;94;NATAL;Sim;Condutor deixou de manter distância do veículo da frente;1;Engavetamento;Sem Vítimas;Pleno dia;Decrescente;Céu Claro;Dupla;Reta;Sim;954125.0;Caminhonete;CHEV/MONTANA T A PR;2023.0;Condutor;Ileso;40.0;Masculino;1.0;0.0;0.0;0.0;-5,831766;-35,21191;SPRF-RN;DEL01-RN;UOP01-DEL01-RN
538709.0;1187438.0;2023-07-28;sexta-feira;15:25:00;RN;101.0;94;NATAL;Sim;Condutor deixou de manter distância do veículo da frente;1;Engavetamento;Sem Vítimas;Pleno dia;Decrescente;Céu Claro;Dupla;Reta;Sim;954126.0;Camioneta;HYUNDAI/TUCSON GLSB;2015.0;Condutor;Ileso;62.0;Masculino;1.0;0.0;0.0;0.0;-5,831766;-35,21191;SPRF-RN;DEL01-RN;UOP01-DEL01-RN
539130.0;1188465.0;2023-07-30;domingo;06:30:00;RN;226.0;4;NATAL;Não;Chuva;2;Colisão com objeto;Sem Vítimas;Pleno dia;Crescente;Chuva;Simples;Curva;Sim;954887.0;Automóvel;GM/PRISMA MAXX;2006.0;Condutor;Ileso;29.0;Masculino;1.0;0.0;0.0;0.0;-5,81958;-35,25969;SPRF-RN;DEL01-RN;UOP02-DEL01-RN
539130.0;1188465.0;2023-07-30;domingo;06:30:00;RN;226.0;4;NATAL;Sim;Velocidade Incompatível;2;Colisão com objeto;Sem Vítimas;Pleno dia;Crescente;Chuva;Simples;Curva;Sim;954887.0;Automóvel;GM/PRISMA MAXX;2006.0;Condutor;Ileso;29.0;Masculino;1.0;0.0;0.0;0.0;-5,81958;-35,25969;SPRF-RN;DEL01-RN;UOP02-DEL01-RN
539130.0;1188465.0;2023-07-30;domingo;06:30:00;RN;226.0;4;NATAL;Não;Chuva;1;Saída de leito carroçável;Sem Vítimas;Pleno dia;Crescente;Chuva;Simples;Curva;Sim;954887.0;Automóvel;GM/PRISMA MAXX;2006.0;Condutor;Ileso;29.0;Masculino;1.0;0.0;0.0;0.0;-5,81958;-35,25969;SPRF-RN;DEL01-RN;UOP02-DEL01-RN
539130.0;1188465.0;2023-07-30;domingo;06:30:00;RN;226.0;4;NATAL;Sim;Velocidade Incompatível;1;Saída de leito carroçável;Sem Vítimas;Pleno dia;Crescente;Chuva;Simples;Curva;Sim;954887.0;Automóvel;GM/PRISMA MAXX;2006.0;Condutor;Ileso;29.0;Masculino;1.0;0.0;0.0;0.0;-5,81958;-35,25969;SPRF-RN;DEL01-RN;UOP02-DEL01-RN
539442.0;1189341.0;2023-07-31;segunda-feira;17:30:00;RN;101.0;85;NATAL;Não;Ausência de reação do condutor;3;Tombamento;Com Vítimas Feridas;Anoitecer;Decrescente;Céu Claro;Dupla;"Aclive;Curva";Sim;955547.0;Bicicleta;Não Informado/Não Informado;0.0;Condutor;Lesões Leves;24.0;Masculino;0.0;1.0;0.0;0.0;-5,777664;-35,24937;SPRF-RN;DEL02-RN;UOP01-DEL02-RN
539442.0;1189338.0;2023-07-31;segunda-feira;17:30:00;RN;101.0;85;NATAL;Não;Ausência de reação do condutor;3;Tombamento;Com Vítimas Feridas;Anoitecer;Decrescente;Céu Claro;Dupla;"Aclive;Curva";Sim;955546.0;Automóvel;RENAULT/SANDERO EXP1016V;2010.0;Condutor;Ileso;72.0;Masculino;1.0;0.0;0.0;0.0;-5,777664;-35,24937;SPRF-RN;DEL02-RN;UOP01-DEL02-RN
539442.0;1189341.0;2023-07-31;segunda-feira;17:30:00;RN;101.0;85;NATAL;Sim;Transitar no Acostamento;3;Tombamento;Com Vítimas Feridas;Anoitecer;Decrescente;Céu Claro;Dupla;"Aclive;Curva";Sim;955547.0;Bicicleta;Não Informado/Não Informado;0.0;Condutor;Lesões Leves;24.0;Masculino;0.0;1.0;0.0;0.0;-5,777664;-35,24937;SPRF-RN;DEL02-RN;UOP01-DEL02-RN
539442.0;1189338.0;2023-07-31;segunda-feira;17:30:00;RN;101.0;85;NATAL;Sim;Transitar no Acostamento;3;Tombamento;Com Vítimas Feridas;Anoitecer;Decrescente;Céu Claro;Dupla;"Aclive;Curva";Sim;955546.0;Automóvel;RENAULT/SANDERO EXP1016V;2010.0;Condutor;Ileso;72.0;Masculino;1.0;0.0;0.0;0.0;-5,777664;-35,24937;SPRF-RN;DEL02-RN;UOP01-DEL02-RN
539442.0;1189341.0;2023-07-31;segunda-feira;17:30:00;RN;101.0;85;NATAL;Não;Ausência de reação do condutor;2;Queda de ocupante de veículo;Com Vítimas Feridas;Anoitecer;Decrescente;Céu Claro;Dupla;"Aclive;Curva";Sim;955547.0;Bicicleta;Não Informado/Não Informado;0.0;Condutor;Lesões Leves;24.0;Masculino;0.0;1.0;0.0;0.0;-5,777664;-35,24937;SPRF-RN;DEL02-RN;UOP01-DEL02-RN
539442.0;1189338.0;2023-07-31;segunda-feira;17:30:00;RN;101.0;85;NATAL;Não;Ausência de reação do condutor;2;Queda de ocupante de veículo;Com Vítimas Feridas;Anoitecer;Decrescente;Céu Claro;Dupla;"Aclive;Curva";Sim;955546.0;Automóvel;RENAULT/SANDERO EXP1016V;2010.0;Condutor;Ileso;72.0;Masculino;1.0;0.0;0.0;0.0;-5,777664;-35,24937;SPRF-RN;DEL02-RN;UOP01-DEL02-RN
539442.0;1189341.0;2023-07-31;segunda-feira;17:30:00;RN;101.0;85;NATAL;Sim;Transitar no Acostamento;2;Queda de ocupante de veículo;Com Vítimas Feridas;Anoitecer;Decrescente;Céu Claro;Dupla;"Aclive;Curva";Sim;955547.0;Bicicleta;Não Informado/Não Informado;0.0;Condutor;Lesões Leves;24.0;Masculino;0.0;1.0;0.0;0.0;-5,777664;-35,24937;SPRF-RN;DEL02-RN;UOP01-DEL02-RN
539442.0;1189338.0;2023-07-31;segunda-feira;17:30:00;RN;101.0;85;NATAL;Sim;Transitar no Acostamento;2;Queda de ocupante de veículo;Com Vítimas Feridas;Anoitecer;Decrescente;Céu Claro;Dupla;"Aclive;Curva";Sim;955546.0;Automóvel;RENAULT/SANDERO EXP1016V;2010.0;Condutor;Ileso;72.0;Masculino;1.0;0.0;0.0;0.0;-5,777664;-35,24937;SPRF-RN;DEL02-RN;UOP01-DEL02-RN
539442.0;1189341.0;2023-07-31;segunda-feira;17:30:00;RN;101.0;85;NATAL;Não;Ausência de reação do condutor;1;Colisão lateral mesmo sentido;Com Vítimas Feridas;Anoitecer;Decrescente;Céu Claro;Dupla;"Aclive;Curva";Sim;955547.0;Bicicleta;Não Informado/Não Informado;0.0;Condutor;Lesões Leves;24.0;Masculino;0.0;1.0;0.0;0.0;-5,777664;-35,24937;SPRF-RN;DEL02-RN;UOP01-DEL02-RN