id;pesid;data_inversa;dia_semana;horario;uf;br;km;municipio;causa_principal;causa_acidente;ordem_tipo_acidente;tipo_acidente;classificacao_acidente;fase_dia;sentido_via;condicao_metereologica;tipo_pista;tracado_via;uso_solo;id_veiculo;tipo_veiculo;marca;ano_fabricacao_veiculo;tipo_envolvido;estado_fisico;idade;sexo;ilesos;feridos_leves;feridos_graves;mortos;latitude;longitude;regional;delegacia;uop
539442.0;1189338.0;2023-07-31;segunda-feira;17:30:00;RN;101.0;85;NATAL;Não;Ausência de reação do condutor;1;Colisão lateral mesmo sentido;Com Vítimas Feridas;Anoitecer;Decrescente;Céu Claro;Dupla;"Aclive;Curva";Sim;955546.0;Automóvel;RENAULT/SANDERO EXP1016V;2010.0;Condutor;Ileso;72.0;Masculino;1.0;0.0;0.0;0.0;-5,777664;-35,24937;SPRF-RN;DEL02-RN;UOP01-DEL02-RN
539442.0;1189341.0;2023-07-31;segunda-feira;17:30:00;RN;101.0;85;NATAL;Sim;Transitar no Acostamento;1;Colisão lateral mesmo sentido;Com Vítimas Feridas;Anoitecer;Decrescente;Céu Claro;Dupla;"Aclive;Curva";Sim;955547.0;Bicicleta;Não Informado/Não Informado;0.0;Condutor;Lesões Leves;24.0;Masculino;0.0;1.0;0.0;0.0;-5,777664;-35,24937;SPRF-RN;DEL02-RN;UOP01-DEL02-RN
539442.0;1189338.0;2023-07-31;segunda-feira;17:30:00;RN;101.0;85;NATAL;Sim;Transitar no Acostamento;1;Colisão lateral mesmo sentido;Com Vítimas Feridas;Anoitecer;Decrescente;Céu Claro;Dupla;"Aclive;Curva";Sim;955546.0;Automóvel;RENAULT/SANDERO EXP1016V;2010.0;Condutor;Ileso;72.0;Masculino;1.0;0.0;0.0;0.0;-5,777664;-35,24937;SPRF-RN;DEL02-RN;UOP01-DEL02-RN
539530.0;1189716.0;2023-08-01;terça-feira;07:45:00;RN;101.0;99,5;NATAL;Sim;Pedestre cruzava a pista fora da faixa;1;Atropelamento de Pedestre;Com Vítimas Feridas;Pleno dia;Decrescente;Sol;Simples;Reta;Sim;955867.0;Motocicleta;HONDA/CG 125I FAN;2016.0;Condutor;Lesões Leves;20.0;Feminino;0.0;1.0;0.0;0.0;-5,875973;-35,22209;SPRF-RN;DEL01-RN;UOP01-DEL01-RN
539530.0;1189717.0;2023-08-01;terça-feira;07:45:00;RN;101.0;99,5;NATAL;Sim;Pedestre cruzava a pista fora da faixa;1;Atropelamento de Pedestre;Com Vítimas Feridas;Pleno dia;Decrescente;Sol;Simples;Reta;Sim;;;NA/NA;;Pedestre;Lesões Leves;51.0;Feminino;0.0;1.0;0.0;0.0;-5,875973;-35,22209;SPRF-RN;DEL01-RN;UOP01-DEL01-RN
539632.0;1190263.0;2023-08-01;terça-feira;15:45:00;RN;101.0;94;NATAL;Sim;Condutor deixou de manter distância do veículo da frente;2;Queda de ocupante de veículo;Com Vítimas Feridas;Pleno dia;Crescente;Céu Claro;Múltipla;"Viaduto;Reta";Sim;956343.0;Motocicleta;YAMAHA/XTZ150 CROSSER E;2017.0;Condutor;Ileso;28.0;Masculino;1.0;0.0;0.0;0.0;-5,831766;-35,21191;SPRF-RN;DEL01-RN;UOP01-DEL01-RN
539632.0;1190264.0;2023-08-01;terça-feira;15:45:00;RN;101.0;94;NATAL;Sim;Condutor deixou de manter distância do veículo da frente;2;Queda de ocupante de veículo;Com Vítimas Feridas;Pleno dia;Crescente;Céu Claro;Múltipla;"Viaduto;Reta";Sim;956343.0;Motocicleta;YAMAHA/XTZ150 CROSSER E;2017.0;Passageiro;Lesões Leves;29.0;Feminino;0.0;1.0;0.0;0.0;-5,831766;-35,21191;SPRF-RN;DEL01-RN;UOP01-DEL01-RN
539632.0;1190266.0;2023-08-01;terça-feira;15:45:00;RN;101.0;94;NATAL;Sim;Condutor deixou de manter distância do veículo da frente;2;Queda de ocupante de veículo;Com Vítimas Feridas;Pleno dia;Crescente;Céu Claro;Múltipla;"Viaduto;Reta";Sim;956344.0;Automóvel;HYUNDAI/HB20 1.0M COMFOR;2017.0;Condutor;Ileso;41.0;Feminino;1.0;0.0;0.0;0.0;-5,831766;-35,21191;SPRF-RN;DEL01-RN;UOP01-DEL01-RN
539632.0;1192554.0;2023-08-01;terça-feira;15:45:00;RN;101.0;94;NATAL;Sim;Condutor deixou de manter distância do veículo da frente;2;Queda de ocupante de veículo;Com Vítimas Feridas;Pleno dia;Crescente;Céu Claro;Múltipla;"Viaduto;Reta";Sim;958074.0;Automóvel;CITROEN/C3 AIRCROSS EXCA;2013.0;Condutor;Não Informado;;Não Informado;0.0;0.0;0.0;0.0;-5,831766;-35,21191;SPRF-RN;DEL01-RN;UOP01-DEL01-RN
539632.0;1190263.0;2023-08-01;terça-feira;15:45:00;RN;101.0;94;NATAL;Sim;Condutor deixou de manter distância do veículo da frente;1;Colisão traseira;Com Vítimas Feridas;Pleno dia;Crescente;Céu Claro;Múltipla;"Viaduto;Reta";Sim;956343.0;Motocicleta;YAMAHA/XTZ150 CROSSER E;2017.0;Condutor;Ileso;28.0;Masculino;1.0;0.0;0.0;0.0;-5,831766;-35,21191;SPRF-RN;DEL01-RN;UOP01-DEL01-RN
539632.0;1190264.0;2023-08-01;terça-feira;15:45:00;RN;101.0;94;NATAL;Sim;Condutor deixou de manter distância do veículo da frente;1;Colisão traseira;Com Vítimas Feridas;Pleno dia;Crescente;Céu Claro;Múltipla;"Viaduto;Reta";Sim;956343.0;Motocicleta;YAMAHA/XTZ150 CROSSER E;2017.0;Passageiro;Lesões Leves;29.0;Feminino;0.0;1.0;0.0;0.0;-5,831766;-35,21191;SPRF-RN;DEL01-RN;UOP01-DEL01-RN
539632.0;1190266.0;2023-08-01;terça-feira;15:45:00;RN;101.0;94;NATAL;Sim;Condutor deixou de manter distância do veículo da frente;1;Colisão traseira;Com Vítimas Feridas;Pleno dia;Crescente;Céu Claro;Múltipla;"Viaduto;Reta";Sim;956344.0;Automóvel;HYUNDAI/HB20 1.0M COMFOR;2017.0;Condutor;Ileso;41.0;Feminino;1.0;0.0;0.0;0.0;-5,831766;-35,21191;SPRF-RN;DEL01-RN;UOP01-DEL01-RN
539632.0;1192554.0;2023-08-01;terça-feira;15:45:00;RN;101.0;94;NATAL;Sim;Condutor deixou de manter distância do veículo da frente;1;Colisão traseira;Com Vítimas Feridas;Pleno dia;Crescente;Céu Claro;Múltipla;"Viaduto;Reta";Sim;958074.0;Automóvel;CITROEN/C3 AIRCROSS EXCA;2013.0;Condutor;Não Informado;;Não Informado;0.0;0.0;0.0;0.0;-5,831766;-35,21191;SPRF-RN;DEL01-RN;UOP01-DEL01-RN
539864.0;1190326.0;2023-08-02;quarta-feira;11:00:00;RN;101.0;97;NATAL;Sim;Reação tardia ou ineficiente do condutor;1;Colisão traseira;Com Vítimas Feridas;Pleno dia;Decrescente;Céu Claro;Dupla;Aclive;Sim;956397.0;Motocicleta;HONDA/CG 160 START;2019.0;Condutor;Lesões Leves;47.0;Masculino;0.0;1.0;0.0;0.0;-5,857589;-35,21271;SPRF-RN;DEL01-RN;UOP01-DEL01-RN
539864.0;1192876.0;2023-08-02;quarta-feira;11:00:00;RN;101.0;97;NATAL;Sim;Reação tardia ou ineficiente do condutor;1;Colisão traseira;Com Vítimas Feridas;Pleno dia;Decrescente;Céu Claro;Dupla;Aclive;Sim;956394.0;Automóvel;Não Informado/Não Informado;0.0;Condutor;Ileso;;Feminino;1.0;0.0;0.0;0.0;-5,857589;-35,21271;SPRF-RN;DEL01-RN;UOP01-DEL01-RN
539930.0;1190948.0;2023-08-03;quinta-feira;09:20:00;RN;101.0;97;NATAL;Sim;Chuva;1;Queda de ocupante de veículo;Com Vítimas Feridas;Pleno dia;Decrescente;Chuva;Múltipla;Viaduto;Sim;956827.0;Motocicleta;HONDA/CG150 CARGO ESD;2014.0;Condutor;Lesões Leves;24.0;Masculino;0.0;1.0;0.0;0.0;-5,857589;-35,21271;SPRF-RN;DEL01-RN;UOP01-DEL01-RN
540376.0;1191691.0;2023-08-05;sábado;13:10:00;RN;101.0;96,2;NATAL;Não;Objeto estático sobre o leito carroçável;3;Queda de ocupante de veículo;Com Vítimas Feridas;Pleno dia;Crescente;Céu Claro;Múltipla;Reta;Sim;957425.0;Motocicleta;HONDA/NXR160 BROS ESDD;2015.0;Condutor;Lesões Graves;24.0;Masculino;0.0;0.0;1.0;0.0;-5,849496;-35,20891;SPRF-RN;DEL01-RN;UOP01-DEL01-RN
540376.0;1191688.0;2023-08-05;sábado;13:10:00;RN;101.0;96,2;NATAL;Não;Objeto estático sobre o leito carroçável;3;Queda de ocupante de veículo;Com Vítimas Feridas;Pleno dia;Crescente;Céu Claro;Múltipla;Reta;Sim;957423.0;Automóvel;TOYOTA/ETIOS HB X;2013.0;Condutor;Ileso;28.0;Masculino;1.0;0.0;0.0;0.0;-5,849496;-35,20891;SPRF-RN;DEL01-RN;UOP01-DEL01-RN
540376.0;1193670.0;2023-08-05;sábado;13:10:00;RN;101.0;96,2;NATAL;Não;Objeto estático sobre o leito carroçável;3;Queda de ocupante de veículo;Com Vítimas Feridas;Pleno dia;Crescente;Céu Claro;Múltipla;Reta;Sim;957423.0;Automóvel;TOYOTA/ETIOS HB X;2013.0;Passageiro;Ileso;26.0;Feminino;1.0;0.0;0.0;0.0;-5,849496;-35,20891;SPRF-RN;DEL01-RN;UOP01-DEL01-RN
540376.0;1191691.0;2023-08-05;sábado;13:10:00;RN;101.0;96,2;NATAL;Sim;Reação tardia ou ineficiente do condutor;3;Queda de ocupante de veículo;Com Vítimas Feridas;Pleno dia;Crescente;Céu Claro;Múltipla;Reta;Sim;957425.0;Motocicleta;HONDA/NXR160 BROS ESDD;2015.0;Condutor;Lesões Graves;24.0;Masculino;0.0;0.0;1.0;0.0;-5,849496;-35,20891;SPRF-RN;DEL01-RN;UOP01-DEL01-RN
540376.0;1191688.0;2023-08-05;sábado;13:10:00;RN;101.0;96,2;NATAL;Sim;Reação tardia ou ineficiente do condutor;3;Queda de ocupante de veículo;Com Vítimas Feridas;Pleno dia;Crescente;Céu Claro;Múltipla;Reta;Sim;957423.0;Automóvel;TOYOTA/ETIOS HB X;2013.0;Condutor;Ileso;28.0;Masculino;1.0;0.0;0.0;0.0;-5,849496;-35,20891;SPRF-RN;DEL01-RN;UOP01-DEL01-RN
540376.0;1193670.0;2023-08-05;sábado;13:10:00;RN;101.0;96,2;NATAL;Sim;Reação tardia ou ineficiente do condutor;3;Queda de ocupante de veículo;Com Vítimas Feridas;Pleno dia;Crescente;Céu Claro;Múltipla;Reta;Sim;957423.0;Automóvel;TOYOTA/ETIOS HB X;2013.0;Passageiro;Ileso;26.0;Feminino;1.0;0.0;0.0;0.0;-5,849496;-35,20891;SPRF-RN;DEL01-RN;UOP01-DEL01-RN
540376.0;1191691.0;2023-08-05;sábado;13:10:00;RN;101.0;96,2;NATAL;Não;Objeto estático sobre o leito carroçável;2;Tombamento;Com Vítimas Feridas;Pleno dia;Crescente;Céu Claro;Múltipla;Reta;Sim;957425.0;Motocicleta;HONDA/NXR160 BROS ESDD;2015.0;Condutor;Lesões Graves;24.0;Masculino;0.0;0.0;1.0;0.0;-5,849496;-35,20891;SPRF-RN;DEL01-RN;UOP01-DEL01-RN
540376.0;1191688.0;2023-08-05;sábado;13:10:00;RN;101.0;96,2;NATAL;Não;Objeto estático sobre o leito carroçável;2;Tombamento;Com Vítimas Feridas;Pleno dia;Crescente;Céu Claro;Múltipla;Reta;Sim;957423.0;Automóvel;TOYOTA/ETIOS HB X;2013.0;Condutor;Ileso;28.0;Masculino;1.0;0.0;0.0;0.0;-5,849496;-35,20891;SPRF-RN;DEL01-RN;UOP01-DEL01-RN
540376.0;1193670.0;2023-08-05;sábado;13:10:00;RN;101.0;96,2;NATAL;Não;Objeto estático sobre o leito carroçável;2;Tombamento;Com Vítimas Feridas;Pleno dia;Crescente;Céu Claro;Múltipla;Reta;Sim;957423.0;Automóvel;TOYOTA/ETIOS HB X;2013.0;Passageiro;Ileso;26.0;Feminino;1.0;0.0;0.0;0.0;-5,849496;-35,20891;SPRF-RN;DEL01-RN;UOP01-DEL01-RN
540376.0;1191691.0;2023-08-05;sábado;13:10:00;RN;101.0;96,2;NATAL;Sim;Reação tardia ou ineficiente do condutor;2;Tombamento;Com Vítimas Feridas;Pleno dia;Crescente;Céu Claro;Múltipla;Reta;Sim;957425.0;Motocicleta;HONDA/NXR160 BROS ESDD;2015.0;Condutor;Lesões Graves;24.0;Masculino;0.0;0.0;1.0;0.0;-5,849496;-35,20891;SPRF-RN;DEL01-RN;UOP01-DEL01-RN
540376.0;1191688.0;2023-08-05;sábado;13:10:00;RN;101.0;96,2;NATAL;Sim;Reação tardia ou ineficiente do condutor;2;Tombamento;Com Vítimas Feridas;Pleno dia;Crescente;Céu Claro;Múltipla;Reta;Sim;957423.0;Automóvel;TOYOTA/ETIOS HB X;2013.0;Condutor;Ileso;28.0;Masculino;1.0;0.0;0.0;0.0;-5,849496;-35,20891;SPRF-RN;DEL01-RN;UOP01-DEL01-RN
540376.0;1193670.0;2023-08-05;sábado;13:10:00;RN;101.0;96,2;NATAL;Sim;Reação tardia ou ineficiente do condutor;2;Tombamento;Com Vítimas Feridas;Pleno dia;Crescente;Céu Claro;Múltipla;Reta;Sim;957423.0;Automóvel;TOYOTA/ETIOS HB X;2013.0;Passageiro;Ileso;26.0;Feminino;1.0;0.0;0.0;0.0;-5,849496;-35,20891;SPRF-RN;DEL01-RN;UOP01-DEL01-RN
540376.0;1191691.0;2023-08-05;sábado;13:10:00;RN;101.0;96,2;NATAL;Não;Objeto estático sobre o leito carroçável;1;Colisão traseira;Com Vítimas Feridas;Pleno dia;Crescente;Céu Claro;Múltipla;Reta;Sim;957425.0;Motocicleta;HONDA/NXR160 BROS ESDD;2015.0;Condutor;Lesões Graves;24.0;Masculino;0.0;0.0;1.0;0.0;-5,849496;-35,20891;SPRF-RN;DEL01-RN;UOP01-DEL01-RN
540376.0;1191688.0;2023-08-05;sábado;13:10:00;RN;101.0;96,2;NATAL;Não;Objeto estático sobre o leito carroçável;1;Colisão traseira;Com Vítimas Feridas;Pleno dia;Crescente;Céu Claro;Múltipla;Reta;Sim;957423.0;Automóvel;TOYOTA/ETIOS HB X;2013.0;Condutor;Ileso;28.0;Masculino;1.0;0.0;0.0;0.0;-5,849496;-35,20891;SPRF-RN;DEL01-RN;UOP01-DEL01-RN
540376.0;1193670.0;2023-08-05;sábado;13:10:00;RN;101.0;96,2;NATAL;Não;Objeto estático sobre o leito carroçável;1;Colisão traseira;Com Vítimas Feridas;Pleno dia;Crescente;Céu Claro;Múltipla;Reta;Sim;957423.0;Automóvel;TOYOTA/ETIOS HB X;2013.0;Passageiro;Ileso;26.0;Feminino;1.0;0.0;0.0;0.0;-5,849496;-35,20891;SPRF-RN;DEL01-RN;UOP01-DEL01-RN
540376.0;1191691.0;2023-08-05;sábado;13:10:00;RN;101.0;96,2;NATAL;Sim;Reação tardia ou ineficiente do condutor;1;Colisão traseira;Com Vítimas Feridas;Pleno dia;Crescente;Céu Claro;Múltipla;Reta;Sim;957425.0;Motocicleta;HONDA/NXR160 BROS ESDD;2015.0;Condutor;Lesões Graves;24.0;Masculino;0.0;0.0;1.0;0.0;-5,849496;-35,20891;SPRF-RN;DEL01-RN;UOP01-DEL01-RN
540376.0;1191688.0;2023-08-05;sábado;13:10:00;RN;101.0;96,2;NATAL;Sim;Reação tardia ou ineficiente do condutor;1;Colisão traseira;Com Vítimas Feridas;Pleno dia;Crescente;Céu Claro;Múltipla;Reta;Sim;957423.0;Automóvel;TOYOTA/ETIOS HB X;2013.0;Condutor;Ileso;28.0;Masculino;1.0;0.0;0.0;0.0;-5,849496;-35,20891;SPRF-RN;DEL01-RN;UOP01-DEL01-RN
540376.0;1193670.0;2023-08-05;sábado;13:10:00;RN;101.0;96,2;NATAL;Sim;Reação tardia ou ineficiente do condutor;1;Colisão traseira;Com Vítimas Feridas;Pleno dia;Crescente;Céu Claro;Múltipla;Reta;Sim;957423.0;Automóvel;TOYOTA/ETIOS HB X;2013.0;Passageiro;Ileso;26.0;Feminino;1.0;0.0;0.0;0.0;-5,849496;-35,20891;SPRF-RN;DEL01-RN;UOP01-DEL01-RN
540981.0;1193077.0;2023-08-08;terça-feira;09:15:00;RN;101.0;80,8;NATAL;Não;Avarias e/ou desgaste excessivo no pneu;3;Queda de ocupante de veículo;Com Vítimas Feridas;Pleno dia;Crescente;Garoa/Chuvisco;Dupla;"Curva;Rotatória";Sim;958510.0;Automóvel;Não Informado/Não Informado;0.0;Condutor;Não Informado;;Não Informado;0.0;0.0;0.0;0.0;-5,758522;-35,28806;SPRF-RN;DEL02-RN;UOP01-DEL02-RN
540981.0;1193080.0;2023-08-08;terça-feira;09:15:00;RN;101.0;80,8;NATAL;Não;Avarias e/ou desgaste excessivo no pneu;3;Queda de ocupante de veículo;Com Vítimas Feridas;Pleno dia;Crescente;Garoa/Chuvisco;Dupla;"Curva;Rotatória";Sim;958511.0;Motocicleta;HONDA/CG150 FAN ESDI;2014.0;Condutor;Ileso;20.0;Masculino;1.0;0.0;0.0;0.0;-5,758522;-35,28806;SPRF-RN;DEL02-RN;UOP01-DEL02-RN
540981.0;1193083.0;2023-08-08;terça-feira;09:15:00;RN;101.0;80,8;NATAL;Não;Avarias e/ou desgaste excessivo no pneu;3;Queda de ocupante de veículo;Com Vítimas Feridas;Pleno dia;Crescente;Garoa/Chuvisco;Dupla;"Curva;Rotatória";Sim;958511.0;Motocicleta;HONDA/CG150 FAN ESDI;2014.0;Passageiro;Lesões Leves;34.0;Feminino;0.0;1.0;0.0;0.0;-5,758522;-35,28806;SPRF-RN;DEL02-RN;UOP01-DEL02-RN
540981.0;1193077.0;2023-08-08;terça-feira;09:15:00;RN;101.0;80,8;NATAL;Sim;Manobra de mudança de faixa;3;Queda de ocupante de veículo;Com Vítimas Feridas;Pleno dia;Crescente;Garoa/Chuvisco;Dupla;"Curva;Rotatória";Sim;958510.0;Automóvel;Não Informado/Não Informado;0.0;Condutor;Não Informado;;Não Informado;0.0;0.0;0.0;0.0;-5,758522;-35,28806;SPRF-RN;DEL02-RN;UOP01-DEL02-RN
540981.0;1193080.0;2023-08-08;terça-feira;09:15:00;RN;101.0;80,8;NATAL;Sim;Manobra de mudança de faixa;3;Queda de ocupante de veículo;Com Vítimas Feridas;Pleno dia;Crescente;Garoa/Chuvisco;Dupla;"Curva;Rotatória";Sim;958511.0;Motocicleta;HONDA/CG150 FAN ESDI;2014.0;Condutor;Ileso;20.0;Masculino;1.0;0.0;0.0;0.0;-5,758522;-35,28806;SPRF-RN;DEL02-RN;UOP01-DEL02-RN
540981.0;1193083.0;2023-08-08;terça-feira;09:15:00;RN;101.0;80,8;NATAL;Sim;Manobra de mudança de faixa;3;Queda de ocupante de veículo;Com Vítimas Feridas;Pleno dia;Crescente;Garoa/Chuvisco;Dupla;"Curva;Rotatória";Sim;958511.0;Motocicleta;HONDA/CG150 FAN ESDI;2014.0;Passageiro;Lesões Leves;34.0;Feminino;0.0;1.0;0.0;0.0;-5,758522;-35,28806;SPRF-RN;DEL02-RN;UOP01-DEL02-RN
540981.0;1193077.0;2023-08-08;terça-feira;09:15:00;RN;101.0;80,8;NATAL;Não;Avarias e/ou desgaste excessivo no pneu;2;Tombamento;Com Vítimas Feridas;Pleno dia;Crescente;Garoa/Chuvisco;Dupla;"Curva;Rotatória";Sim;958510.0;Automóvel;Não Informado/Não Informado;0.0;Condutor;Não Informado;;Não Informado;0.0;0.0;0.0;0.0;-5,758522;-35,28806;SPRF-RN;DEL02-RN;UOP01-DEL02-RN
540981.0;1193080.0;2023-08-08;terça-feira;09:15:00;RN;101.0;80,8;NATAL;Não;Avarias e/ou desgaste excessivo no pneu;2;Tombamento;Com Vítimas Feridas;Pleno dia;Crescente;Garoa/Chuvisco;Dupla;"Curva;Rotatória";Sim;958511.0;Motocicleta;HONDA/CG150 FAN ESDI;2014.0;Condutor;Ileso;20.0;Masculino;1.0;0.0;0.0;0.0;-5,758522;-35,28806;SPRF-RN;DEL02-RN;UOP01-DEL02-RN
540981.0;1193083.0;2023-08-08;terça-feira;09:15:00;RN;101.0;80,8;NATAL;Não;Avarias e/ou desgaste excessivo no pneu;2;Tombamento;Com Vítimas Feridas;Pleno dia;Crescente;Garoa/Chuvisco;Dupla;"Curva;Rotatória";Sim;958511.0;Motocicleta;HONDA/CG150 FAN ESDI;2014.0;Passageiro;Lesões Leves;34.0;Feminino;0.0;1.0;0.0;0.0;-5,758522;-35,28806;SPRF-RN;DEL02-RN;UOP01-DEL02-RN
540981.0;1193077.0;2023-08-08;terça-feira;09:15:00;RN;101.0;80,8;NATAL;Sim;Manobra de mudança de faixa;2;Tombamento;Com Vítimas Feridas;Pleno dia;Crescente;Garoa/Chuvisco;Dupla;"Curva;Rotatória";Sim;958510.0;Automóvel;Não Informado/Não Informado;0.0;Condutor;Não Informado;;Não Informado;0.0;0.0;0.0;0.0;-5,758522;-35,28806;SPRF-RN;DEL02-RN;UOP01-DEL02-RN
540981.0;1193080.0;2023-08-08;terça-feira;09:15:00;RN;101.0;80,8;NATAL;Sim;Manobra de mudança de faixa;2;Tombamento;Com Vítimas Feridas;Pleno dia;Crescente;Garoa/Chuvisco;Dupla;"Curva;Rotatória";Sim;958511.0;Motocicleta;HONDA/CG150 FAN ESDI;2014.0;Condutor;Ileso;20.0;Masculino;1.0;0.0;0.0;0.0;-5,758522;-35,28806;SPRF-RN;DEL02-RN;UOP01-DEL02-RN
540981.0;1193083.0;2023-08-08;terça-feira;09:15:00;RN;101.0;80,8;NATAL;Sim;Manobra de mudança de faixa;2;Tombamento;Com Vítimas Feridas;Pleno dia;Crescente;Garoa/Chuvisco;Dupla;"Curva;Rotatória";Sim;958511.0;Motocicleta;HONDA/CG150 FAN ESDI;2014.0;Passageiro;Lesões Leves;34.0;Feminino;0.0;1.0;0.0;0.0;-5,758522;-35,28806;SPRF-RN;DEL02-RN;UOP01-DEL02-RN
540981.0;1193077.0;2023-08-08;terça-feira;09:15:00;RN;101.0;80,8;NATAL;Não;Avarias e/ou desgaste excessivo no pneu;1;Colisão transversal;Com Vítimas Feridas;Pleno dia;Crescente;Garoa/Chuvisco;Dupla;"Curva;Rotatória";Sim;958510.0;Automóvel;Não Informado/Não Informado;0.0;Condutor;Não Informado;;Não Informado;0.0;0.0;0.0;0.0;-5,758522;-35,28806;SPRF-RN;DEL02-RN;UOP01-DEL02-RN
540981.0;1193080.0;2023-08-08;terça-feira;09:15:00;RN;101.0;80,8;NATAL;Não;Avarias e/ou desgaste excessivo no pneu;1;Colisão transversal;Com Vítimas Feridas;Pleno dia;Crescente;Garoa/Chuvisco;Dupla;"Curva;Rotatória";Sim;958511.0;Motocicleta;HONDA/CG150 FAN ESDI;2014.0;Condutor;Ileso;20.0;Masculino;1.0;0.0;0.0;0.0;-5,758522;-35,28806;SPRF-RN;DEL02-RN;UOP01-DEL02-RN
540981.0;1193083.0;2023-08-08;terça-feira;09:15:00;RN;101.0;80,8;NATAL;Não;Avarias e/ou desgaste excessivo no pneu;1;Colisão transversal;Com Vítimas Feridas;Pleno dia;Crescente;Garoa/Chuvisco;Dupla;"Curva;Rotatória";Sim;958511.0;Motocicleta;HONDA/CG150 FAN ESDI;2014.0;Passageiro;Lesões Leves;34.0;Feminino;0.0;1.0;0.0;0.0;-5,758522;-35,28806;SPRF-RN;DEL02-RN;UOP01-DEL02-RN
540981.0;1193077.0;2023-08-08;terça-feira;09:15:00;RN;101.0;80,8;NATAL;Sim;Manobra de mudança de faixa;1;Colisão transversal;Com Vítimas Feridas;Pleno dia;Crescente;Garoa/Chuvisco;Dupla;"Curva;Rotatória";Sim;958510.0;Automóvel;Não Informado/Não Informado;0.0;Condutor;Não Informado;;Não Informado;0.0;0.0;0.0;0.0;-5,758522;-35,28806;SPRF-RN;DEL02-RN;UOP01-DEL02-RN
540981.0;1193080.0;2023-08-08;terça-feira;09:15:00;RN;101.0;80,8;NATAL;Sim;Manobra de mudança de faixa;1;Colisão transversal;Com Vítimas Feridas;Pleno dia;Crescente;Garoa/Chuvisco;Dupla;"Curva;Rotatória";Sim;958511.0;Motocicleta;HONDA/CG150 FAN ESDI;2014.0;Condutor;Ileso;20.0;Masculino;1.0;0.0;0.0;0.0;-5,758522;-35,28806;SPRF-RN;DEL02-RN;UOP01-DEL02-RN
540981.0;1193083.0;2023-08-08;terça-feira;09:15:00;RN;101.0;80,8;NATAL;Sim;Manobra de mudança de faixa;1;Colisão transversal;Com Vítimas Feridas;Pleno dia;Crescente;Garoa/Chuvisco;Dupla;"Curva;Rotatória";Sim;958511.0;Motocicleta;HONDA/CG150 FAN ESDI;2014.0;Passageiro;Lesões Leves;34.0;Feminino;0.0;1.0;0.0;0.0;-5,758522;-35,28806;SPRF-RN;DEL02-RN;UOP01-DEL02-RN
541182.0;1193570.0;2023-06-22;quinta-feira;06:58:00;RN;101.0;97,1;NATAL;Não;Acumulo de água sobre o pavimento;3;Atropelamento de Pedestre;Com Vítimas Feridas;Pleno dia;Decrescente;Chuva;Múltipla;Reta;Sim;958911.0;Motocicleta;HONDA/NXR160 BROS ESDD;2018.0;Condutor;Lesões Graves;34.0;Masculino;0.0;0.0;1.0;0.0;-5,857567;-35,21255;SPRF-RN;DEL01-RN;UOP01-DEL01-RN
541182.0;1193571.0;2023-06-22;quinta-feira;06:58:00;RN;101.0;97,1;NATAL;Não;Acumulo de água sobre o pavimento;3;Atropelamento de Pedestre;Com Vítimas Feridas;Pleno dia;Decrescente;Chuva;Múltipla;Reta;Sim;958912.0;Ônibus;Não Informado/Não Informado;0.0;Condutor;Não Informado;;Não Informado;0.0;0.0;0.0;0.0;-5,857567;-35,21255;SPRF-RN;DEL01-RN;UOP01-DEL01-RN
541182.0;1193570.0;2023-06-22;quinta-feira;06:58:00;RN;101.0;97,1;NATAL;Sim;Pista Escorregadia;3;Atropelamento de Pedestre;Com Vítimas Feridas;Pleno dia;Decrescente;Chuva;Múltipla;Reta;Sim;958911.0;Motocicleta;HONDA/NXR160 BROS ESDD;2018.0;Condutor;Lesões Graves;34.0;Masculino;0.0;0.0;1.0;0.0;-5,857567;-35,21255;SPRF-RN;DEL01-RN;UOP01-DEL01-RN
541182.0;1193571.0;2023-06-22;quinta-feira;06:58:00;RN;101.0;97,1;NATAL;Sim;Pista Escorregadia;3;Atropelamento de Pedestre;Com Vítimas Feridas;Pleno dia;Decrescente;Chuva;Múltipla;Reta;Sim;958912.0;Ônibus;Não Informado/Não Informado;0.0;Condutor;Não Informado;;Não Informado;0.0;0.0;0.0;0.0;-5,857567;-35,21255;SPRF-RN;DEL01-RN;UOP01-DEL01-RN
541182.0;1193570.0;2023-06-22;quinta-feira;06:58:00;RN;101.0;97,1;NATAL;Não;Acumulo de água sobre o pavimento;2;Queda de ocupante de veículo;Com Vítimas Feridas;Pleno dia;Decrescente;Chuva;Múltipla;Reta;Sim;958911.0;Motocicleta;HONDA/NXR160 BROS ESDD;2018.0;Condutor;Lesões Graves;34.0;Masculino;0.0;0.0;1.0;0.0;-5,857567;-35,21255;SPRF-RN;DEL01-RN;UOP01-DEL01-RN
541182.0;1193571.0;2023-06-22;quinta-feira;06:58:00;RN;101.0;97,1;NATAL;Não;Acumulo de água sobre o pavimento;2;Queda de ocupante de veículo;Com Vítimas Feridas;Pleno dia;Decrescente;Chuva;Múltipla;Reta;Sim;958912.0;Ônibus;Não Informado/Não Informado;0.0;Condutor;Não Informado;;Não Informado;0.0;0.0;0.0;0.0;-5,857567;-35,21255;SPRF-RN;DEL01-RN;UOP01-DEL01-RN