id;pesid;data_inversa;dia_semana;horario;uf;br;km;municipio;causa_principal;causa_acidente;ordem_tipo_acidente;tipo_acidente;classificacao_acidente;fase_dia;sentido_via;condicao_metereologica;tipo_pista;tracado_via;uso_solo;id_veiculo;tipo_veiculo;marca;ano_fabricacao_veiculo;tipo_envolvido;estado_fisico;idade;sexo;ilesos;feridos_leves;feridos_graves;mortos;latitude;longitude;regional;delegacia;uop
541182.0;1193570.0;2023-06-22;quinta-feira;06:58:00;RN;101.0;97,1;NATAL;Sim;Pista Escorregadia;2;Queda de ocupante de veículo;Com Vítimas Feridas;Pleno dia;Decrescente;Chuva;Múltipla;Reta;Sim;958911.0;Motocicleta;HONDA/NXR160 BROS ESDD;2018.0;Condutor;Lesões Graves;34.0;Masculino;0.0;0.0;1.0;0.0;-5,857567;-35,21255;SPRF-RN;DEL01-RN;UOP01-DEL01-RN
541182.0;1193571.0;2023-06-22;quinta-feira;06:58:00;RN;101.0;97,1;NATAL;Sim;Pista Escorregadia;2;Queda de ocupante de veículo;Com Vítimas Feridas;Pleno dia;Decrescente;Chuva;Múltipla;Reta;Sim;958912.0;Ônibus;Não Informado/Não Informado;0.0;Condutor;Não Informado;;Não Informado;0.0;0.0;0.0;0.0;-5,857567;-35,21255;SPRF-RN;DEL01-RN;UOP01-DEL01-RN
541182.0;1193570.0;2023-06-22;quinta-feira;06:58:00;RN;101.0;97,1;NATAL;Não;Acumulo de água sobre o pavimento;1;Tombamento;Com Vítimas Feridas;Pleno dia;Decrescente;Chuva;Múltipla;Reta;Sim;958911.0;Motocicleta;HONDA/NXR160 BROS ESDD;2018.0;Condutor;Lesões Graves;34.0;Masculino;0.0;0.0;1.0;0.0;-5,857567;-35,21255;SPRF-RN;DEL01-RN;UOP01-DEL01-RN
541182.0;1193571.0;2023-06-22;quinta-feira;06:58:00;RN;101.0;97,1;NATAL;Não;Acumulo de água sobre o pavimento;1;Tombamento;Com Vítimas Feridas;Pleno dia;Decrescente;Chuva;Múltipla;Reta;Sim;958912.0;Ônibus;Não Informado/Não Informado;0.0;Condutor;Não Informado;;Não Informado;0.0;0.0;0.0;0.0;-5,857567;-35,21255;SPRF-RN;DEL01-RN;UOP01-DEL01-RN
541182.0;1193570.0;2023-06-22;quinta-feira;06:58:00;RN;101.0;97,1;NATAL;Sim;Pista Escorregadia;1;Tombamento;Com Vítimas Feridas;Pleno dia;Decrescente;Chuva;Múltipla;Reta;Sim;958911.0;Motocicleta;HONDA/NXR160 BROS ESDD;2018.0;Condutor;Lesões Graves;34.0;Masculino;0.0;0.0;1.0;0.0;-5,857567;-35,21255;SPRF-RN;DEL01-RN;UOP01-DEL01-RN
541182.0;1193571.0;2023-06-22;quinta-feira;06:58:00;RN;101.0;97,1;NATAL;Sim;Pista Escorregadia;1;Tombamento;Com Vítimas Feridas;Pleno dia;Decrescente;Chuva;Múltipla;Reta;Sim;958912.0;Ônibus;Não Informado/Não Informado;0.0;Condutor;Não Informado;;Não Informado;0.0;0.0;0.0;0.0;-5,857567;-35,21255;SPRF-RN;DEL01-RN;UOP01-DEL01-RN
541905.0;1195357.0;2023-08-12;sábado;17:50:00;RN;101.0;84,7;NATAL;Sim;Entrada inopinada do pedestre;3;Queda de ocupante de veículo;Com Vítimas Feridas;Anoitecer;Decrescente;Céu Claro;Dupla;Reta;Sim;960441.0;Motocicleta;YAMAHA/YBR125I FACTOR ED;2018.0;Condutor;Lesões Leves;24.0;Masculino;0.0;1.0;0.0;0.0;-5,774175;-35,2578;SPRF-RN;DEL02-RN;UOP01-DEL02-RN
541905.0;1195358.0;2023-08-12;sábado;17:50:00;RN;101.0;84,7;NATAL;Sim;Entrada inopinada do pedestre;3;Queda de ocupante de veículo;Com Vítimas Feridas;Anoitecer;Decrescente;Céu Claro;Dupla;Reta;Sim;;;NA/NA;;Pedestre;Lesões Leves;61.0;Masculino;0.0;1.0;0.0;0.0;-5,774175;-35,2578;SPRF-RN;DEL02-RN;UOP01-DEL02-RN
541905.0;1195357.0;2023-08-12;sábado;17:50:00;RN;101.0;84,7;NATAL;Sim;Entrada inopinada do pedestre;2;Tombamento;Com Vítimas Feridas;Anoitecer;Decrescente;Céu Claro;Dupla;Reta;Sim;960441.0;Motocicleta;YAMAHA/YBR125I FACTOR ED;2018.0;Condutor;Lesões Leves;24.0;Masculino;0.0;1.0;0.0;0.0;-5,774175;-35,2578;SPRF-RN;DEL02-RN;UOP01-DEL02-RN
541905.0;1195358.0;2023-08-12;sábado;17:50:00;RN;101.0;84,7;NATAL;Sim;Entrada inopinada do pedestre;2;Tombamento;Com Vítimas Feridas;Anoitecer;Decrescente;Céu Claro;Dupla;Reta;Sim;;;NA/NA;;Pedestre;Lesões Leves;61.0;Masculino;0.0;1.0;0.0;0.0;-5,774175;-35,2578;SPRF-RN;DEL02-RN;UOP01-DEL02-RN
541905.0;1195357.0;2023-08-12;sábado;17:50:00;RN;101.0;84,7;NATAL;Sim;Entrada inopinada do pedestre;1;Atropelamento de Pedestre;Com Vítimas Feridas;Anoitecer;Decrescente;Céu Claro;Dupla;Reta;Sim;960441.0;Motocicleta;YAMAHA/YBR125I FACTOR ED;2018.0;Condutor;Lesões Leves;24.0;Masculino;0.0;1.0;0.0;0.0;-5,774175;-35,2578;SPRF-RN;DEL02-RN;UOP01-DEL02-RN
541905.0;1195358.0;2023-08-12;sábado;17:50:00;RN;101.0;84,7;NATAL;Sim;Entrada inopinada do pedestre;1;Atropelamento de Pedestre;Com Vítimas Feridas;Anoitecer;Decrescente;Céu Claro;Dupla;Reta;Sim;;;NA/NA;;Pedestre;Lesões Leves;61.0;Masculino;0.0;1.0;0.0;0.0;-5,774175;-35,2578;SPRF-RN;DEL02-RN;UOP01-DEL02-RN
542282.0;1196072.0;2023-06-20;terça-feira;20:30:00;RN;101.0;85,4;NATAL;Sim;Falta de acostamento;1;Colisão lateral mesmo sentido;Com Vítimas Feridas;Plena Noite;Crescente;Céu Claro;Simples;"Reta;Em Obras;Desvio Temporário;Ponte";Sim;960945.0;Motoneta;HONDA/BIZ 125;2021.0;Condutor;Lesões Graves;49.0;Feminino;0.0;0.0;1.0;0.0;-5,784065;-35,24654;SPRF-RN;DEL02-RN;UOP01-DEL02-RN
542282.0;1196073.0;2023-06-20;terça-feira;20:30:00;RN;101.0;85,4;NATAL;Sim;Falta de acostamento;1;Colisão lateral mesmo sentido;Com Vítimas Feridas;Plena Noite;Crescente;Céu Claro;Simples;"Reta;Em Obras;Desvio Temporário;Ponte";Sim;960946.0;Bicicleta;Não Informado/Não Informado;0.0;Condutor;Não Informado;;Não Informado;0.0;0.0;0.0;0.0;-5,784065;-35,24654;SPRF-RN;DEL02-RN;UOP01-DEL02-RN
542482.0;1196663.0;2023-08-15;terça-feira;08:18:00;RN;226.0;3;NATAL;Não;Reação tardia ou ineficiente do condutor;1;Colisão traseira;Com Vítimas Feridas;Pleno dia;Crescente;Céu Claro;Simples;Reta;Sim;961445.0;Automóvel;CHEVROLET/ONIX 1.0MT LT;2017.0;Condutor;Lesões Leves;44.0;Masculino;0.0;1.0;0.0;0.0;-5,820857;-35,25187;SPRF-RN;DEL01-RN;UOP02-DEL01-RN
542482.0;1196664.0;2023-08-15;terça-feira;08:18:00;RN;226.0;3;NATAL;Não;Reação tardia ou ineficiente do condutor;1;Colisão traseira;Com Vítimas Feridas;Pleno dia;Crescente;Céu Claro;Simples;Reta;Sim;961446.0;Caminhão;AGRALE/1600D RD;1988.0;Condutor;Ileso;35.0;Masculino;1.0;0.0;0.0;0.0;-5,820857;-35,25187;SPRF-RN;DEL01-RN;UOP02-DEL01-RN
542482.0;1196663.0;2023-08-15;terça-feira;08:18:00;RN;226.0;3;NATAL;Sim;Acessar a via sem observar a presença dos outros veículos;1;Colisão traseira;Com Vítimas Feridas;Pleno dia;Crescente;Céu Claro;Simples;Reta;Sim;961445.0;Automóvel;CHEVROLET/ONIX 1.0MT LT;2017.0;Condutor;Lesões Leves;44.0;Masculino;0.0;1.0;0.0;0.0;-5,820857;-35,25187;SPRF-RN;DEL01-RN;UOP02-DEL01-RN
542482.0;1196664.0;2023-08-15;terça-feira;08:18:00;RN;226.0;3;NATAL;Sim;Acessar a via sem observar a presença dos outros veículos;1;Colisão traseira;Com Vítimas Feridas;Pleno dia;Crescente;Céu Claro;Simples;Reta;Sim;961446.0;Caminhão;AGRALE/1600D RD;1988.0;Condutor;Ileso;35.0;Masculino;1.0;0.0;0.0;0.0;-5,820857;-35,25187;SPRF-RN;DEL01-RN;UOP02-DEL01-RN
542490.0;1196734.0;2023-08-15;terça-feira;08:30:00;RN;101.0;84;NATAL;Sim;Condutor deixou de manter distância do veículo da frente;1;Colisão traseira;Com Vítimas Feridas;Pleno dia;Crescente;Céu Claro;Dupla;Reta;Sim;961518.0;Motocicleta;HONDA/CG 160 TITAN;2019.0;Condutor;Lesões Graves;46.0;Masculino;0.0;0.0;1.0;0.0;-5,774175;-35,2578;SPRF-RN;DEL02-RN;UOP01-DEL02-RN
542490.0;1196943.0;2023-08-15;terça-feira;08:30:00;RN;101.0;84;NATAL;Sim;Condutor deixou de manter distância do veículo da frente;1;Colisão traseira;Com Vítimas Feridas;Pleno dia;Crescente;Céu Claro;Dupla;Reta;Sim;961519.0;Automóvel;RENAULT/LOGAN DYNA 16 M;2014.0;Condutor;Ileso;55.0;Masculino;1.0;0.0;0.0;0.0;-5,774175;-35,2578;SPRF-RN;DEL02-RN;UOP01-DEL02-RN
542565.0;1196859.0;2023-08-15;terça-feira;19:25:00;RN;101.0;99;NATAL;Sim;Ausência de reação do condutor;1;Queda de ocupante de veículo;Com Vítimas Feridas;Plena Noite;Decrescente;Céu Claro;Simples;Reta;Sim;961619.0;Motocicleta;YAMAHA/FACTOR YBR125 ED;2009.0;Condutor;Lesões Graves;64.0;Masculino;0.0;0.0;1.0;0.0;-5,873592;-35,22063;SPRF-RN;DEL01-RN;UOP01-DEL01-RN
542580.0;1196826.0;2023-05-03;quarta-feira;19:15:00;RN;101.0;84,4;NATAL;Sim;Manobra de mudança de faixa;1;Colisão lateral mesmo sentido;Com Vítimas Feridas;Plena Noite;Decrescente;Céu Claro;Dupla;Reta;Sim;961595.0;Caminhonete;I/VW AMAROK CD 4X4 TREND;2012.0;Condutor;Ileso;36.0;Masculino;1.0;0.0;0.0;0.0;-5,774175;-35,2578;SPRF-RN;DEL02-RN;UOP01-DEL02-RN
542580.0;1196827.0;2023-05-03;quarta-feira;19:15:00;RN;101.0;84,4;NATAL;Sim;Manobra de mudança de faixa;1;Colisão lateral mesmo sentido;Com Vítimas Feridas;Plena Noite;Decrescente;Céu Claro;Dupla;Reta;Sim;961596.0;Motocicleta;HONDA/CG 125 FAN KS;2012.0;Passageiro;Lesões Graves;27.0;Feminino;0.0;0.0;1.0;0.0;-5,774175;-35,2578;SPRF-RN;DEL02-RN;UOP01-DEL02-RN
542580.0;1196828.0;2023-05-03;quarta-feira;19:15:00;RN;101.0;84,4;NATAL;Sim;Manobra de mudança de faixa;1;Colisão lateral mesmo sentido;Com Vítimas Feridas;Plena Noite;Decrescente;Céu Claro;Dupla;Reta;Sim;961596.0;Motocicleta;HONDA/CG 125 FAN KS;2012.0;Condutor;Ileso;38.0;Masculino;1.0;0.0;0.0;0.0;-5,774175;-35,2578;SPRF-RN;DEL02-RN;UOP01-DEL02-RN
542694.0;1197080.0;2023-05-24;quarta-feira;09:00:00;RN;101.0;94,3;NATAL;Sim;Condutor deixou de manter distância do veículo da frente;1;Colisão traseira;Com Vítimas Feridas;Pleno dia;Crescente;Céu Claro;Dupla;Reta;Sim;961824.0;Motocicleta;HONDA/CG 160 FAN;2018.0;Condutor;Lesões Graves;28.0;Feminino;0.0;0.0;1.0;0.0;-5,831766;-35,21191;SPRF-RN;DEL01-RN;UOP01-DEL01-RN
542694.0;1197082.0;2023-05-24;quarta-feira;09:00:00;RN;101.0;94,3;NATAL;Sim;Condutor deixou de manter distância do veículo da frente;1;Colisão traseira;Com Vítimas Feridas;Pleno dia;Crescente;Céu Claro;Dupla;Reta;Sim;961824.0;Motocicleta;HONDA/CG 160 FAN;2018.0;Passageiro;Ileso;24.0;Feminino;1.0;0.0;0.0;0.0;-5,831766;-35,21191;SPRF-RN;DEL01-RN;UOP01-DEL01-RN
542694.0;1197081.0;2023-05-24;quarta-feira;09:00:00;RN;101.0;94,3;NATAL;Sim;Condutor deixou de manter distância do veículo da frente;1;Colisão traseira;Com Vítimas Feridas;Pleno dia;Crescente;Céu Claro;Dupla;Reta;Sim;961825.0;Utilitário;I/TOYOTA HILUX SWSRXA4FD;2022.0;Condutor;Ileso;48.0;Masculino;1.0;0.0;0.0;0.0;-5,831766;-35,21191;SPRF-RN;DEL01-RN;UOP01-DEL01-RN
543176.0;1198439.0;2023-08-18;sexta-feira;22:00:00;RN;101.0;82,1;NATAL;Sim;Ingestão de álcool e/ou substâncias psicoativas pelo pedestre;1;Colisão frontal;Sem Vítimas;Plena Noite;Crescente;Chuva;Dupla;"Interseção de Vias;Reta";Sim;962958.0;Automóvel;CHEVROLET/ONIX 1.0MT LT;2019.0;Condutor;Ileso;65.0;Masculino;1.0;0.0;0.0;0.0;-5,766873;-35,27758;SPRF-RN;DEL02-RN;UOP01-DEL02-RN
543176.0;1198442.0;2023-08-18;sexta-feira;22:00:00;RN;101.0;82,1;NATAL;Sim;Ingestão de álcool e/ou substâncias psicoativas pelo pedestre;1;Colisão frontal;Sem Vítimas;Plena Noite;Crescente;Chuva;Dupla;"Interseção de Vias;Reta";Sim;962959.0;Automóvel;FIAT/ARGO DRIVE 1.3;2018.0;Condutor;Ileso;39.0;Masculino;1.0;0.0;0.0;0.0;-5,766873;-35,27758;SPRF-RN;DEL02-RN;UOP01-DEL02-RN
543774.0;1199792.0;2023-08-21;segunda-feira;22:25:00;RN;101.0;76,5;NATAL;Não;Desvio temporário;2;Queda de ocupante de veículo;Com Vítimas Feridas;Plena Noite;Crescente;Nublado;Dupla;Em Obras;Sim;964012.0;Motocicleta;YAMAHA/YS150 FAZER ED;2014.0;Condutor;Lesões Graves;31.0;Masculino;0.0;0.0;1.0;0.0;-5,72603;-35,28461;SPRF-RN;DEL02-RN;UOP01-DEL02-RN
543774.0;1199792.0;2023-08-21;segunda-feira;22:25:00;RN;101.0;76,5;NATAL;Sim;Pista Escorregadia;2;Queda de ocupante de veículo;Com Vítimas Feridas;Plena Noite;Crescente;Nublado;Dupla;Em Obras;Sim;964012.0;Motocicleta;YAMAHA/YS150 FAZER ED;2014.0;Condutor;Lesões Graves;31.0;Masculino;0.0;0.0;1.0;0.0;-5,72603;-35,28461;SPRF-RN;DEL02-RN;UOP01-DEL02-RN
543774.0;1199792.0;2023-08-21;segunda-feira;22:25:00;RN;101.0;76,5;NATAL;Não;Desvio temporário;1;Tombamento;Com Vítimas Feridas;Plena Noite;Crescente;Nublado;Dupla;Em Obras;Sim;964012.0;Motocicleta;YAMAHA/YS150 FAZER ED;2014.0;Condutor;Lesões Graves;31.0;Masculino;0.0;0.0;1.0;0.0;-5,72603;-35,28461;SPRF-RN;DEL02-RN;UOP01-DEL02-RN
543774.0;1199792.0;2023-08-21;segunda-feira;22:25:00;RN;101.0;76,5;NATAL;Sim;Pista Escorregadia;1;Tombamento;Com Vítimas Feridas;Plena Noite;Crescente;Nublado;Dupla;Em Obras;Sim;964012.0;Motocicleta;YAMAHA/YS150 FAZER ED;2014.0;Condutor;Lesões Graves;31.0;Masculino;0.0;0.0;1.0;0.0;-5,72603;-35,28461;SPRF-RN;DEL02-RN;UOP01-DEL02-RN
543807.0;1199857.0;2023-06-20;terça-feira;04:55:00;RN;101.0;83;NATAL;Sim;Pedestre andava na pista;2;Atropelamento de Pedestre;Com Vítimas Fatais;Amanhecer;Decrescente;Céu Claro;Dupla;"Viaduto;Declive";Sim;964079.0;Automóvel;Não Informado/Não Informado;0.0;Condutor;Não Informado;;Não Informado;0.0;0.0;0.0;0.0;-5,771045;-35,26617;SPRF-RN;DEL02-RN;UOP01-DEL02-RN
543807.0;1199856.0;2023-06-20;terça-feira;04:55:00;RN;101.0;83;NATAL;Sim;Pedestre andava na pista;2;Atropelamento de Pedestre;Com Vítimas Fatais;Amanhecer;Decrescente;Céu Claro;Dupla;"Viaduto;Declive";Sim;964078.0;Automóvel;Não Informado/Não Informado;0.0;Condutor;Não Informado;;Não Informado;0.0;0.0;0.0;0.0;-5,771045;-35,26617;SPRF-RN;DEL02-RN;UOP01-DEL02-RN
543807.0;1199855.0;2023-06-20;terça-feira;04:55:00;RN;101.0;83;NATAL;Sim;Pedestre andava na pista;2;Atropelamento de Pedestre;Com Vítimas Fatais;Amanhecer;Decrescente;Céu Claro;Dupla;"Viaduto;Declive";Sim;;;NA/NA;;Pedestre;Óbito;29.0;Masculino;0.0;0.0;0.0;1.0;-5,771045;-35,26617;SPRF-RN;DEL02-RN;UOP01-DEL02-RN
543807.0;1199857.0;2023-06-20;terça-feira;04:55:00;RN;101.0;83;NATAL;Sim;Pedestre andava na pista;1;Atropelamento de Pedestre;Com Vítimas Fatais;Amanhecer;Decrescente;Céu Claro;Dupla;"Viaduto;Declive";Sim;964079.0;Automóvel;Não Informado/Não Informado;0.0;Condutor;Não Informado;;Não Informado;0.0;0.0;0.0;0.0;-5,771045;-35,26617;SPRF-RN;DEL02-RN;UOP01-DEL02-RN
543807.0;1199856.0;2023-06-20;terça-feira;04:55:00;RN;101.0;83;NATAL;Sim;Pedestre andava na pista;1;Atropelamento de Pedestre;Com Vítimas Fatais;Amanhecer;Decrescente;Céu Claro;Dupla;"Viaduto;Declive";Sim;964078.0;Automóvel;Não Informado/Não Informado;0.0;Condutor;Não Informado;;Não Informado;0.0;0.0;0.0;0.0;-5,771045;-35,26617;SPRF-RN;DEL02-RN;UOP01-DEL02-RN
543807.0;1199855.0;2023-06-20;terça-feira;04:55:00;RN;101.0;83;NATAL;Sim;Pedestre andava na pista;1;Atropelamento de Pedestre;Com Vítimas Fatais;Amanhecer;Decrescente;Céu Claro;Dupla;"Viaduto;Declive";Sim;;;NA/NA;;Pedestre;Óbito;29.0;Masculino;0.0;0.0;0.0;1.0;-5,771045;-35,26617;SPRF-RN;DEL02-RN;UOP01-DEL02-RN
544653.0;1201985.0;2023-08-26;sábado;09:30:00;RN;101.0;94,5;NATAL;Sim;Condutor deixou de manter distância do veículo da frente;3;Queda de ocupante de veículo;Com Vítimas Feridas;Pleno dia;Crescente;Céu Claro;Dupla;"Aclive;Viaduto;Reta";Sim;965779.0;Automóvel;HONDA/FIT EXL CVT;2018.0;Condutor;Ileso;57.0;Masculino;1.0;0.0;0.0;0.0;-5,840768;-35,21036;SPRF-RN;DEL01-RN;UOP01-DEL01-RN
544653.0;1201986.0;2023-08-26;sábado;09:30:00;RN;101.0;94,5;NATAL;Sim;Condutor deixou de manter distância do veículo da frente;3;Queda de ocupante de veículo;Com Vítimas Feridas;Pleno dia;Crescente;Céu Claro;Dupla;"Aclive;Viaduto;Reta";Sim;965779.0;Automóvel;HONDA/FIT EXL CVT;2018.0;Passageiro;Ileso;57.0;Feminino;1.0;0.0;0.0;0.0;-5,840768;-35,21036;SPRF-RN;DEL01-RN;UOP01-DEL01-RN
544653.0;1201987.0;2023-08-26;sábado;09:30:00;RN;101.0;94,5;NATAL;Sim;Condutor deixou de manter distância do veículo da frente;3;Queda de ocupante de veículo;Com Vítimas Feridas;Pleno dia;Crescente;Céu Claro;Dupla;"Aclive;Viaduto;Reta";Sim;965780.0;Motocicleta;HONDA/CG 125 FAN KS;2015.0;Condutor;Lesões Leves;37.0;Masculino;0.0;1.0;0.0;0.0;-5,840768;-35,21036;SPRF-RN;DEL01-RN;UOP01-DEL01-RN
544653.0;1201985.0;2023-08-26;sábado;09:30:00;RN;101.0;94,5;NATAL;Sim;Condutor deixou de manter distância do veículo da frente;2;Tombamento;Com Vítimas Feridas;Pleno dia;Crescente;Céu Claro;Dupla;"Aclive;Viaduto;Reta";Sim;965779.0;Automóvel;HONDA/FIT EXL CVT;2018.0;Condutor;Ileso;57.0;Masculino;1.0;0.0;0.0;0.0;-5,840768;-35,21036;SPRF-RN;DEL01-RN;UOP01-DEL01-RN
544653.0;1201986.0;2023-08-26;sábado;09:30:00;RN;101.0;94,5;NATAL;Sim;Condutor deixou de manter distância do veículo da frente;2;Tombamento;Com Vítimas Feridas;Pleno dia;Crescente;Céu Claro;Dupla;"Aclive;Viaduto;Reta";Sim;965779.0;Automóvel;HONDA/FIT EXL CVT;2018.0;Passageiro;Ileso;57.0;Feminino;1.0;0.0;0.0;0.0;-5,840768;-35,21036;SPRF-RN;DEL01-RN;UOP01-DEL01-RN
544653.0;1201987.0;2023-08-26;sábado;09:30:00;RN;101.0;94,5;NATAL;Sim;Condutor deixou de manter distância do veículo da frente;2;Tombamento;Com Vítimas Feridas;Pleno dia;Crescente;Céu Claro;Dupla;"Aclive;Viaduto;Reta";Sim;965780.0;Motocicleta;HONDA/CG 125 FAN KS;2015.0;Condutor;Lesões Leves;37.0;Masculino;0.0;1.0;0.0;0.0;-5,840768;-35,21036;SPRF-RN;DEL01-RN;UOP01-DEL01-RN
544653.0;1201985.0;2023-08-26;sábado;09:30:00;RN;101.0;94,5;NATAL;Sim;Condutor deixou de manter distância do veículo da frente;1;Colisão traseira;Com Vítimas Feridas;Pleno dia;Crescente;Céu Claro;Dupla;"Aclive;Viaduto;Reta";Sim;965779.0;Automóvel;HONDA/FIT EXL CVT;2018.0;Condutor;Ileso;57.0;Masculino;1.0;0.0;0.0;0.0;-5,840768;-35,21036;SPRF-RN;DEL01-RN;UOP01-DEL01-RN
544653.0;1201986.0;2023-08-26;sábado;09:30:00;RN;101.0;94,5;NATAL;Sim;Condutor deixou de manter distância do veículo da frente;1;Colisão traseira;Com Vítimas Feridas;Pleno dia;Crescente;Céu Claro;Dupla;"Aclive;Viaduto;Reta";Sim;965779.0;Automóvel;HONDA/FIT EXL CVT;2018.0;Passageiro;Ileso;57.0;Feminino;1.0;0.0;0.0;0.0;-5,840768;-35,21036;SPRF-RN;DEL01-RN;UOP01-DEL01-RN
544653.0;1201987.0;2023-08-26;sábado;09:30:00;RN;101.0;94,5;NATAL;Sim;Condutor deixou de manter distância do veículo da frente;1;Colisão traseira;Com Vítimas Feridas;Pleno dia;Crescente;Céu Claro;Dupla;"Aclive;Viaduto;Reta";Sim;965780.0;Motocicleta;HONDA/CG 125 FAN KS;2015.0;Condutor;Lesões Leves;37.0;Masculino;0.0;1.0;0.0;0.0;-5,840768;-35,21036;SPRF-RN;DEL01-RN;UOP01-DEL01-RN
545383.0;1203780.0;2023-08-29;terça-feira;23:25:00;RN;101.0;98;NATAL;Não;Demais falhas mecânicas ou elétricas;1;Colisão traseira;Com Vítimas Feridas;Plena Noite;Crescente;Céu Claro;Múltipla;"Viaduto;Declive";Não;967196.0;Automóvel;FIAT/PALIO FIRE;2002.0;Condutor;Lesões Leves;27.0;Masculino;0.0;1.0;0.0;0.0;-5,865679;-35,21652;SPRF-RN;DEL01-RN;UOP01-DEL01-RN
545383.0;1203781.0;2023-08-29;terça-feira;23:25:00;RN;101.0;98;NATAL;Não;Demais falhas mecânicas ou elétricas;1;Colisão traseira;Com Vítimas Feridas;Plena Noite;Crescente;Céu Claro;Múltipla;"Viaduto;Declive";Não;967196.0;Automóvel;FIAT/PALIO FIRE;2002.0;Passageiro;Lesões Leves;54.0;Feminino;0.0;1.0;0.0;0.0;-5,865679;-35,21652;SPRF-RN;DEL01-RN;UOP01-DEL01-RN
545383.0;1207901.0;2023-08-29;terça-feira;23:25:00;RN;101.0;98;NATAL;Não;Demais falhas mecânicas ou elétricas;1;Colisão traseira;Com Vítimas Feridas;Plena Noite;Crescente;Céu Claro;Múltipla;"Viaduto;Declive";Não;967197.0;Automóvel;TOYOTA/ETIOS HB XS;2013.0;Passageiro;Ileso;17.0;Feminino;1.0;0.0;0.0;0.0;-5,865679;-35,21652;SPRF-RN;DEL01-RN;UOP01-DEL01-RN
545383.0;1203782.0;2023-08-29;terça-feira;23:25:00;RN;101.0;98;NATAL;Não;Demais falhas mecânicas ou elétricas;1;Colisão traseira;Com Vítimas Feridas;Plena Noite;Crescente;Céu Claro;Múltipla;"Viaduto;Declive";Não;967197.0;Automóvel;TOYOTA/ETIOS HB XS;2013.0;Condutor;Lesões Leves;29.0;Masculino;0.0;1.0;0.0;0.0;-5,865679;-35,21652;SPRF-RN;DEL01-RN;UOP01-DEL01-RN
545383.0;1203780.0;2023-08-29;terça-feira;23:25:00;RN;101.0;98;NATAL;Sim;Ausência de reação do condutor;1;Colisão traseira;Com Vítimas Feridas;Plena Noite;Crescente;Céu Claro;Múltipla;"Viaduto;Declive";Não;967196.0;Automóvel;FIAT/PALIO FIRE;2002.0;Condutor;Lesões Leves;27.0;Masculino;0.0;1.0;0.0;0.0;-5,865679;-35,21652;SPRF-RN;DEL01-RN;UOP01-DEL01-RN
545383.0;1203781.0;2023-08-29;terça-feira;23:25:00;RN;101.0;98;NATAL;Sim;Ausência de reação do condutor;1;Colisão traseira;Com Vítimas Feridas;Plena Noite;Crescente;Céu Claro;Múltipla;"Viaduto;Declive";Não;967196.0;Automóvel;FIAT/PALIO FIRE;2002.0;Passageiro;Lesões Leves;54.0;Feminino;0.0;1.0;0.0;0.0;-5,865679;-35,21652;SPRF-RN;DEL01-RN;UOP01-DEL01-RN
545383.0;1207901.0;2023-08-29;terça-feira;23:25:00;RN;101.0;98;NATAL;Sim;Ausência de reação do condutor;1;Colisão traseira;Com Vítimas Feridas;Plena Noite;Crescente;Céu Claro;Múltipla;"Viaduto;Declive";Não;967197.0;Automóvel;TOYOTA/ETIOS HB XS;2013.0;Passageiro;Ileso;17.0;Feminino;1.0;0.0;0.0;0.0;-5,865679;-35,21652;SPRF-RN;DEL01-RN;UOP01-DEL01-RN
545383.0;1203782.0;2023-08-29;terça-feira;23:25:00;RN;101.0;98;NATAL;Sim;Ausência de reação do condutor;1;Colisão traseira;Com Vítimas Feridas;Plena Noite;Crescente;Céu Claro;Múltipla;"Viaduto;Declive";Não;967197.0;Automóvel;TOYOTA/ETIOS HB XS;2013.0;Condutor;Lesões Leves;29.0;Masculino;0.0;1.0;0.0;0.0;-5,865679;-35,21652;SPRF-RN;DEL01-RN;UOP01-DEL01-RN
545637.0;1204325.0;2023-07-07;sexta-feira;21:40:00;RN;226.0;5;NATAL;Não;Iluminação deficiente;1;Atropelamento de Pedestre;Com Vítimas Fatais;Plena Noite;Crescente;Nublado;Simples;Reta;Sim;967646.0;Ônibus;M.BENZ/COMIL SVELTO U;2010.0;Condutor;Ileso;45.0;Masculino;1.0;0.0;0.0;0.0;-5,820901;-35,26828;SPRF-RN;DEL01-RN;UOP02-DEL01-RN
545637.0;1204324.0;2023-07-07;sexta-feira;21:40:00;RN;226.0;5;NATAL;Não;Iluminação deficiente;1;Atropelamento de Pedestre;Com Vítimas Fatais;Plena Noite;Crescente;Nublado;Simples;Reta;Sim;;;NA/NA;;Pedestre;Óbito;55.0;Masculino;0.0;0.0;0.0;1.0;-5,820901;-35,26828;SPRF-RN;DEL01-RN;UOP02-DEL01-RN
545637.0;1204325.0;2023-07-07;sexta-feira;21:40:00;RN;226.0;5;NATAL;Sim;Acessar a via sem observar a presença dos outros veículos;1;Atropelamento de Pedestre;Com Vítimas Fatais;Plena Noite;Crescente;Nublado;Simples;Reta;Sim;967646.0;Ônibus;M.BENZ/COMIL SVELTO U;2010.0;Condutor;Ileso;45.0;Masculino;1.0;0.0;0.0;0.0;-5,820901;-35,26828;SPRF-RN;DEL01-RN;UOP02-DEL01-RN
545637.0;1204324.0;2023-07-07;sexta-feira;21:40:00;RN;226.0;5;NATAL;Sim;Acessar a via sem observar a presença dos outros veículos;1;Atropelamento de Pedestre;Com Vítimas Fatais;Plena Noite;Crescente;Nublado;Simples;Reta;Sim;;;NA/NA;;Pedestre;Óbito;55.0;Masculino;0.0;0.0;0.0;1.0;-5,820901;-35,26828;SPRF-RN;DEL01-RN;UOP02-DEL01-RN