id;pesid;data_inversa;dia_semana;horario;uf;br;km;municipio;causa_principal;causa_acidente;ordem_tipo_acidente;tipo_acidente;classificacao_acidente;fase_dia;sentido_via;condicao_metereologica;tipo_pista;tracado_via;uso_solo;id_veiculo;tipo_veiculo;marca;ano_fabricacao_veiculo;tipo_envolvido;estado_fisico;idade;sexo;ilesos;feridos_leves;feridos_graves;mortos;latitude;longitude;regional;delegacia;uop
545810.0;1204832.0;2023-09-01;sexta-feira;08:55:00;RN;101.0;83,9;NATAL;Não;Área urbana sem a presença de local apropriado para a travessia de pedestres;1;Atropelamento de Pedestre;Com Vítimas Feridas;Pleno dia;Crescente;Céu Claro;Dupla;Interseção de Vias;Sim;968063.0;Automóvel;FIAT/UNO MILLE WAY ECON;2013.0;Condutor;Ileso;42.0;Masculino;1.0;0.0;0.0;0.0;-5,771044;-35,26617;SPRF-RN;DEL02-RN;UOP01-DEL02-RN
545810.0;1204833.0;2023-09-01;sexta-feira;08:55:00;RN;101.0;83,9;NATAL;Não;Área urbana sem a presença de local apropriado para a travessia de pedestres;1;Atropelamento de Pedestre;Com Vítimas Feridas;Pleno dia;Crescente;Céu Claro;Dupla;Interseção de Vias;Sim;;;NA/NA;;Pedestre;Lesões Leves;35.0;Feminino;0.0;1.0;0.0;0.0;-5,771044;-35,26617;SPRF-RN;DEL02-RN;UOP01-DEL02-RN
545810.0;1204832.0;2023-09-01;sexta-feira;08:55:00;RN;101.0;83,9;NATAL;Não;Reação tardia ou ineficiente do condutor;1;Atropelamento de Pedestre;Com Vítimas Feridas;Pleno dia;Crescente;Céu Claro;Dupla;Interseção de Vias;Sim;968063.0;Automóvel;FIAT/UNO MILLE WAY ECON;2013.0;Condutor;Ileso;42.0;Masculino;1.0;0.0;0.0;0.0;-5,771044;-35,26617;SPRF-RN;DEL02-RN;UOP01-DEL02-RN
545810.0;1204833.0;2023-09-01;sexta-feira;08:55:00;RN;101.0;83,9;NATAL;Não;Reação tardia ou ineficiente do condutor;1;Atropelamento de Pedestre;Com Vítimas Feridas;Pleno dia;Crescente;Céu Claro;Dupla;Interseção de Vias;Sim;;;NA/NA;;Pedestre;Lesões Leves;35.0;Feminino;0.0;1.0;0.0;0.0;-5,771044;-35,26617;SPRF-RN;DEL02-RN;UOP01-DEL02-RN
545810.0;1204832.0;2023-09-01;sexta-feira;08:55:00;RN;101.0;83,9;NATAL;Sim;Pedestre cruzava a pista fora da faixa;1;Atropelamento de Pedestre;Com Vítimas Feridas;Pleno dia;Crescente;Céu Claro;Dupla;Interseção de Vias;Sim;968063.0;Automóvel;FIAT/UNO MILLE WAY ECON;2013.0;Condutor;Ileso;42.0;Masculino;1.0;0.0;0.0;0.0;-5,771044;-35,26617;SPRF-RN;DEL02-RN;UOP01-DEL02-RN
545810.0;1204833.0;2023-09-01;sexta-feira;08:55:00;RN;101.0;83,9;NATAL;Sim;Pedestre cruzava a pista fora da faixa;1;Atropelamento de Pedestre;Com Vítimas Feridas;Pleno dia;Crescente;Céu Claro;Dupla;Interseção de Vias;Sim;;;NA/NA;;Pedestre;Lesões Leves;35.0;Feminino;0.0;1.0;0.0;0.0;-5,771044;-35,26617;SPRF-RN;DEL02-RN;UOP01-DEL02-RN
546657.0;1206715.0;2023-09-05;terça-feira;05:30:00;RN;226.0;8;NATAL;Sim;Animais na Pista;2;Queda de ocupante de veículo;Com Vítimas Feridas;Pleno dia;Crescente;Nublado;Simples;Reta;Não;969603.0;Motocicleta;HONDA/CG 125 FAN KS;2012.0;Condutor;Lesões Graves;44.0;Masculino;0.0;0.0;1.0;0.0;-5,835833;-35,28031;SPRF-RN;DEL01-RN;UOP02-DEL01-RN
546657.0;1206715.0;2023-09-05;terça-feira;05:30:00;RN;226.0;8;NATAL;Sim;Animais na Pista;1;Atropelamento de Animal;Com Vítimas Feridas;Pleno dia;Crescente;Nublado;Simples;Reta;Não;969603.0;Motocicleta;HONDA/CG 125 FAN KS;2012.0;Condutor;Lesões Graves;44.0;Masculino;0.0;0.0;1.0;0.0;-5,835833;-35,28031;SPRF-RN;DEL01-RN;UOP02-DEL01-RN
546677.0;1206743.0;2023-09-05;terça-feira;08:29:00;RN;101.0;94;NATAL;Sim;Condutor deixou de manter distância do veículo da frente;1;Colisão traseira;Com Vítimas Feridas;Pleno dia;Decrescente;Céu Claro;Dupla;Reta;Sim;969622.0;Motocicleta;HONDA/CG 125I FAN;2016.0;Passageiro;Ileso;31.0;Masculino;1.0;0.0;0.0;0.0;-5,831766;-35,21191;SPRF-RN;DEL01-RN;UOP01-DEL01-RN
546677.0;1206742.0;2023-09-05;terça-feira;08:29:00;RN;101.0;94;NATAL;Sim;Condutor deixou de manter distância do veículo da frente;1;Colisão traseira;Com Vítimas Feridas;Pleno dia;Decrescente;Céu Claro;Dupla;Reta;Sim;969622.0;Motocicleta;HONDA/CG 125I FAN;2016.0;Condutor;Lesões Leves;31.0;Masculino;0.0;1.0;0.0;0.0;-5,831766;-35,21191;SPRF-RN;DEL01-RN;UOP01-DEL01-RN
546677.0;1210734.0;2023-09-05;terça-feira;08:29:00;RN;101.0;94;NATAL;Sim;Condutor deixou de manter distância do veículo da frente;1;Colisão traseira;Com Vítimas Feridas;Pleno dia;Decrescente;Céu Claro;Dupla;Reta;Sim;972777.0;Automóvel;Não Informado/Não Informado;0.0;Condutor;Ileso;;Ignorado;1.0;0.0;0.0;0.0;-5,831766;-35,21191;SPRF-RN;DEL01-RN;UOP01-DEL01-RN
546858.0;1207260.0;2023-09-06;quarta-feira;07:00:00;RN;101.0;81,9;NATAL;Não;Trafegar com motocicleta (ou similar) entre as faixas;2;Tombamento;Com Vítimas Feridas;Pleno dia;Decrescente;Céu Claro;Dupla;Reta;Sim;970115.0;Automóvel;GM/VECTRA SEDAN ELEGANCE;2008.0;Condutor;Ileso;39.0;Feminino;1.0;0.0;0.0;0.0;-5,764695;-35,28296;SPRF-RN;DEL02-RN;UOP01-DEL02-RN
546858.0;1207261.0;2023-09-06;quarta-feira;07:00:00;RN;101.0;81,9;NATAL;Não;Trafegar com motocicleta (ou similar) entre as faixas;2;Tombamento;Com Vítimas Feridas;Pleno dia;Decrescente;Céu Claro;Dupla;Reta;Sim;970117.0;Motocicleta;HONDA/CBX 200 STRADA;2000.0;Condutor;Lesões Graves;50.0;Masculino;0.0;0.0;1.0;0.0;-5,764695;-35,28296;SPRF-RN;DEL02-RN;UOP01-DEL02-RN
546858.0;1207265.0;2023-09-06;quarta-feira;07:00:00;RN;101.0;81,9;NATAL;Não;Trafegar com motocicleta (ou similar) entre as faixas;2;Tombamento;Com Vítimas Feridas;Pleno dia;Decrescente;Céu Claro;Dupla;Reta;Sim;970117.0;Motocicleta;HONDA/CBX 200 STRADA;2000.0;Passageiro;Lesões Leves;26.0;Feminino;0.0;1.0;0.0;0.0;-5,764695;-35,28296;SPRF-RN;DEL02-RN;UOP01-DEL02-RN
546858.0;1207260.0;2023-09-06;quarta-feira;07:00:00;RN;101.0;81,9;NATAL;Sim;Velocidade Incompatível;2;Tombamento;Com Vítimas Feridas;Pleno dia;Decrescente;Céu Claro;Dupla;Reta;Sim;970115.0;Automóvel;GM/VECTRA SEDAN ELEGANCE;2008.0;Condutor;Ileso;39.0;Feminino;1.0;0.0;0.0;0.0;-5,764695;-35,28296;SPRF-RN;DEL02-RN;UOP01-DEL02-RN
546858.0;1207261.0;2023-09-06;quarta-feira;07:00:00;RN;101.0;81,9;NATAL;Sim;Velocidade Incompatível;2;Tombamento;Com Vítimas Feridas;Pleno dia;Decrescente;Céu Claro;Dupla;Reta;Sim;970117.0;Motocicleta;HONDA/CBX 200 STRADA;2000.0;Condutor;Lesões Graves;50.0;Masculino;0.0;0.0;1.0;0.0;-5,764695;-35,28296;SPRF-RN;DEL02-RN;UOP01-DEL02-RN
546858.0;1207265.0;2023-09-06;quarta-feira;07:00:00;RN;101.0;81,9;NATAL;Sim;Velocidade Incompatível;2;Tombamento;Com Vítimas Feridas;Pleno dia;Decrescente;Céu Claro;Dupla;Reta;Sim;970117.0;Motocicleta;HONDA/CBX 200 STRADA;2000.0;Passageiro;Lesões Leves;26.0;Feminino;0.0;1.0;0.0;0.0;-5,764695;-35,28296;SPRF-RN;DEL02-RN;UOP01-DEL02-RN
546858.0;1207260.0;2023-09-06;quarta-feira;07:00:00;RN;101.0;81,9;NATAL;Não;Trafegar com motocicleta (ou similar) entre as faixas;1;Colisão traseira;Com Vítimas Feridas;Pleno dia;Decrescente;Céu Claro;Dupla;Reta;Sim;970115.0;Automóvel;GM/VECTRA SEDAN ELEGANCE;2008.0;Condutor;Ileso;39.0;Feminino;1.0;0.0;0.0;0.0;-5,764695;-35,28296;SPRF-RN;DEL02-RN;UOP01-DEL02-RN
546858.0;1207261.0;2023-09-06;quarta-feira;07:00:00;RN;101.0;81,9;NATAL;Não;Trafegar com motocicleta (ou similar) entre as faixas;1;Colisão traseira;Com Vítimas Feridas;Pleno dia;Decrescente;Céu Claro;Dupla;Reta;Sim;970117.0;Motocicleta;HONDA/CBX 200 STRADA;2000.0;Condutor;Lesões Graves;50.0;Masculino;0.0;0.0;1.0;0.0;-5,764695;-35,28296;SPRF-RN;DEL02-RN;UOP01-DEL02-RN
546858.0;1207265.0;2023-09-06;quarta-feira;07:00:00;RN;101.0;81,9;NATAL;Não;Trafegar com motocicleta (ou similar) entre as faixas;1;Colisão traseira;Com Vítimas Feridas;Pleno dia;Decrescente;Céu Claro;Dupla;Reta;Sim;970117.0;Motocicleta;HONDA/CBX 200 STRADA;2000.0;Passageiro;Lesões Leves;26.0;Feminino;0.0;1.0;0.0;0.0;-5,764695;-35,28296;SPRF-RN;DEL02-RN;UOP01-DEL02-RN
546858.0;1207260.0;2023-09-06;quarta-feira;07:00:00;RN;101.0;81,9;NATAL;Sim;Velocidade Incompatível;1;Colisão traseira;Com Vítimas Feridas;Pleno dia;Decrescente;Céu Claro;Dupla;Reta;Sim;970115.0;Automóvel;GM/VECTRA SEDAN ELEGANCE;2008.0;Condutor;Ileso;39.0;Feminino;1.0;0.0;0.0;0.0;-5,764695;-35,28296;SPRF-RN;DEL02-RN;UOP01-DEL02-RN
546858.0;1207261.0;2023-09-06;quarta-feira;07:00:00;RN;101.0;81,9;NATAL;Sim;Velocidade Incompatível;1;Colisão traseira;Com Vítimas Feridas;Pleno dia;Decrescente;Céu Claro;Dupla;Reta;Sim;970117.0;Motocicleta;HONDA/CBX 200 STRADA;2000.0;Condutor;Lesões Graves;50.0;Masculino;0.0;0.0;1.0;0.0;-5,764695;-35,28296;SPRF-RN;DEL02-RN;UOP01-DEL02-RN
546858.0;1207265.0;2023-09-06;quarta-feira;07:00:00;RN;101.0;81,9;NATAL;Sim;Velocidade Incompatível;1;Colisão traseira;Com Vítimas Feridas;Pleno dia;Decrescente;Céu Claro;Dupla;Reta;Sim;970117.0;Motocicleta;HONDA/CBX 200 STRADA;2000.0;Passageiro;Lesões Leves;26.0;Feminino;0.0;1.0;0.0;0.0;-5,764695;-35,28296;SPRF-RN;DEL02-RN;UOP01-DEL02-RN
547266.0;1208394.0;2023-09-07;quinta-feira;20:50:00;RN;226.0;3;NATAL;Sim;Transitar na contramão;3;Queda de ocupante de veículo;Com Vítimas Feridas;Plena Noite;Decrescente;Chuva;Simples;Reta;Sim;971007.0;Caminhonete;I/TOYOTA HILUX CD4X4 SRV;2006.0;Condutor;Ileso;48.0;Masculino;1.0;0.0;0.0;0.0;-5,821672;-35,25408;SPRF-RN;DEL01-RN;UOP02-DEL01-RN
547266.0;1208395.0;2023-09-07;quinta-feira;20:50:00;RN;226.0;3;NATAL;Sim;Transitar na contramão;3;Queda de ocupante de veículo;Com Vítimas Feridas;Plena Noite;Decrescente;Chuva;Simples;Reta;Sim;971007.0;Caminhonete;I/TOYOTA HILUX CD4X4 SRV;2006.0;Passageiro;Ileso;64.0;Masculino;1.0;0.0;0.0;0.0;-5,821672;-35,25408;SPRF-RN;DEL01-RN;UOP02-DEL01-RN
547266.0;1208396.0;2023-09-07;quinta-feira;20:50:00;RN;226.0;3;NATAL;Sim;Transitar na contramão;3;Queda de ocupante de veículo;Com Vítimas Feridas;Plena Noite;Decrescente;Chuva;Simples;Reta;Sim;971008.0;Motocicleta;YAMAHA/FACTOR YBR125 K;2011.0;Condutor;Lesões Leves;29.0;Masculino;0.0;1.0;0.0;0.0;-5,821672;-35,25408;SPRF-RN;DEL01-RN;UOP02-DEL01-RN
547266.0;1208397.0;2023-09-07;quinta-feira;20:50:00;RN;226.0;3;NATAL;Sim;Transitar na contramão;3;Queda de ocupante de veículo;Com Vítimas Feridas;Plena Noite;Decrescente;Chuva;Simples;Reta;Sim;971008.0;Motocicleta;YAMAHA/FACTOR YBR125 K;2011.0;Passageiro;Lesões Leves;28.0;Feminino;0.0;1.0;0.0;0.0;-5,821672;-35,25408;SPRF-RN;DEL01-RN;UOP02-DEL01-RN
547266.0;1208394.0;2023-09-07;quinta-feira;20:50:00;RN;226.0;3;NATAL;Sim;Transitar na contramão;2;Tombamento;Com Vítimas Feridas;Plena Noite;Decrescente;Chuva;Simples;Reta;Sim;971007.0;Caminhonete;I/TOYOTA HILUX CD4X4 SRV;2006.0;Condutor;Ileso;48.0;Masculino;1.0;0.0;0.0;0.0;-5,821672;-35,25408;SPRF-RN;DEL01-RN;UOP02-DEL01-RN
547266.0;1208395.0;2023-09-07;quinta-feira;20:50:00;RN;226.0;3;NATAL;Sim;Transitar na contramão;2;Tombamento;Com Vítimas Feridas;Plena Noite;Decrescente;Chuva;Simples;Reta;Sim;971007.0;Caminhonete;I/TOYOTA HILUX CD4X4 SRV;2006.0;Passageiro;Ileso;64.0;Masculino;1.0;0.0;0.0;0.0;-5,821672;-35,25408;SPRF-RN;DEL01-RN;UOP02-DEL01-RN
547266.0;1208396.0;2023-09-07;quinta-feira;20:50:00;RN;226.0;3;NATAL;Sim;Transitar na contramão;2;Tombamento;Com Vítimas Feridas;Plena Noite;Decrescente;Chuva;Simples;Reta;Sim;971008.0;Motocicleta;YAMAHA/FACTOR YBR125 K;2011.0;Condutor;Lesões Leves;29.0;Masculino;0.0;1.0;0.0;0.0;-5,821672;-35,25408;SPRF-RN;DEL01-RN;UOP02-DEL01-RN
547266.0;1208397.0;2023-09-07;quinta-feira;20:50:00;RN;226.0;3;NATAL;Sim;Transitar na contramão;2;Tombamento;Com Vítimas Feridas;Plena Noite;Decrescente;Chuva;Simples;Reta;Sim;971008.0;Motocicleta;YAMAHA/FACTOR YBR125 K;2011.0;Passageiro;Lesões Leves;28.0;Feminino;0.0;1.0;0.0;0.0;-5,821672;-35,25408;SPRF-RN;DEL01-RN;UOP02-DEL01-RN
547266.0;1208394.0;2023-09-07;quinta-feira;20:50:00;RN;226.0;3;NATAL;Sim;Transitar na contramão;1;Colisão frontal;Com Vítimas Feridas;Plena Noite;Decrescente;Chuva;Simples;Reta;Sim;971007.0;Caminhonete;I/TOYOTA HILUX CD4X4 SRV;2006.0;Condutor;Ileso;48.0;Masculino;1.0;0.0;0.0;0.0;-5,821672;-35,25408;SPRF-RN;DEL01-RN;UOP02-DEL01-RN
547266.0;1208395.0;2023-09-07;quinta-feira;20:50:00;RN;226.0;3;NATAL;Sim;Transitar na contramão;1;Colisão frontal;Com Vítimas Feridas;Plena Noite;Decrescente;Chuva;Simples;Reta;Sim;971007.0;Caminhonete;I/TOYOTA HILUX CD4X4 SRV;2006.0;Passageiro;Ileso;64.0;Masculino;1.0;0.0;0.0;0.0;-5,821672;-35,25408;SPRF-RN;DEL01-RN;UOP02-DEL01-RN
547266.0;1208396.0;2023-09-07;quinta-feira;20:50:00;RN;226.0;3;NATAL;Sim;Transitar na contramão;1;Colisão frontal;Com Vítimas Feridas;Plena Noite;Decrescente;Chuva;Simples;Reta;Sim;971008.0;Motocicleta;YAMAHA/FACTOR YBR125 K;2011.0;Condutor;Lesões Leves;29.0;Masculino;0.0;1.0;0.0;0.0;-5,821672;-35,25408;SPRF-RN;DEL01-RN;UOP02-DEL01-RN
547266.0;1208397.0;2023-09-07;quinta-feira;20:50:00;RN;226.0;3;NATAL;Sim;Transitar na contramão;1;Colisão frontal;Com Vítimas Feridas;Plena Noite;Decrescente;Chuva;Simples;Reta;Sim;971008.0;Motocicleta;YAMAHA/FACTOR YBR125 K;2011.0;Passageiro;Lesões Leves;28.0;Feminino;0.0;1.0;0.0;0.0;-5,821672;-35,25408;SPRF-RN;DEL01-RN;UOP02-DEL01-RN
547447.0;1208768.0;2023-09-08;sexta-feira;18:00:00;RN;226.0;4;NATAL;Sim;Conversão proibida;2;Queda de ocupante de veículo;Com Vítimas Feridas;Plena Noite;Crescente;Nublado;Simples;Reta;Não;971305.0;Motoneta;HONDA/C100 BIZ;1999.0;Condutor;Lesões Leves;35.0;Masculino;0.0;1.0;0.0;0.0;-5,81958;-35,25969;SPRF-RN;DEL01-RN;UOP02-DEL01-RN
547447.0;1208767.0;2023-09-08;sexta-feira;18:00:00;RN;226.0;4;NATAL;Sim;Conversão proibida;2;Queda de ocupante de veículo;Com Vítimas Feridas;Plena Noite;Crescente;Nublado;Simples;Reta;Não;971304.0;Automóvel;RENAULT/LOGAN LIFE10MT;2019.0;Condutor;Ileso;40.0;Masculino;1.0;0.0;0.0;0.0;-5,81958;-35,25969;SPRF-RN;DEL01-RN;UOP02-DEL01-RN
547447.0;1208768.0;2023-09-08;sexta-feira;18:00:00;RN;226.0;4;NATAL;Sim;Conversão proibida;1;Colisão frontal;Com Vítimas Feridas;Plena Noite;Crescente;Nublado;Simples;Reta;Não;971305.0;Motoneta;HONDA/C100 BIZ;1999.0;Condutor;Lesões Leves;35.0;Masculino;0.0;1.0;0.0;0.0;-5,81958;-35,25969;SPRF-RN;DEL01-RN;UOP02-DEL01-RN
547447.0;1208767.0;2023-09-08;sexta-feira;18:00:00;RN;226.0;4;NATAL;Sim;Conversão proibida;1;Colisão frontal;Com Vítimas Feridas;Plena Noite;Crescente;Nublado;Simples;Reta;Não;971304.0;Automóvel;RENAULT/LOGAN LIFE10MT;2019.0;Condutor;Ileso;40.0;Masculino;1.0;0.0;0.0;0.0;-5,81958;-35,25969;SPRF-RN;DEL01-RN;UOP02-DEL01-RN
548107.0;1210437.0;2023-09-11;segunda-feira;18:45:00;RN;101.0;99;NATAL;Sim;Condutor deixou de manter distância do veículo da frente;1;Colisão traseira;Com Vítimas Feridas;Plena Noite;Crescente;Céu Claro;Dupla;Reta;Sim;972546.0;Automóvel;VW/GOL 1000;1995.0;Condutor;Ileso;31.0;Masculino;1.0;0.0;0.0;0.0;-5,873592;-35,22063;SPRF-RN;DEL01-RN;UOP01-DEL01-RN
548107.0;1210439.0;2023-09-11;segunda-feira;18:45:00;RN;101.0;99;NATAL;Sim;Condutor deixou de manter distância do veículo da frente;1;Colisão traseira;Com Vítimas Feridas;Plena Noite;Crescente;Céu Claro;Dupla;Reta;Sim;972547.0;Motocicleta;HONDA/CG 125 FAN KS;2010.0;Condutor;Lesões Leves;27.0;Masculino;0.0;1.0;0.0;0.0;-5,873592;-35,22063;SPRF-RN;DEL01-RN;UOP01-DEL01-RN
548236.0;1210956.0;2023-09-12;terça-feira;14:02:00;RN;101.0;94;NATAL;Sim;Condutor deixou de manter distância do veículo da frente;1;Colisão lateral mesmo sentido;Com Vítimas Feridas;Pleno dia;Decrescente;Céu Claro;Múltipla;Interseção de Vias;Sim;972923.0;Motocicleta;YAMAHA/YBR125I FACTOR ED;2022.0;Condutor;Lesões Leves;21.0;Masculino;0.0;1.0;0.0;0.0;-5,831766;-35,21191;SPRF-RN;DEL01-RN;UOP01-DEL01-RN
548258.0;1210931.0;2023-09-12;terça-feira;17:15:00;RN;226.0;3,7;NATAL;Sim;Conversão proibida;1;Colisão traseira;Com Vítimas Feridas;Anoitecer;Crescente;Céu Claro;Simples;Reta;Sim;972902.0;Automóvel;I/FIAT SIENA EL FLEX;2009.0;Condutor;Ileso;56.0;Masculino;1.0;0.0;0.0;0.0;-5,820047;-35,25696;SPRF-RN;DEL01-RN;UOP02-DEL01-RN
548258.0;1210934.0;2023-09-12;terça-feira;17:15:00;RN;226.0;3,7;NATAL;Sim;Conversão proibida;1;Colisão traseira;Com Vítimas Feridas;Anoitecer;Crescente;Céu Claro;Simples;Reta;Sim;972903.0;Motocicleta;MOTTU/SPORT 110I;2023.0;Passageiro;Lesões Leves;41.0;Masculino;0.0;1.0;0.0;0.0;-5,820047;-35,25696;SPRF-RN;DEL01-RN;UOP02-DEL01-RN
548258.0;1210933.0;2023-09-12;terça-feira;17:15:00;RN;226.0;3,7;NATAL;Sim;Conversão proibida;1;Colisão traseira;Com Vítimas Feridas;Anoitecer;Crescente;Céu Claro;Simples;Reta;Sim;972903.0;Motocicleta;MOTTU/SPORT 110I;2023.0;Condutor;Lesões Leves;26.0;Masculino;0.0;1.0;0.0;0.0;-5,820047;-35,25696;SPRF-RN;DEL01-RN;UOP02-DEL01-RN
548331.0;1211027.0;2023-09-13;quarta-feira;05:17:00;RN;101.0;78,8;NATAL;Sim;Reação tardia ou ineficiente do condutor;1;Colisão traseira;Com Vítimas Feridas;Pleno dia;Crescente;Chuva;Dupla;Reta;Sim;972981.0;Motocicleta;YAMAHA/FACTOR YBR125 E;2011.0;Condutor;Lesões Graves;44.0;Masculino;0.0;0.0;1.0;0.0;-5,740719;-35,29021;SPRF-RN;DEL02-RN;UOP01-DEL02-RN
548331.0;1212770.0;2023-09-13;quarta-feira;05:17:00;RN;101.0;78,8;NATAL;Sim;Reação tardia ou ineficiente do condutor;1;Colisão traseira;Com Vítimas Feridas;Pleno dia;Crescente;Chuva;Dupla;Reta;Sim;974303.0;Carroça-charrete;Não Informado/Não Informado;0.0;Condutor;Lesões Graves;64.0;Masculino;0.0;0.0;1.0;0.0;-5,740719;-35,29021;SPRF-RN;DEL02-RN;UOP01-DEL02-RN
548353.0;1211061.0;2023-09-13;quarta-feira;07:35:00;RN;101.0;97;NATAL;Sim;Condutor deixou de manter distância do veículo da frente;1;Tombamento;Com Vítimas Feridas;Pleno dia;Decrescente;Céu Claro;Múltipla;Reta;Sim;973016.0;Motocicleta;HONDA/XRE 300;2013.0;Condutor;Lesões Graves;48.0;Masculino;0.0;0.0;1.0;0.0;-5,857589;-35,21271;SPRF-RN;DEL01-RN;UOP01-DEL01-RN
549801.0;1214612.0;2023-09-20;quarta-feira;07:00:00;RN;101.0;94;NATAL;Sim;Condutor deixou de manter distância do veículo da frente;1;Colisão traseira;Com Vítimas Feridas;Pleno dia;Decrescente;Nublado;Múltipla;Reta;Sim;975913.0;Automóvel;JEEP/COMPASS LONG TF;2022.0;Condutor;Ileso;43.0;Masculino;1.0;0.0;0.0;0.0;-5,831766;-35,21191;SPRF-RN;DEL01-RN;UOP01-DEL01-RN
549801.0;1214613.0;2023-09-20;quarta-feira;07:00:00;RN;101.0;94;NATAL;Sim;Condutor deixou de manter distância do veículo da frente;1;Colisão traseira;Com Vítimas Feridas;Pleno dia;Decrescente;Nublado;Múltipla;Reta;Sim;975915.0;Motocicleta;HONDA/CG 125 FAN KS;2010.0;Condutor;Lesões Leves;34.0;Masculino;0.0;1.0;0.0;0.0;-5,831766;-35,21191;SPRF-RN;DEL01-RN;UOP01-DEL01-RN
549812.0;1214881.0;2023-09-20;quarta-feira;08:43:00;RN;101.0;96,8;NATAL;Sim;Reação tardia ou ineficiente do condutor;2;Tombamento;Com Vítimas Feridas;Pleno dia;Decrescente;Sol;Múltipla;Reta;Sim;976144.0;Motocicleta;HONDA/CG 160 FAN;2022.0;Passageiro;Lesões Leves;21.0;Feminino;0.0;1.0;0.0;0.0;-5,849496;-35,20891;SPRF-RN;DEL01-RN;UOP01-DEL01-RN
549812.0;1214879.0;2023-09-20;quarta-feira;08:43:00;RN;101.0;96,8;NATAL;Sim;Reação tardia ou ineficiente do condutor;2;Tombamento;Com Vítimas Feridas;Pleno dia;Decrescente;Sol;Múltipla;Reta;Sim;976144.0;Motocicleta;HONDA/CG 160 FAN;2022.0;Condutor;Lesões Leves;30.0;Masculino;0.0;1.0;0.0;0.0;-5,849496;-35,20891;SPRF-RN;DEL01-RN;UOP01-DEL01-RN
549812.0;1214933.0;2023-09-20;quarta-feira;08:43:00;RN;101.0;96,8;NATAL;Sim;Reação tardia ou ineficiente do condutor;2;Tombamento;Com Vítimas Feridas;Pleno dia;Decrescente;Sol;Múltipla;Reta;Sim;976146.0;Caminhonete;FIAT/TORO RANCH AT9 4X4;2022.0;Condutor;Ileso;41.0;Masculino;1.0;0.0;0.0;0.0;-5,849496;-35,20891;SPRF-RN;DEL01-RN;UOP01-DEL01-RN
549812.0;1214881.0;2023-09-20;quarta-feira;08:43:00;RN;101.0;96,8;NATAL;Sim;Reação tardia ou ineficiente do condutor;1;Colisão lateral mesmo sentido;Com Vítimas Feridas;Pleno dia;Decrescente;Sol;Múltipla;Reta;Sim;976144.0;Motocicleta;HONDA/CG 160 FAN;2022.0;Passageiro;Lesões Leves;21.0;Feminino;0.0;1.0;0.0;0.0;-5,849496;-35,20891;SPRF-RN;DEL01-RN;UOP01-DEL01-RN
549812.0;1214879.0;2023-09-20;quarta-feira;08:43:00;RN;101.0;96,8;NATAL;Sim;Reação tardia ou ineficiente do condutor;1;Colisão lateral mesmo sentido;Com Vítimas Feridas;Pleno dia;Decrescente;Sol;Múltipla;Reta;Sim;976144.0;Motocicleta;HONDA/CG 160 FAN;2022.0;Condutor;Lesões Leves;30.0;Masculino;0.0;1.0;0.0;0.0;-5,849496;-35,20891;SPRF-RN;DEL01-RN;UOP01-DEL01-RN
549812.0;1214933.0;2023-09-20;quarta-feira;08:43:00;RN;101.0;96,8;NATAL;Sim;Reação tardia ou ineficiente do condutor;1;Colisão lateral mesmo sentido;Com Vítimas Feridas;Pleno dia;Decrescente;Sol;Múltipla;Reta;Sim;976146.0;Caminhonete;FIAT/TORO RANCH AT9 4X4;2022.0;Condutor;Ileso;41.0;Masculino;1.0;0.0;0.0;0.0;-5,849496;-35,20891;SPRF-RN;DEL01-RN;UOP01-DEL01-RN
549870.0;1214853.0;2023-09-20;quarta-feira;14:50:00;RN;101.0;85,9;NATAL;Sim;Conversão proibida;3;Queda de ocupante de veículo;Com Vítimas Feridas;Pleno dia;Decrescente;Céu Claro;Dupla;Reta;Não;976123.0;Motocicleta;HONDA/CG 125 FAN KS;2012.0;Condutor;Lesões Graves;37.0;Masculino;0.0;0.0;1.0;0.0;-5,777664;-35,24937;SPRF-RN;DEL02-RN;UOP01-DEL02-RN
549870.0;1216519.0;2023-09-20;quarta-feira;14:50:00;RN;101.0;85,9;NATAL;Sim;Conversão proibida;3;Queda de ocupante de veículo;Com Vítimas Feridas;Pleno dia;Decrescente;Céu Claro;Dupla;Reta;Não;977471.0;Motocicleta;YAMAHA/YBR125 FACTOR ED;2015.0;Condutor;Ileso;36.0;Masculino;1.0;0.0;0.0;0.0;-5,777664;-35,24937;SPRF-RN;DEL02-RN;UOP01-DEL02-RN
549870.0;1214853.0;2023-09-20;quarta-feira;14:50:00;RN;101.0;85,9;NATAL;Sim;Conversão proibida;2;Tombamento;Com Vítimas Feridas;Pleno dia;Decrescente;Céu Claro;Dupla;Reta;Não;976123.0;Motocicleta;HONDA/CG 125 FAN KS;2012.0;Condutor;Lesões Graves;37.0;Masculino;0.0;0.0;1.0;0.0;-5,777664;-35,24937;SPRF-RN;DEL02-RN;UOP01-DEL02-RN
549870.0;1216519.0;2023-09-20;quarta-feira;14:50:00;RN;101.0;85,9;NATAL;Sim;Conversão proibida;2;Tombamento;Com Vítimas Feridas;Pleno dia;Decrescente;Céu Claro;Dupla;Reta;Não;977471.0;Motocicleta;YAMAHA/YBR125 FACTOR ED;2015.0;Condutor;Ileso;36.0;Masculino;1.0;0.0;0.0;0.0;-5,777664;-35,24937;SPRF-RN;DEL02-RN;UOP01-DEL02-RN