id;pesid;data_inversa;dia_semana;horario;uf;br;km;municipio;causa_principal;causa_acidente;ordem_tipo_acidente;tipo_acidente;classificacao_acidente;fase_dia;sentido_via;condicao_metereologica;tipo_pista;tracado_via;uso_solo;id_veiculo;tipo_veiculo;marca;ano_fabricacao_veiculo;tipo_envolvido;estado_fisico;idade;sexo;ilesos;feridos_leves;feridos_graves;mortos;latitude;longitude;regional;delegacia;uop
549870.0;1214853.0;2023-09-20;quarta-feira;14:50:00;RN;101.0;85,9;NATAL;Sim;Conversão proibida;1;Colisão lateral mesmo sentido;Com Vítimas Feridas;Pleno dia;Decrescente;Céu Claro;Dupla;Reta;Não;976123.0;Motocicleta;HONDA/CG 125 FAN KS;2012.0;Condutor;Lesões Graves;37.0;Masculino;0.0;0.0;1.0;0.0;-5,777664;-35,24937;SPRF-RN;DEL02-RN;UOP01-DEL02-RN
549870.0;1216519.0;2023-09-20;quarta-feira;14:50:00;RN;101.0;85,9;NATAL;Sim;Conversão proibida;1;Colisão lateral mesmo sentido;Com Vítimas Feridas;Pleno dia;Decrescente;Céu Claro;Dupla;Reta;Não;977471.0;Motocicleta;YAMAHA/YBR125 FACTOR ED;2015.0;Condutor;Ileso;36.0;Masculino;1.0;0.0;0.0;0.0;-5,777664;-35,24937;SPRF-RN;DEL02-RN;UOP01-DEL02-RN
550080.0;1215289.0;2023-09-21;quinta-feira;15:58:00;RN;101.0;96;NATAL;Sim;Entrada inopinada do pedestre;1;Atropelamento de Pedestre;Com Vítimas Feridas;Pleno dia;Decrescente;Céu Claro;Dupla;Reta;Sim;976512.0;Motocicleta;HONDA/XRE 300 ABS;2022.0;Condutor;Lesões Leves;28.0;Feminino;0.0;1.0;0.0;0.0;-5,849496;-35,20891;SPRF-RN;DEL01-RN;UOP01-DEL01-RN
550080.0;1215290.0;2023-09-21;quinta-feira;15:58:00;RN;101.0;96;NATAL;Sim;Entrada inopinada do pedestre;1;Atropelamento de Pedestre;Com Vítimas Feridas;Pleno dia;Decrescente;Céu Claro;Dupla;Reta;Sim;;;NA/NA;;Pedestre;Lesões Graves;36.0;Masculino;0.0;0.0;1.0;0.0;-5,849496;-35,20891;SPRF-RN;DEL01-RN;UOP01-DEL01-RN
550182.0;1215577.0;2023-09-22;sexta-feira;08:25:00;RN;101.0;98;NATAL;Sim;Manobra de mudança de faixa;1;Colisão lateral mesmo sentido;Com Vítimas Feridas;Pleno dia;Decrescente;Céu Claro;Dupla;Reta;Sim;976731.0;Motocicleta;HONDA/CG 160 START;2021.0;Condutor;Lesões Leves;24.0;Masculino;0.0;1.0;0.0;0.0;-5,865679;-35,21652;SPRF-RN;DEL01-RN;UOP01-DEL01-RN
550182.0;1215576.0;2023-09-22;sexta-feira;08:25:00;RN;101.0;98;NATAL;Sim;Manobra de mudança de faixa;1;Colisão lateral mesmo sentido;Com Vítimas Feridas;Pleno dia;Decrescente;Céu Claro;Dupla;Reta;Sim;976730.0;Automóvel;Não Informado/Não Informado;0.0;Condutor;Ileso;;Ignorado;1.0;0.0;0.0;0.0;-5,865679;-35,21652;SPRF-RN;DEL01-RN;UOP01-DEL01-RN
550182.0;1215578.0;2023-09-22;sexta-feira;08:25:00;RN;101.0;98;NATAL;Sim;Manobra de mudança de faixa;1;Colisão lateral mesmo sentido;Com Vítimas Feridas;Pleno dia;Decrescente;Céu Claro;Dupla;Reta;Sim;976732.0;Utilitário;CHEV/TRAILBLAZER LT D4A;2019.0;Condutor;Ileso;51.0;Masculino;1.0;0.0;0.0;0.0;-5,865679;-35,21652;SPRF-RN;DEL01-RN;UOP01-DEL01-RN
550296.0;1215778.0;2023-08-05;sábado;20:10:00;RN;101.0;85,5;NATAL;Não;Ingestão de álcool pelo condutor;1;Colisão traseira;Com Vítimas Feridas;Plena Noite;Decrescente;Céu Claro;Dupla;"Reta;Ponte";Sim;976890.0;Automóvel;RENAULT/SANDERO EXPR 10;2016.0;Condutor;Ileso;37.0;Feminino;1.0;0.0;0.0;0.0;-5,777664;-35,24937;SPRF-RN;DEL02-RN;UOP01-DEL02-RN
550296.0;1215783.0;2023-08-05;sábado;20:10:00;RN;101.0;85,5;NATAL;Não;Ingestão de álcool pelo condutor;1;Colisão traseira;Com Vítimas Feridas;Plena Noite;Decrescente;Céu Claro;Dupla;"Reta;Ponte";Sim;976895.0;Motocicleta;Não Informado/Não Informado;0.0;Condutor;Lesões Graves;45.0;Masculino;0.0;0.0;1.0;0.0;-5,777664;-35,24937;SPRF-RN;DEL02-RN;UOP01-DEL02-RN
550296.0;1215778.0;2023-08-05;sábado;20:10:00;RN;101.0;85,5;NATAL;Sim;Reação tardia ou ineficiente do condutor;1;Colisão traseira;Com Vítimas Feridas;Plena Noite;Decrescente;Céu Claro;Dupla;"Reta;Ponte";Sim;976890.0;Automóvel;RENAULT/SANDERO EXPR 10;2016.0;Condutor;Ileso;37.0;Feminino;1.0;0.0;0.0;0.0;-5,777664;-35,24937;SPRF-RN;DEL02-RN;UOP01-DEL02-RN
550296.0;1215783.0;2023-08-05;sábado;20:10:00;RN;101.0;85,5;NATAL;Sim;Reação tardia ou ineficiente do condutor;1;Colisão traseira;Com Vítimas Feridas;Plena Noite;Decrescente;Céu Claro;Dupla;"Reta;Ponte";Sim;976895.0;Motocicleta;Não Informado/Não Informado;0.0;Condutor;Lesões Graves;45.0;Masculino;0.0;0.0;1.0;0.0;-5,777664;-35,24937;SPRF-RN;DEL02-RN;UOP01-DEL02-RN
550656.0;1216670.0;2023-09-24;domingo;15:22:00;RN;101.0;78;NATAL;Não;Acumulo de areia ou detritos sobre o pavimento;3;Colisão com objeto;Com Vítimas Feridas;Pleno dia;Crescente;Céu Claro;Dupla;"Reta;Desvio Temporário";Sim;977607.0;Motocicleta;HONDA/CG 150 TITAN ESD;2011.0;Condutor;Lesões Leves;48.0;Masculino;0.0;1.0;0.0;0.0;-5,740719;-35,29021;SPRF-RN;DEL02-RN;UOP01-DEL02-RN
550656.0;1216670.0;2023-09-24;domingo;15:22:00;RN;101.0;78;NATAL;Sim;Reação tardia ou ineficiente do condutor;3;Colisão com objeto;Com Vítimas Feridas;Pleno dia;Crescente;Céu Claro;Dupla;"Reta;Desvio Temporário";Sim;977607.0;Motocicleta;HONDA/CG 150 TITAN ESD;2011.0;Condutor;Lesões Leves;48.0;Masculino;0.0;1.0;0.0;0.0;-5,740719;-35,29021;SPRF-RN;DEL02-RN;UOP01-DEL02-RN
550656.0;1216670.0;2023-09-24;domingo;15:22:00;RN;101.0;78;NATAL;Não;Acumulo de areia ou detritos sobre o pavimento;2;Queda de ocupante de veículo;Com Vítimas Feridas;Pleno dia;Crescente;Céu Claro;Dupla;"Reta;Desvio Temporário";Sim;977607.0;Motocicleta;HONDA/CG 150 TITAN ESD;2011.0;Condutor;Lesões Leves;48.0;Masculino;0.0;1.0;0.0;0.0;-5,740719;-35,29021;SPRF-RN;DEL02-RN;UOP01-DEL02-RN
550656.0;1216670.0;2023-09-24;domingo;15:22:00;RN;101.0;78;NATAL;Sim;Reação tardia ou ineficiente do condutor;2;Queda de ocupante de veículo;Com Vítimas Feridas;Pleno dia;Crescente;Céu Claro;Dupla;"Reta;Desvio Temporário";Sim;977607.0;Motocicleta;HONDA/CG 150 TITAN ESD;2011.0;Condutor;Lesões Leves;48.0;Masculino;0.0;1.0;0.0;0.0;-5,740719;-35,29021;SPRF-RN;DEL02-RN;UOP01-DEL02-RN
550656.0;1216670.0;2023-09-24;domingo;15:22:00;RN;101.0;78;NATAL;Não;Acumulo de areia ou detritos sobre o pavimento;1;Tombamento;Com Vítimas Feridas;Pleno dia;Crescente;Céu Claro;Dupla;"Reta;Desvio Temporário";Sim;977607.0;Motocicleta;HONDA/CG 150 TITAN ESD;2011.0;Condutor;Lesões Leves;48.0;Masculino;0.0;1.0;0.0;0.0;-5,740719;-35,29021;SPRF-RN;DEL02-RN;UOP01-DEL02-RN
550656.0;1216670.0;2023-09-24;domingo;15:22:00;RN;101.0;78;NATAL;Sim;Reação tardia ou ineficiente do condutor;1;Tombamento;Com Vítimas Feridas;Pleno dia;Crescente;Céu Claro;Dupla;"Reta;Desvio Temporário";Sim;977607.0;Motocicleta;HONDA/CG 150 TITAN ESD;2011.0;Condutor;Lesões Leves;48.0;Masculino;0.0;1.0;0.0;0.0;-5,740719;-35,29021;SPRF-RN;DEL02-RN;UOP01-DEL02-RN
550659.0;1216835.0;2023-09-24;domingo;15:47:00;RN;101.0;93,9;NATAL;Não;Condutor deixou de manter distância do veículo da frente;1;Colisão lateral mesmo sentido;Com Vítimas Feridas;Pleno dia;Decrescente;Céu Claro;Simples;Reta;Sim;977720.0;Automóvel;FIAT/SIENA EL 1.4 FLEX;2012.0;Condutor;Ileso;50.0;Masculino;1.0;0.0;0.0;0.0;-5,823091;-35,2088;SPRF-RN;DEL01-RN;UOP01-DEL01-RN
550659.0;1216837.0;2023-09-24;domingo;15:47:00;RN;101.0;93,9;NATAL;Não;Condutor deixou de manter distância do veículo da frente;1;Colisão lateral mesmo sentido;Com Vítimas Feridas;Pleno dia;Decrescente;Céu Claro;Simples;Reta;Sim;977720.0;Automóvel;FIAT/SIENA EL 1.4 FLEX;2012.0;Passageiro;Ileso;49.0;Feminino;1.0;0.0;0.0;0.0;-5,823091;-35,2088;SPRF-RN;DEL01-RN;UOP01-DEL01-RN
550659.0;1216836.0;2023-09-24;domingo;15:47:00;RN;101.0;93,9;NATAL;Não;Condutor deixou de manter distância do veículo da frente;1;Colisão lateral mesmo sentido;Com Vítimas Feridas;Pleno dia;Decrescente;Céu Claro;Simples;Reta;Sim;977722.0;Motocicleta;HONDA/CG 125 FAN KS;2013.0;Condutor;Lesões Graves;29.0;Masculino;0.0;0.0;1.0;0.0;-5,823091;-35,2088;SPRF-RN;DEL01-RN;UOP01-DEL01-RN
550659.0;1216835.0;2023-09-24;domingo;15:47:00;RN;101.0;93,9;NATAL;Sim;Ultrapassagem Indevida;1;Colisão lateral mesmo sentido;Com Vítimas Feridas;Pleno dia;Decrescente;Céu Claro;Simples;Reta;Sim;977720.0;Automóvel;FIAT/SIENA EL 1.4 FLEX;2012.0;Condutor;Ileso;50.0;Masculino;1.0;0.0;0.0;0.0;-5,823091;-35,2088;SPRF-RN;DEL01-RN;UOP01-DEL01-RN
550659.0;1216837.0;2023-09-24;domingo;15:47:00;RN;101.0;93,9;NATAL;Sim;Ultrapassagem Indevida;1;Colisão lateral mesmo sentido;Com Vítimas Feridas;Pleno dia;Decrescente;Céu Claro;Simples;Reta;Sim;977720.0;Automóvel;FIAT/SIENA EL 1.4 FLEX;2012.0;Passageiro;Ileso;49.0;Feminino;1.0;0.0;0.0;0.0;-5,823091;-35,2088;SPRF-RN;DEL01-RN;UOP01-DEL01-RN
550659.0;1216836.0;2023-09-24;domingo;15:47:00;RN;101.0;93,9;NATAL;Sim;Ultrapassagem Indevida;1;Colisão lateral mesmo sentido;Com Vítimas Feridas;Pleno dia;Decrescente;Céu Claro;Simples;Reta;Sim;977722.0;Motocicleta;HONDA/CG 125 FAN KS;2013.0;Condutor;Lesões Graves;29.0;Masculino;0.0;0.0;1.0;0.0;-5,823091;-35,2088;SPRF-RN;DEL01-RN;UOP01-DEL01-RN
551017.0;1217944.0;2023-09-26;terça-feira;07:00:00;RN;101.0;97,2;NATAL;Sim;Ingestão de substâncias psicoativas pelo condutor;2;Colisão lateral mesmo sentido;Sem Vítimas;Pleno dia;Decrescente;Sol;Múltipla;Reta;Sim;978646.0;Automóvel;CHEVROLET/ONIX 10MT JOYE;2017.0;Condutor;Ileso;28.0;Masculino;1.0;0.0;0.0;0.0;-5,857589;-35,21271;SPRF-RN;DEL01-RN;UOP01-DEL01-RN
551017.0;1217945.0;2023-09-26;terça-feira;07:00:00;RN;101.0;97,2;NATAL;Sim;Ingestão de substâncias psicoativas pelo condutor;2;Colisão lateral mesmo sentido;Sem Vítimas;Pleno dia;Decrescente;Sol;Múltipla;Reta;Sim;978647.0;Automóvel;HYUNDAI/CRETA1TA PLTINUM;2022.0;Condutor;Ileso;51.0;Feminino;1.0;0.0;0.0;0.0;-5,857589;-35,21271;SPRF-RN;DEL01-RN;UOP01-DEL01-RN
551017.0;1217946.0;2023-09-26;terça-feira;07:00:00;RN;101.0;97,2;NATAL;Sim;Ingestão de substâncias psicoativas pelo condutor;2;Colisão lateral mesmo sentido;Sem Vítimas;Pleno dia;Decrescente;Sol;Múltipla;Reta;Sim;978648.0;Camioneta;FORD/ECOSPORT S 1.6;2013.0;Condutor;Ileso;43.0;Masculino;1.0;0.0;0.0;0.0;-5,857589;-35,21271;SPRF-RN;DEL01-RN;UOP01-DEL01-RN
551017.0;1217948.0;2023-09-26;terça-feira;07:00:00;RN;101.0;97,2;NATAL;Sim;Ingestão de substâncias psicoativas pelo condutor;2;Colisão lateral mesmo sentido;Sem Vítimas;Pleno dia;Decrescente;Sol;Múltipla;Reta;Sim;978649.0;Automóvel;I/RENAULT CLIO CAM1016VH;2011.0;Condutor;Ileso;35.0;Masculino;1.0;0.0;0.0;0.0;-5,857589;-35,21271;SPRF-RN;DEL01-RN;UOP01-DEL01-RN
551017.0;1217944.0;2023-09-26;terça-feira;07:00:00;RN;101.0;97,2;NATAL;Sim;Ingestão de substâncias psicoativas pelo condutor;1;Colisão lateral mesmo sentido;Sem Vítimas;Pleno dia;Decrescente;Sol;Múltipla;Reta;Sim;978646.0;Automóvel;CHEVROLET/ONIX 10MT JOYE;2017.0;Condutor;Ileso;28.0;Masculino;1.0;0.0;0.0;0.0;-5,857589;-35,21271;SPRF-RN;DEL01-RN;UOP01-DEL01-RN
551017.0;1217945.0;2023-09-26;terça-feira;07:00:00;RN;101.0;97,2;NATAL;Sim;Ingestão de substâncias psicoativas pelo condutor;1;Colisão lateral mesmo sentido;Sem Vítimas;Pleno dia;Decrescente;Sol;Múltipla;Reta;Sim;978647.0;Automóvel;HYUNDAI/CRETA1TA PLTINUM;2022.0;Condutor;Ileso;51.0;Feminino;1.0;0.0;0.0;0.0;-5,857589;-35,21271;SPRF-RN;DEL01-RN;UOP01-DEL01-RN
551017.0;1217946.0;2023-09-26;terça-feira;07:00:00;RN;101.0;97,2;NATAL;Sim;Ingestão de substâncias psicoativas pelo condutor;1;Colisão lateral mesmo sentido;Sem Vítimas;Pleno dia;Decrescente;Sol;Múltipla;Reta;Sim;978648.0;Camioneta;FORD/ECOSPORT S 1.6;2013.0;Condutor;Ileso;43.0;Masculino;1.0;0.0;0.0;0.0;-5,857589;-35,21271;SPRF-RN;DEL01-RN;UOP01-DEL01-RN
551017.0;1217948.0;2023-09-26;terça-feira;07:00:00;RN;101.0;97,2;NATAL;Sim;Ingestão de substâncias psicoativas pelo condutor;1;Colisão lateral mesmo sentido;Sem Vítimas;Pleno dia;Decrescente;Sol;Múltipla;Reta;Sim;978649.0;Automóvel;I/RENAULT CLIO CAM1016VH;2011.0;Condutor;Ileso;35.0;Masculino;1.0;0.0;0.0;0.0;-5,857589;-35,21271;SPRF-RN;DEL01-RN;UOP01-DEL01-RN
551274.0;1218145.0;2023-06-07;quarta-feira;16:44:00;RN;406.0;170;NATAL;Sim;Animais na Pista;1;Atropelamento de Animal;Com Vítimas Feridas;Pleno dia;Crescente;Céu Claro;Simples;Reta;Não;978793.0;Motocicleta;YAMAHA/YBR125I FACTOR ED;2022.0;Passageiro;Lesões Graves;40.0;Feminino;0.0;0.0;1.0;0.0;-5,758721;-35,29922;SPRF-RN;DEL02-RN;UOP01-DEL02-RN
551274.0;1218146.0;2023-06-07;quarta-feira;16:44:00;RN;406.0;170;NATAL;Sim;Animais na Pista;1;Atropelamento de Animal;Com Vítimas Feridas;Pleno dia;Crescente;Céu Claro;Simples;Reta;Não;978793.0;Motocicleta;YAMAHA/YBR125I FACTOR ED;2022.0;Condutor;Lesões Leves;28.0;Masculino;0.0;1.0;0.0;0.0;-5,758721;-35,29922;SPRF-RN;DEL02-RN;UOP01-DEL02-RN
551276.0;1218150.0;2023-09-03;domingo;20:30:00;RN;101.0;84;NATAL;Sim;Acessar a via sem observar a presença dos outros veículos;2;Queda de ocupante de veículo;Com Vítimas Feridas;Plena Noite;Crescente;Céu Claro;Simples;Reta;Não;978794.0;Motocicleta;HONDA/CG 160 START;2023.0;Condutor;Lesões Graves;29.0;Masculino;0.0;0.0;1.0;0.0;-5,774175;-35,2578;SPRF-RN;DEL02-RN;UOP01-DEL02-RN
551276.0;1218149.0;2023-09-03;domingo;20:30:00;RN;101.0;84;NATAL;Sim;Acessar a via sem observar a presença dos outros veículos;2;Queda de ocupante de veículo;Com Vítimas Feridas;Plena Noite;Crescente;Céu Claro;Simples;Reta;Não;;;NA/NA;;Pedestre;Lesões Graves;36.0;Feminino;0.0;0.0;1.0;0.0;-5,774175;-35,2578;SPRF-RN;DEL02-RN;UOP01-DEL02-RN
551276.0;1218150.0;2023-09-03;domingo;20:30:00;RN;101.0;84;NATAL;Sim;Acessar a via sem observar a presença dos outros veículos;1;Atropelamento de Pedestre;Com Vítimas Feridas;Plena Noite;Crescente;Céu Claro;Simples;Reta;Não;978794.0;Motocicleta;HONDA/CG 160 START;2023.0;Condutor;Lesões Graves;29.0;Masculino;0.0;0.0;1.0;0.0;-5,774175;-35,2578;SPRF-RN;DEL02-RN;UOP01-DEL02-RN
551276.0;1218149.0;2023-09-03;domingo;20:30:00;RN;101.0;84;NATAL;Sim;Acessar a via sem observar a presença dos outros veículos;1;Atropelamento de Pedestre;Com Vítimas Feridas;Plena Noite;Crescente;Céu Claro;Simples;Reta;Não;;;NA/NA;;Pedestre;Lesões Graves;36.0;Feminino;0.0;0.0;1.0;0.0;-5,774175;-35,2578;SPRF-RN;DEL02-RN;UOP01-DEL02-RN
551492.0;1218846.0;2023-09-28;quinta-feira;17:25:00;RN;101.0;98;NATAL;Sim;Ausência de reação do condutor;1;Engavetamento;Com Vítimas Feridas;Plena Noite;Crescente;Céu Claro;Dupla;Viaduto;Não;979285.0;Automóvel;FIAT/MOBI LIKE;2020.0;Condutor;Ileso;35.0;Masculino;1.0;0.0;0.0;0.0;-5,865679;-35,21652;SPRF-RN;DEL01-RN;UOP01-DEL01-RN
551492.0;1218843.0;2023-09-28;quinta-feira;17:25:00;RN;101.0;98;NATAL;Sim;Ausência de reação do condutor;1;Engavetamento;Com Vítimas Feridas;Plena Noite;Crescente;Céu Claro;Dupla;Viaduto;Não;979281.0;Caminhonete;I/VW AMAROK CS 4X4 S;2017.0;Condutor;Ileso;39.0;Masculino;1.0;0.0;0.0;0.0;-5,865679;-35,21652;SPRF-RN;DEL01-RN;UOP01-DEL01-RN
551492.0;1218845.0;2023-09-28;quinta-feira;17:25:00;RN;101.0;98;NATAL;Sim;Ausência de reação do condutor;1;Engavetamento;Com Vítimas Feridas;Plena Noite;Crescente;Céu Claro;Dupla;Viaduto;Não;979283.0;Automóvel;FIAT/PALIO FIRE FLEX;2006.0;Condutor;Lesões Leves;34.0;Feminino;0.0;1.0;0.0;0.0;-5,865679;-35,21652;SPRF-RN;DEL01-RN;UOP01-DEL01-RN
551954.0;1220043.0;2023-09-30;sábado;17:15:00;RN;101.0;95,2;NATAL;Não;Reação tardia ou ineficiente do condutor;3;Queda de ocupante de veículo;Com Vítimas Feridas;Anoitecer;Decrescente;Céu Claro;Múltipla;Reta;Sim;980318.0;Camioneta;JEEP/COMPASS LONG TF;2022.0;Condutor;Ileso;61.0;Masculino;1.0;0.0;0.0;0.0;-5,841962;-35,20979;SPRF-RN;DEL01-RN;UOP01-DEL01-RN
551954.0;1220045.0;2023-09-30;sábado;17:15:00;RN;101.0;95,2;NATAL;Não;Reação tardia ou ineficiente do condutor;3;Queda de ocupante de veículo;Com Vítimas Feridas;Anoitecer;Decrescente;Céu Claro;Múltipla;Reta;Sim;980319.0;Motocicleta;HONDA/XR 250 TORNADO;2004.0;Passageiro;Lesões Leves;35.0;Feminino;0.0;1.0;0.0;0.0;-5,841962;-35,20979;SPRF-RN;DEL01-RN;UOP01-DEL01-RN
551954.0;1220044.0;2023-09-30;sábado;17:15:00;RN;101.0;95,2;NATAL;Não;Reação tardia ou ineficiente do condutor;3;Queda de ocupante de veículo;Com Vítimas Feridas;Anoitecer;Decrescente;Céu Claro;Múltipla;Reta;Sim;980319.0;Motocicleta;HONDA/XR 250 TORNADO;2004.0;Condutor;Lesões Leves;38.0;Masculino;0.0;1.0;0.0;0.0;-5,841962;-35,20979;SPRF-RN;DEL01-RN;UOP01-DEL01-RN
551954.0;1220043.0;2023-09-30;sábado;17:15:00;RN;101.0;95,2;NATAL;Sim;Manobra de mudança de faixa;3;Queda de ocupante de veículo;Com Vítimas Feridas;Anoitecer;Decrescente;Céu Claro;Múltipla;Reta;Sim;980318.0;Camioneta;JEEP/COMPASS LONG TF;2022.0;Condutor;Ileso;61.0;Masculino;1.0;0.0;0.0;0.0;-5,841962;-35,20979;SPRF-RN;DEL01-RN;UOP01-DEL01-RN
551954.0;1220045.0;2023-09-30;sábado;17:15:00;RN;101.0;95,2;NATAL;Sim;Manobra de mudança de faixa;3;Queda de ocupante de veículo;Com Vítimas Feridas;Anoitecer;Decrescente;Céu Claro;Múltipla;Reta;Sim;980319.0;Motocicleta;HONDA/XR 250 TORNADO;2004.0;Passageiro;Lesões Leves;35.0;Feminino;0.0;1.0;0.0;0.0;-5,841962;-35,20979;SPRF-RN;DEL01-RN;UOP01-DEL01-RN
551954.0;1220044.0;2023-09-30;sábado;17:15:00;RN;101.0;95,2;NATAL;Sim;Manobra de mudança de faixa;3;Queda de ocupante de veículo;Com Vítimas Feridas;Anoitecer;Decrescente;Céu Claro;Múltipla;Reta;Sim;980319.0;Motocicleta;HONDA/XR 250 TORNADO;2004.0;Condutor;Lesões Leves;38.0;Masculino;0.0;1.0;0.0;0.0;-5,841962;-35,20979;SPRF-RN;DEL01-RN;UOP01-DEL01-RN
551954.0;1220043.0;2023-09-30;sábado;17:15:00;RN;101.0;95,2;NATAL;Não;Reação tardia ou ineficiente do condutor;2;Tombamento;Com Vítimas Feridas;Anoitecer;Decrescente;Céu Claro;Múltipla;Reta;Sim;980318.0;Camioneta;JEEP/COMPASS LONG TF;2022.0;Condutor;Ileso;61.0;Masculino;1.0;0.0;0.0;0.0;-5,841962;-35,20979;SPRF-RN;DEL01-RN;UOP01-DEL01-RN
551954.0;1220045.0;2023-09-30;sábado;17:15:00;RN;101.0;95,2;NATAL;Não;Reação tardia ou ineficiente do condutor;2;Tombamento;Com Vítimas Feridas;Anoitecer;Decrescente;Céu Claro;Múltipla;Reta;Sim;980319.0;Motocicleta;HONDA/XR 250 TORNADO;2004.0;Passageiro;Lesões Leves;35.0;Feminino;0.0;1.0;0.0;0.0;-5,841962;-35,20979;SPRF-RN;DEL01-RN;UOP01-DEL01-RN
551954.0;1220044.0;2023-09-30;sábado;17:15:00;RN;101.0;95,2;NATAL;Não;Reação tardia ou ineficiente do condutor;2;Tombamento;Com Vítimas Feridas;Anoitecer;Decrescente;Céu Claro;Múltipla;Reta;Sim;980319.0;Motocicleta;HONDA/XR 250 TORNADO;2004.0;Condutor;Lesões Leves;38.0;Masculino;0.0;1.0;0.0;0.0;-5,841962;-35,20979;SPRF-RN;DEL01-RN;UOP01-DEL01-RN
551954.0;1220043.0;2023-09-30;sábado;17:15:00;RN;101.0;95,2;NATAL;Sim;Manobra de mudança de faixa;2;Tombamento;Com Vítimas Feridas;Anoitecer;Decrescente;Céu Claro;Múltipla;Reta;Sim;980318.0;Camioneta;JEEP/COMPASS LONG TF;2022.0;Condutor;Ileso;61.0;Masculino;1.0;0.0;0.0;0.0;-5,841962;-35,20979;SPRF-RN;DEL01-RN;UOP01-DEL01-RN
551954.0;1220045.0;2023-09-30;sábado;17:15:00;RN;101.0;95,2;NATAL;Sim;Manobra de mudança de faixa;2;Tombamento;Com Vítimas Feridas;Anoitecer;Decrescente;Céu Claro;Múltipla;Reta;Sim;980319.0;Motocicleta;HONDA/XR 250 TORNADO;2004.0;Passageiro;Lesões Leves;35.0;Feminino;0.0;1.0;0.0;0.0;-5,841962;-35,20979;SPRF-RN;DEL01-RN;UOP01-DEL01-RN
551954.0;1220044.0;2023-09-30;sábado;17:15:00;RN;101.0;95,2;NATAL;Sim;Manobra de mudança de faixa;2;Tombamento;Com Vítimas Feridas;Anoitecer;Decrescente;Céu Claro;Múltipla;Reta;Sim;980319.0;Motocicleta;HONDA/XR 250 TORNADO;2004.0;Condutor;Lesões Leves;38.0;Masculino;0.0;1.0;0.0;0.0;-5,841962;-35,20979;SPRF-RN;DEL01-RN;UOP01-DEL01-RN
551954.0;1220043.0;2023-09-30;sábado;17:15:00;RN;101.0;95,2;NATAL;Não;Reação tardia ou ineficiente do condutor;1;Colisão lateral mesmo sentido;Com Vítimas Feridas;Anoitecer;Decrescente;Céu Claro;Múltipla;Reta;Sim;980318.0;Camioneta;JEEP/COMPASS LONG TF;2022.0;Condutor;Ileso;61.0;Masculino;1.0;0.0;0.0;0.0;-5,841962;-35,20979;SPRF-RN;DEL01-RN;UOP01-DEL01-RN
551954.0;1220045.0;2023-09-30;sábado;17:15:00;RN;101.0;95,2;NATAL;Não;Reação tardia ou ineficiente do condutor;1;Colisão lateral mesmo sentido;Com Vítimas Feridas;Anoitecer;Decrescente;Céu Claro;Múltipla;Reta;Sim;980319.0;Motocicleta;HONDA/XR 250 TORNADO;2004.0;Passageiro;Lesões Leves;35.0;Feminino;0.0;1.0;0.0;0.0;-5,841962;-35,20979;SPRF-RN;DEL01-RN;UOP01-DEL01-RN
551954.0;1220044.0;2023-09-30;sábado;17:15:00;RN;101.0;95,2;NATAL;Não;Reação tardia ou ineficiente do condutor;1;Colisão lateral mesmo sentido;Com Vítimas Feridas;Anoitecer;Decrescente;Céu Claro;Múltipla;Reta;Sim;980319.0;Motocicleta;HONDA/XR 250 TORNADO;2004.0;Condutor;Lesões Leves;38.0;Masculino;0.0;1.0;0.0;0.0;-5,841962;-35,20979;SPRF-RN;DEL01-RN;UOP01-DEL01-RN
551954.0;1220043.0;2023-09-30;sábado;17:15:00;RN;101.0;95,2;NATAL;Sim;Manobra de mudança de faixa;1;Colisão lateral mesmo sentido;Com Vítimas Feridas;Anoitecer;Decrescente;Céu Claro;Múltipla;Reta;Sim;980318.0;Camioneta;JEEP/COMPASS LONG TF;2022.0;Condutor;Ileso;61.0;Masculino;1.0;0.0;0.0;0.0;-5,841962;-35,20979;SPRF-RN;DEL01-RN;UOP01-DEL01-RN
551954.0;1220045.0;2023-09-30;sábado;17:15:00;RN;101.0;95,2;NATAL;Sim;Manobra de mudança de faixa;1;Colisão lateral mesmo sentido;Com Vítimas Feridas;Anoitecer;Decrescente;Céu Claro;Múltipla;Reta;Sim;980319.0;Motocicleta;HONDA/XR 250 TORNADO;2004.0;Passageiro;Lesões Leves;35.0;Feminino;0.0;1.0;0.0;0.0;-5,841962;-35,20979;SPRF-RN;DEL01-RN;UOP01-DEL01-RN
551954.0;1220044.0;2023-09-30;sábado;17:15:00;RN;101.0;95,2;NATAL;Sim;Manobra de mudança de faixa;1;Colisão lateral mesmo sentido;Com Vítimas Feridas;Anoitecer;Decrescente;Céu Claro;Múltipla;Reta;Sim;980319.0;Motocicleta;HONDA/XR 250 TORNADO;2004.0;Condutor;Lesões Leves;38.0;Masculino;0.0;1.0;0.0;0.0;-5,841962;-35,20979;SPRF-RN;DEL01-RN;UOP01-DEL01-RN
552353.0;1220815.0;2023-10-02;segunda-feira;07:56:00;RN;101.0;97;NATAL;Sim;Manobra de mudança de faixa;1;Colisão lateral mesmo sentido;Com Vítimas Feridas;Pleno dia;Decrescente;Céu Claro;Múltipla;Viaduto;Não;980924.0;Automóvel;FIAT/PUNTO ATTRACTIVE;2015.0;Condutor;Ileso;21.0;Masculino;1.0;0.0;0.0;0.0;-5,857589;-35,21271;SPRF-RN;DEL01-RN;UOP01-DEL01-RN