id;pesid;data_inversa;dia_semana;horario;uf;br;km;municipio;causa_principal;causa_acidente;ordem_tipo_acidente;tipo_acidente;classificacao_acidente;fase_dia;sentido_via;condicao_metereologica;tipo_pista;tracado_via;uso_solo;id_veiculo;tipo_veiculo;marca;ano_fabricacao_veiculo;tipo_envolvido;estado_fisico;idade;sexo;ilesos;feridos_leves;feridos_graves;mortos;latitude;longitude;regional;delegacia;uop
552353.0;1220814.0;2023-10-02;segunda-feira;07:56:00;RN;101.0;97;NATAL;Sim;Manobra de mudança de faixa;1;Colisão lateral mesmo sentido;Com Vítimas Feridas;Pleno dia;Decrescente;Céu Claro;Múltipla;Viaduto;Não;980925.0;Motocicleta;JTA/SUZUKI INTRUDER125CE;2012.0;Condutor;Lesões Leves;24.0;Masculino;0.0;1.0;0.0;0.0;-5,857589;-35,21271;SPRF-RN;DEL01-RN;UOP01-DEL01-RN
552390.0;1221082.0;2023-10-02;segunda-feira;09:40:00;RN;101.0;94,4;NATAL;Sim;Condutor deixou de manter distância do veículo da frente;2;Tombamento;Com Vítimas Feridas;Pleno dia;Decrescente;Sol;Múltipla;Reta;Sim;981115.0;Automóvel;CHEVROLET/CELTA 1.0L LT;2014.0;Condutor;Ileso;38.0;Masculino;1.0;0.0;0.0;0.0;-5,830987;-35,2117;SPRF-RN;DEL01-RN;UOP01-DEL01-RN
552390.0;1221080.0;2023-10-02;segunda-feira;09:40:00;RN;101.0;94,4;NATAL;Sim;Condutor deixou de manter distância do veículo da frente;2;Tombamento;Com Vítimas Feridas;Pleno dia;Decrescente;Sol;Múltipla;Reta;Sim;981114.0;Motocicleta;HONDA/NXR150 BROS ESD;2013.0;Condutor;Lesões Leves;25.0;Masculino;0.0;1.0;0.0;0.0;-5,830987;-35,2117;SPRF-RN;DEL01-RN;UOP01-DEL01-RN
552390.0;1221082.0;2023-10-02;segunda-feira;09:40:00;RN;101.0;94,4;NATAL;Sim;Condutor deixou de manter distância do veículo da frente;1;Colisão traseira;Com Vítimas Feridas;Pleno dia;Decrescente;Sol;Múltipla;Reta;Sim;981115.0;Automóvel;CHEVROLET/CELTA 1.0L LT;2014.0;Condutor;Ileso;38.0;Masculino;1.0;0.0;0.0;0.0;-5,830987;-35,2117;SPRF-RN;DEL01-RN;UOP01-DEL01-RN
552390.0;1221080.0;2023-10-02;segunda-feira;09:40:00;RN;101.0;94,4;NATAL;Sim;Condutor deixou de manter distância do veículo da frente;1;Colisão traseira;Com Vítimas Feridas;Pleno dia;Decrescente;Sol;Múltipla;Reta;Sim;981114.0;Motocicleta;HONDA/NXR150 BROS ESD;2013.0;Condutor;Lesões Leves;25.0;Masculino;0.0;1.0;0.0;0.0;-5,830987;-35,2117;SPRF-RN;DEL01-RN;UOP01-DEL01-RN
552472.0;1221176.0;2023-10-02;segunda-feira;17:21:00;RN;101.0;97;NATAL;Sim;Reação tardia ou ineficiente do condutor;1;Colisão traseira;Com Vítimas Feridas;Anoitecer;Crescente;Céu Claro;Múltipla;Reta;Sim;981203.0;Motoneta;HONDA/PCX 160 ABS;2023.0;Condutor;Lesões Leves;28.0;Masculino;0.0;1.0;0.0;0.0;-5,857589;-35,21271;SPRF-RN;DEL01-RN;UOP01-DEL01-RN
552472.0;1221174.0;2023-10-02;segunda-feira;17:21:00;RN;101.0;97;NATAL;Sim;Reação tardia ou ineficiente do condutor;1;Colisão traseira;Com Vítimas Feridas;Anoitecer;Crescente;Céu Claro;Múltipla;Reta;Sim;981202.0;Caminhonete;FIAT/STRADA WORKING CD;2014.0;Condutor;Ileso;44.0;Masculino;1.0;0.0;0.0;0.0;-5,857589;-35,21271;SPRF-RN;DEL01-RN;UOP01-DEL01-RN
552658.0;1221600.0;2023-10-03;terça-feira;18:20:00;RN;101.0;74;NATAL;Sim;Reação tardia ou ineficiente do condutor;1;Colisão traseira;Sem Vítimas;Plena Noite;Decrescente;Céu Claro;Simples;Reta;Não;981570.0;Automóvel;VW/POLO SEDAN 1.6;2006.0;Passageiro;Ileso;46.0;Feminino;1.0;0.0;0.0;0.0;-5,714063;-35,27233;SPRF-RN;DEL02-RN;UOP01-DEL02-RN
552658.0;1221596.0;2023-10-03;terça-feira;18:20:00;RN;101.0;74;NATAL;Sim;Reação tardia ou ineficiente do condutor;1;Colisão traseira;Sem Vítimas;Plena Noite;Decrescente;Céu Claro;Simples;Reta;Não;981570.0;Automóvel;VW/POLO SEDAN 1.6;2006.0;Condutor;Ileso;50.0;Masculino;1.0;0.0;0.0;0.0;-5,714063;-35,27233;SPRF-RN;DEL02-RN;UOP01-DEL02-RN
552658.0;1221601.0;2023-10-03;terça-feira;18:20:00;RN;101.0;74;NATAL;Sim;Reação tardia ou ineficiente do condutor;1;Colisão traseira;Sem Vítimas;Plena Noite;Decrescente;Céu Claro;Simples;Reta;Não;981572.0;Automóvel;VW/FOX 1.0;2004.0;Condutor;Ileso;56.0;Masculino;1.0;0.0;0.0;0.0;-5,714063;-35,27233;SPRF-RN;DEL02-RN;UOP01-DEL02-RN
552658.0;1221602.0;2023-10-03;terça-feira;18:20:00;RN;101.0;74;NATAL;Sim;Reação tardia ou ineficiente do condutor;1;Colisão traseira;Sem Vítimas;Plena Noite;Decrescente;Céu Claro;Simples;Reta;Não;981572.0;Automóvel;VW/FOX 1.0;2004.0;Passageiro;Ileso;59.0;Feminino;1.0;0.0;0.0;0.0;-5,714063;-35,27233;SPRF-RN;DEL02-RN;UOP01-DEL02-RN
552658.0;1221600.0;2023-10-03;terça-feira;18:20:00;RN;101.0;74;NATAL;Não;Ingestão de substâncias psicoativas pelo condutor;1;Colisão traseira;Sem Vítimas;Plena Noite;Decrescente;Céu Claro;Simples;Reta;Não;981570.0;Automóvel;VW/POLO SEDAN 1.6;2006.0;Passageiro;Ileso;46.0;Feminino;1.0;0.0;0.0;0.0;-5,714063;-35,27233;SPRF-RN;DEL02-RN;UOP01-DEL02-RN
552658.0;1221596.0;2023-10-03;terça-feira;18:20:00;RN;101.0;74;NATAL;Não;Ingestão de substâncias psicoativas pelo condutor;1;Colisão traseira;Sem Vítimas;Plena Noite;Decrescente;Céu Claro;Simples;Reta;Não;981570.0;Automóvel;VW/POLO SEDAN 1.6;2006.0;Condutor;Ileso;50.0;Masculino;1.0;0.0;0.0;0.0;-5,714063;-35,27233;SPRF-RN;DEL02-RN;UOP01-DEL02-RN
552658.0;1221601.0;2023-10-03;terça-feira;18:20:00;RN;101.0;74;NATAL;Não;Ingestão de substâncias psicoativas pelo condutor;1;Colisão traseira;Sem Vítimas;Plena Noite;Decrescente;Céu Claro;Simples;Reta;Não;981572.0;Automóvel;VW/FOX 1.0;2004.0;Condutor;Ileso;56.0;Masculino;1.0;0.0;0.0;0.0;-5,714063;-35,27233;SPRF-RN;DEL02-RN;UOP01-DEL02-RN
552658.0;1221602.0;2023-10-03;terça-feira;18:20:00;RN;101.0;74;NATAL;Não;Ingestão de substâncias psicoativas pelo condutor;1;Colisão traseira;Sem Vítimas;Plena Noite;Decrescente;Céu Claro;Simples;Reta;Não;981572.0;Automóvel;VW/FOX 1.0;2004.0;Passageiro;Ileso;59.0;Feminino;1.0;0.0;0.0;0.0;-5,714063;-35,27233;SPRF-RN;DEL02-RN;UOP01-DEL02-RN
552727.0;1223235.0;2023-10-04;quarta-feira;06:00:00;RN;101.0;85,2;NATAL;Sim;Reação tardia ou ineficiente do condutor;3;Queda de ocupante de veículo;Com Vítimas Feridas;Pleno dia;Crescente;Céu Claro;Dupla;Reta;Sim;981616.0;Motocicleta;HONDA/NXR150 BROS ESD;2007.0;Condutor;Lesões Graves;44.0;Masculino;0.0;0.0;1.0;0.0;-5,777664;-35,24937;SPRF-RN;DEL02-RN;UOP01-DEL02-RN
552727.0;1221662.0;2023-10-04;quarta-feira;06:00:00;RN;101.0;85,2;NATAL;Sim;Reação tardia ou ineficiente do condutor;3;Queda de ocupante de veículo;Com Vítimas Feridas;Pleno dia;Crescente;Céu Claro;Dupla;Reta;Sim;981618.0;Automóvel;Não Informado/Não Informado;0.0;Condutor;Não Informado;;Não Informado;0.0;0.0;0.0;0.0;-5,777664;-35,24937;SPRF-RN;DEL02-RN;UOP01-DEL02-RN
552727.0;1223235.0;2023-10-04;quarta-feira;06:00:00;RN;101.0;85,2;NATAL;Sim;Reação tardia ou ineficiente do condutor;2;Tombamento;Com Vítimas Feridas;Pleno dia;Crescente;Céu Claro;Dupla;Reta;Sim;981616.0;Motocicleta;HONDA/NXR150 BROS ESD;2007.0;Condutor;Lesões Graves;44.0;Masculino;0.0;0.0;1.0;0.0;-5,777664;-35,24937;SPRF-RN;DEL02-RN;UOP01-DEL02-RN
552727.0;1221662.0;2023-10-04;quarta-feira;06:00:00;RN;101.0;85,2;NATAL;Sim;Reação tardia ou ineficiente do condutor;2;Tombamento;Com Vítimas Feridas;Pleno dia;Crescente;Céu Claro;Dupla;Reta;Sim;981618.0;Automóvel;Não Informado/Não Informado;0.0;Condutor;Não Informado;;Não Informado;0.0;0.0;0.0;0.0;-5,777664;-35,24937;SPRF-RN;DEL02-RN;UOP01-DEL02-RN
552727.0;1223235.0;2023-10-04;quarta-feira;06:00:00;RN;101.0;85,2;NATAL;Sim;Reação tardia ou ineficiente do condutor;1;Colisão lateral mesmo sentido;Com Vítimas Feridas;Pleno dia;Crescente;Céu Claro;Dupla;Reta;Sim;981616.0;Motocicleta;HONDA/NXR150 BROS ESD;2007.0;Condutor;Lesões Graves;44.0;Masculino;0.0;0.0;1.0;0.0;-5,777664;-35,24937;SPRF-RN;DEL02-RN;UOP01-DEL02-RN
552727.0;1221662.0;2023-10-04;quarta-feira;06:00:00;RN;101.0;85,2;NATAL;Sim;Reação tardia ou ineficiente do condutor;1;Colisão lateral mesmo sentido;Com Vítimas Feridas;Pleno dia;Crescente;Céu Claro;Dupla;Reta;Sim;981618.0;Automóvel;Não Informado/Não Informado;0.0;Condutor;Não Informado;;Não Informado;0.0;0.0;0.0;0.0;-5,777664;-35,24937;SPRF-RN;DEL02-RN;UOP01-DEL02-RN
552745.0;1221782.0;2023-10-04;quarta-feira;08:32:00;RN;101.0;96;NATAL;Sim;Manobra de mudança de faixa;2;Queda de ocupante de veículo;Sem Vítimas;Pleno dia;Decrescente;Céu Claro;Dupla;Reta;Sim;981716.0;Automóvel;I/HYUNDAI VELOSTER;2012.0;Condutor;Ileso;32.0;Masculino;1.0;0.0;0.0;0.0;-5,849496;-35,20891;SPRF-RN;DEL01-RN;UOP01-DEL01-RN
552745.0;1221784.0;2023-10-04;quarta-feira;08:32:00;RN;101.0;96;NATAL;Sim;Manobra de mudança de faixa;2;Queda de ocupante de veículo;Sem Vítimas;Pleno dia;Decrescente;Céu Claro;Dupla;Reta;Sim;981717.0;Motocicleta;YAMAHA/YBR125I FACTOR ED;2021.0;Condutor;Ileso;47.0;Masculino;1.0;0.0;0.0;0.0;-5,849496;-35,20891;SPRF-RN;DEL01-RN;UOP01-DEL01-RN
552745.0;1221782.0;2023-10-04;quarta-feira;08:32:00;RN;101.0;96;NATAL;Sim;Manobra de mudança de faixa;1;Colisão lateral mesmo sentido;Sem Vítimas;Pleno dia;Decrescente;Céu Claro;Dupla;Reta;Sim;981716.0;Automóvel;I/HYUNDAI VELOSTER;2012.0;Condutor;Ileso;32.0;Masculino;1.0;0.0;0.0;0.0;-5,849496;-35,20891;SPRF-RN;DEL01-RN;UOP01-DEL01-RN
552745.0;1221784.0;2023-10-04;quarta-feira;08:32:00;RN;101.0;96;NATAL;Sim;Manobra de mudança de faixa;1;Colisão lateral mesmo sentido;Sem Vítimas;Pleno dia;Decrescente;Céu Claro;Dupla;Reta;Sim;981717.0;Motocicleta;YAMAHA/YBR125I FACTOR ED;2021.0;Condutor;Ileso;47.0;Masculino;1.0;0.0;0.0;0.0;-5,849496;-35,20891;SPRF-RN;DEL01-RN;UOP01-DEL01-RN
553726.0;1225866.0;2023-10-08;domingo;20:58:00;RN;101.0;94;NATAL;Sim;Acessar a via sem observar a presença dos outros veículos;1;Colisão lateral mesmo sentido;Com Vítimas Feridas;Plena Noite;Decrescente;Céu Claro;Dupla;Interseção de Vias;Sim;983583.0;Automóvel;Não Informado/Não Informado;0.0;Condutor;Não Informado;;Não Informado;0.0;0.0;0.0;0.0;-5,831766;-35,21191;SPRF-RN;DEL01-RN;UOP01-DEL01-RN
553726.0;1225865.0;2023-10-08;domingo;20:58:00;RN;101.0;94;NATAL;Sim;Acessar a via sem observar a presença dos outros veículos;1;Colisão lateral mesmo sentido;Com Vítimas Feridas;Plena Noite;Decrescente;Céu Claro;Dupla;Interseção de Vias;Sim;984968.0;Motocicleta;HONDA/CG 160 START;0.0;Condutor;Lesões Leves;26.0;Masculino;0.0;1.0;0.0;0.0;-5,831766;-35,21191;SPRF-RN;DEL01-RN;UOP01-DEL01-RN
554066.0;1224820.0;2023-10-10;terça-feira;09:35:00;RN;101.0;94;NATAL;Não;Condutor deixou de manter distância do veículo da frente;1;Engavetamento;Sem Vítimas;Pleno dia;Decrescente;Céu Claro;Múltipla;Reta;Sim;984112.0;Automóvel;FIAT/MOBI LIKE;2022.0;Condutor;Ileso;60.0;Masculino;1.0;0.0;0.0;0.0;-5,828993;-35,21099;SPRF-RN;DEL01-RN;UOP01-DEL01-RN
554066.0;1224819.0;2023-10-10;terça-feira;09:35:00;RN;101.0;94;NATAL;Não;Condutor deixou de manter distância do veículo da frente;1;Engavetamento;Sem Vítimas;Pleno dia;Decrescente;Céu Claro;Múltipla;Reta;Sim;984110.0;Automóvel;FIAT/PULSE IMPETUS TF200;2022.0;Condutor;Ileso;39.0;Feminino;1.0;0.0;0.0;0.0;-5,828993;-35,21099;SPRF-RN;DEL01-RN;UOP01-DEL01-RN
554066.0;1224822.0;2023-10-10;terça-feira;09:35:00;RN;101.0;94;NATAL;Não;Condutor deixou de manter distância do veículo da frente;1;Engavetamento;Sem Vítimas;Pleno dia;Decrescente;Céu Claro;Múltipla;Reta;Sim;984113.0;Automóvel;I/PEUGEOT 207HB XR S;2012.0;Condutor;Ileso;50.0;Masculino;1.0;0.0;0.0;0.0;-5,828993;-35,21099;SPRF-RN;DEL01-RN;UOP01-DEL01-RN
554066.0;1224820.0;2023-10-10;terça-feira;09:35:00;RN;101.0;94;NATAL;Sim;Reação tardia ou ineficiente do condutor;1;Engavetamento;Sem Vítimas;Pleno dia;Decrescente;Céu Claro;Múltipla;Reta;Sim;984112.0;Automóvel;FIAT/MOBI LIKE;2022.0;Condutor;Ileso;60.0;Masculino;1.0;0.0;0.0;0.0;-5,828993;-35,21099;SPRF-RN;DEL01-RN;UOP01-DEL01-RN
554066.0;1224819.0;2023-10-10;terça-feira;09:35:00;RN;101.0;94;NATAL;Sim;Reação tardia ou ineficiente do condutor;1;Engavetamento;Sem Vítimas;Pleno dia;Decrescente;Céu Claro;Múltipla;Reta;Sim;984110.0;Automóvel;FIAT/PULSE IMPETUS TF200;2022.0;Condutor;Ileso;39.0;Feminino;1.0;0.0;0.0;0.0;-5,828993;-35,21099;SPRF-RN;DEL01-RN;UOP01-DEL01-RN
554066.0;1224822.0;2023-10-10;terça-feira;09:35:00;RN;101.0;94;NATAL;Sim;Reação tardia ou ineficiente do condutor;1;Engavetamento;Sem Vítimas;Pleno dia;Decrescente;Céu Claro;Múltipla;Reta;Sim;984113.0;Automóvel;I/PEUGEOT 207HB XR S;2012.0;Condutor;Ileso;50.0;Masculino;1.0;0.0;0.0;0.0;-5,828993;-35,21099;SPRF-RN;DEL01-RN;UOP01-DEL01-RN
554067.0;1224833.0;2023-10-10;terça-feira;10:10:00;RN;101.0;94;NATAL;Sim;Condutor deixou de manter distância do veículo da frente;2;Colisão traseira;Sem Vítimas;Pleno dia;Decrescente;Céu Claro;Simples;Reta;Sim;984121.0;Automóvel;VW/VOYAGE 1.6;2011.0;Condutor;Ileso;60.0;Masculino;1.0;0.0;0.0;0.0;-5,831766;-35,21191;SPRF-RN;DEL01-RN;UOP01-DEL01-RN
554067.0;1224835.0;2023-10-10;terça-feira;10:10:00;RN;101.0;94;NATAL;Sim;Condutor deixou de manter distância do veículo da frente;2;Colisão traseira;Sem Vítimas;Pleno dia;Decrescente;Céu Claro;Simples;Reta;Sim;984122.0;Automóvel;CHEV/SPIN 1.8L MT LS E;2020.0;Condutor;Ileso;32.0;Masculino;1.0;0.0;0.0;0.0;-5,831766;-35,21191;SPRF-RN;DEL01-RN;UOP01-DEL01-RN
554067.0;1224836.0;2023-10-10;terça-feira;10:10:00;RN;101.0;94;NATAL;Sim;Condutor deixou de manter distância do veículo da frente;2;Colisão traseira;Sem Vítimas;Pleno dia;Decrescente;Céu Claro;Simples;Reta;Sim;984123.0;Automóvel;FIAT/SIENA ATTRACTIV 1.4;2017.0;Condutor;Ileso;40.0;Masculino;1.0;0.0;0.0;0.0;-5,831766;-35,21191;SPRF-RN;DEL01-RN;UOP01-DEL01-RN
554067.0;1224833.0;2023-10-10;terça-feira;10:10:00;RN;101.0;94;NATAL;Sim;Condutor deixou de manter distância do veículo da frente;1;Colisão traseira;Sem Vítimas;Pleno dia;Decrescente;Céu Claro;Simples;Reta;Sim;984121.0;Automóvel;VW/VOYAGE 1.6;2011.0;Condutor;Ileso;60.0;Masculino;1.0;0.0;0.0;0.0;-5,831766;-35,21191;SPRF-RN;DEL01-RN;UOP01-DEL01-RN
554067.0;1224835.0;2023-10-10;terça-feira;10:10:00;RN;101.0;94;NATAL;Sim;Condutor deixou de manter distância do veículo da frente;1;Colisão traseira;Sem Vítimas;Pleno dia;Decrescente;Céu Claro;Simples;Reta;Sim;984122.0;Automóvel;CHEV/SPIN 1.8L MT LS E;2020.0;Condutor;Ileso;32.0;Masculino;1.0;0.0;0.0;0.0;-5,831766;-35,21191;SPRF-RN;DEL01-RN;UOP01-DEL01-RN
554067.0;1224836.0;2023-10-10;terça-feira;10:10:00;RN;101.0;94;NATAL;Sim;Condutor deixou de manter distância do veículo da frente;1;Colisão traseira;Sem Vítimas;Pleno dia;Decrescente;Céu Claro;Simples;Reta;Sim;984123.0;Automóvel;FIAT/SIENA ATTRACTIV 1.4;2017.0;Condutor;Ileso;40.0;Masculino;1.0;0.0;0.0;0.0;-5,831766;-35,21191;SPRF-RN;DEL01-RN;UOP01-DEL01-RN
554074.0;1224842.0;2023-10-10;terça-feira;11:07:00;RN;101.0;96,5;NATAL;Sim;Manobra de mudança de faixa;1;Colisão traseira;Com Vítimas Feridas;Pleno dia;Decrescente;Céu Claro;Múltipla;Reta;Sim;984128.0;Ônibus;M.BENZ/INDUSCAR APACHE U;2019.0;Condutor;Ileso;58.0;Masculino;1.0;0.0;0.0;0.0;-5,852173;-35,21001;SPRF-RN;DEL01-RN;UOP01-DEL01-RN
554074.0;1224844.0;2023-10-10;terça-feira;11:07:00;RN;101.0;96,5;NATAL;Sim;Manobra de mudança de faixa;1;Colisão traseira;Com Vítimas Feridas;Pleno dia;Decrescente;Céu Claro;Múltipla;Reta;Sim;984129.0;Motocicleta;HONDA/CG150 FAN ESDI;2015.0;Condutor;Lesões Leves;27.0;Masculino;0.0;1.0;0.0;0.0;-5,852173;-35,21001;SPRF-RN;DEL01-RN;UOP01-DEL01-RN
554102.0;1225018.0;2023-10-10;terça-feira;13:50:00;RN;101.0;95;NATAL;Sim;Condutor deixou de manter distância do veículo da frente;1;Colisão traseira;Sem Vítimas;Pleno dia;Decrescente;Céu Claro;Múltipla;Reta;Sim;984273.0;Automóvel;RENAULT/DUSTER 20 D 4X4;2014.0;Condutor;Ileso;43.0;Masculino;1.0;0.0;0.0;0.0;-5,840768;-35,21036;SPRF-RN;DEL01-RN;UOP01-DEL01-RN
554102.0;1225019.0;2023-10-10;terça-feira;13:50:00;RN;101.0;95;NATAL;Sim;Condutor deixou de manter distância do veículo da frente;1;Colisão traseira;Sem Vítimas;Pleno dia;Decrescente;Céu Claro;Múltipla;Reta;Sim;984274.0;Automóvel;CHEVROLET/ONIX 1.0MT LT;2019.0;Condutor;Ileso;31.0;Masculino;1.0;0.0;0.0;0.0;-5,840768;-35,21036;SPRF-RN;DEL01-RN;UOP01-DEL01-RN
554102.0;1225017.0;2023-10-10;terça-feira;13:50:00;RN;101.0;95;NATAL;Sim;Condutor deixou de manter distância do veículo da frente;1;Colisão traseira;Sem Vítimas;Pleno dia;Decrescente;Céu Claro;Múltipla;Reta;Sim;984272.0;Utilitário;CAOACHERY/TIGGO3X PRO TA;2021.0;Condutor;Ileso;43.0;Masculino;1.0;0.0;0.0;0.0;-5,840768;-35,21036;SPRF-RN;DEL01-RN;UOP01-DEL01-RN
554102.0;1225020.0;2023-10-10;terça-feira;13:50:00;RN;101.0;95;NATAL;Sim;Condutor deixou de manter distância do veículo da frente;1;Colisão traseira;Sem Vítimas;Pleno dia;Decrescente;Céu Claro;Múltipla;Reta;Sim;984275.0;Caminhonete;MMC/TRITON SPORT GLS AT;2019.0;Condutor;Ileso;40.0;Masculino;1.0;0.0;0.0;0.0;-5,840768;-35,21036;SPRF-RN;DEL01-RN;UOP01-DEL01-RN
554123.0;1224923.0;2023-10-10;terça-feira;16:00:00;RN;101.0;96,5;NATAL;Sim;Condutor deixou de manter distância do veículo da frente;1;Colisão traseira;Com Vítimas Feridas;Pleno dia;Crescente;Céu Claro;Múltipla;Reta;Sim;984203.0;Automóvel;I/CHEVROLET CLASSIC LS;2014.0;Condutor;Ileso;31.0;Masculino;1.0;0.0;0.0;0.0;-5,849496;-35,20891;SPRF-RN;DEL01-RN;UOP01-DEL01-RN
554123.0;1224922.0;2023-10-10;terça-feira;16:00:00;RN;101.0;96,5;NATAL;Sim;Condutor deixou de manter distância do veículo da frente;1;Colisão traseira;Com Vítimas Feridas;Pleno dia;Crescente;Céu Claro;Múltipla;Reta;Sim;984202.0;Utilitário;MMC/PAJERO TR4 FLEX;2008.0;Condutor;Lesões Leves;48.0;Feminino;0.0;1.0;0.0;0.0;-5,849496;-35,20891;SPRF-RN;DEL01-RN;UOP01-DEL01-RN
554273.0;1225293.0;2023-09-05;terça-feira;09:50:00;RN;226.0;2,9;NATAL;Sim;Acessar a via sem observar a presença dos outros veículos;1;Colisão transversal;Com Vítimas Feridas;Pleno dia;Decrescente;Céu Claro;Simples;Reta;Sim;984494.0;Automóvel;FIAT/SIENA FIRE;2003.0;Condutor;Ileso;44.0;Masculino;1.0;0.0;0.0;0.0;-5,813649;-35,24665;SPRF-RN;DEL01-RN;UOP02-DEL01-RN
554273.0;1225294.0;2023-09-05;terça-feira;09:50:00;RN;226.0;2,9;NATAL;Sim;Acessar a via sem observar a presença dos outros veículos;1;Colisão transversal;Com Vítimas Feridas;Pleno dia;Decrescente;Céu Claro;Simples;Reta;Sim;984495.0;Motocicleta;YAMAHA/XTZ150 CROSSER Z;2021.0;Condutor;Lesões Graves;26.0;Masculino;0.0;0.0;1.0;0.0;-5,813649;-35,24665;SPRF-RN;DEL01-RN;UOP02-DEL01-RN
554345.0;1225616.0;2023-10-11;quarta-feira;18:00:00;RN;101.0;97;NATAL;Sim;Condutor deixou de manter distância do veículo da frente;1;Colisão traseira;Com Vítimas Feridas;Plena Noite;Crescente;Céu Claro;Dupla;Reta;Sim;984762.0;Motocicleta;YAMAHA/YBR125 FACTOR K1;2014.0;Passageiro;Lesões Leves;42.0;Feminino;0.0;1.0;0.0;0.0;-5,857589;-35,21271;SPRF-RN;DEL01-RN;UOP01-DEL01-RN
554345.0;1225614.0;2023-10-11;quarta-feira;18:00:00;RN;101.0;97;NATAL;Sim;Condutor deixou de manter distância do veículo da frente;1;Colisão traseira;Com Vítimas Feridas;Plena Noite;Crescente;Céu Claro;Dupla;Reta;Sim;984762.0;Motocicleta;YAMAHA/YBR125 FACTOR K1;2014.0;Condutor;Lesões Leves;37.0;Masculino;0.0;1.0;0.0;0.0;-5,857589;-35,21271;SPRF-RN;DEL01-RN;UOP01-DEL01-RN
554345.0;1225627.0;2023-10-11;quarta-feira;18:00:00;RN;101.0;97;NATAL;Sim;Condutor deixou de manter distância do veículo da frente;1;Colisão traseira;Com Vítimas Feridas;Plena Noite;Crescente;Céu Claro;Dupla;Reta;Sim;984765.0;Automóvel;HYUNDAI/CRETA 16A SMT PL;2020.0;Condutor;Ileso;37.0;Feminino;1.0;0.0;0.0;0.0;-5,857589;-35,21271;SPRF-RN;DEL01-RN;UOP01-DEL01-RN
554765.0;1226673.0;2023-10-13;sexta-feira;17:15:00;RN;101.0;78;NATAL;Sim;Ausência de reação do condutor;1;Queda de ocupante de veículo;Com Vítimas Feridas;Anoitecer;Decrescente;Céu Claro;Dupla;"Reta;Em Obras";Sim;985566.0;Motocicleta;YAMAHA/XTZ150 CROSSER ED;2015.0;Condutor;Lesões Graves;33.0;Masculino;0.0;0.0;1.0;0.0;-5,740719;-35,29021;SPRF-RN;DEL02-RN;UOP01-DEL02-RN
554782.0;1226637.0;2023-10-13;sexta-feira;18:08:00;RN;101.0;84,7;NATAL;Não;Iluminação deficiente;3;Queda de ocupante de veículo;Com Vítimas Feridas;Plena Noite;Crescente;Céu Claro;Dupla;Curva;Sim;985541.0;Motocicleta;JTA/SUZUKI INTRUDER 125;2007.0;Condutor;Lesões Leves;35.0;Masculino;0.0;1.0;0.0;0.0;-5,775387;-35,25361;SPRF-RN;DEL02-RN;UOP01-DEL02-RN
554782.0;1226638.0;2023-10-13;sexta-feira;18:08:00;RN;101.0;84,7;NATAL;Não;Iluminação deficiente;3;Queda de ocupante de veículo;Com Vítimas Feridas;Plena Noite;Crescente;Céu Claro;Dupla;Curva;Sim;;;NA/NA;;Pedestre;Lesões Graves;23.0;Masculino;0.0;0.0;1.0;0.0;-5,775387;-35,25361;SPRF-RN;DEL02-RN;UOP01-DEL02-RN
554782.0;1226637.0;2023-10-13;sexta-feira;18:08:00;RN;101.0;84,7;NATAL;Não;Área urbana sem a presença de local apropriado para a travessia de pedestres;3;Queda de ocupante de veículo;Com Vítimas Feridas;Plena Noite;Crescente;Céu Claro;Dupla;Curva;Sim;985541.0;Motocicleta;JTA/SUZUKI INTRUDER 125;2007.0;Condutor;Lesões Leves;35.0;Masculino;0.0;1.0;0.0;0.0;-5,775387;-35,25361;SPRF-RN;DEL02-RN;UOP01-DEL02-RN
554782.0;1226638.0;2023-10-13;sexta-feira;18:08:00;RN;101.0;84,7;NATAL;Não;Área urbana sem a presença de local apropriado para a travessia de pedestres;3;Queda de ocupante de veículo;Com Vítimas Feridas;Plena Noite;Crescente;Céu Claro;Dupla;Curva;Sim;;;NA/NA;;Pedestre;Lesões Graves;23.0;Masculino;0.0;0.0;1.0;0.0;-5,775387;-35,25361;SPRF-RN;DEL02-RN;UOP01-DEL02-RN
554782.0;1226637.0;2023-10-13;sexta-feira;18:08:00;RN;101.0;84,7;NATAL;Sim;Entrada inopinada do pedestre;3;Queda de ocupante de veículo;Com Vítimas Feridas;Plena Noite;Crescente;Céu Claro;Dupla;Curva;Sim;985541.0;Motocicleta;JTA/SUZUKI INTRUDER 125;2007.0;Condutor;Lesões Leves;35.0;Masculino;0.0;1.0;0.0;0.0;-5,775387;-35,25361;SPRF-RN;DEL02-RN;UOP01-DEL02-RN
554782.0;1226638.0;2023-10-13;sexta-feira;18:08:00;RN;101.0;84,7;NATAL;Sim;Entrada inopinada do pedestre;3;Queda de ocupante de veículo;Com Vítimas Feridas;Plena Noite;Crescente;Céu Claro;Dupla;Curva;Sim;;;NA/NA;;Pedestre;Lesões Graves;23.0;Masculino;0.0;0.0;1.0;0.0;-5,775387;-35,25361;SPRF-RN;DEL02-RN;UOP01-DEL02-RN