id;pesid;data_inversa;dia_semana;horario;uf;br;km;municipio;causa_principal;causa_acidente;ordem_tipo_acidente;tipo_acidente;classificacao_acidente;fase_dia;sentido_via;condicao_metereologica;tipo_pista;tracado_via;uso_solo;id_veiculo;tipo_veiculo;marca;ano_fabricacao_veiculo;tipo_envolvido;estado_fisico;idade;sexo;ilesos;feridos_leves;feridos_graves;mortos;latitude;longitude;regional;delegacia;uop
565520.0;1252755.0;2023-12-04;segunda-feira;20:00:00;RN;101.0;95,2;NATAL;Sim;Manobra de mudança de faixa;2;Queda de ocupante de veículo;Com Vítimas Feridas;Plena Noite;Crescente;Céu Claro;Múltipla;Reta;Sim;1006248.0;Motocicleta;HONDA/CG 125 FAN KS;2015.0;Passageiro;Lesões Leves;42.0;Feminino;0.0;1.0;0.0;0.0;-5,840494;-35,21065;SPRF-RN;DEL01-RN;UOP01-DEL01-RN
565520.0;1252753.0;2023-12-04;segunda-feira;20:00:00;RN;101.0;95,2;NATAL;Sim;Manobra de mudança de faixa;2;Queda de ocupante de veículo;Com Vítimas Feridas;Plena Noite;Crescente;Céu Claro;Múltipla;Reta;Sim;1006248.0;Motocicleta;HONDA/CG 125 FAN KS;2015.0;Condutor;Lesões Leves;22.0;Masculino;0.0;1.0;0.0;0.0;-5,840494;-35,21065;SPRF-RN;DEL01-RN;UOP01-DEL01-RN
565520.0;1252750.0;2023-12-04;segunda-feira;20:00:00;RN;101.0;95,2;NATAL;Não;Trafegar com motocicleta (ou similar) entre as faixas;1;Colisão lateral mesmo sentido;Com Vítimas Feridas;Plena Noite;Crescente;Céu Claro;Múltipla;Reta;Sim;1006247.0;Automóvel;FIAT/PALIO ATTRACTIV 1.0;2016.0;Condutor;Ileso;44.0;Feminino;1.0;0.0;0.0;0.0;-5,840494;-35,21065;SPRF-RN;DEL01-RN;UOP01-DEL01-RN
565520.0;1252756.0;2023-12-04;segunda-feira;20:00:00;RN;101.0;95,2;NATAL;Não;Trafegar com motocicleta (ou similar) entre as faixas;1;Colisão lateral mesmo sentido;Com Vítimas Feridas;Plena Noite;Crescente;Céu Claro;Múltipla;Reta;Sim;1006249.0;Automóvel;CHEV/TRACKER 12T A PR;2022.0;Condutor;Ileso;41.0;Masculino;1.0;0.0;0.0;0.0;-5,840494;-35,21065;SPRF-RN;DEL01-RN;UOP01-DEL01-RN
565520.0;1252755.0;2023-12-04;segunda-feira;20:00:00;RN;101.0;95,2;NATAL;Não;Trafegar com motocicleta (ou similar) entre as faixas;1;Colisão lateral mesmo sentido;Com Vítimas Feridas;Plena Noite;Crescente;Céu Claro;Múltipla;Reta;Sim;1006248.0;Motocicleta;HONDA/CG 125 FAN KS;2015.0;Passageiro;Lesões Leves;42.0;Feminino;0.0;1.0;0.0;0.0;-5,840494;-35,21065;SPRF-RN;DEL01-RN;UOP01-DEL01-RN
565520.0;1252753.0;2023-12-04;segunda-feira;20:00:00;RN;101.0;95,2;NATAL;Não;Trafegar com motocicleta (ou similar) entre as faixas;1;Colisão lateral mesmo sentido;Com Vítimas Feridas;Plena Noite;Crescente;Céu Claro;Múltipla;Reta;Sim;1006248.0;Motocicleta;HONDA/CG 125 FAN KS;2015.0;Condutor;Lesões Leves;22.0;Masculino;0.0;1.0;0.0;0.0;-5,840494;-35,21065;SPRF-RN;DEL01-RN;UOP01-DEL01-RN
565520.0;1252750.0;2023-12-04;segunda-feira;20:00:00;RN;101.0;95,2;NATAL;Sim;Manobra de mudança de faixa;1;Colisão lateral mesmo sentido;Com Vítimas Feridas;Plena Noite;Crescente;Céu Claro;Múltipla;Reta;Sim;1006247.0;Automóvel;FIAT/PALIO ATTRACTIV 1.0;2016.0;Condutor;Ileso;44.0;Feminino;1.0;0.0;0.0;0.0;-5,840494;-35,21065;SPRF-RN;DEL01-RN;UOP01-DEL01-RN
565520.0;1252756.0;2023-12-04;segunda-feira;20:00:00;RN;101.0;95,2;NATAL;Sim;Manobra de mudança de faixa;1;Colisão lateral mesmo sentido;Com Vítimas Feridas;Plena Noite;Crescente;Céu Claro;Múltipla;Reta;Sim;1006249.0;Automóvel;CHEV/TRACKER 12T A PR;2022.0;Condutor;Ileso;41.0;Masculino;1.0;0.0;0.0;0.0;-5,840494;-35,21065;SPRF-RN;DEL01-RN;UOP01-DEL01-RN
565520.0;1252755.0;2023-12-04;segunda-feira;20:00:00;RN;101.0;95,2;NATAL;Sim;Manobra de mudança de faixa;1;Colisão lateral mesmo sentido;Com Vítimas Feridas;Plena Noite;Crescente;Céu Claro;Múltipla;Reta;Sim;1006248.0;Motocicleta;HONDA/CG 125 FAN KS;2015.0;Passageiro;Lesões Leves;42.0;Feminino;0.0;1.0;0.0;0.0;-5,840494;-35,21065;SPRF-RN;DEL01-RN;UOP01-DEL01-RN
565520.0;1252753.0;2023-12-04;segunda-feira;20:00:00;RN;101.0;95,2;NATAL;Sim;Manobra de mudança de faixa;1;Colisão lateral mesmo sentido;Com Vítimas Feridas;Plena Noite;Crescente;Céu Claro;Múltipla;Reta;Sim;1006248.0;Motocicleta;HONDA/CG 125 FAN KS;2015.0;Condutor;Lesões Leves;22.0;Masculino;0.0;1.0;0.0;0.0;-5,840494;-35,21065;SPRF-RN;DEL01-RN;UOP01-DEL01-RN
565523.0;1252699.0;2023-12-04;segunda-feira;20:35:00;RN;101.0;82;NATAL;Sim;Acessar a via sem observar a presença dos outros veículos;1;Atropelamento de Pedestre;Com Vítimas Feridas;Plena Noite;Decrescente;Céu Claro;Dupla;Reta;Sim;1006200.0;Automóvel;TOYOTA/YARIS HB XL 13 AT;2019.0;Condutor;Ileso;58.0;Masculino;1.0;0.0;0.0;0.0;-5,767915;-35,27456;SPRF-RN;DEL02-RN;UOP01-DEL02-RN
565523.0;1252700.0;2023-12-04;segunda-feira;20:35:00;RN;101.0;82;NATAL;Sim;Acessar a via sem observar a presença dos outros veículos;1;Atropelamento de Pedestre;Com Vítimas Feridas;Plena Noite;Decrescente;Céu Claro;Dupla;Reta;Sim;;;NA/NA;;Pedestre;Lesões Leves;47.0;Masculino;0.0;1.0;0.0;0.0;-5,767915;-35,27456;SPRF-RN;DEL02-RN;UOP01-DEL02-RN
565823.0;1253399.0;2023-10-10;terça-feira;21:10:00;RN;101.0;94;NATAL;Sim;Condutor deixou de manter distância do veículo da frente;1;Colisão traseira;Com Vítimas Feridas;Plena Noite;Decrescente;Céu Claro;Simples;Reta;Sim;1006773.0;Motocicleta;I/WUXI STARVOLT SV2;2022.0;Condutor;Lesões Graves;25.0;Masculino;0.0;0.0;1.0;0.0;-5,831766;-35,21191;SPRF-RN;DEL01-RN;UOP01-DEL01-RN
565823.0;1253400.0;2023-10-10;terça-feira;21:10:00;RN;101.0;94;NATAL;Sim;Condutor deixou de manter distância do veículo da frente;1;Colisão traseira;Com Vítimas Feridas;Plena Noite;Decrescente;Céu Claro;Simples;Reta;Sim;1006774.0;Automóvel;HYUNDAI/HB20 10M VISION;2020.0;Condutor;Ileso;43.0;Masculino;1.0;0.0;0.0;0.0;-5,831766;-35,21191;SPRF-RN;DEL01-RN;UOP01-DEL01-RN
565826.0;1253402.0;2023-10-10;terça-feira;07:56:00;RN;101.0;99;NATAL;Sim;Condutor deixou de manter distância do veículo da frente;1;Colisão traseira;Com Vítimas Feridas;Pleno dia;Decrescente;Céu Claro;Múltipla;Reta;Sim;1006775.0;Motocicleta;HONDA/POP 110I;2018.0;Passageiro;Lesões Graves;24.0;Feminino;0.0;0.0;1.0;0.0;-5,873592;-35,22063;SPRF-RN;DEL01-RN;UOP01-DEL01-RN
565826.0;1253403.0;2023-10-10;terça-feira;07:56:00;RN;101.0;99;NATAL;Sim;Condutor deixou de manter distância do veículo da frente;1;Colisão traseira;Com Vítimas Feridas;Pleno dia;Decrescente;Céu Claro;Múltipla;Reta;Sim;1006775.0;Motocicleta;HONDA/POP 110I;2018.0;Condutor;Lesões Graves;25.0;Masculino;0.0;0.0;1.0;0.0;-5,873592;-35,22063;SPRF-RN;DEL01-RN;UOP01-DEL01-RN
565826.0;1253404.0;2023-10-10;terça-feira;07:56:00;RN;101.0;99;NATAL;Sim;Condutor deixou de manter distância do veículo da frente;1;Colisão traseira;Com Vítimas Feridas;Pleno dia;Decrescente;Céu Claro;Múltipla;Reta;Sim;1006776.0;Automóvel;CHEV/SPIN 1.8L AT LT7;2022.0;Condutor;Ileso;43.0;Masculino;1.0;0.0;0.0;0.0;-5,873592;-35,22063;SPRF-RN;DEL01-RN;UOP01-DEL01-RN
566011.0;1253871.0;2023-12-07;quinta-feira;06:56:00;RN;101.0;85,5;NATAL;Não;Desvio temporário;1;Colisão lateral mesmo sentido;Sem Vítimas;Pleno dia;Crescente;Céu Claro;Dupla;Em Obras;Sim;1007177.0;Ônibus;M.BENZ/MPOLO SENIOR ON;2009.0;Condutor;Ileso;49.0;Masculino;1.0;0.0;0.0;0.0;-5,777664;-35,24937;SPRF-RN;DEL02-RN;UOP01-DEL02-RN
566011.0;1253873.0;2023-12-07;quinta-feira;06:56:00;RN;101.0;85,5;NATAL;Não;Desvio temporário;1;Colisão lateral mesmo sentido;Sem Vítimas;Pleno dia;Crescente;Céu Claro;Dupla;Em Obras;Sim;1007178.0;Automóvel;RENAULT/LOGAN EXP 16;2008.0;Condutor;Ileso;44.0;Masculino;1.0;0.0;0.0;0.0;-5,777664;-35,24937;SPRF-RN;DEL02-RN;UOP01-DEL02-RN
566011.0;1253871.0;2023-12-07;quinta-feira;06:56:00;RN;101.0;85,5;NATAL;Sim;Acessar a via sem observar a presença dos outros veículos;1;Colisão lateral mesmo sentido;Sem Vítimas;Pleno dia;Crescente;Céu Claro;Dupla;Em Obras;Sim;1007177.0;Ônibus;M.BENZ/MPOLO SENIOR ON;2009.0;Condutor;Ileso;49.0;Masculino;1.0;0.0;0.0;0.0;-5,777664;-35,24937;SPRF-RN;DEL02-RN;UOP01-DEL02-RN
566011.0;1253873.0;2023-12-07;quinta-feira;06:56:00;RN;101.0;85,5;NATAL;Sim;Acessar a via sem observar a presença dos outros veículos;1;Colisão lateral mesmo sentido;Sem Vítimas;Pleno dia;Crescente;Céu Claro;Dupla;Em Obras;Sim;1007178.0;Automóvel;RENAULT/LOGAN EXP 16;2008.0;Condutor;Ileso;44.0;Masculino;1.0;0.0;0.0;0.0;-5,777664;-35,24937;SPRF-RN;DEL02-RN;UOP01-DEL02-RN
566011.0;1253871.0;2023-12-07;quinta-feira;06:56:00;RN;101.0;85,5;NATAL;Não;Ingestão de álcool pelo condutor;1;Colisão lateral mesmo sentido;Sem Vítimas;Pleno dia;Crescente;Céu Claro;Dupla;Em Obras;Sim;1007177.0;Ônibus;M.BENZ/MPOLO SENIOR ON;2009.0;Condutor;Ileso;49.0;Masculino;1.0;0.0;0.0;0.0;-5,777664;-35,24937;SPRF-RN;DEL02-RN;UOP01-DEL02-RN
566011.0;1253873.0;2023-12-07;quinta-feira;06:56:00;RN;101.0;85,5;NATAL;Não;Ingestão de álcool pelo condutor;1;Colisão lateral mesmo sentido;Sem Vítimas;Pleno dia;Crescente;Céu Claro;Dupla;Em Obras;Sim;1007178.0;Automóvel;RENAULT/LOGAN EXP 16;2008.0;Condutor;Ileso;44.0;Masculino;1.0;0.0;0.0;0.0;-5,777664;-35,24937;SPRF-RN;DEL02-RN;UOP01-DEL02-RN
567183.0;1256575.0;2023-12-11;segunda-feira;21:05:00;RN;101.0;78;NATAL;Sim;Reação tardia ou ineficiente do condutor;2;Queda de ocupante de veículo;Com Vítimas Feridas;Plena Noite;Decrescente;Céu Claro;Dupla;Reta;Não;1009500.0;Motocicleta;HONDA/CG 160 FAN ESDI;2015.0;Condutor;Lesões Leves;28.0;Feminino;0.0;1.0;0.0;0.0;-5,740719;-35,29021;SPRF-RN;DEL02-RN;UOP01-DEL02-RN
567183.0;1256576.0;2023-12-11;segunda-feira;21:05:00;RN;101.0;78;NATAL;Sim;Reação tardia ou ineficiente do condutor;2;Queda de ocupante de veículo;Com Vítimas Feridas;Plena Noite;Decrescente;Céu Claro;Dupla;Reta;Não;1009500.0;Motocicleta;HONDA/CG 160 FAN ESDI;2015.0;Passageiro;Lesões Leves;29.0;Feminino;0.0;1.0;0.0;0.0;-5,740719;-35,29021;SPRF-RN;DEL02-RN;UOP01-DEL02-RN
567183.0;1256575.0;2023-12-11;segunda-feira;21:05:00;RN;101.0;78;NATAL;Sim;Reação tardia ou ineficiente do condutor;1;Colisão com objeto;Com Vítimas Feridas;Plena Noite;Decrescente;Céu Claro;Dupla;Reta;Não;1009500.0;Motocicleta;HONDA/CG 160 FAN ESDI;2015.0;Condutor;Lesões Leves;28.0;Feminino;0.0;1.0;0.0;0.0;-5,740719;-35,29021;SPRF-RN;DEL02-RN;UOP01-DEL02-RN
567183.0;1256576.0;2023-12-11;segunda-feira;21:05:00;RN;101.0;78;NATAL;Sim;Reação tardia ou ineficiente do condutor;1;Colisão com objeto;Com Vítimas Feridas;Plena Noite;Decrescente;Céu Claro;Dupla;Reta;Não;1009500.0;Motocicleta;HONDA/CG 160 FAN ESDI;2015.0;Passageiro;Lesões Leves;29.0;Feminino;0.0;1.0;0.0;0.0;-5,740719;-35,29021;SPRF-RN;DEL02-RN;UOP01-DEL02-RN
567361.0;1256994.0;2023-12-12;terça-feira;19:35:00;RN;101.0;78;NATAL;Sim;Ausência de sinalização;3;Tombamento;Com Vítimas Feridas;Plena Noite;Decrescente;Céu Claro;Dupla;"Interseção de Vias;Rotatória;Em Obras";Sim;1009833.0;Automóvel;VW/UP TAKE MA;2014.0;Condutor;Lesões Leves;33.0;Feminino;0.0;1.0;0.0;0.0;-5,740719;-35,29021;SPRF-RN;DEL02-RN;UOP01-DEL02-RN
567361.0;1256994.0;2023-12-12;terça-feira;19:35:00;RN;101.0;78;NATAL;Sim;Ausência de sinalização;2;Colisão com objeto;Com Vítimas Feridas;Plena Noite;Decrescente;Céu Claro;Dupla;"Interseção de Vias;Rotatória;Em Obras";Sim;1009833.0;Automóvel;VW/UP TAKE MA;2014.0;Condutor;Lesões Leves;33.0;Feminino;0.0;1.0;0.0;0.0;-5,740719;-35,29021;SPRF-RN;DEL02-RN;UOP01-DEL02-RN
567361.0;1256994.0;2023-12-12;terça-feira;19:35:00;RN;101.0;78;NATAL;Sim;Ausência de sinalização;1;Saída de leito carroçável;Com Vítimas Feridas;Plena Noite;Decrescente;Céu Claro;Dupla;"Interseção de Vias;Rotatória;Em Obras";Sim;1009833.0;Automóvel;VW/UP TAKE MA;2014.0;Condutor;Lesões Leves;33.0;Feminino;0.0;1.0;0.0;0.0;-5,740719;-35,29021;SPRF-RN;DEL02-RN;UOP01-DEL02-RN
567678.0;1257758.0;2023-11-02;quinta-feira;18:20:00;RN;226.0;4;NATAL;Sim;Animais na Pista;3;Queda de ocupante de veículo;Com Vítimas Feridas;Plena Noite;Crescente;Céu Claro;Simples;Reta;Sim;1010460.0;Motocicleta;HONDA/CG150 START;2016.0;Passageiro;Lesões Leves;44.0;Feminino;0.0;1.0;0.0;0.0;-5,81958;-35,25969;SPRF-RN;DEL01-RN;UOP02-DEL01-RN
567678.0;1257759.0;2023-11-02;quinta-feira;18:20:00;RN;226.0;4;NATAL;Sim;Animais na Pista;3;Queda de ocupante de veículo;Com Vítimas Feridas;Plena Noite;Crescente;Céu Claro;Simples;Reta;Sim;1010460.0;Motocicleta;HONDA/CG150 START;2016.0;Condutor;Lesões Leves;39.0;Masculino;0.0;1.0;0.0;0.0;-5,81958;-35,25969;SPRF-RN;DEL01-RN;UOP02-DEL01-RN
567678.0;1257758.0;2023-11-02;quinta-feira;18:20:00;RN;226.0;4;NATAL;Sim;Animais na Pista;2;Tombamento;Com Vítimas Feridas;Plena Noite;Crescente;Céu Claro;Simples;Reta;Sim;1010460.0;Motocicleta;HONDA/CG150 START;2016.0;Passageiro;Lesões Leves;44.0;Feminino;0.0;1.0;0.0;0.0;-5,81958;-35,25969;SPRF-RN;DEL01-RN;UOP02-DEL01-RN
567678.0;1257759.0;2023-11-02;quinta-feira;18:20:00;RN;226.0;4;NATAL;Sim;Animais na Pista;2;Tombamento;Com Vítimas Feridas;Plena Noite;Crescente;Céu Claro;Simples;Reta;Sim;1010460.0;Motocicleta;HONDA/CG150 START;2016.0;Condutor;Lesões Leves;39.0;Masculino;0.0;1.0;0.0;0.0;-5,81958;-35,25969;SPRF-RN;DEL01-RN;UOP02-DEL01-RN
567678.0;1257758.0;2023-11-02;quinta-feira;18:20:00;RN;226.0;4;NATAL;Sim;Animais na Pista;1;Atropelamento de Animal;Com Vítimas Feridas;Plena Noite;Crescente;Céu Claro;Simples;Reta;Sim;1010460.0;Motocicleta;HONDA/CG150 START;2016.0;Passageiro;Lesões Leves;44.0;Feminino;0.0;1.0;0.0;0.0;-5,81958;-35,25969;SPRF-RN;DEL01-RN;UOP02-DEL01-RN
567678.0;1257759.0;2023-11-02;quinta-feira;18:20:00;RN;226.0;4;NATAL;Sim;Animais na Pista;1;Atropelamento de Animal;Com Vítimas Feridas;Plena Noite;Crescente;Céu Claro;Simples;Reta;Sim;1010460.0;Motocicleta;HONDA/CG150 START;2016.0;Condutor;Lesões Leves;39.0;Masculino;0.0;1.0;0.0;0.0;-5,81958;-35,25969;SPRF-RN;DEL01-RN;UOP02-DEL01-RN
567724.0;1257881.0;2023-12-14;quinta-feira;16:02:00;RN;101.0;83,8;NATAL;Não;Avarias e/ou desgaste excessivo no pneu;3;Queda de ocupante de veículo;Com Vítimas Feridas;Pleno dia;Decrescente;Céu Claro;Dupla;Reta;Sim;1010573.0;Motocicleta;HONDA/CG 125 FAN KS;2012.0;Condutor;Lesões Leves;42.0;Masculino;0.0;1.0;0.0;0.0;-5,771045;-35,26617;SPRF-RN;DEL02-RN;UOP01-DEL02-RN
567724.0;1257880.0;2023-12-14;quinta-feira;16:02:00;RN;101.0;83,8;NATAL;Não;Avarias e/ou desgaste excessivo no pneu;3;Queda de ocupante de veículo;Com Vítimas Feridas;Pleno dia;Decrescente;Céu Claro;Dupla;Reta;Sim;1010566.0;Caminhonete;FIAT/TORO FREED T270 AT6;2023.0;Condutor;Ileso;39.0;Masculino;1.0;0.0;0.0;0.0;-5,771045;-35,26617;SPRF-RN;DEL02-RN;UOP01-DEL02-RN
567724.0;1257881.0;2023-12-14;quinta-feira;16:02:00;RN;101.0;83,8;NATAL;Não;Velocidade Incompatível;3;Queda de ocupante de veículo;Com Vítimas Feridas;Pleno dia;Decrescente;Céu Claro;Dupla;Reta;Sim;1010573.0;Motocicleta;HONDA/CG 125 FAN KS;2012.0;Condutor;Lesões Leves;42.0;Masculino;0.0;1.0;0.0;0.0;-5,771045;-35,26617;SPRF-RN;DEL02-RN;UOP01-DEL02-RN
567724.0;1257880.0;2023-12-14;quinta-feira;16:02:00;RN;101.0;83,8;NATAL;Não;Velocidade Incompatível;3;Queda de ocupante de veículo;Com Vítimas Feridas;Pleno dia;Decrescente;Céu Claro;Dupla;Reta;Sim;1010566.0;Caminhonete;FIAT/TORO FREED T270 AT6;2023.0;Condutor;Ileso;39.0;Masculino;1.0;0.0;0.0;0.0;-5,771045;-35,26617;SPRF-RN;DEL02-RN;UOP01-DEL02-RN
567724.0;1257881.0;2023-12-14;quinta-feira;16:02:00;RN;101.0;83,8;NATAL;Sim;Ausência de reação do condutor;3;Queda de ocupante de veículo;Com Vítimas Feridas;Pleno dia;Decrescente;Céu Claro;Dupla;Reta;Sim;1010573.0;Motocicleta;HONDA/CG 125 FAN KS;2012.0;Condutor;Lesões Leves;42.0;Masculino;0.0;1.0;0.0;0.0;-5,771045;-35,26617;SPRF-RN;DEL02-RN;UOP01-DEL02-RN
567724.0;1257880.0;2023-12-14;quinta-feira;16:02:00;RN;101.0;83,8;NATAL;Sim;Ausência de reação do condutor;3;Queda de ocupante de veículo;Com Vítimas Feridas;Pleno dia;Decrescente;Céu Claro;Dupla;Reta;Sim;1010566.0;Caminhonete;FIAT/TORO FREED T270 AT6;2023.0;Condutor;Ileso;39.0;Masculino;1.0;0.0;0.0;0.0;-5,771045;-35,26617;SPRF-RN;DEL02-RN;UOP01-DEL02-RN
567724.0;1257881.0;2023-12-14;quinta-feira;16:02:00;RN;101.0;83,8;NATAL;Não;Avarias e/ou desgaste excessivo no pneu;2;Tombamento;Com Vítimas Feridas;Pleno dia;Decrescente;Céu Claro;Dupla;Reta;Sim;1010573.0;Motocicleta;HONDA/CG 125 FAN KS;2012.0;Condutor;Lesões Leves;42.0;Masculino;0.0;1.0;0.0;0.0;-5,771045;-35,26617;SPRF-RN;DEL02-RN;UOP01-DEL02-RN
567724.0;1257880.0;2023-12-14;quinta-feira;16:02:00;RN;101.0;83,8;NATAL;Não;Avarias e/ou desgaste excessivo no pneu;2;Tombamento;Com Vítimas Feridas;Pleno dia;Decrescente;Céu Claro;Dupla;Reta;Sim;1010566.0;Caminhonete;FIAT/TORO FREED T270 AT6;2023.0;Condutor;Ileso;39.0;Masculino;1.0;0.0;0.0;0.0;-5,771045;-35,26617;SPRF-RN;DEL02-RN;UOP01-DEL02-RN
567724.0;1257881.0;2023-12-14;quinta-feira;16:02:00;RN;101.0;83,8;NATAL;Não;Velocidade Incompatível;2;Tombamento;Com Vítimas Feridas;Pleno dia;Decrescente;Céu Claro;Dupla;Reta;Sim;1010573.0;Motocicleta;HONDA/CG 125 FAN KS;2012.0;Condutor;Lesões Leves;42.0;Masculino;0.0;1.0;0.0;0.0;-5,771045;-35,26617;SPRF-RN;DEL02-RN;UOP01-DEL02-RN
567724.0;1257880.0;2023-12-14;quinta-feira;16:02:00;RN;101.0;83,8;NATAL;Não;Velocidade Incompatível;2;Tombamento;Com Vítimas Feridas;Pleno dia;Decrescente;Céu Claro;Dupla;Reta;Sim;1010566.0;Caminhonete;FIAT/TORO FREED T270 AT6;2023.0;Condutor;Ileso;39.0;Masculino;1.0;0.0;0.0;0.0;-5,771045;-35,26617;SPRF-RN;DEL02-RN;UOP01-DEL02-RN
567724.0;1257881.0;2023-12-14;quinta-feira;16:02:00;RN;101.0;83,8;NATAL;Sim;Ausência de reação do condutor;2;Tombamento;Com Vítimas Feridas;Pleno dia;Decrescente;Céu Claro;Dupla;Reta;Sim;1010573.0;Motocicleta;HONDA/CG 125 FAN KS;2012.0;Condutor;Lesões Leves;42.0;Masculino;0.0;1.0;0.0;0.0;-5,771045;-35,26617;SPRF-RN;DEL02-RN;UOP01-DEL02-RN
567724.0;1257880.0;2023-12-14;quinta-feira;16:02:00;RN;101.0;83,8;NATAL;Sim;Ausência de reação do condutor;2;Tombamento;Com Vítimas Feridas;Pleno dia;Decrescente;Céu Claro;Dupla;Reta;Sim;1010566.0;Caminhonete;FIAT/TORO FREED T270 AT6;2023.0;Condutor;Ileso;39.0;Masculino;1.0;0.0;0.0;0.0;-5,771045;-35,26617;SPRF-RN;DEL02-RN;UOP01-DEL02-RN
567724.0;1257881.0;2023-12-14;quinta-feira;16:02:00;RN;101.0;83,8;NATAL;Não;Avarias e/ou desgaste excessivo no pneu;1;Colisão traseira;Com Vítimas Feridas;Pleno dia;Decrescente;Céu Claro;Dupla;Reta;Sim;1010573.0;Motocicleta;HONDA/CG 125 FAN KS;2012.0;Condutor;Lesões Leves;42.0;Masculino;0.0;1.0;0.0;0.0;-5,771045;-35,26617;SPRF-RN;DEL02-RN;UOP01-DEL02-RN
567724.0;1257880.0;2023-12-14;quinta-feira;16:02:00;RN;101.0;83,8;NATAL;Não;Avarias e/ou desgaste excessivo no pneu;1;Colisão traseira;Com Vítimas Feridas;Pleno dia;Decrescente;Céu Claro;Dupla;Reta;Sim;1010566.0;Caminhonete;FIAT/TORO FREED T270 AT6;2023.0;Condutor;Ileso;39.0;Masculino;1.0;0.0;0.0;0.0;-5,771045;-35,26617;SPRF-RN;DEL02-RN;UOP01-DEL02-RN
567724.0;1257881.0;2023-12-14;quinta-feira;16:02:00;RN;101.0;83,8;NATAL;Não;Velocidade Incompatível;1;Colisão traseira;Com Vítimas Feridas;Pleno dia;Decrescente;Céu Claro;Dupla;Reta;Sim;1010573.0;Motocicleta;HONDA/CG 125 FAN KS;2012.0;Condutor;Lesões Leves;42.0;Masculino;0.0;1.0;0.0;0.0;-5,771045;-35,26617;SPRF-RN;DEL02-RN;UOP01-DEL02-RN
567724.0;1257880.0;2023-12-14;quinta-feira;16:02:00;RN;101.0;83,8;NATAL;Não;Velocidade Incompatível;1;Colisão traseira;Com Vítimas Feridas;Pleno dia;Decrescente;Céu Claro;Dupla;Reta;Sim;1010566.0;Caminhonete;FIAT/TORO FREED T270 AT6;2023.0;Condutor;Ileso;39.0;Masculino;1.0;0.0;0.0;0.0;-5,771045;-35,26617;SPRF-RN;DEL02-RN;UOP01-DEL02-RN
567724.0;1257881.0;2023-12-14;quinta-feira;16:02:00;RN;101.0;83,8;NATAL;Sim;Ausência de reação do condutor;1;Colisão traseira;Com Vítimas Feridas;Pleno dia;Decrescente;Céu Claro;Dupla;Reta;Sim;1010573.0;Motocicleta;HONDA/CG 125 FAN KS;2012.0;Condutor;Lesões Leves;42.0;Masculino;0.0;1.0;0.0;0.0;-5,771045;-35,26617;SPRF-RN;DEL02-RN;UOP01-DEL02-RN
567724.0;1257880.0;2023-12-14;quinta-feira;16:02:00;RN;101.0;83,8;NATAL;Sim;Ausência de reação do condutor;1;Colisão traseira;Com Vítimas Feridas;Pleno dia;Decrescente;Céu Claro;Dupla;Reta;Sim;1010566.0;Caminhonete;FIAT/TORO FREED T270 AT6;2023.0;Condutor;Ileso;39.0;Masculino;1.0;0.0;0.0;0.0;-5,771045;-35,26617;SPRF-RN;DEL02-RN;UOP01-DEL02-RN
567782.0;1258097.0;2023-12-14;quinta-feira;21:20:00;RN;101.0;96;NATAL;Não;Manobra de mudança de faixa;1;Colisão lateral mesmo sentido;Com Vítimas Feridas;Plena Noite;Decrescente;Céu Claro;Múltipla;"Reta;Interseção de Vias";Sim;1010750.0;Motocicleta;HONDA/CG 125 FAN KS;2012.0;Passageiro;Ileso;46.0;Masculino;1.0;0.0;0.0;0.0;-5,849496;-35,20891;SPRF-RN;DEL01-RN;UOP01-DEL01-RN
567782.0;1258095.0;2023-12-14;quinta-feira;21:20:00;RN;101.0;96;NATAL;Não;Manobra de mudança de faixa;1;Colisão lateral mesmo sentido;Com Vítimas Feridas;Plena Noite;Decrescente;Céu Claro;Múltipla;"Reta;Interseção de Vias";Sim;1010750.0;Motocicleta;HONDA/CG 125 FAN KS;2012.0;Condutor;Lesões Leves;23.0;Masculino;0.0;1.0;0.0;0.0;-5,849496;-35,20891;SPRF-RN;DEL01-RN;UOP01-DEL01-RN
567782.0;1258104.0;2023-12-14;quinta-feira;21:20:00;RN;101.0;96;NATAL;Não;Manobra de mudança de faixa;1;Colisão lateral mesmo sentido;Com Vítimas Feridas;Plena Noite;Decrescente;Céu Claro;Múltipla;"Reta;Interseção de Vias";Sim;1010751.0;Automóvel;CHEV/SPIN 18L AT PREMIER;2022.0;Passageiro;Ileso;37.0;Feminino;1.0;0.0;0.0;0.0;-5,849496;-35,20891;SPRF-RN;DEL01-RN;UOP01-DEL01-RN
567782.0;1258103.0;2023-12-14;quinta-feira;21:20:00;RN;101.0;96;NATAL;Não;Manobra de mudança de faixa;1;Colisão lateral mesmo sentido;Com Vítimas Feridas;Plena Noite;Decrescente;Céu Claro;Múltipla;"Reta;Interseção de Vias";Sim;1010751.0;Automóvel;CHEV/SPIN 18L AT PREMIER;2022.0;Passageiro;Ileso;44.0;Masculino;1.0;0.0;0.0;0.0;-5,849496;-35,20891;SPRF-RN;DEL01-RN;UOP01-DEL01-RN
567782.0;1258105.0;2023-12-14;quinta-feira;21:20:00;RN;101.0;96;NATAL;Não;Manobra de mudança de faixa;1;Colisão lateral mesmo sentido;Com Vítimas Feridas;Plena Noite;Decrescente;Céu Claro;Múltipla;"Reta;Interseção de Vias";Sim;1010751.0;Automóvel;CHEV/SPIN 18L AT PREMIER;2022.0;Passageiro;Ileso;;Masculino;1.0;0.0;0.0;0.0;-5,849496;-35,20891;SPRF-RN;DEL01-RN;UOP01-DEL01-RN