id;pesid;data_inversa;dia_semana;horario;uf;br;km;municipio;causa_principal;causa_acidente;ordem_tipo_acidente;tipo_acidente;classificacao_acidente;fase_dia;sentido_via;condicao_metereologica;tipo_pista;tracado_via;uso_solo;id_veiculo;tipo_veiculo;marca;ano_fabricacao_veiculo;tipo_envolvido;estado_fisico;idade;sexo;ilesos;feridos_leves;feridos_graves;mortos;latitude;longitude;regional;delegacia;uop
568555.0;1259938.0;2023-12-17;domingo;19:14:00;RN;101.0;72,9;NATAL;Sim;Desrespeitar a preferência no cruzamento;2;Tombamento;Com Vítimas Feridas;Plena Noite;Decrescente;Céu Claro;Dupla;Reta;Não;1012118.0;Motocicleta;HONDA/CG 160 TITAN EX;2015.0;Passageiro;Lesões Leves;22.0;Feminino;0.0;1.0;0.0;0.0;-5,698662;-35,26317;SPRF-RN;DEL02-RN;UOP01-DEL02-RN
568555.0;1259931.0;2023-12-17;domingo;19:14:00;RN;101.0;72,9;NATAL;Sim;Desrespeitar a preferência no cruzamento;2;Tombamento;Com Vítimas Feridas;Plena Noite;Decrescente;Céu Claro;Dupla;Reta;Não;1012119.0;Automóvel;FIAT/UNO VIVACE 1.0;2011.0;Condutor;Ileso;30.0;Masculino;1.0;0.0;0.0;0.0;-5,698662;-35,26317;SPRF-RN;DEL02-RN;UOP01-DEL02-RN
568555.0;1259929.0;2023-12-17;domingo;19:14:00;RN;101.0;72,9;NATAL;Sim;Desrespeitar a preferência no cruzamento;1;Colisão transversal;Com Vítimas Feridas;Plena Noite;Decrescente;Céu Claro;Dupla;Reta;Não;1012118.0;Motocicleta;HONDA/CG 160 TITAN EX;2015.0;Condutor;Ileso;38.0;Masculino;1.0;0.0;0.0;0.0;-5,698662;-35,26317;SPRF-RN;DEL02-RN;UOP01-DEL02-RN
568555.0;1259938.0;2023-12-17;domingo;19:14:00;RN;101.0;72,9;NATAL;Sim;Desrespeitar a preferência no cruzamento;1;Colisão transversal;Com Vítimas Feridas;Plena Noite;Decrescente;Céu Claro;Dupla;Reta;Não;1012118.0;Motocicleta;HONDA/CG 160 TITAN EX;2015.0;Passageiro;Lesões Leves;22.0;Feminino;0.0;1.0;0.0;0.0;-5,698662;-35,26317;SPRF-RN;DEL02-RN;UOP01-DEL02-RN
568555.0;1259931.0;2023-12-17;domingo;19:14:00;RN;101.0;72,9;NATAL;Sim;Desrespeitar a preferência no cruzamento;1;Colisão transversal;Com Vítimas Feridas;Plena Noite;Decrescente;Céu Claro;Dupla;Reta;Não;1012119.0;Automóvel;FIAT/UNO VIVACE 1.0;2011.0;Condutor;Ileso;30.0;Masculino;1.0;0.0;0.0;0.0;-5,698662;-35,26317;SPRF-RN;DEL02-RN;UOP01-DEL02-RN
568725.0;1260380.0;2023-12-18;segunda-feira;12:30:00;RN;101.0;97;NATAL;Sim;Condutor deixou de manter distância do veículo da frente;1;Colisão lateral mesmo sentido;Com Vítimas Feridas;Pleno dia;Crescente;Nublado;Dupla;Interseção de Vias;Sim;1012416.0;Automóvel;I/HONDA CITY EX FLEX;2013.0;Condutor;Ileso;31.0;Masculino;1.0;0.0;0.0;0.0;-5,857589;-35,21271;SPRF-RN;DEL01-RN;UOP01-DEL01-RN
568725.0;1263436.0;2023-12-18;segunda-feira;12:30:00;RN;101.0;97;NATAL;Sim;Condutor deixou de manter distância do veículo da frente;1;Colisão lateral mesmo sentido;Com Vítimas Feridas;Pleno dia;Crescente;Nublado;Dupla;Interseção de Vias;Sim;1012417.0;Motocicleta;HONDA/XRE 190;2017.0;Passageiro;Lesões Leves;27.0;Masculino;0.0;1.0;0.0;0.0;-5,857589;-35,21271;SPRF-RN;DEL01-RN;UOP01-DEL01-RN
568725.0;1263434.0;2023-12-18;segunda-feira;12:30:00;RN;101.0;97;NATAL;Sim;Condutor deixou de manter distância do veículo da frente;1;Colisão lateral mesmo sentido;Com Vítimas Feridas;Pleno dia;Crescente;Nublado;Dupla;Interseção de Vias;Sim;1012417.0;Motocicleta;HONDA/XRE 190;2017.0;Condutor;Lesões Graves;46.0;Masculino;0.0;0.0;1.0;0.0;-5,857589;-35,21271;SPRF-RN;DEL01-RN;UOP01-DEL01-RN
568868.0;1260740.0;2023-12-19;terça-feira;04:40:00;RN;101.0;95,5;NATAL;Sim;Velocidade Incompatível;2;Tombamento;Sem Vítimas;Pleno dia;Decrescente;Céu Claro;Múltipla;Reta;Sim;1012709.0;Utilitário;MMC/PAJERO TR4 FLEX HP;2010.0;Condutor;Não Informado;;Não Informado;0.0;0.0;0.0;0.0;-5,843898;-35,2092;SPRF-RN;DEL01-RN;UOP01-DEL01-RN
568868.0;1260740.0;2023-12-19;terça-feira;04:40:00;RN;101.0;95,5;NATAL;Sim;Velocidade Incompatível;1;Saída de leito carroçável;Sem Vítimas;Pleno dia;Decrescente;Céu Claro;Múltipla;Reta;Sim;1012709.0;Utilitário;MMC/PAJERO TR4 FLEX HP;2010.0;Condutor;Não Informado;;Não Informado;0.0;0.0;0.0;0.0;-5,843898;-35,2092;SPRF-RN;DEL01-RN;UOP01-DEL01-RN
569059.0;1261382.0;2023-12-19;terça-feira;21:55:00;RN;101.0;94;NATAL;Não;Velocidade Incompatível;2;Colisão com objeto;Com Vítimas Feridas;Plena Noite;Crescente;Chuva;Simples;Curva;Sim;1013137.0;Automóvel;RENAULT/SANDERO DYNA 16;2015.0;Condutor;Lesões Leves;51.0;Masculino;0.0;1.0;0.0;0.0;-5,831766;-35,21191;SPRF-RN;DEL01-RN;UOP01-DEL01-RN
569059.0;1261382.0;2023-12-19;terça-feira;21:55:00;RN;101.0;94;NATAL;Não;Reação tardia ou ineficiente do condutor;2;Colisão com objeto;Com Vítimas Feridas;Plena Noite;Crescente;Chuva;Simples;Curva;Sim;1013137.0;Automóvel;RENAULT/SANDERO DYNA 16;2015.0;Condutor;Lesões Leves;51.0;Masculino;0.0;1.0;0.0;0.0;-5,831766;-35,21191;SPRF-RN;DEL01-RN;UOP01-DEL01-RN
569059.0;1261382.0;2023-12-19;terça-feira;21:55:00;RN;101.0;94;NATAL;Não;Manobra de mudança de faixa;2;Colisão com objeto;Com Vítimas Feridas;Plena Noite;Crescente;Chuva;Simples;Curva;Sim;1013137.0;Automóvel;RENAULT/SANDERO DYNA 16;2015.0;Condutor;Lesões Leves;51.0;Masculino;0.0;1.0;0.0;0.0;-5,831766;-35,21191;SPRF-RN;DEL01-RN;UOP01-DEL01-RN
569059.0;1261382.0;2023-12-19;terça-feira;21:55:00;RN;101.0;94;NATAL;Não;Condutor Dormindo;2;Colisão com objeto;Com Vítimas Feridas;Plena Noite;Crescente;Chuva;Simples;Curva;Sim;1013137.0;Automóvel;RENAULT/SANDERO DYNA 16;2015.0;Condutor;Lesões Leves;51.0;Masculino;0.0;1.0;0.0;0.0;-5,831766;-35,21191;SPRF-RN;DEL01-RN;UOP01-DEL01-RN
569059.0;1261382.0;2023-12-19;terça-feira;21:55:00;RN;101.0;94;NATAL;Não;Acumulo de água sobre o pavimento;2;Colisão com objeto;Com Vítimas Feridas;Plena Noite;Crescente;Chuva;Simples;Curva;Sim;1013137.0;Automóvel;RENAULT/SANDERO DYNA 16;2015.0;Condutor;Lesões Leves;51.0;Masculino;0.0;1.0;0.0;0.0;-5,831766;-35,21191;SPRF-RN;DEL01-RN;UOP01-DEL01-RN
569059.0;1261382.0;2023-12-19;terça-feira;21:55:00;RN;101.0;94;NATAL;Não;Chuva;2;Colisão com objeto;Com Vítimas Feridas;Plena Noite;Crescente;Chuva;Simples;Curva;Sim;1013137.0;Automóvel;RENAULT/SANDERO DYNA 16;2015.0;Condutor;Lesões Leves;51.0;Masculino;0.0;1.0;0.0;0.0;-5,831766;-35,21191;SPRF-RN;DEL01-RN;UOP01-DEL01-RN
569059.0;1261382.0;2023-12-19;terça-feira;21:55:00;RN;101.0;94;NATAL;Sim;Ingestão de álcool pelo condutor;2;Colisão com objeto;Com Vítimas Feridas;Plena Noite;Crescente;Chuva;Simples;Curva;Sim;1013137.0;Automóvel;RENAULT/SANDERO DYNA 16;2015.0;Condutor;Lesões Leves;51.0;Masculino;0.0;1.0;0.0;0.0;-5,831766;-35,21191;SPRF-RN;DEL01-RN;UOP01-DEL01-RN
569059.0;1261382.0;2023-12-19;terça-feira;21:55:00;RN;101.0;94;NATAL;Não;Velocidade Incompatível;1;Saída de leito carroçável;Com Vítimas Feridas;Plena Noite;Crescente;Chuva;Simples;Curva;Sim;1013137.0;Automóvel;RENAULT/SANDERO DYNA 16;2015.0;Condutor;Lesões Leves;51.0;Masculino;0.0;1.0;0.0;0.0;-5,831766;-35,21191;SPRF-RN;DEL01-RN;UOP01-DEL01-RN
569059.0;1261382.0;2023-12-19;terça-feira;21:55:00;RN;101.0;94;NATAL;Não;Reação tardia ou ineficiente do condutor;1;Saída de leito carroçável;Com Vítimas Feridas;Plena Noite;Crescente;Chuva;Simples;Curva;Sim;1013137.0;Automóvel;RENAULT/SANDERO DYNA 16;2015.0;Condutor;Lesões Leves;51.0;Masculino;0.0;1.0;0.0;0.0;-5,831766;-35,21191;SPRF-RN;DEL01-RN;UOP01-DEL01-RN
569059.0;1261382.0;2023-12-19;terça-feira;21:55:00;RN;101.0;94;NATAL;Não;Manobra de mudança de faixa;1;Saída de leito carroçável;Com Vítimas Feridas;Plena Noite;Crescente;Chuva;Simples;Curva;Sim;1013137.0;Automóvel;RENAULT/SANDERO DYNA 16;2015.0;Condutor;Lesões Leves;51.0;Masculino;0.0;1.0;0.0;0.0;-5,831766;-35,21191;SPRF-RN;DEL01-RN;UOP01-DEL01-RN
569059.0;1261382.0;2023-12-19;terça-feira;21:55:00;RN;101.0;94;NATAL;Não;Condutor Dormindo;1;Saída de leito carroçável;Com Vítimas Feridas;Plena Noite;Crescente;Chuva;Simples;Curva;Sim;1013137.0;Automóvel;RENAULT/SANDERO DYNA 16;2015.0;Condutor;Lesões Leves;51.0;Masculino;0.0;1.0;0.0;0.0;-5,831766;-35,21191;SPRF-RN;DEL01-RN;UOP01-DEL01-RN
569059.0;1261382.0;2023-12-19;terça-feira;21:55:00;RN;101.0;94;NATAL;Não;Acumulo de água sobre o pavimento;1;Saída de leito carroçável;Com Vítimas Feridas;Plena Noite;Crescente;Chuva;Simples;Curva;Sim;1013137.0;Automóvel;RENAULT/SANDERO DYNA 16;2015.0;Condutor;Lesões Leves;51.0;Masculino;0.0;1.0;0.0;0.0;-5,831766;-35,21191;SPRF-RN;DEL01-RN;UOP01-DEL01-RN
569059.0;1261382.0;2023-12-19;terça-feira;21:55:00;RN;101.0;94;NATAL;Não;Chuva;1;Saída de leito carroçável;Com Vítimas Feridas;Plena Noite;Crescente;Chuva;Simples;Curva;Sim;1013137.0;Automóvel;RENAULT/SANDERO DYNA 16;2015.0;Condutor;Lesões Leves;51.0;Masculino;0.0;1.0;0.0;0.0;-5,831766;-35,21191;SPRF-RN;DEL01-RN;UOP01-DEL01-RN
569059.0;1261382.0;2023-12-19;terça-feira;21:55:00;RN;101.0;94;NATAL;Sim;Ingestão de álcool pelo condutor;1;Saída de leito carroçável;Com Vítimas Feridas;Plena Noite;Crescente;Chuva;Simples;Curva;Sim;1013137.0;Automóvel;RENAULT/SANDERO DYNA 16;2015.0;Condutor;Lesões Leves;51.0;Masculino;0.0;1.0;0.0;0.0;-5,831766;-35,21191;SPRF-RN;DEL01-RN;UOP01-DEL01-RN
569203.0;1261800.0;2023-12-20;quarta-feira;14:25:00;RN;101.0;94;NATAL;Não;Condutor deixou de manter distância do veículo da frente;3;Queda de ocupante de veículo;Com Vítimas Feridas;Pleno dia;Crescente;Céu Claro;Dupla;Reta;Sim;1013438.0;Motocicleta;YAMAHA/YBR150 FACTOR ED;2018.0;Condutor;Lesões Leves;55.0;Masculino;0.0;1.0;0.0;0.0;-5,826932;-35,21095;SPRF-RN;DEL01-RN;UOP01-DEL01-RN
569203.0;1261803.0;2023-12-20;quarta-feira;14:25:00;RN;101.0;94;NATAL;Não;Condutor deixou de manter distância do veículo da frente;3;Queda de ocupante de veículo;Com Vítimas Feridas;Pleno dia;Crescente;Céu Claro;Dupla;Reta;Sim;1013440.0;Automóvel;RENAULT/SANDERO EXP 16HP;2012.0;Condutor;Ileso;38.0;Masculino;1.0;0.0;0.0;0.0;-5,826932;-35,21095;SPRF-RN;DEL01-RN;UOP01-DEL01-RN
569203.0;1261800.0;2023-12-20;quarta-feira;14:25:00;RN;101.0;94;NATAL;Sim;Manobra de mudança de faixa;3;Queda de ocupante de veículo;Com Vítimas Feridas;Pleno dia;Crescente;Céu Claro;Dupla;Reta;Sim;1013438.0;Motocicleta;YAMAHA/YBR150 FACTOR ED;2018.0;Condutor;Lesões Leves;55.0;Masculino;0.0;1.0;0.0;0.0;-5,826932;-35,21095;SPRF-RN;DEL01-RN;UOP01-DEL01-RN
569203.0;1261803.0;2023-12-20;quarta-feira;14:25:00;RN;101.0;94;NATAL;Sim;Manobra de mudança de faixa;3;Queda de ocupante de veículo;Com Vítimas Feridas;Pleno dia;Crescente;Céu Claro;Dupla;Reta;Sim;1013440.0;Automóvel;RENAULT/SANDERO EXP 16HP;2012.0;Condutor;Ileso;38.0;Masculino;1.0;0.0;0.0;0.0;-5,826932;-35,21095;SPRF-RN;DEL01-RN;UOP01-DEL01-RN
569203.0;1261800.0;2023-12-20;quarta-feira;14:25:00;RN;101.0;94;NATAL;Não;Condutor deixou de manter distância do veículo da frente;2;Tombamento;Com Vítimas Feridas;Pleno dia;Crescente;Céu Claro;Dupla;Reta;Sim;1013438.0;Motocicleta;YAMAHA/YBR150 FACTOR ED;2018.0;Condutor;Lesões Leves;55.0;Masculino;0.0;1.0;0.0;0.0;-5,826932;-35,21095;SPRF-RN;DEL01-RN;UOP01-DEL01-RN
569203.0;1261803.0;2023-12-20;quarta-feira;14:25:00;RN;101.0;94;NATAL;Não;Condutor deixou de manter distância do veículo da frente;2;Tombamento;Com Vítimas Feridas;Pleno dia;Crescente;Céu Claro;Dupla;Reta;Sim;1013440.0;Automóvel;RENAULT/SANDERO EXP 16HP;2012.0;Condutor;Ileso;38.0;Masculino;1.0;0.0;0.0;0.0;-5,826932;-35,21095;SPRF-RN;DEL01-RN;UOP01-DEL01-RN
569203.0;1261800.0;2023-12-20;quarta-feira;14:25:00;RN;101.0;94;NATAL;Sim;Manobra de mudança de faixa;2;Tombamento;Com Vítimas Feridas;Pleno dia;Crescente;Céu Claro;Dupla;Reta;Sim;1013438.0;Motocicleta;YAMAHA/YBR150 FACTOR ED;2018.0;Condutor;Lesões Leves;55.0;Masculino;0.0;1.0;0.0;0.0;-5,826932;-35,21095;SPRF-RN;DEL01-RN;UOP01-DEL01-RN
569203.0;1261803.0;2023-12-20;quarta-feira;14:25:00;RN;101.0;94;NATAL;Sim;Manobra de mudança de faixa;2;Tombamento;Com Vítimas Feridas;Pleno dia;Crescente;Céu Claro;Dupla;Reta;Sim;1013440.0;Automóvel;RENAULT/SANDERO EXP 16HP;2012.0;Condutor;Ileso;38.0;Masculino;1.0;0.0;0.0;0.0;-5,826932;-35,21095;SPRF-RN;DEL01-RN;UOP01-DEL01-RN
569203.0;1261800.0;2023-12-20;quarta-feira;14:25:00;RN;101.0;94;NATAL;Não;Condutor deixou de manter distância do veículo da frente;1;Colisão traseira;Com Vítimas Feridas;Pleno dia;Crescente;Céu Claro;Dupla;Reta;Sim;1013438.0;Motocicleta;YAMAHA/YBR150 FACTOR ED;2018.0;Condutor;Lesões Leves;55.0;Masculino;0.0;1.0;0.0;0.0;-5,826932;-35,21095;SPRF-RN;DEL01-RN;UOP01-DEL01-RN
569203.0;1261803.0;2023-12-20;quarta-feira;14:25:00;RN;101.0;94;NATAL;Não;Condutor deixou de manter distância do veículo da frente;1;Colisão traseira;Com Vítimas Feridas;Pleno dia;Crescente;Céu Claro;Dupla;Reta;Sim;1013440.0;Automóvel;RENAULT/SANDERO EXP 16HP;2012.0;Condutor;Ileso;38.0;Masculino;1.0;0.0;0.0;0.0;-5,826932;-35,21095;SPRF-RN;DEL01-RN;UOP01-DEL01-RN
569203.0;1261800.0;2023-12-20;quarta-feira;14:25:00;RN;101.0;94;NATAL;Sim;Manobra de mudança de faixa;1;Colisão traseira;Com Vítimas Feridas;Pleno dia;Crescente;Céu Claro;Dupla;Reta;Sim;1013438.0;Motocicleta;YAMAHA/YBR150 FACTOR ED;2018.0;Condutor;Lesões Leves;55.0;Masculino;0.0;1.0;0.0;0.0;-5,826932;-35,21095;SPRF-RN;DEL01-RN;UOP01-DEL01-RN
569203.0;1261803.0;2023-12-20;quarta-feira;14:25:00;RN;101.0;94;NATAL;Sim;Manobra de mudança de faixa;1;Colisão traseira;Com Vítimas Feridas;Pleno dia;Crescente;Céu Claro;Dupla;Reta;Sim;1013440.0;Automóvel;RENAULT/SANDERO EXP 16HP;2012.0;Condutor;Ileso;38.0;Masculino;1.0;0.0;0.0;0.0;-5,826932;-35,21095;SPRF-RN;DEL01-RN;UOP01-DEL01-RN
569480.0;1262638.0;2023-12-21;quinta-feira;14:16:00;RN;101.0;77;NATAL;Sim;Acessar a via sem observar a presença dos outros veículos;1;Colisão traseira;Com Vítimas Feridas;Pleno dia;Crescente;Céu Claro;Dupla;Reta;Sim;1013988.0;Motocicleta;HONDA/CG 160 START;2023.0;Condutor;Lesões Leves;30.0;Masculino;0.0;1.0;0.0;0.0;-5,731805;-35,29112;SPRF-RN;DEL02-RN;UOP01-DEL02-RN
569480.0;1262639.0;2023-12-21;quinta-feira;14:16:00;RN;101.0;77;NATAL;Sim;Acessar a via sem observar a presença dos outros veículos;1;Colisão traseira;Com Vítimas Feridas;Pleno dia;Crescente;Céu Claro;Dupla;Reta;Sim;1013986.0;Automóvel;FIAT/PALIO ESSENCE 1.6;2014.0;Condutor;Não Informado;;Não Informado;0.0;0.0;0.0;0.0;-5,731805;-35,29112;SPRF-RN;DEL02-RN;UOP01-DEL02-RN
569731.0;1263345.0;2023-12-22;sexta-feira;15:00:00;RN;101.0;84;NATAL;Não;Condutor deixou de manter distância do veículo da frente;1;Colisão traseira;Sem Vítimas;Pleno dia;Crescente;Céu Claro;Dupla;"Aclive;Reta";Sim;1014474.0;Caminhonete;TOYOTA/BANDEIRANTE;1988.0;Condutor;Ileso;44.0;Masculino;1.0;0.0;0.0;0.0;-5,774175;-35,2578;SPRF-RN;DEL02-RN;UOP01-DEL02-RN
569731.0;1263342.0;2023-12-22;sexta-feira;15:00:00;RN;101.0;84;NATAL;Não;Condutor deixou de manter distância do veículo da frente;1;Colisão traseira;Sem Vítimas;Pleno dia;Crescente;Céu Claro;Dupla;"Aclive;Reta";Sim;1014473.0;Automóvel;GM/CELTA;2000.0;Condutor;Ileso;26.0;Masculino;1.0;0.0;0.0;0.0;-5,774175;-35,2578;SPRF-RN;DEL02-RN;UOP01-DEL02-RN
569731.0;1263344.0;2023-12-22;sexta-feira;15:00:00;RN;101.0;84;NATAL;Não;Condutor deixou de manter distância do veículo da frente;1;Colisão traseira;Sem Vítimas;Pleno dia;Crescente;Céu Claro;Dupla;"Aclive;Reta";Sim;1014473.0;Automóvel;GM/CELTA;2000.0;Passageiro;Ileso;34.0;Feminino;1.0;0.0;0.0;0.0;-5,774175;-35,2578;SPRF-RN;DEL02-RN;UOP01-DEL02-RN
569731.0;1263345.0;2023-12-22;sexta-feira;15:00:00;RN;101.0;84;NATAL;Sim;Ingestão de álcool pelo condutor;1;Colisão traseira;Sem Vítimas;Pleno dia;Crescente;Céu Claro;Dupla;"Aclive;Reta";Sim;1014474.0;Caminhonete;TOYOTA/BANDEIRANTE;1988.0;Condutor;Ileso;44.0;Masculino;1.0;0.0;0.0;0.0;-5,774175;-35,2578;SPRF-RN;DEL02-RN;UOP01-DEL02-RN
569731.0;1263342.0;2023-12-22;sexta-feira;15:00:00;RN;101.0;84;NATAL;Sim;Ingestão de álcool pelo condutor;1;Colisão traseira;Sem Vítimas;Pleno dia;Crescente;Céu Claro;Dupla;"Aclive;Reta";Sim;1014473.0;Automóvel;GM/CELTA;2000.0;Condutor;Ileso;26.0;Masculino;1.0;0.0;0.0;0.0;-5,774175;-35,2578;SPRF-RN;DEL02-RN;UOP01-DEL02-RN
569731.0;1263344.0;2023-12-22;sexta-feira;15:00:00;RN;101.0;84;NATAL;Sim;Ingestão de álcool pelo condutor;1;Colisão traseira;Sem Vítimas;Pleno dia;Crescente;Céu Claro;Dupla;"Aclive;Reta";Sim;1014473.0;Automóvel;GM/CELTA;2000.0;Passageiro;Ileso;34.0;Feminino;1.0;0.0;0.0;0.0;-5,774175;-35,2578;SPRF-RN;DEL02-RN;UOP01-DEL02-RN
569807.0;1263387.0;2023-12-22;sexta-feira;19:30:00;RN;101.0;78;NATAL;Não;Iluminação deficiente;2;Colisão com objeto;Com Vítimas Feridas;Plena Noite;Decrescente;Céu Claro;Dupla;Em Obras;Não;1014510.0;Automóvel;VW/CROSSFOX;2008.0;Condutor;Ileso;45.0;Masculino;1.0;0.0;0.0;0.0;-5,731805;-35,29112;SPRF-RN;DEL02-RN;UOP01-DEL02-RN
569807.0;1263390.0;2023-12-22;sexta-feira;19:30:00;RN;101.0;78;NATAL;Não;Iluminação deficiente;2;Colisão com objeto;Com Vítimas Feridas;Plena Noite;Decrescente;Céu Claro;Dupla;Em Obras;Não;1014510.0;Automóvel;VW/CROSSFOX;2008.0;Passageiro;Lesões Leves;45.0;Feminino;0.0;1.0;0.0;0.0;-5,731805;-35,29112;SPRF-RN;DEL02-RN;UOP01-DEL02-RN
569807.0;1263387.0;2023-12-22;sexta-feira;19:30:00;RN;101.0;78;NATAL;Não;Velocidade Incompatível;2;Colisão com objeto;Com Vítimas Feridas;Plena Noite;Decrescente;Céu Claro;Dupla;Em Obras;Não;1014510.0;Automóvel;VW/CROSSFOX;2008.0;Condutor;Ileso;45.0;Masculino;1.0;0.0;0.0;0.0;-5,731805;-35,29112;SPRF-RN;DEL02-RN;UOP01-DEL02-RN
569807.0;1263390.0;2023-12-22;sexta-feira;19:30:00;RN;101.0;78;NATAL;Não;Velocidade Incompatível;2;Colisão com objeto;Com Vítimas Feridas;Plena Noite;Decrescente;Céu Claro;Dupla;Em Obras;Não;1014510.0;Automóvel;VW/CROSSFOX;2008.0;Passageiro;Lesões Leves;45.0;Feminino;0.0;1.0;0.0;0.0;-5,731805;-35,29112;SPRF-RN;DEL02-RN;UOP01-DEL02-RN
569807.0;1263387.0;2023-12-22;sexta-feira;19:30:00;RN;101.0;78;NATAL;Não;Ausência de sinalização;2;Colisão com objeto;Com Vítimas Feridas;Plena Noite;Decrescente;Céu Claro;Dupla;Em Obras;Não;1014510.0;Automóvel;VW/CROSSFOX;2008.0;Condutor;Ileso;45.0;Masculino;1.0;0.0;0.0;0.0;-5,731805;-35,29112;SPRF-RN;DEL02-RN;UOP01-DEL02-RN
569807.0;1263390.0;2023-12-22;sexta-feira;19:30:00;RN;101.0;78;NATAL;Não;Ausência de sinalização;2;Colisão com objeto;Com Vítimas Feridas;Plena Noite;Decrescente;Céu Claro;Dupla;Em Obras;Não;1014510.0;Automóvel;VW/CROSSFOX;2008.0;Passageiro;Lesões Leves;45.0;Feminino;0.0;1.0;0.0;0.0;-5,731805;-35,29112;SPRF-RN;DEL02-RN;UOP01-DEL02-RN
569807.0;1263387.0;2023-12-22;sexta-feira;19:30:00;RN;101.0;78;NATAL;Sim;Reação tardia ou ineficiente do condutor;2;Colisão com objeto;Com Vítimas Feridas;Plena Noite;Decrescente;Céu Claro;Dupla;Em Obras;Não;1014510.0;Automóvel;VW/CROSSFOX;2008.0;Condutor;Ileso;45.0;Masculino;1.0;0.0;0.0;0.0;-5,731805;-35,29112;SPRF-RN;DEL02-RN;UOP01-DEL02-RN
569807.0;1263390.0;2023-12-22;sexta-feira;19:30:00;RN;101.0;78;NATAL;Sim;Reação tardia ou ineficiente do condutor;2;Colisão com objeto;Com Vítimas Feridas;Plena Noite;Decrescente;Céu Claro;Dupla;Em Obras;Não;1014510.0;Automóvel;VW/CROSSFOX;2008.0;Passageiro;Lesões Leves;45.0;Feminino;0.0;1.0;0.0;0.0;-5,731805;-35,29112;SPRF-RN;DEL02-RN;UOP01-DEL02-RN
569807.0;1263387.0;2023-12-22;sexta-feira;19:30:00;RN;101.0;78;NATAL;Não;Iluminação deficiente;1;Saída de leito carroçável;Com Vítimas Feridas;Plena Noite;Decrescente;Céu Claro;Dupla;Em Obras;Não;1014510.0;Automóvel;VW/CROSSFOX;2008.0;Condutor;Ileso;45.0;Masculino;1.0;0.0;0.0;0.0;-5,731805;-35,29112;SPRF-RN;DEL02-RN;UOP01-DEL02-RN
569807.0;1263390.0;2023-12-22;sexta-feira;19:30:00;RN;101.0;78;NATAL;Não;Iluminação deficiente;1;Saída de leito carroçável;Com Vítimas Feridas;Plena Noite;Decrescente;Céu Claro;Dupla;Em Obras;Não;1014510.0;Automóvel;VW/CROSSFOX;2008.0;Passageiro;Lesões Leves;45.0;Feminino;0.0;1.0;0.0;0.0;-5,731805;-35,29112;SPRF-RN;DEL02-RN;UOP01-DEL02-RN
569807.0;1263387.0;2023-12-22;sexta-feira;19:30:00;RN;101.0;78;NATAL;Não;Velocidade Incompatível;1;Saída de leito carroçável;Com Vítimas Feridas;Plena Noite;Decrescente;Céu Claro;Dupla;Em Obras;Não;1014510.0;Automóvel;VW/CROSSFOX;2008.0;Condutor;Ileso;45.0;Masculino;1.0;0.0;0.0;0.0;-5,731805;-35,29112;SPRF-RN;DEL02-RN;UOP01-DEL02-RN
569807.0;1263390.0;2023-12-22;sexta-feira;19:30:00;RN;101.0;78;NATAL;Não;Velocidade Incompatível;1;Saída de leito carroçável;Com Vítimas Feridas;Plena Noite;Decrescente;Céu Claro;Dupla;Em Obras;Não;1014510.0;Automóvel;VW/CROSSFOX;2008.0;Passageiro;Lesões Leves;45.0;Feminino;0.0;1.0;0.0;0.0;-5,731805;-35,29112;SPRF-RN;DEL02-RN;UOP01-DEL02-RN
569807.0;1263387.0;2023-12-22;sexta-feira;19:30:00;RN;101.0;78;NATAL;Não;Ausência de sinalização;1;Saída de leito carroçável;Com Vítimas Feridas;Plena Noite;Decrescente;Céu Claro;Dupla;Em Obras;Não;1014510.0;Automóvel;VW/CROSSFOX;2008.0;Condutor;Ileso;45.0;Masculino;1.0;0.0;0.0;0.0;-5,731805;-35,29112;SPRF-RN;DEL02-RN;UOP01-DEL02-RN
569807.0;1263390.0;2023-12-22;sexta-feira;19:30:00;RN;101.0;78;NATAL;Não;Ausência de sinalização;1;Saída de leito carroçável;Com Vítimas Feridas;Plena Noite;Decrescente;Céu Claro;Dupla;Em Obras;Não;1014510.0;Automóvel;VW/CROSSFOX;2008.0;Passageiro;Lesões Leves;45.0;Feminino;0.0;1.0;0.0;0.0;-5,731805;-35,29112;SPRF-RN;DEL02-RN;UOP01-DEL02-RN
569807.0;1263387.0;2023-12-22;sexta-feira;19:30:00;RN;101.0;78;NATAL;Sim;Reação tardia ou ineficiente do condutor;1;Saída de leito carroçável;Com Vítimas Feridas;Plena Noite;Decrescente;Céu Claro;Dupla;Em Obras;Não;1014510.0;Automóvel;VW/CROSSFOX;2008.0;Condutor;Ileso;45.0;Masculino;1.0;0.0;0.0;0.0;-5,731805;-35,29112;SPRF-RN;DEL02-RN;UOP01-DEL02-RN
569807.0;1263390.0;2023-12-22;sexta-feira;19:30:00;RN;101.0;78;NATAL;Sim;Reação tardia ou ineficiente do condutor;1;Saída de leito carroçável;Com Vítimas Feridas;Plena Noite;Decrescente;Céu Claro;Dupla;Em Obras;Não;1014510.0;Automóvel;VW/CROSSFOX;2008.0;Passageiro;Lesões Leves;45.0;Feminino;0.0;1.0;0.0;0.0;-5,731805;-35,29112;SPRF-RN;DEL02-RN;UOP01-DEL02-RN