id;pesid;data_inversa;dia_semana;horario;uf;br;km;municipio;causa_principal;causa_acidente;ordem_tipo_acidente;tipo_acidente;classificacao_acidente;fase_dia;sentido_via;condicao_metereologica;tipo_pista;tracado_via;uso_solo;id_veiculo;tipo_veiculo;marca;ano_fabricacao_veiculo;tipo_envolvido;estado_fisico;idade;sexo;ilesos;feridos_leves;feridos_graves;mortos;latitude;longitude;regional;delegacia;uop
569808.0;1263567.0;2023-12-22;sexta-feira;18:50:00;RN;101.0;99,7;NATAL;Sim;Ausência de reação do condutor;2;Queda de ocupante de veículo;Com Vítimas Feridas;Plena Noite;Decrescente;Céu Claro;Simples;Curva;Não;1014636.0;Automóvel;HONDA/FIT LXL;2004.0;Condutor;Ileso;36.0;Feminino;1.0;0.0;0.0;0.0;-5,873592;-35,22063;SPRF-RN;DEL01-RN;UOP01-DEL01-RN
569808.0;1265799.0;2023-12-22;sexta-feira;18:50:00;RN;101.0;99,7;NATAL;Sim;Ausência de reação do condutor;2;Queda de ocupante de veículo;Com Vítimas Feridas;Plena Noite;Decrescente;Céu Claro;Simples;Curva;Não;1014636.0;Automóvel;HONDA/FIT LXL;2004.0;Passageiro;Ileso;9.0;Feminino;1.0;0.0;0.0;0.0;-5,873592;-35,22063;SPRF-RN;DEL01-RN;UOP01-DEL01-RN
569808.0;1263568.0;2023-12-22;sexta-feira;18:50:00;RN;101.0;99,7;NATAL;Sim;Ausência de reação do condutor;2;Queda de ocupante de veículo;Com Vítimas Feridas;Plena Noite;Decrescente;Céu Claro;Simples;Curva;Não;1014637.0;Motocicleta;YAMAHA/YBR150 FACTOR ED;2023.0;Condutor;Lesões Leves;36.0;Masculino;0.0;1.0;0.0;0.0;-5,873592;-35,22063;SPRF-RN;DEL01-RN;UOP01-DEL01-RN
569808.0;1263567.0;2023-12-22;sexta-feira;18:50:00;RN;101.0;99,7;NATAL;Sim;Ausência de reação do condutor;1;Colisão lateral mesmo sentido;Com Vítimas Feridas;Plena Noite;Decrescente;Céu Claro;Simples;Curva;Não;1014636.0;Automóvel;HONDA/FIT LXL;2004.0;Condutor;Ileso;36.0;Feminino;1.0;0.0;0.0;0.0;-5,873592;-35,22063;SPRF-RN;DEL01-RN;UOP01-DEL01-RN
569808.0;1265799.0;2023-12-22;sexta-feira;18:50:00;RN;101.0;99,7;NATAL;Sim;Ausência de reação do condutor;1;Colisão lateral mesmo sentido;Com Vítimas Feridas;Plena Noite;Decrescente;Céu Claro;Simples;Curva;Não;1014636.0;Automóvel;HONDA/FIT LXL;2004.0;Passageiro;Ileso;9.0;Feminino;1.0;0.0;0.0;0.0;-5,873592;-35,22063;SPRF-RN;DEL01-RN;UOP01-DEL01-RN
569808.0;1263568.0;2023-12-22;sexta-feira;18:50:00;RN;101.0;99,7;NATAL;Sim;Ausência de reação do condutor;1;Colisão lateral mesmo sentido;Com Vítimas Feridas;Plena Noite;Decrescente;Céu Claro;Simples;Curva;Não;1014637.0;Motocicleta;YAMAHA/YBR150 FACTOR ED;2023.0;Condutor;Lesões Leves;36.0;Masculino;0.0;1.0;0.0;0.0;-5,873592;-35,22063;SPRF-RN;DEL01-RN;UOP01-DEL01-RN
570682.0;1265860.0;2023-11-02;quinta-feira;01:15:00;RN;101.0;79;NATAL;Sim;Acumulo de areia ou detritos sobre o pavimento;2;Queda de ocupante de veículo;Com Vítimas Feridas;Plena Noite;Decrescente;Céu Claro;Dupla;"Desvio Temporário;Em Obras";Sim;1016079.0;Ciclomotor;Não Informado/Não Informado;0.0;Condutor;Lesões Leves;27.0;Feminino;0.0;1.0;0.0;0.0;-5,749629;-35,28918;SPRF-RN;DEL02-RN;UOP01-DEL02-RN
570682.0;1265860.0;2023-11-02;quinta-feira;01:15:00;RN;101.0;79;NATAL;Sim;Acumulo de areia ou detritos sobre o pavimento;1;Tombamento;Com Vítimas Feridas;Plena Noite;Decrescente;Céu Claro;Dupla;"Desvio Temporário;Em Obras";Sim;1016079.0;Ciclomotor;Não Informado/Não Informado;0.0;Condutor;Lesões Leves;27.0;Feminino;0.0;1.0;0.0;0.0;-5,749629;-35,28918;SPRF-RN;DEL02-RN;UOP01-DEL02-RN
570965.0;1266858.0;2023-12-27;quarta-feira;20:09:00;RN;226.0;3;NATAL;Sim;Acessar a via sem observar a presença dos outros veículos;1;Atropelamento de Pedestre;Com Vítimas Feridas;Plena Noite;Crescente;Céu Claro;Simples;Reta;Sim;1016751.0;Motocicleta;YAMAHA/XTZ250 TENERE;2015.0;Condutor;Lesões Graves;37.0;Masculino;0.0;0.0;1.0;0.0;-5,820857;-35,25187;SPRF-RN;DEL01-RN;UOP02-DEL01-RN
570965.0;1266874.0;2023-12-27;quarta-feira;20:09:00;RN;226.0;3;NATAL;Sim;Acessar a via sem observar a presença dos outros veículos;1;Atropelamento de Pedestre;Com Vítimas Feridas;Plena Noite;Crescente;Céu Claro;Simples;Reta;Sim;1016751.0;Motocicleta;YAMAHA/XTZ250 TENERE;2015.0;Passageiro;Lesões Leves;35.0;Feminino;0.0;1.0;0.0;0.0;-5,820857;-35,25187;SPRF-RN;DEL01-RN;UOP02-DEL01-RN
570965.0;1266859.0;2023-12-27;quarta-feira;20:09:00;RN;226.0;3;NATAL;Sim;Acessar a via sem observar a presença dos outros veículos;1;Atropelamento de Pedestre;Com Vítimas Feridas;Plena Noite;Crescente;Céu Claro;Simples;Reta;Sim;;;NA/NA;;Pedestre;Lesões Leves;35.0;Masculino;0.0;1.0;0.0;0.0;-5,820857;-35,25187;SPRF-RN;DEL01-RN;UOP02-DEL01-RN
570999.0;1266844.0;2023-12-28;quinta-feira;00:50:00;RN;101.0;82,2;NATAL;Sim;Ingestão de álcool pelo condutor;1;Capotamento;Com Vítimas Feridas;Plena Noite;Decrescente;Nublado;Dupla;Reta;Sim;1016742.0;Automóvel;VW/GOL MPI;2022.0;Condutor;Lesões Leves;48.0;Masculino;0.0;1.0;0.0;0.0;-5,76856;-35,27294;SPRF-RN;DEL02-RN;UOP01-DEL02-RN
571148.0;1267315.0;2023-12-28;quinta-feira;18:25:00;RN;101.0;82;NATAL;Sim;Ausência de reação do condutor;1;Atropelamento de Pedestre;Com Vítimas Feridas;Plena Noite;Crescente;Céu Claro;Dupla;"Reta;Em Obras";Sim;1017093.0;Motocicleta;HONDA/CG 125 FAN KS;2014.0;Condutor;Lesões Leves;32.0;Masculino;0.0;1.0;0.0;0.0;-5,767915;-35,27456;SPRF-RN;DEL02-RN;UOP01-DEL02-RN
571148.0;1267316.0;2023-12-28;quinta-feira;18:25:00;RN;101.0;82;NATAL;Sim;Ausência de reação do condutor;1;Atropelamento de Pedestre;Com Vítimas Feridas;Plena Noite;Crescente;Céu Claro;Dupla;"Reta;Em Obras";Sim;;;NA/NA;;Pedestre;Lesões Leves;42.0;Masculino;0.0;1.0;0.0;0.0;-5,767915;-35,27456;SPRF-RN;DEL02-RN;UOP01-DEL02-RN
571261.0;1267549.0;2023-08-14;segunda-feira;08:15:00;RN;101.0;84;NATAL;Sim;Pedestre andava na pista;2;Queda de ocupante de veículo;Com Vítimas Feridas;Pleno dia;Decrescente;Céu Claro;Dupla;Retorno Regulamentado;Sim;1017265.0;Motoneta;HONDA/ELITE 125;2023.0;Condutor;Lesões Graves;33.0;Feminino;0.0;0.0;1.0;0.0;-5,774175;-35,2578;SPRF-RN;DEL02-RN;UOP01-DEL02-RN
571261.0;1267549.0;2023-08-14;segunda-feira;08:15:00;RN;101.0;84;NATAL;Sim;Pedestre andava na pista;1;Tombamento;Com Vítimas Feridas;Pleno dia;Decrescente;Céu Claro;Dupla;Retorno Regulamentado;Sim;1017265.0;Motoneta;HONDA/ELITE 125;2023.0;Condutor;Lesões Graves;33.0;Feminino;0.0;0.0;1.0;0.0;-5,774175;-35,2578;SPRF-RN;DEL02-RN;UOP01-DEL02-RN
571366.0;1268061.0;2023-12-29;sexta-feira;20:00:00;RN;101.0;75;NATAL;Não;Iluminação deficiente;1;Colisão lateral mesmo sentido;Com Vítimas Feridas;Plena Noite;Crescente;Céu Claro;Dupla;"Reta;Em Obras;Retorno Regulamentado";Não;1017627.0;Automóvel;CHEV/PRISMA 1.4AT LT;2019.0;Condutor;Ileso;30.0;Feminino;1.0;0.0;0.0;0.0;-5,721906;-35,27672;SPRF-RN;DEL02-RN;UOP01-DEL02-RN
571366.0;1268062.0;2023-12-29;sexta-feira;20:00:00;RN;101.0;75;NATAL;Não;Iluminação deficiente;1;Colisão lateral mesmo sentido;Com Vítimas Feridas;Plena Noite;Crescente;Céu Claro;Dupla;"Reta;Em Obras;Retorno Regulamentado";Não;1017628.0;Motocicleta;YAMAHA/YS150 FAZER ED;2013.0;Condutor;Lesões Leves;28.0;Masculino;0.0;1.0;0.0;0.0;-5,721906;-35,27672;SPRF-RN;DEL02-RN;UOP01-DEL02-RN
571366.0;1268061.0;2023-12-29;sexta-feira;20:00:00;RN;101.0;75;NATAL;Sim;Ausência de sinalização;1;Colisão lateral mesmo sentido;Com Vítimas Feridas;Plena Noite;Crescente;Céu Claro;Dupla;"Reta;Em Obras;Retorno Regulamentado";Não;1017627.0;Automóvel;CHEV/PRISMA 1.4AT LT;2019.0;Condutor;Ileso;30.0;Feminino;1.0;0.0;0.0;0.0;-5,721906;-35,27672;SPRF-RN;DEL02-RN;UOP01-DEL02-RN
571366.0;1268062.0;2023-12-29;sexta-feira;20:00:00;RN;101.0;75;NATAL;Sim;Ausência de sinalização;1;Colisão lateral mesmo sentido;Com Vítimas Feridas;Plena Noite;Crescente;Céu Claro;Dupla;"Reta;Em Obras;Retorno Regulamentado";Não;1017628.0;Motocicleta;YAMAHA/YS150 FAZER ED;2013.0;Condutor;Lesões Leves;28.0;Masculino;0.0;1.0;0.0;0.0;-5,721906;-35,27672;SPRF-RN;DEL02-RN;UOP01-DEL02-RN
571591.0;1268589.0;2023-12-30;sábado;20:30:00;RN;101.0;94,4;NATAL;Sim;Condutor usando celular;1;Colisão traseira;Com Vítimas Feridas;Plena Noite;Decrescente;Céu Claro;Múltipla;Reta;Sim;1017897.0;Automóvel;FIAT/SIENA ATTRACTIV 1.4;2019.0;Condutor;Ileso;57.0;Masculino;1.0;0.0;0.0;0.0;-5,831766;-35,21191;SPRF-RN;DEL01-RN;UOP01-DEL01-RN
571591.0;1268590.0;2023-12-30;sábado;20:30:00;RN;101.0;94,4;NATAL;Sim;Condutor usando celular;1;Colisão traseira;Com Vítimas Feridas;Plena Noite;Decrescente;Céu Claro;Múltipla;Reta;Sim;1017898.0;Motocicleta;HONDA/NXR150 BROS ES;2013.0;Condutor;Lesões Graves;33.0;Masculino;0.0;0.0;1.0;0.0;-5,831766;-35,21191;SPRF-RN;DEL01-RN;UOP01-DEL01-RN
582561.0;1296729.0;2023-05-07;domingo;17:42:00;RN;101.0;80;NATAL;Sim;Ingestão de álcool pelo condutor;1;Colisão traseira;Com Vítimas Feridas;Plena Noite;Crescente;Céu Claro;Dupla;Reta;Não;1038678.0;Caminhonete;I/TOYOTA HILUX 4CDL SR;2002.0;Condutor;Lesões Leves;29.0;Feminino;0.0;1.0;0.0;0.0;-5,758522;-35,28806;SPRF-RN;DEL02-RN;UOP01-DEL02-RN
582561.0;1296730.0;2023-05-07;domingo;17:42:00;RN;101.0;80;NATAL;Sim;Ingestão de álcool pelo condutor;1;Colisão traseira;Com Vítimas Feridas;Plena Noite;Crescente;Céu Claro;Dupla;Reta;Não;1038679.0;Motocicleta;IROS/ONE 125;2012.0;Condutor;Lesões Leves;35.0;Masculino;0.0;1.0;0.0;0.0;-5,758522;-35,28806;SPRF-RN;DEL02-RN;UOP01-DEL02-RN
405926.0;908437.0;2022-01-04;terça-feira;16:15:00;RN;101.0;84,9;NATAL;Sim;Acessar a via sem observar a presença dos outros veículos;1;Colisão lateral mesmo sentido;Com Vítimas Feridas;Pleno dia;Decrescente;Céu Claro;Múltipla;"Viaduto;Aclive";Sim;735495.0;Caminhonete;FIAT/TORO ENDURANCE MT5;2020.0;Condutor;Ileso;54.0;Masculino;1.0;0.0;0.0;0.0;-5,774175;-35,2578;SPRF-RN;DEL02-RN;UOP01-DEL02-RN
405926.0;908438.0;2022-01-04;terça-feira;16:15:00;RN;101.0;84,9;NATAL;Sim;Acessar a via sem observar a presença dos outros veículos;1;Colisão lateral mesmo sentido;Com Vítimas Feridas;Pleno dia;Decrescente;Céu Claro;Múltipla;"Viaduto;Aclive";Sim;735505.0;Motocicleta;HONDA/POP 110I;2020.0;Condutor;Lesões Leves;22.0;Masculino;0.0;1.0;0.0;0.0;-5,774175;-35,2578;SPRF-RN;DEL02-RN;UOP01-DEL02-RN
405926.0;908439.0;2022-01-04;terça-feira;16:15:00;RN;101.0;84,9;NATAL;Sim;Acessar a via sem observar a presença dos outros veículos;1;Colisão lateral mesmo sentido;Com Vítimas Feridas;Pleno dia;Decrescente;Céu Claro;Múltipla;"Viaduto;Aclive";Sim;735506.0;Ônibus;M.BENZ/MPOLO TORINO U;2010.0;Condutor;Ileso;47.0;Masculino;1.0;0.0;0.0;0.0;-5,774175;-35,2578;SPRF-RN;DEL02-RN;UOP01-DEL02-RN
406030.0;909096.0;2022-01-05;quarta-feira;09:00:00;RN;101.0;99;NATAL;Sim;Desvio temporário;1;Queda de ocupante de veículo;Com Vítimas Feridas;Pleno dia;Decrescente;Céu Claro;Dupla;Aclive;Sim;735939.0;Motocicleta;HONDA/NXR 160 BROS;2018.0;Condutor;Lesões Leves;24.0;Masculino;0.0;1.0;0.0;0.0;-5,87359183;-35,22063023;SPRF-RN;DEL01-RN;UOP01-DEL01-RN
406138.0;909393.0;2022-01-05;quarta-feira;18:20:00;RN;226.0;2;NATAL;Sim;Entrada inopinada do pedestre;1;Atropelamento de Pedestre;Com Vítimas Feridas;Plena Noite;Decrescente;Céu Claro;Simples;Reta;Sim;735940.0;Motocicleta;YAMAHA/YBR125 FACTOR E;2013.0;Condutor;Ileso;33.0;Masculino;1.0;0.0;0.0;0.0;-5,81364934;-35,2466547;SPRF-RN;DEL01-RN;UOP02-DEL01-RN
406138.0;909395.0;2022-01-05;quarta-feira;18:20:00;RN;226.0;2;NATAL;Sim;Entrada inopinada do pedestre;1;Atropelamento de Pedestre;Com Vítimas Feridas;Plena Noite;Decrescente;Céu Claro;Simples;Reta;Sim;;;NA/NA;;Pedestre;Lesões Graves;15.0;Feminino;0.0;0.0;1.0;0.0;-5,81364934;-35,2466547;SPRF-RN;DEL01-RN;UOP02-DEL01-RN
407539.0;910722.0;2022-01-08;sábado;18:00:00;RN;101.0;78,8;NATAL;Sim;Ingestão de álcool pelo condutor;1;Colisão transversal;Com Vítimas Feridas;Plena Noite;Crescente;Céu Claro;Dupla;Retorno Regulamentado;Sim;737111.0;Camioneta;FIAT/DOBLO EX;2003.0;Condutor;Ileso;66.0;Masculino;1.0;0.0;0.0;0.0;-5,74071896;-35,29021064;SPRF-RN;DEL02-RN;UOP01-DEL02-RN
407539.0;910723.0;2022-01-08;sábado;18:00:00;RN;101.0;78,8;NATAL;Sim;Ingestão de álcool pelo condutor;1;Colisão transversal;Com Vítimas Feridas;Plena Noite;Crescente;Céu Claro;Dupla;Retorno Regulamentado;Sim;737112.0;Caminhonete;FIAT/STRADA FIRE FLEX;2011.0;Condutor;Lesões Leves;44.0;Masculino;0.0;1.0;0.0;0.0;-5,74071896;-35,29021064;SPRF-RN;DEL02-RN;UOP01-DEL02-RN
408104.0;913861.0;2022-01-11;terça-feira;15:40:00;RN;226.0;3,5;NATAL;Não;Acessar a via sem observar a presença dos outros veículos;1;Colisão transversal;Com Vítimas Fatais;Pleno dia;Crescente;Céu Claro;Simples;Reta;Sim;739527.0;Bicicleta;Não Informado/Não Informado;0.0;Condutor;Óbito;50.0;Feminino;0.0;0.0;0.0;1.0;-5,82085671;-35,25187091;SPRF-RN;DEL01-RN;UOP02-DEL01-RN
408104.0;911956.0;2022-01-11;terça-feira;15:40:00;RN;226.0;3,5;NATAL;Não;Acessar a via sem observar a presença dos outros veículos;1;Colisão transversal;Com Vítimas Fatais;Pleno dia;Crescente;Céu Claro;Simples;Reta;Sim;738040.0;Caminhão;VW/11.140;1990.0;Condutor;Ileso;70.0;Masculino;1.0;0.0;0.0;0.0;-5,82085671;-35,25187091;SPRF-RN;DEL01-RN;UOP02-DEL01-RN
408104.0;913861.0;2022-01-11;terça-feira;15:40:00;RN;226.0;3,5;NATAL;Sim;Transitar na contramão;1;Colisão transversal;Com Vítimas Fatais;Pleno dia;Crescente;Céu Claro;Simples;Reta;Sim;739527.0;Bicicleta;Não Informado/Não Informado;0.0;Condutor;Óbito;50.0;Feminino;0.0;0.0;0.0;1.0;-5,82085671;-35,25187091;SPRF-RN;DEL01-RN;UOP02-DEL01-RN
408104.0;911956.0;2022-01-11;terça-feira;15:40:00;RN;226.0;3,5;NATAL;Sim;Transitar na contramão;1;Colisão transversal;Com Vítimas Fatais;Pleno dia;Crescente;Céu Claro;Simples;Reta;Sim;738040.0;Caminhão;VW/11.140;1990.0;Condutor;Ileso;70.0;Masculino;1.0;0.0;0.0;0.0;-5,82085671;-35,25187091;SPRF-RN;DEL01-RN;UOP02-DEL01-RN
408357.0;912699.0;2022-01-13;quinta-feira;09:50:00;RN;101.0;94,1;NATAL;Sim;Condutor deixou de manter distância do veículo da frente;1;Colisão traseira;Com Vítimas Feridas;Pleno dia;Decrescente;Sol;Múltipla;Reta;Sim;738596.0;Motocicleta;HONDA/CG 125 FAN ES;2009.0;Condutor;Lesões Graves;39.0;Masculino;0.0;0.0;1.0;0.0;-5,83074176;-35,21163225;SPRF-RN;DEL01-RN;UOP01-DEL01-RN
408357.0;912701.0;2022-01-13;quinta-feira;09:50:00;RN;101.0;94,1;NATAL;Sim;Condutor deixou de manter distância do veículo da frente;1;Colisão traseira;Com Vítimas Feridas;Pleno dia;Decrescente;Sol;Múltipla;Reta;Sim;738597.0;Automóvel;CAOACHERY/ARRIZO6 GSX;2020.0;Condutor;Ileso;56.0;Masculino;1.0;0.0;0.0;0.0;-5,83074176;-35,21163225;SPRF-RN;DEL01-RN;UOP01-DEL01-RN
408373.0;912663.0;2022-01-13;quinta-feira;09:50:00;RN;101.0;84,4;NATAL;Sim;Ausência de reação do condutor;1;Colisão traseira;Sem Vítimas;Pleno dia;Decrescente;Céu Claro;Dupla;Reta;Sim;738551.0;Caminhonete;I/TOYOTA HILUX CDSRVA4FD;2016.0;Condutor;Ileso;55.0;Masculino;1.0;0.0;0.0;0.0;-5,774175;-35,2578;SPRF-RN;DEL02-RN;UOP01-DEL02-RN
408373.0;912662.0;2022-01-13;quinta-feira;09:50:00;RN;101.0;84,4;NATAL;Sim;Ausência de reação do condutor;1;Colisão traseira;Sem Vítimas;Pleno dia;Decrescente;Céu Claro;Dupla;Reta;Sim;738550.0;Caminhonete;I/KIA UK2500 HD SC;2013.0;Condutor;Ileso;58.0;Masculino;1.0;0.0;0.0;0.0;-5,774175;-35,2578;SPRF-RN;DEL02-RN;UOP01-DEL02-RN
408797.0;913797.0;2022-01-15;sábado;13:38:00;RN;101.0;85,5;NATAL;Sim;Reação tardia ou ineficiente do condutor;1;Colisão lateral mesmo sentido;Com Vítimas Feridas;Pleno dia;Decrescente;Céu Claro;Dupla;Reta;Sim;739475.0;Automóvel;HYUNDAI/HB20S 1.0M COMF;2018.0;Condutor;Ileso;68.0;Masculino;1.0;0.0;0.0;0.0;-5,777664;-35,24937;SPRF-RN;DEL02-RN;UOP01-DEL02-RN
408797.0;913802.0;2022-01-15;sábado;13:38:00;RN;101.0;85,5;NATAL;Sim;Reação tardia ou ineficiente do condutor;1;Colisão lateral mesmo sentido;Com Vítimas Feridas;Pleno dia;Decrescente;Céu Claro;Dupla;Reta;Sim;739476.0;Motocicleta;HONDA/NXR160 BROS ESDD;2015.0;Condutor;Lesões Leves;29.0;Masculino;0.0;1.0;0.0;0.0;-5,777664;-35,24937;SPRF-RN;DEL02-RN;UOP01-DEL02-RN
409588.0;916395.0;2022-01-17;segunda-feira;21:49:00;RN;101.0;84,4;NATAL;Sim;Ingestão de álcool pelo condutor;3;Queda de ocupante de veículo;Com Vítimas Feridas;Plena Noite;Decrescente;Céu Claro;Múltipla;"Viaduto;Túnel;Curva;Interseção de Vias";Sim;740364.0;Motocicleta;HONDA/CB 300R;2010.0;Condutor;Lesões Leves;32.0;Masculino;0.0;1.0;0.0;0.0;-5,77545469;-35,25354968;SPRF-RN;DEL02-RN;UOP01-DEL02-RN
409588.0;916412.0;2022-01-17;segunda-feira;21:49:00;RN;101.0;84,4;NATAL;Sim;Ingestão de álcool pelo condutor;3;Queda de ocupante de veículo;Com Vítimas Feridas;Plena Noite;Decrescente;Céu Claro;Múltipla;"Viaduto;Túnel;Curva;Interseção de Vias";Sim;;;NA/NA;;Pedestre;Lesões Graves;38.0;Masculino;0.0;0.0;1.0;0.0;-5,77545469;-35,25354968;SPRF-RN;DEL02-RN;UOP01-DEL02-RN
409588.0;916395.0;2022-01-17;segunda-feira;21:49:00;RN;101.0;84,4;NATAL;Sim;Ingestão de álcool pelo condutor;2;Tombamento;Com Vítimas Feridas;Plena Noite;Decrescente;Céu Claro;Múltipla;"Viaduto;Túnel;Curva;Interseção de Vias";Sim;740364.0;Motocicleta;HONDA/CB 300R;2010.0;Condutor;Lesões Leves;32.0;Masculino;0.0;1.0;0.0;0.0;-5,77545469;-35,25354968;SPRF-RN;DEL02-RN;UOP01-DEL02-RN
409588.0;916412.0;2022-01-17;segunda-feira;21:49:00;RN;101.0;84,4;NATAL;Sim;Ingestão de álcool pelo condutor;2;Tombamento;Com Vítimas Feridas;Plena Noite;Decrescente;Céu Claro;Múltipla;"Viaduto;Túnel;Curva;Interseção de Vias";Sim;;;NA/NA;;Pedestre;Lesões Graves;38.0;Masculino;0.0;0.0;1.0;0.0;-5,77545469;-35,25354968;SPRF-RN;DEL02-RN;UOP01-DEL02-RN
409588.0;916395.0;2022-01-17;segunda-feira;21:49:00;RN;101.0;84,4;NATAL;Sim;Ingestão de álcool pelo condutor;1;Atropelamento de Pedestre;Com Vítimas Feridas;Plena Noite;Decrescente;Céu Claro;Múltipla;"Viaduto;Túnel;Curva;Interseção de Vias";Sim;740364.0;Motocicleta;HONDA/CB 300R;2010.0;Condutor;Lesões Leves;32.0;Masculino;0.0;1.0;0.0;0.0;-5,77545469;-35,25354968;SPRF-RN;DEL02-RN;UOP01-DEL02-RN
409588.0;916412.0;2022-01-17;segunda-feira;21:49:00;RN;101.0;84,4;NATAL;Sim;Ingestão de álcool pelo condutor;1;Atropelamento de Pedestre;Com Vítimas Feridas;Plena Noite;Decrescente;Céu Claro;Múltipla;"Viaduto;Túnel;Curva;Interseção de Vias";Sim;;;NA/NA;;Pedestre;Lesões Graves;38.0;Masculino;0.0;0.0;1.0;0.0;-5,77545469;-35,25354968;SPRF-RN;DEL02-RN;UOP01-DEL02-RN
409909.0;918794.0;2022-01-19;quarta-feira;19:10:00;RN;226.0;2,9;NATAL;Sim;Acessar a via sem observar a presença dos outros veículos;1;Colisão transversal;Com Vítimas Feridas;Plena Noite;Crescente;Céu Claro;Simples;Reta;Sim;741058.0;Ciclomotor;KASINSKI/SOFT;2012.0;Condutor;Lesões Leves;32.0;Masculino;0.0;1.0;0.0;0.0;-5,81364934;-35,2466547;SPRF-RN;DEL01-RN;UOP02-DEL01-RN
409909.0;918795.0;2022-01-19;quarta-feira;19:10:00;RN;226.0;2,9;NATAL;Sim;Acessar a via sem observar a presença dos outros veículos;1;Colisão transversal;Com Vítimas Feridas;Plena Noite;Crescente;Céu Claro;Simples;Reta;Sim;741059.0;Automóvel;FIAT/MOBI LIKE;2018.0;Condutor;Ileso;48.0;Masculino;1.0;0.0;0.0;0.0;-5,81364934;-35,2466547;SPRF-RN;DEL01-RN;UOP02-DEL01-RN
410603.0;919852.0;2022-01-23;domingo;07:30:00;RN;101.0;95;NATAL;Sim;Demais falhas mecânicas ou elétricas;1;Incêndio;Sem Vítimas;Pleno dia;Decrescente;Céu Claro;Múltipla;Reta;Sim;742690.0;Automóvel;FIAT/SIENA TETRAFUEL 1.4;2015.0;Condutor;Ileso;49.0;Masculino;1.0;0.0;0.0;0.0;-5,84076841;-35,21035949;SPRF-RN;DEL01-RN;UOP01-DEL01-RN
410908.0;921382.0;2022-01-24;segunda-feira;15:35:00;RN;101.0;84;NATAL;Sim;Condutor deixou de manter distância do veículo da frente;1;Colisão traseira;Sem Vítimas;Pleno dia;Decrescente;Céu Claro;Dupla;Reta;Sim;745620.0;Automóvel;Não Informado/Não Informado;0.0;Condutor;Ileso;;Masculino;1.0;0.0;0.0;0.0;-5,774175;-35,2578;SPRF-RN;DEL02-RN;UOP01-DEL02-RN
410908.0;921381.0;2022-01-24;segunda-feira;15:35:00;RN;101.0;84;NATAL;Sim;Condutor deixou de manter distância do veículo da frente;1;Colisão traseira;Sem Vítimas;Pleno dia;Decrescente;Céu Claro;Dupla;Reta;Sim;742812.0;Utilitário;I/GM TRACKER 2.0;2008.0;Condutor;Ileso;51.0;Masculino;1.0;0.0;0.0;0.0;-5,774175;-35,2578;SPRF-RN;DEL02-RN;UOP01-DEL02-RN
410908.0;921383.0;2022-01-24;segunda-feira;15:35:00;RN;101.0;84;NATAL;Sim;Condutor deixou de manter distância do veículo da frente;1;Colisão traseira;Sem Vítimas;Pleno dia;Decrescente;Céu Claro;Dupla;Reta;Sim;742813.0;Automóvel;FIAT/SIENA EL FLEX;2009.0;Condutor;Ileso;41.0;Masculino;1.0;0.0;0.0;0.0;-5,774175;-35,2578;SPRF-RN;DEL02-RN;UOP01-DEL02-RN
412120.0;920756.0;2022-01-31;segunda-feira;08:25:00;RN;101.0;98;NATAL;Sim;Condutor deixou de manter distância do veículo da frente;1;Colisão traseira;Sem Vítimas;Pleno dia;Decrescente;Céu Claro;Múltipla;Reta;Sim;745152.0;Automóvel;CHEV/PRISMA 1.4MT LT;2018.0;Condutor;Ileso;70.0;Masculino;1.0;0.0;0.0;0.0;-5,86567888;-35,21651625;SPRF-RN;DEL01-RN;UOP01-DEL01-RN
412120.0;920758.0;2022-01-31;segunda-feira;08:25:00;RN;101.0;98;NATAL;Sim;Condutor deixou de manter distância do veículo da frente;1;Colisão traseira;Sem Vítimas;Pleno dia;Decrescente;Céu Claro;Múltipla;Reta;Sim;745153.0;Utilitário;SUZUKI/JIMNY 4 SPORT;2016.0;Condutor;Ileso;45.0;Feminino;1.0;0.0;0.0;0.0;-5,86567888;-35,21651625;SPRF-RN;DEL01-RN;UOP01-DEL01-RN
412461.0;923359.0;2022-02-02;quarta-feira;11:25:00;RN;101.0;81,8;NATAL;Sim;Condutor deixou de manter distância do veículo da frente;1;Colisão traseira;Com Vítimas Feridas;Pleno dia;Decrescente;Céu Claro;Dupla;Reta;Sim;745793.0;Motocicleta;YAMAHA/XTZ150 CROSSER Z;2018.0;Condutor;Lesões Leves;38.0;Masculino;0.0;1.0;0.0;0.0;-5,76469466;-35,28295988;SPRF-RN;DEL02-RN;UOP01-DEL02-RN
412461.0;925082.0;2022-02-02;quarta-feira;11:25:00;RN;101.0;81,8;NATAL;Sim;Condutor deixou de manter distância do veículo da frente;1;Colisão traseira;Com Vítimas Feridas;Pleno dia;Decrescente;Céu Claro;Dupla;Reta;Sim;745793.0;Motocicleta;YAMAHA/XTZ150 CROSSER Z;2018.0;Passageiro;Lesões Leves;25.0;Feminino;0.0;1.0;0.0;0.0;-5,76469466;-35,28295988;SPRF-RN;DEL02-RN;UOP01-DEL02-RN