id;pesid;data_inversa;dia_semana;horario;uf;br;km;municipio;causa_principal;causa_acidente;ordem_tipo_acidente;tipo_acidente;classificacao_acidente;fase_dia;sentido_via;condicao_metereologica;tipo_pista;tracado_via;uso_solo;id_veiculo;tipo_veiculo;marca;ano_fabricacao_veiculo;tipo_envolvido;estado_fisico;idade;sexo;ilesos;feridos_leves;feridos_graves;mortos;latitude;longitude;regional;delegacia;uop
412461.0;923380.0;2022-02-02;quarta-feira;11:25:00;RN;101.0;81,8;NATAL;Sim;Condutor deixou de manter distância do veículo da frente;1;Colisão traseira;Com Vítimas Feridas;Pleno dia;Decrescente;Céu Claro;Dupla;Reta;Sim;745794.0;Automóvel;NISSAN/VERSA 16SL CVT;2016.0;Condutor;Ileso;36.0;Masculino;1.0;0.0;0.0;0.0;-5,76469466;-35,28295988;SPRF-RN;DEL02-RN;UOP01-DEL02-RN
412466.0;923485.0;2022-02-02;quarta-feira;12:25:00;RN;101.0;84;NATAL;Sim;Condutor deixou de manter distância do veículo da frente;1;Colisão traseira;Sem Vítimas;Pleno dia;Decrescente;Céu Claro;Dupla;Reta;Sim;747320.0;Automóvel;VW/NOVO GOL TL MCV;2018.0;Condutor;Ileso;37.0;Masculino;1.0;0.0;0.0;0.0;-5,774175;-35,2578;SPRF-RN;DEL02-RN;UOP01-DEL02-RN
412466.0;923484.0;2022-02-02;quarta-feira;12:25:00;RN;101.0;84;NATAL;Sim;Condutor deixou de manter distância do veículo da frente;1;Colisão traseira;Sem Vítimas;Pleno dia;Decrescente;Céu Claro;Dupla;Reta;Sim;745796.0;Automóvel;PEUGEOT/206 SOLEIL 16;2002.0;Condutor;Ileso;40.0;Masculino;1.0;0.0;0.0;0.0;-5,774175;-35,2578;SPRF-RN;DEL02-RN;UOP01-DEL02-RN
412655.0;922248.0;2022-02-03;quinta-feira;13:10:00;RN;226.0;7;NATAL;Sim;Demais falhas mecânicas ou elétricas;1;Incêndio;Sem Vítimas;Pleno dia;Decrescente;Céu Claro;Simples;Reta;Sim;746312.0;Caminhonete;GM/S10 DELUXE;1996.0;Condutor;Ileso;55.0;Masculino;1.0;0.0;0.0;0.0;-5,82773209;-35,28005834;SPRF-RN;DEL01-RN;UOP02-DEL01-RN
412682.0;924108.0;2022-02-03;quinta-feira;18:00:00;RN;101.0;95;NATAL;Sim;Condutor deixou de manter distância do veículo da frente;1;Colisão traseira;Com Vítimas Feridas;Plena Noite;Crescente;Céu Claro;Múltipla;Reta;Sim;746212.0;Utilitário;I/GM TRACKER 2.0;2008.0;Condutor;Lesões Leves;52.0;Masculino;0.0;1.0;0.0;0.0;-5,84076841;-35,21035949;SPRF-RN;DEL01-RN;UOP01-DEL01-RN
412682.0;924109.0;2022-02-03;quinta-feira;18:00:00;RN;101.0;95;NATAL;Sim;Condutor deixou de manter distância do veículo da frente;1;Colisão traseira;Com Vítimas Feridas;Plena Noite;Crescente;Céu Claro;Múltipla;Reta;Sim;746212.0;Utilitário;I/GM TRACKER 2.0;2008.0;Passageiro;Ileso;55.0;Feminino;1.0;0.0;0.0;0.0;-5,84076841;-35,21035949;SPRF-RN;DEL01-RN;UOP01-DEL01-RN
412682.0;924110.0;2022-02-03;quinta-feira;18:00:00;RN;101.0;95;NATAL;Sim;Condutor deixou de manter distância do veículo da frente;1;Colisão traseira;Com Vítimas Feridas;Plena Noite;Crescente;Céu Claro;Múltipla;Reta;Sim;746213.0;Automóvel;HONDA/FIT LX CVT;2015.0;Condutor;Ileso;38.0;Feminino;1.0;0.0;0.0;0.0;-5,84076841;-35,21035949;SPRF-RN;DEL01-RN;UOP01-DEL01-RN
413156.0;924948.0;2022-02-06;domingo;00:05:00;RN;101.0;77,6;NATAL;Não;Reação tardia ou ineficiente do condutor;1;Colisão traseira;Sem Vítimas;Plena Noite;Decrescente;Céu Claro;Dupla;Reta;Sim;747030.0;Caminhonete;I/TOYOTA HILUX CD4X4 SRV;2011.0;Condutor;Ileso;37.0;Masculino;1.0;0.0;0.0;0.0;-5,73180495;-35,29112135;SPRF-RN;DEL02-RN;UOP01-DEL02-RN
413156.0;924949.0;2022-02-06;domingo;00:05:00;RN;101.0;77,6;NATAL;Não;Reação tardia ou ineficiente do condutor;1;Colisão traseira;Sem Vítimas;Plena Noite;Decrescente;Céu Claro;Dupla;Reta;Sim;747031.0;Automóvel;I/KIA CERATO EX3 1.6MTNB;2011.0;Condutor;Ileso;19.0;Masculino;1.0;0.0;0.0;0.0;-5,73180495;-35,29112135;SPRF-RN;DEL02-RN;UOP01-DEL02-RN
413156.0;924948.0;2022-02-06;domingo;00:05:00;RN;101.0;77,6;NATAL;Sim;Ingestão de álcool pelo condutor;1;Colisão traseira;Sem Vítimas;Plena Noite;Decrescente;Céu Claro;Dupla;Reta;Sim;747030.0;Caminhonete;I/TOYOTA HILUX CD4X4 SRV;2011.0;Condutor;Ileso;37.0;Masculino;1.0;0.0;0.0;0.0;-5,73180495;-35,29112135;SPRF-RN;DEL02-RN;UOP01-DEL02-RN
413156.0;924949.0;2022-02-06;domingo;00:05:00;RN;101.0;77,6;NATAL;Sim;Ingestão de álcool pelo condutor;1;Colisão traseira;Sem Vítimas;Plena Noite;Decrescente;Céu Claro;Dupla;Reta;Sim;747031.0;Automóvel;I/KIA CERATO EX3 1.6MTNB;2011.0;Condutor;Ileso;19.0;Masculino;1.0;0.0;0.0;0.0;-5,73180495;-35,29112135;SPRF-RN;DEL02-RN;UOP01-DEL02-RN
413175.0;923102.0;2022-02-06;domingo;03:30:00;RN;101.0;96;NATAL;Sim;Velocidade Incompatível;2;Tombamento;Com Vítimas Fatais;Plena Noite;Crescente;Céu Claro;Múltipla;Reta;Sim;747074.0;Motocicleta;HONDA/CG 125 TITAN;1998.0;Condutor;Óbito;21.0;Masculino;0.0;0.0;0.0;1.0;-5,84949622;-35,20890752;SPRF-RN;DEL01-RN;UOP01-DEL01-RN
413175.0;923102.0;2022-02-06;domingo;03:30:00;RN;101.0;96;NATAL;Sim;Velocidade Incompatível;1;Colisão com objeto;Com Vítimas Fatais;Plena Noite;Crescente;Céu Claro;Múltipla;Reta;Sim;747074.0;Motocicleta;HONDA/CG 125 TITAN;1998.0;Condutor;Óbito;21.0;Masculino;0.0;0.0;0.0;1.0;-5,84949622;-35,20890752;SPRF-RN;DEL01-RN;UOP01-DEL01-RN
413430.0;923949.0;2022-02-07;segunda-feira;07:05:00;RN;101.0;97;NATAL;Sim;Condutor deixou de manter distância do veículo da frente;1;Colisão traseira;Sem Vítimas;Pleno dia;Decrescente;Céu Claro;Dupla;Reta;Sim;747730.0;Automóvel;TOYOTA/ETIOS HB X VSC MT;2020.0;Condutor;Ileso;34.0;Masculino;1.0;0.0;0.0;0.0;-5,84949622;-35,20890752;SPRF-RN;DEL01-RN;UOP01-DEL01-RN
413430.0;923950.0;2022-02-07;segunda-feira;07:05:00;RN;101.0;97;NATAL;Sim;Condutor deixou de manter distância do veículo da frente;1;Colisão traseira;Sem Vítimas;Pleno dia;Decrescente;Céu Claro;Dupla;Reta;Sim;747731.0;Automóvel;FORD/FIESTA FLEX;2008.0;Condutor;Ileso;;Feminino;1.0;0.0;0.0;0.0;-5,84949622;-35,20890752;SPRF-RN;DEL01-RN;UOP01-DEL01-RN
413872.0;924819.0;2022-02-09;quarta-feira;15:08:00;RN;101.0;94;NATAL;Sim;Manobra de mudança de faixa;1;Queda de ocupante de veículo;Com Vítimas Feridas;Pleno dia;Crescente;Céu Claro;Dupla;Curva;Sim;748456.0;Motocicleta;HONDA/CG 125 FAN ES;2013.0;Condutor;Lesões Leves;36.0;Masculino;0.0;1.0;0.0;0.0;-5,83176615;-35,21191342;SPRF-RN;DEL01-RN;UOP01-DEL01-RN
415104.0;927928.0;2022-02-15;terça-feira;08:39:00;RN;101.0;98;NATAL;Sim;Manobra de mudança de faixa;1;Colisão lateral mesmo sentido;Com Vítimas Feridas;Pleno dia;Decrescente;Sol;Dupla;Declive;Sim;750817.0;Automóvel;FIAT/SIENA FIRE FLEX;2007.0;Condutor;Ileso;24.0;Feminino;1.0;0.0;0.0;0.0;-5,86567888;-35,21651625;SPRF-RN;DEL01-RN;UOP01-DEL01-RN
415104.0;927931.0;2022-02-15;terça-feira;08:39:00;RN;101.0;98;NATAL;Sim;Manobra de mudança de faixa;1;Colisão lateral mesmo sentido;Com Vítimas Feridas;Pleno dia;Decrescente;Sol;Dupla;Declive;Sim;750819.0;Motocicleta;HONDA/CG 160 START;2020.0;Condutor;Lesões Leves;30.0;Masculino;0.0;1.0;0.0;0.0;-5,86567888;-35,21651625;SPRF-RN;DEL01-RN;UOP01-DEL01-RN
415134.0;928002.0;2022-02-15;terça-feira;16:17:00;RN;101.0;95;NATAL;Sim;Manobra de mudança de faixa;1;Colisão transversal;Sem Vítimas;Anoitecer;Crescente;Céu Claro;Dupla;Interseção de Vias;Sim;750871.0;Caminhonete;CHEVROLET/S10 LS DD4;2021.0;Condutor;Ileso;28.0;Masculino;1.0;0.0;0.0;0.0;-5,84076841;-35,21035949;SPRF-RN;DEL01-RN;UOP01-DEL01-RN
415134.0;928001.0;2022-02-15;terça-feira;16:17:00;RN;101.0;95;NATAL;Sim;Manobra de mudança de faixa;1;Colisão transversal;Sem Vítimas;Anoitecer;Crescente;Céu Claro;Dupla;Interseção de Vias;Sim;750870.0;Camioneta;I/DODGE JOURNEY SXT;2013.0;Condutor;Ileso;50.0;Masculino;1.0;0.0;0.0;0.0;-5,84076841;-35,21035949;SPRF-RN;DEL01-RN;UOP01-DEL01-RN
415422.0;930976.0;2022-02-17;quinta-feira;06:50:00;RN;101.0;96;NATAL;Sim;Condutor deixou de manter distância do veículo da frente;1;Colisão traseira;Sem Vítimas;Pleno dia;Decrescente;Céu Claro;Múltipla;Reta;Sim;753164.0;Automóvel;Não Informado/Não Informado;0.0;Condutor;Não Informado;;Não Informado;0.0;0.0;0.0;0.0;-5,84949622;-35,20890752;SPRF-RN;DEL01-RN;UOP01-DEL01-RN
415422.0;928649.0;2022-02-17;quinta-feira;06:50:00;RN;101.0;96;NATAL;Sim;Condutor deixou de manter distância do veículo da frente;1;Colisão traseira;Sem Vítimas;Pleno dia;Decrescente;Céu Claro;Múltipla;Reta;Sim;751287.0;Automóvel;CHEVROLET/ONIX 1.0MT LT;2016.0;Condutor;Ileso;48.0;Feminino;1.0;0.0;0.0;0.0;-5,84949622;-35,20890752;SPRF-RN;DEL01-RN;UOP01-DEL01-RN
415422.0;930974.0;2022-02-17;quinta-feira;06:50:00;RN;101.0;96;NATAL;Sim;Condutor deixou de manter distância do veículo da frente;1;Colisão traseira;Sem Vítimas;Pleno dia;Decrescente;Céu Claro;Múltipla;Reta;Sim;751285.0;Automóvel;RENAULT/SANDERO EXP 16HP;2013.0;Condutor;Ileso;44.0;Masculino;1.0;0.0;0.0;0.0;-5,84949622;-35,20890752;SPRF-RN;DEL01-RN;UOP01-DEL01-RN
415422.0;930975.0;2022-02-17;quinta-feira;06:50:00;RN;101.0;96;NATAL;Sim;Condutor deixou de manter distância do veículo da frente;1;Colisão traseira;Sem Vítimas;Pleno dia;Decrescente;Céu Claro;Múltipla;Reta;Sim;751294.0;Automóvel;I/CHEVROLET AGILE LT;2010.0;Condutor;Ileso;62.0;Masculino;1.0;0.0;0.0;0.0;-5,84949622;-35,20890752;SPRF-RN;DEL01-RN;UOP01-DEL01-RN
416585.0;931672.0;2022-02-23;quarta-feira;06:55:00;RN;226.0;0;NATAL;Sim;Manobra de mudança de faixa;1;Colisão lateral mesmo sentido;Sem Vítimas;Pleno dia;Decrescente;Céu Claro;Simples;Reta;Sim;753805.0;Automóvel;CHEVROLET/CLASSIC LS;2011.0;Condutor;Ileso;84.0;Masculino;1.0;0.0;0.0;0.0;-5,800019;-35,238174;SPRF-RN;DEL01-RN;UOP02-DEL01-RN
416585.0;931675.0;2022-02-23;quarta-feira;06:55:00;RN;226.0;0;NATAL;Sim;Manobra de mudança de faixa;1;Colisão lateral mesmo sentido;Sem Vítimas;Pleno dia;Decrescente;Céu Claro;Simples;Reta;Sim;753806.0;Caminhão;VW/17.260 CRM 4X2 4P;2019.0;Condutor;Ileso;38.0;Masculino;1.0;0.0;0.0;0.0;-5,800019;-35,238174;SPRF-RN;DEL01-RN;UOP02-DEL01-RN
416782.0;931874.0;2022-02-24;quinta-feira;07:30:00;RN;101.0;97;NATAL;Sim;Manobra de mudança de faixa;3;Queda de ocupante de veículo;Com Vítimas Feridas;Pleno dia;Crescente;Céu Claro;Simples;Reta;Sim;754027.0;Motocicleta;HONDA/XRE 300;2013.0;Condutor;Lesões Leves;67.0;Masculino;0.0;1.0;0.0;0.0;-5,860558;-35,214485;SPRF-RN;DEL01-RN;UOP01-DEL01-RN
416782.0;931876.0;2022-02-24;quinta-feira;07:30:00;RN;101.0;97;NATAL;Sim;Manobra de mudança de faixa;3;Queda de ocupante de veículo;Com Vítimas Feridas;Pleno dia;Crescente;Céu Claro;Simples;Reta;Sim;754037.0;Automóvel;HYUNDAI/HB20 1.0M COMFOR;2018.0;Condutor;Ileso;37.0;Feminino;1.0;0.0;0.0;0.0;-5,860558;-35,214485;SPRF-RN;DEL01-RN;UOP01-DEL01-RN
416782.0;931874.0;2022-02-24;quinta-feira;07:30:00;RN;101.0;97;NATAL;Sim;Manobra de mudança de faixa;2;Tombamento;Com Vítimas Feridas;Pleno dia;Crescente;Céu Claro;Simples;Reta;Sim;754027.0;Motocicleta;HONDA/XRE 300;2013.0;Condutor;Lesões Leves;67.0;Masculino;0.0;1.0;0.0;0.0;-5,860558;-35,214485;SPRF-RN;DEL01-RN;UOP01-DEL01-RN
416782.0;931876.0;2022-02-24;quinta-feira;07:30:00;RN;101.0;97;NATAL;Sim;Manobra de mudança de faixa;2;Tombamento;Com Vítimas Feridas;Pleno dia;Crescente;Céu Claro;Simples;Reta;Sim;754037.0;Automóvel;HYUNDAI/HB20 1.0M COMFOR;2018.0;Condutor;Ileso;37.0;Feminino;1.0;0.0;0.0;0.0;-5,860558;-35,214485;SPRF-RN;DEL01-RN;UOP01-DEL01-RN
416782.0;931874.0;2022-02-24;quinta-feira;07:30:00;RN;101.0;97;NATAL;Sim;Manobra de mudança de faixa;1;Colisão lateral mesmo sentido;Com Vítimas Feridas;Pleno dia;Crescente;Céu Claro;Simples;Reta;Sim;754027.0;Motocicleta;HONDA/XRE 300;2013.0;Condutor;Lesões Leves;67.0;Masculino;0.0;1.0;0.0;0.0;-5,860558;-35,214485;SPRF-RN;DEL01-RN;UOP01-DEL01-RN
416782.0;931876.0;2022-02-24;quinta-feira;07:30:00;RN;101.0;97;NATAL;Sim;Manobra de mudança de faixa;1;Colisão lateral mesmo sentido;Com Vítimas Feridas;Pleno dia;Crescente;Céu Claro;Simples;Reta;Sim;754037.0;Automóvel;HYUNDAI/HB20 1.0M COMFOR;2018.0;Condutor;Ileso;37.0;Feminino;1.0;0.0;0.0;0.0;-5,860558;-35,214485;SPRF-RN;DEL01-RN;UOP01-DEL01-RN
416793.0;931884.0;2022-02-24;quinta-feira;08:30:00;RN;101.0;94;NATAL;Não;Trafegar com motocicleta (ou similar) entre as faixas;1;Colisão lateral mesmo sentido;Com Vítimas Feridas;Pleno dia;Decrescente;Sol;Dupla;Reta;Sim;754050.0;Automóvel;HONDA/CIVIC EXS;2012.0;Condutor;Ileso;31.0;Masculino;1.0;0.0;0.0;0.0;-5,83176615;-35,21191342;SPRF-RN;DEL01-RN;UOP01-DEL01-RN
416793.0;931885.0;2022-02-24;quinta-feira;08:30:00;RN;101.0;94;NATAL;Não;Trafegar com motocicleta (ou similar) entre as faixas;1;Colisão lateral mesmo sentido;Com Vítimas Feridas;Pleno dia;Decrescente;Sol;Dupla;Reta;Sim;754051.0;Automóvel;VW/CROSSFOX GII;2011.0;Condutor;Lesões Leves;43.0;Feminino;0.0;1.0;0.0;0.0;-5,83176615;-35,21191342;SPRF-RN;DEL01-RN;UOP01-DEL01-RN
416793.0;931887.0;2022-02-24;quinta-feira;08:30:00;RN;101.0;94;NATAL;Não;Trafegar com motocicleta (ou similar) entre as faixas;1;Colisão lateral mesmo sentido;Com Vítimas Feridas;Pleno dia;Decrescente;Sol;Dupla;Reta;Sim;754052.0;Motocicleta;HONDA/CG 125 FAN ESD;2013.0;Condutor;Lesões Leves;39.0;Masculino;0.0;1.0;0.0;0.0;-5,83176615;-35,21191342;SPRF-RN;DEL01-RN;UOP01-DEL01-RN
416793.0;931884.0;2022-02-24;quinta-feira;08:30:00;RN;101.0;94;NATAL;Sim;Manobra de mudança de faixa;1;Colisão lateral mesmo sentido;Com Vítimas Feridas;Pleno dia;Decrescente;Sol;Dupla;Reta;Sim;754050.0;Automóvel;HONDA/CIVIC EXS;2012.0;Condutor;Ileso;31.0;Masculino;1.0;0.0;0.0;0.0;-5,83176615;-35,21191342;SPRF-RN;DEL01-RN;UOP01-DEL01-RN
416793.0;931885.0;2022-02-24;quinta-feira;08:30:00;RN;101.0;94;NATAL;Sim;Manobra de mudança de faixa;1;Colisão lateral mesmo sentido;Com Vítimas Feridas;Pleno dia;Decrescente;Sol;Dupla;Reta;Sim;754051.0;Automóvel;VW/CROSSFOX GII;2011.0;Condutor;Lesões Leves;43.0;Feminino;0.0;1.0;0.0;0.0;-5,83176615;-35,21191342;SPRF-RN;DEL01-RN;UOP01-DEL01-RN
416793.0;931887.0;2022-02-24;quinta-feira;08:30:00;RN;101.0;94;NATAL;Sim;Manobra de mudança de faixa;1;Colisão lateral mesmo sentido;Com Vítimas Feridas;Pleno dia;Decrescente;Sol;Dupla;Reta;Sim;754052.0;Motocicleta;HONDA/CG 125 FAN ESD;2013.0;Condutor;Lesões Leves;39.0;Masculino;0.0;1.0;0.0;0.0;-5,83176615;-35,21191342;SPRF-RN;DEL01-RN;UOP01-DEL01-RN
417096.0;935012.0;2022-02-25;sexta-feira;12:00:00;RN;101.0;96;NATAL;Sim;Manobra de mudança de faixa;2;Colisão com objeto;Com Vítimas Feridas;Pleno dia;Decrescente;Sol;Simples;Reta;Sim;754608.0;Automóvel;HONDA/FIT EX CVT;2016.0;Condutor;Ileso;34.0;Feminino;1.0;0.0;0.0;0.0;-5,84949622;-35,20890752;SPRF-RN;DEL01-RN;UOP01-DEL01-RN
417096.0;935009.0;2022-02-25;sexta-feira;12:00:00;RN;101.0;96;NATAL;Sim;Manobra de mudança de faixa;2;Colisão com objeto;Com Vítimas Feridas;Pleno dia;Decrescente;Sol;Simples;Reta;Sim;754607.0;Motocicleta;HONDA/CG 160 START;2020.0;Condutor;Lesões Leves;46.0;Masculino;0.0;1.0;0.0;0.0;-5,84949622;-35,20890752;SPRF-RN;DEL01-RN;UOP01-DEL01-RN
417096.0;935012.0;2022-02-25;sexta-feira;12:00:00;RN;101.0;96;NATAL;Sim;Manobra de mudança de faixa;1;Colisão lateral mesmo sentido;Com Vítimas Feridas;Pleno dia;Decrescente;Sol;Simples;Reta;Sim;754608.0;Automóvel;HONDA/FIT EX CVT;2016.0;Condutor;Ileso;34.0;Feminino;1.0;0.0;0.0;0.0;-5,84949622;-35,20890752;SPRF-RN;DEL01-RN;UOP01-DEL01-RN
417096.0;935009.0;2022-02-25;sexta-feira;12:00:00;RN;101.0;96;NATAL;Sim;Manobra de mudança de faixa;1;Colisão lateral mesmo sentido;Com Vítimas Feridas;Pleno dia;Decrescente;Sol;Simples;Reta;Sim;754607.0;Motocicleta;HONDA/CG 160 START;2020.0;Condutor;Lesões Leves;46.0;Masculino;0.0;1.0;0.0;0.0;-5,84949622;-35,20890752;SPRF-RN;DEL01-RN;UOP01-DEL01-RN
417355.0;932712.0;2022-02-26;sábado;11:10:00;RN;101.0;94,1;NATAL;Sim;Ingestão de álcool pelo condutor;3;Tombamento;Com Vítimas Feridas;Pleno dia;Decrescente;Sol;Múltipla;Reta;Sim;754944.0;Automóvel;FIAT/UNO MILLE FIRE;2003.0;Condutor;Ileso;35.0;Masculino;1.0;0.0;0.0;0.0;-5,83079513;-35,21150351;SPRF-RN;DEL01-RN;UOP01-DEL01-RN
417355.0;932714.0;2022-02-26;sábado;11:10:00;RN;101.0;94,1;NATAL;Sim;Ingestão de álcool pelo condutor;3;Tombamento;Com Vítimas Feridas;Pleno dia;Decrescente;Sol;Múltipla;Reta;Sim;754945.0;Motocicleta;HONDA/CG 125 FAN KS;2013.0;Condutor;Lesões Leves;29.0;Masculino;0.0;1.0;0.0;0.0;-5,83079513;-35,21150351;SPRF-RN;DEL01-RN;UOP01-DEL01-RN
417355.0;932712.0;2022-02-26;sábado;11:10:00;RN;101.0;94,1;NATAL;Sim;Ingestão de álcool pelo condutor;2;Colisão com objeto;Com Vítimas Feridas;Pleno dia;Decrescente;Sol;Múltipla;Reta;Sim;754944.0;Automóvel;FIAT/UNO MILLE FIRE;2003.0;Condutor;Ileso;35.0;Masculino;1.0;0.0;0.0;0.0;-5,83079513;-35,21150351;SPRF-RN;DEL01-RN;UOP01-DEL01-RN
417355.0;932714.0;2022-02-26;sábado;11:10:00;RN;101.0;94,1;NATAL;Sim;Ingestão de álcool pelo condutor;2;Colisão com objeto;Com Vítimas Feridas;Pleno dia;Decrescente;Sol;Múltipla;Reta;Sim;754945.0;Motocicleta;HONDA/CG 125 FAN KS;2013.0;Condutor;Lesões Leves;29.0;Masculino;0.0;1.0;0.0;0.0;-5,83079513;-35,21150351;SPRF-RN;DEL01-RN;UOP01-DEL01-RN
417355.0;932712.0;2022-02-26;sábado;11:10:00;RN;101.0;94,1;NATAL;Sim;Ingestão de álcool pelo condutor;1;Colisão lateral mesmo sentido;Com Vítimas Feridas;Pleno dia;Decrescente;Sol;Múltipla;Reta;Sim;754944.0;Automóvel;FIAT/UNO MILLE FIRE;2003.0;Condutor;Ileso;35.0;Masculino;1.0;0.0;0.0;0.0;-5,83079513;-35,21150351;SPRF-RN;DEL01-RN;UOP01-DEL01-RN
417355.0;932714.0;2022-02-26;sábado;11:10:00;RN;101.0;94,1;NATAL;Sim;Ingestão de álcool pelo condutor;1;Colisão lateral mesmo sentido;Com Vítimas Feridas;Pleno dia;Decrescente;Sol;Múltipla;Reta;Sim;754945.0;Motocicleta;HONDA/CG 125 FAN KS;2013.0;Condutor;Lesões Leves;29.0;Masculino;0.0;1.0;0.0;0.0;-5,83079513;-35,21150351;SPRF-RN;DEL01-RN;UOP01-DEL01-RN
417453.0;935825.0;2022-02-26;sábado;19:10:00;RN;101.0;81;NATAL;Sim;Conversão proibida;1;Colisão lateral mesmo sentido;Com Vítimas Feridas;Plena Noite;Decrescente;Céu Claro;Dupla;Interseção de Vias;Sim;755277.0;Automóvel;I/CHEVROLET CLASSIC LS;2014.0;Condutor;Ileso;33.0;Masculino;1.0;0.0;0.0;0.0;-5,76469466;-35,28295988;SPRF-RN;DEL02-RN;UOP01-DEL02-RN
417453.0;935826.0;2022-02-26;sábado;19:10:00;RN;101.0;81;NATAL;Sim;Conversão proibida;1;Colisão lateral mesmo sentido;Com Vítimas Feridas;Plena Noite;Decrescente;Céu Claro;Dupla;Interseção de Vias;Sim;755278.0;Motocicleta;YAMAHA/YS150 FAZER SED;2013.0;Condutor;Lesões Leves;24.0;Masculino;0.0;1.0;0.0;0.0;-5,76469466;-35,28295988;SPRF-RN;DEL02-RN;UOP01-DEL02-RN
417852.0;935823.0;2022-02-28;segunda-feira;15:20:00;RN;101.0;96,5;NATAL;Sim;Condutor deixou de manter distância do veículo da frente;1;Colisão traseira;Sem Vítimas;Pleno dia;Crescente;Sol;Múltipla;Reta;Sim;755893.0;Automóvel;CHEVROLET/COBALT 1.4 LT;2014.0;Condutor;Ileso;;Masculino;1.0;0.0;0.0;0.0;-5,84949622;-35,20890752;SPRF-RN;DEL01-RN;UOP01-DEL01-RN
417852.0;935821.0;2022-02-28;segunda-feira;15:20:00;RN;101.0;96,5;NATAL;Sim;Condutor deixou de manter distância do veículo da frente;1;Colisão traseira;Sem Vítimas;Pleno dia;Crescente;Sol;Múltipla;Reta;Sim;755892.0;Automóvel;CITROEN/C4CACTUS FEEL BU;2020.0;Condutor;Ileso;32.0;Feminino;1.0;0.0;0.0;0.0;-5,84949622;-35,20890752;SPRF-RN;DEL01-RN;UOP01-DEL01-RN
417970.0;934252.0;2022-03-01;terça-feira;09:26:00;RN;226.0;4;NATAL;Sim;Manobra de mudança de faixa;1;Colisão transversal;Com Vítimas Feridas;Pleno dia;Crescente;Sol;Simples;Reta;Sim;756117.0;Automóvel;Não Informado/Não Informado;0.0;Condutor;Não Informado;;Não Informado;0.0;0.0;0.0;0.0;-5,8191;-35,26306;SPRF-RN;DEL01-RN;UOP02-DEL01-RN
417970.0;934251.0;2022-03-01;terça-feira;09:26:00;RN;226.0;4;NATAL;Sim;Manobra de mudança de faixa;1;Colisão transversal;Com Vítimas Feridas;Pleno dia;Crescente;Sol;Simples;Reta;Sim;756116.0;Motocicleta;Não Informado/Não Informado;0.0;Condutor;Lesões Graves;32.0;Masculino;0.0;0.0;1.0;0.0;-5,8191;-35,26306;SPRF-RN;DEL01-RN;UOP02-DEL01-RN
418132.0;936715.0;2022-03-02;quarta-feira;09:30:00;RN;101.0;79,7;NATAL;Sim;Desrespeitar a preferência no cruzamento;1;Colisão transversal;Com Vítimas Feridas;Pleno dia;Crescente;Céu Claro;Dupla;Interseção de Vias;Sim;756393.0;Motocicleta;HONDA/CBX 250 TWISTER;2001.0;Condutor;Lesões Leves;35.0;Masculino;0.0;1.0;0.0;0.0;-5,74962896;-35,28918369;SPRF-RN;DEL02-RN;UOP01-DEL02-RN
418132.0;936721.0;2022-03-02;quarta-feira;09:30:00;RN;101.0;79,7;NATAL;Sim;Desrespeitar a preferência no cruzamento;1;Colisão transversal;Com Vítimas Feridas;Pleno dia;Crescente;Céu Claro;Dupla;Interseção de Vias;Sim;758074.0;Motoneta;Não Informado/Não Informado;0.0;Condutor;Lesões Leves;30.0;Masculino;0.0;1.0;0.0;0.0;-5,74962896;-35,28918369;SPRF-RN;DEL02-RN;UOP01-DEL02-RN
418710.0;941345.0;2022-03-05;sábado;06:40:00;RN;101.0;77,8;NATAL;Sim;Manobra de mudança de faixa;1;Colisão traseira;Com Vítimas Feridas;Pleno dia;Crescente;Céu Claro;Dupla;Reta;Sim;757499.0;Motocicleta;YAMAHA/FACTOR YBR125 K;2010.0;Condutor;Lesões Leves;58.0;Masculino;0.0;1.0;0.0;0.0;-5,73180495;-35,29112135;SPRF-RN;DEL02-RN;UOP01-DEL02-RN
418710.0;941348.0;2022-03-05;sábado;06:40:00;RN;101.0;77,8;NATAL;Sim;Manobra de mudança de faixa;1;Colisão traseira;Com Vítimas Feridas;Pleno dia;Crescente;Céu Claro;Dupla;Reta;Sim;757499.0;Motocicleta;YAMAHA/FACTOR YBR125 K;2010.0;Passageiro;Lesões Graves;34.0;Feminino;0.0;0.0;1.0;0.0;-5,73180495;-35,29112135;SPRF-RN;DEL02-RN;UOP01-DEL02-RN
418710.0;941349.0;2022-03-05;sábado;06:40:00;RN;101.0;77,8;NATAL;Sim;Manobra de mudança de faixa;1;Colisão traseira;Com Vítimas Feridas;Pleno dia;Crescente;Céu Claro;Dupla;Reta;Sim;757500.0;Automóvel;FIAT/UNO WAY 1.0;2013.0;Condutor;Ileso;36.0;Masculino;1.0;0.0;0.0;0.0;-5,73180495;-35,29112135;SPRF-RN;DEL02-RN;UOP01-DEL02-RN
419127.0;936947.0;2022-03-07;segunda-feira;06:40:00;RN;101.0;96,8;NATAL;Sim;Condutor deixou de manter distância do veículo da frente;1;Colisão traseira;Com Vítimas Feridas;Pleno dia;Decrescente;Céu Claro;Dupla;Reta;Sim;758283.0;Automóvel;FIAT/ARGO DRIVE 1.0;2021.0;Condutor;Ileso;45.0;Masculino;1.0;0.0;0.0;0.0;-5,84949622;-35,20890752;SPRF-RN;DEL01-RN;UOP01-DEL01-RN