id;pesid;data_inversa;dia_semana;horario;uf;br;km;municipio;causa_principal;causa_acidente;ordem_tipo_acidente;tipo_acidente;classificacao_acidente;fase_dia;sentido_via;condicao_metereologica;tipo_pista;tracado_via;uso_solo;id_veiculo;tipo_veiculo;marca;ano_fabricacao_veiculo;tipo_envolvido;estado_fisico;idade;sexo;ilesos;feridos_leves;feridos_graves;mortos;latitude;longitude;regional;delegacia;uop
419127.0;936950.0;2022-03-07;segunda-feira;06:40:00;RN;101.0;96,8;NATAL;Sim;Condutor deixou de manter distância do veículo da frente;1;Colisão traseira;Com Vítimas Feridas;Pleno dia;Decrescente;Céu Claro;Dupla;Reta;Sim;758284.0;Motocicleta;HONDA/CG150 FAN ESDI;2014.0;Condutor;Lesões Leves;24.0;Masculino;0.0;1.0;0.0;0.0;-5,84949622;-35,20890752;SPRF-RN;DEL01-RN;UOP01-DEL01-RN
419288.0;937604.0;2022-03-08;terça-feira;07:30:00;RN;101.0;83,5;NATAL;Não;Pedestre cruzava a pista fora da faixa;1;Atropelamento de Pedestre;Com Vítimas Feridas;Pleno dia;Decrescente;Céu Claro;Dupla;"Viaduto;Aclive";Sim;758592.0;Motor-casa;PEUGEOT/BOXER ATHOSMC.CH;2011.0;Condutor;Ileso;53.0;Masculino;1.0;0.0;0.0;0.0;-5,7710445;-35,26616981;SPRF-RN;DEL02-RN;UOP01-DEL02-RN
419288.0;937608.0;2022-03-08;terça-feira;07:30:00;RN;101.0;83,5;NATAL;Não;Pedestre cruzava a pista fora da faixa;1;Atropelamento de Pedestre;Com Vítimas Feridas;Pleno dia;Decrescente;Céu Claro;Dupla;"Viaduto;Aclive";Sim;;;NA/NA;;Pedestre;Lesões Leves;63.0;Masculino;0.0;1.0;0.0;0.0;-5,7710445;-35,26616981;SPRF-RN;DEL02-RN;UOP01-DEL02-RN
419288.0;937604.0;2022-03-08;terça-feira;07:30:00;RN;101.0;83,5;NATAL;Sim;Entrada inopinada do pedestre;1;Atropelamento de Pedestre;Com Vítimas Feridas;Pleno dia;Decrescente;Céu Claro;Dupla;"Viaduto;Aclive";Sim;758592.0;Motor-casa;PEUGEOT/BOXER ATHOSMC.CH;2011.0;Condutor;Ileso;53.0;Masculino;1.0;0.0;0.0;0.0;-5,7710445;-35,26616981;SPRF-RN;DEL02-RN;UOP01-DEL02-RN
419288.0;937608.0;2022-03-08;terça-feira;07:30:00;RN;101.0;83,5;NATAL;Sim;Entrada inopinada do pedestre;1;Atropelamento de Pedestre;Com Vítimas Feridas;Pleno dia;Decrescente;Céu Claro;Dupla;"Viaduto;Aclive";Sim;;;NA/NA;;Pedestre;Lesões Leves;63.0;Masculino;0.0;1.0;0.0;0.0;-5,7710445;-35,26616981;SPRF-RN;DEL02-RN;UOP01-DEL02-RN
419709.0;940535.0;2022-03-10;quinta-feira;13:50:00;RN;101.0;95;NATAL;Sim;Demais falhas mecânicas ou elétricas;1;Colisão traseira;Com Vítimas Feridas;Pleno dia;Crescente;Céu Claro;Dupla;Reta;Sim;759555.0;Automóvel;GM/CORSA SUPER;1999.0;Condutor;Ileso;57.0;Masculino;1.0;0.0;0.0;0.0;-5,84076841;-35,21035949;SPRF-RN;DEL01-RN;UOP01-DEL01-RN
419709.0;940536.0;2022-03-10;quinta-feira;13:50:00;RN;101.0;95;NATAL;Sim;Demais falhas mecânicas ou elétricas;1;Colisão traseira;Com Vítimas Feridas;Pleno dia;Crescente;Céu Claro;Dupla;Reta;Sim;759556.0;Motocicleta;HONDA/CG150 FAN ESDI;2015.0;Condutor;Lesões Leves;27.0;Masculino;0.0;1.0;0.0;0.0;-5,84076841;-35,21035949;SPRF-RN;DEL01-RN;UOP01-DEL01-RN
419713.0;938596.0;2022-03-10;quinta-feira;14:30:00;RN;101.0;99,9;NATAL;Sim;Reação tardia ou ineficiente do condutor;2;Tombamento;Com Vítimas Feridas;Pleno dia;Crescente;Sol;Múltipla;Reta;Sim;759513.0;Camioneta;JEEP/RENEGADE LNGTD AT;2021.0;Condutor;Ileso;35.0;Masculino;1.0;0.0;0.0;0.0;-5,87886573;-35,22482872;SPRF-RN;DEL01-RN;UOP01-DEL01-RN
419713.0;938595.0;2022-03-10;quinta-feira;14:30:00;RN;101.0;99,9;NATAL;Sim;Reação tardia ou ineficiente do condutor;2;Tombamento;Com Vítimas Feridas;Pleno dia;Crescente;Sol;Múltipla;Reta;Sim;759512.0;Motocicleta;HONDA/CG 160 TITAN;2020.0;Condutor;Lesões Leves;44.0;Masculino;0.0;1.0;0.0;0.0;-5,87886573;-35,22482872;SPRF-RN;DEL01-RN;UOP01-DEL01-RN
419713.0;938596.0;2022-03-10;quinta-feira;14:30:00;RN;101.0;99,9;NATAL;Sim;Reação tardia ou ineficiente do condutor;1;Colisão lateral mesmo sentido;Com Vítimas Feridas;Pleno dia;Crescente;Sol;Múltipla;Reta;Sim;759513.0;Camioneta;JEEP/RENEGADE LNGTD AT;2021.0;Condutor;Ileso;35.0;Masculino;1.0;0.0;0.0;0.0;-5,87886573;-35,22482872;SPRF-RN;DEL01-RN;UOP01-DEL01-RN
419713.0;938595.0;2022-03-10;quinta-feira;14:30:00;RN;101.0;99,9;NATAL;Sim;Reação tardia ou ineficiente do condutor;1;Colisão lateral mesmo sentido;Com Vítimas Feridas;Pleno dia;Crescente;Sol;Múltipla;Reta;Sim;759512.0;Motocicleta;HONDA/CG 160 TITAN;2020.0;Condutor;Lesões Leves;44.0;Masculino;0.0;1.0;0.0;0.0;-5,87886573;-35,22482872;SPRF-RN;DEL01-RN;UOP01-DEL01-RN
420725.0;942606.0;2022-03-15;terça-feira;08:00:00;RN;101.0;98;NATAL;Sim;Reação tardia ou ineficiente do condutor;1;Colisão lateral mesmo sentido;Com Vítimas Feridas;Pleno dia;Crescente;Sol;Dupla;Declive;Sim;761694.0;Motocicleta;HONDA/CG 125 FAN;2007.0;Condutor;Lesões Leves;36.0;Masculino;0.0;1.0;0.0;0.0;-5,86567888;-35,21651625;SPRF-RN;DEL01-RN;UOP01-DEL01-RN
420725.0;942607.0;2022-03-15;terça-feira;08:00:00;RN;101.0;98;NATAL;Sim;Reação tardia ou ineficiente do condutor;1;Colisão lateral mesmo sentido;Com Vítimas Feridas;Pleno dia;Crescente;Sol;Dupla;Declive;Sim;761695.0;Automóvel;FIAT/PALIO ELX FLEX;2008.0;Condutor;Ileso;42.0;Masculino;1.0;0.0;0.0;0.0;-5,86567888;-35,21651625;SPRF-RN;DEL01-RN;UOP01-DEL01-RN
420761.0;943360.0;2022-03-15;terça-feira;11:53:00;RN;101.0;97;NATAL;Sim;Ausência de reação do condutor;2;Colisão transversal;Com Vítimas Feridas;Pleno dia;Decrescente;Chuva;Simples;Interseção de Vias;Sim;761429.0;Automóvel;RENAULT/SANDERO EXPR 16;2015.0;Condutor;Ileso;75.0;Masculino;1.0;0.0;0.0;0.0;-5,85613303;-35,21205068;SPRF-RN;DEL01-RN;UOP01-DEL01-RN
420761.0;943361.0;2022-03-15;terça-feira;11:53:00;RN;101.0;97;NATAL;Sim;Ausência de reação do condutor;2;Colisão transversal;Com Vítimas Feridas;Pleno dia;Decrescente;Chuva;Simples;Interseção de Vias;Sim;761430.0;Automóvel;RENAULT/KWID ZEN 10MT;2021.0;Condutor;Lesões Leves;42.0;Masculino;0.0;1.0;0.0;0.0;-5,85613303;-35,21205068;SPRF-RN;DEL01-RN;UOP01-DEL01-RN
420761.0;943358.0;2022-03-15;terça-feira;11:53:00;RN;101.0;97;NATAL;Sim;Ausência de reação do condutor;2;Colisão transversal;Com Vítimas Feridas;Pleno dia;Decrescente;Chuva;Simples;Interseção de Vias;Sim;761428.0;Automóvel;FIAT/UNO MILLE FIRE;2001.0;Condutor;Ileso;76.0;Masculino;1.0;0.0;0.0;0.0;-5,85613303;-35,21205068;SPRF-RN;DEL01-RN;UOP01-DEL01-RN
420761.0;943360.0;2022-03-15;terça-feira;11:53:00;RN;101.0;97;NATAL;Sim;Ausência de reação do condutor;1;Colisão lateral mesmo sentido;Com Vítimas Feridas;Pleno dia;Decrescente;Chuva;Simples;Interseção de Vias;Sim;761429.0;Automóvel;RENAULT/SANDERO EXPR 16;2015.0;Condutor;Ileso;75.0;Masculino;1.0;0.0;0.0;0.0;-5,85613303;-35,21205068;SPRF-RN;DEL01-RN;UOP01-DEL01-RN
420761.0;943361.0;2022-03-15;terça-feira;11:53:00;RN;101.0;97;NATAL;Sim;Ausência de reação do condutor;1;Colisão lateral mesmo sentido;Com Vítimas Feridas;Pleno dia;Decrescente;Chuva;Simples;Interseção de Vias;Sim;761430.0;Automóvel;RENAULT/KWID ZEN 10MT;2021.0;Condutor;Lesões Leves;42.0;Masculino;0.0;1.0;0.0;0.0;-5,85613303;-35,21205068;SPRF-RN;DEL01-RN;UOP01-DEL01-RN
420761.0;943358.0;2022-03-15;terça-feira;11:53:00;RN;101.0;97;NATAL;Sim;Ausência de reação do condutor;1;Colisão lateral mesmo sentido;Com Vítimas Feridas;Pleno dia;Decrescente;Chuva;Simples;Interseção de Vias;Sim;761428.0;Automóvel;FIAT/UNO MILLE FIRE;2001.0;Condutor;Ileso;76.0;Masculino;1.0;0.0;0.0;0.0;-5,85613303;-35,21205068;SPRF-RN;DEL01-RN;UOP01-DEL01-RN
421077.0;944117.0;2022-03-17;quinta-feira;08:55:00;RN;101.0;97;NATAL;Sim;Ausência de reação do condutor;1;Colisão traseira;Sem Vítimas;Pleno dia;Decrescente;Sol;Múltipla;Reta;Sim;762068.0;Automóvel;RENAULT/SANDERO AUT1016V;2014.0;Condutor;Ileso;38.0;Feminino;1.0;0.0;0.0;0.0;-5,85758898;-35,21271205;SPRF-RN;DEL01-RN;UOP01-DEL01-RN
421077.0;944121.0;2022-03-17;quinta-feira;08:55:00;RN;101.0;97;NATAL;Sim;Ausência de reação do condutor;1;Colisão traseira;Sem Vítimas;Pleno dia;Decrescente;Sol;Múltipla;Reta;Sim;762069.0;Automóvel;VW/NOVO GOL TL MCV;2018.0;Condutor;Ileso;29.0;Masculino;1.0;0.0;0.0;0.0;-5,85758898;-35,21271205;SPRF-RN;DEL01-RN;UOP01-DEL01-RN
421077.0;944122.0;2022-03-17;quinta-feira;08:55:00;RN;101.0;97;NATAL;Sim;Ausência de reação do condutor;1;Colisão traseira;Sem Vítimas;Pleno dia;Decrescente;Sol;Múltipla;Reta;Sim;762070.0;Automóvel;VW/NOVO VOYAGE 1.6;2013.0;Condutor;Ileso;26.0;Masculino;1.0;0.0;0.0;0.0;-5,85758898;-35,21271205;SPRF-RN;DEL01-RN;UOP01-DEL01-RN
421077.0;944123.0;2022-03-17;quinta-feira;08:55:00;RN;101.0;97;NATAL;Sim;Ausência de reação do condutor;1;Colisão traseira;Sem Vítimas;Pleno dia;Decrescente;Sol;Múltipla;Reta;Sim;762071.0;Automóvel;TOYOTA/ETIOS HB XLS15 AT;2016.0;Condutor;Ileso;45.0;Feminino;1.0;0.0;0.0;0.0;-5,85758898;-35,21271205;SPRF-RN;DEL01-RN;UOP01-DEL01-RN
421133.0;941860.0;2022-03-17;quinta-feira;17:01:00;RN;226.0;2,1;NATAL;Sim;Reação tardia ou ineficiente do condutor;1;Tombamento;Com Vítimas Feridas;Anoitecer;Crescente;Céu Claro;Simples;Reta;Sim;762255.0;Automóvel;CHEVROLET/CLASSIC LS;2010.0;Condutor;Ileso;31.0;Masculino;1.0;0.0;0.0;0.0;-5,81737543;-35,24609512;SPRF-RN;DEL01-RN;UOP02-DEL01-RN
421133.0;941863.0;2022-03-17;quinta-feira;17:01:00;RN;226.0;2,1;NATAL;Sim;Reação tardia ou ineficiente do condutor;1;Tombamento;Com Vítimas Feridas;Anoitecer;Crescente;Céu Claro;Simples;Reta;Sim;762258.0;Motocicleta;HONDA/CG 125 FAN KS;2012.0;Condutor;Lesões Leves;30.0;Masculino;0.0;1.0;0.0;0.0;-5,81737543;-35,24609512;SPRF-RN;DEL01-RN;UOP02-DEL01-RN
421147.0;941929.0;2022-03-17;quinta-feira;18:20:00;RN;101.0;81,5;NATAL;Sim;Área urbana sem a presença de local apropriado para a travessia de pedestres;1;Atropelamento de Pedestre;Com Vítimas Feridas;Plena Noite;Decrescente;Céu Claro;Dupla;Reta;Sim;762231.0;Motocicleta;HONDA/NXR150 BROS ES;2008.0;Condutor;Ileso;26.0;Masculino;1.0;0.0;0.0;0.0;-5,76469466;-35,28295988;SPRF-RN;DEL02-RN;UOP01-DEL02-RN
421147.0;941930.0;2022-03-17;quinta-feira;18:20:00;RN;101.0;81,5;NATAL;Sim;Área urbana sem a presença de local apropriado para a travessia de pedestres;1;Atropelamento de Pedestre;Com Vítimas Feridas;Plena Noite;Decrescente;Céu Claro;Dupla;Reta;Sim;;;NA/NA;;Pedestre;Lesões Leves;18.0;Feminino;0.0;1.0;0.0;0.0;-5,76469466;-35,28295988;SPRF-RN;DEL02-RN;UOP01-DEL02-RN
421567.0;942668.0;2022-03-19;sábado;18:30:00;RN;101.0;85,2;NATAL;Sim;Reação tardia ou ineficiente do condutor;1;Colisão com objeto;Sem Vítimas;Plena Noite;Decrescente;Nublado;Dupla;"Curva;Aclive";Sim;762980.0;Automóvel;VW/GOL 1.6;2008.0;Condutor;Ileso;41.0;Masculino;1.0;0.0;0.0;0.0;-5,777664;-35,24937;SPRF-RN;DEL02-RN;UOP01-DEL02-RN
421567.0;942669.0;2022-03-19;sábado;18:30:00;RN;101.0;85,2;NATAL;Sim;Reação tardia ou ineficiente do condutor;1;Colisão com objeto;Sem Vítimas;Plena Noite;Decrescente;Nublado;Dupla;"Curva;Aclive";Sim;762981.0;Automóvel;Não Informado/Não Informado;0.0;Condutor;Não Informado;;Não Informado;0.0;0.0;0.0;0.0;-5,777664;-35,24937;SPRF-RN;DEL02-RN;UOP01-DEL02-RN
421623.0;942807.0;2022-03-19;sábado;22:30:00;RN;101.0;85,9;NATAL;Sim;Manobra de mudança de faixa;1;Colisão lateral mesmo sentido;Com Vítimas Feridas;Plena Noite;Decrescente;Céu Claro;Dupla;"Reta;Ponte";Sim;763089.0;Motocicleta;YAMAHA/XTZ250 TENERE;2012.0;Condutor;Lesões Graves;43.0;Masculino;0.0;0.0;1.0;0.0;-5,777664;-35,24937;SPRF-RN;DEL02-RN;UOP01-DEL02-RN
421623.0;942809.0;2022-03-19;sábado;22:30:00;RN;101.0;85,9;NATAL;Sim;Manobra de mudança de faixa;1;Colisão lateral mesmo sentido;Com Vítimas Feridas;Plena Noite;Decrescente;Céu Claro;Dupla;"Reta;Ponte";Sim;763089.0;Motocicleta;YAMAHA/XTZ250 TENERE;2012.0;Passageiro;Lesões Graves;;Feminino;0.0;0.0;1.0;0.0;-5,777664;-35,24937;SPRF-RN;DEL02-RN;UOP01-DEL02-RN
421623.0;942805.0;2022-03-19;sábado;22:30:00;RN;101.0;85,9;NATAL;Sim;Manobra de mudança de faixa;1;Colisão lateral mesmo sentido;Com Vítimas Feridas;Plena Noite;Decrescente;Céu Claro;Dupla;"Reta;Ponte";Sim;763088.0;Automóvel;VW/VOYAGE TL MB;2016.0;Condutor;Ileso;27.0;Masculino;1.0;0.0;0.0;0.0;-5,777664;-35,24937;SPRF-RN;DEL02-RN;UOP01-DEL02-RN
421623.0;942808.0;2022-03-19;sábado;22:30:00;RN;101.0;85,9;NATAL;Sim;Manobra de mudança de faixa;1;Colisão lateral mesmo sentido;Com Vítimas Feridas;Plena Noite;Decrescente;Céu Claro;Dupla;"Reta;Ponte";Sim;763090.0;Motoneta;HONDA/BIZ 110I;2022.0;Condutor;Lesões Graves;43.0;Feminino;0.0;0.0;1.0;0.0;-5,777664;-35,24937;SPRF-RN;DEL02-RN;UOP01-DEL02-RN
422457.0;946488.0;2022-03-24;quinta-feira;14:00:00;RN;101.0;99;NATAL;Sim;Manobra de mudança de faixa;1;Colisão lateral mesmo sentido;Sem Vítimas;Pleno dia;Crescente;Sol;Múltipla;Reta;Sim;764915.0;Caminhonete;MMC/L200 TRITON SPO GLSA;2020.0;Condutor;Ileso;46.0;Masculino;1.0;0.0;0.0;0.0;-5,87359183;-35,22063023;SPRF-RN;DEL01-RN;UOP01-DEL01-RN
422457.0;946485.0;2022-03-24;quinta-feira;14:00:00;RN;101.0;99;NATAL;Sim;Manobra de mudança de faixa;1;Colisão lateral mesmo sentido;Sem Vítimas;Pleno dia;Crescente;Sol;Múltipla;Reta;Sim;764913.0;Automóvel;CHEV/ONIX JOY BLACK;2020.0;Condutor;Ileso;46.0;Masculino;1.0;0.0;0.0;0.0;-5,87359183;-35,22063023;SPRF-RN;DEL01-RN;UOP01-DEL01-RN
422457.0;946486.0;2022-03-24;quinta-feira;14:00:00;RN;101.0;99;NATAL;Sim;Manobra de mudança de faixa;1;Colisão lateral mesmo sentido;Sem Vítimas;Pleno dia;Crescente;Sol;Múltipla;Reta;Sim;764914.0;Caminhonete;CHEVROLET/S10 ADV FD2;2019.0;Condutor;Ileso;57.0;Masculino;1.0;0.0;0.0;0.0;-5,87359183;-35,22063023;SPRF-RN;DEL01-RN;UOP01-DEL01-RN
422833.0;945566.0;2022-03-26;sábado;11:50:00;RN;101.0;98,5;NATAL;Sim;Manobra de mudança de faixa;1;Tombamento;Com Vítimas Feridas;Pleno dia;Crescente;Nublado;Múltipla;Reta;Sim;765449.0;Motocicleta;YAMAHA/XTZ150 CROSSER ED;2017.0;Condutor;Lesões Leves;31.0;Masculino;0.0;1.0;0.0;0.0;-5,86690183;-35,21746874;SPRF-RN;DEL01-RN;UOP01-DEL01-RN
422833.0;945564.0;2022-03-26;sábado;11:50:00;RN;101.0;98,5;NATAL;Sim;Manobra de mudança de faixa;1;Tombamento;Com Vítimas Feridas;Pleno dia;Crescente;Nublado;Múltipla;Reta;Sim;765448.0;Automóvel;GM/PRISMA JOY;2007.0;Condutor;Ileso;34.0;Feminino;1.0;0.0;0.0;0.0;-5,86690183;-35,21746874;SPRF-RN;DEL01-RN;UOP01-DEL01-RN
422890.0;945633.0;2022-03-26;sábado;18:45:00;RN;101.0;73,8;NATAL;Sim;Ausência de reação do condutor;1;Atropelamento de Pedestre;Com Vítimas Feridas;Plena Noite;Crescente;Céu Claro;Simples;Reta;Não;765486.0;Motocicleta;Não Informado/Não Informado;0.0;Condutor;Não Informado;;Não Informado;0.0;0.0;0.0;0.0;-5,70687202;-35,26688397;SPRF-RN;DEL02-RN;UOP01-DEL02-RN
422890.0;945632.0;2022-03-26;sábado;18:45:00;RN;101.0;73,8;NATAL;Sim;Ausência de reação do condutor;1;Atropelamento de Pedestre;Com Vítimas Feridas;Plena Noite;Crescente;Céu Claro;Simples;Reta;Não;;;NA/NA;;Pedestre;Lesões Graves;58.0;Masculino;0.0;0.0;1.0;0.0;-5,70687202;-35,26688397;SPRF-RN;DEL02-RN;UOP01-DEL02-RN
423102.0;946239.0;2022-03-27;domingo;20:00:00;RN;101.0;82,8;NATAL;Sim;Acessar a via sem observar a presença dos outros veículos;3;Queda de ocupante de veículo;Com Vítimas Feridas;Plena Noite;Decrescente;Céu Claro;Dupla;Reta;Sim;765941.0;Bicicleta;Não Informado/Não Informado;0.0;Condutor;Não Informado;;Não Informado;0.0;0.0;0.0;0.0;-5,76791511;-35,27456305;SPRF-RN;DEL02-RN;UOP01-DEL02-RN
423102.0;946240.0;2022-03-27;domingo;20:00:00;RN;101.0;82,8;NATAL;Sim;Acessar a via sem observar a presença dos outros veículos;3;Queda de ocupante de veículo;Com Vítimas Feridas;Plena Noite;Decrescente;Céu Claro;Dupla;Reta;Sim;765942.0;Motocicleta;HONDA/CG150 FAN ESDI;2014.0;Condutor;Lesões Leves;34.0;Masculino;0.0;1.0;0.0;0.0;-5,76791511;-35,27456305;SPRF-RN;DEL02-RN;UOP01-DEL02-RN
423102.0;946239.0;2022-03-27;domingo;20:00:00;RN;101.0;82,8;NATAL;Sim;Acessar a via sem observar a presença dos outros veículos;2;Tombamento;Com Vítimas Feridas;Plena Noite;Decrescente;Céu Claro;Dupla;Reta;Sim;765941.0;Bicicleta;Não Informado/Não Informado;0.0;Condutor;Não Informado;;Não Informado;0.0;0.0;0.0;0.0;-5,76791511;-35,27456305;SPRF-RN;DEL02-RN;UOP01-DEL02-RN
423102.0;946240.0;2022-03-27;domingo;20:00:00;RN;101.0;82,8;NATAL;Sim;Acessar a via sem observar a presença dos outros veículos;2;Tombamento;Com Vítimas Feridas;Plena Noite;Decrescente;Céu Claro;Dupla;Reta;Sim;765942.0;Motocicleta;HONDA/CG150 FAN ESDI;2014.0;Condutor;Lesões Leves;34.0;Masculino;0.0;1.0;0.0;0.0;-5,76791511;-35,27456305;SPRF-RN;DEL02-RN;UOP01-DEL02-RN
423102.0;946239.0;2022-03-27;domingo;20:00:00;RN;101.0;82,8;NATAL;Sim;Acessar a via sem observar a presença dos outros veículos;1;Colisão transversal;Com Vítimas Feridas;Plena Noite;Decrescente;Céu Claro;Dupla;Reta;Sim;765941.0;Bicicleta;Não Informado/Não Informado;0.0;Condutor;Não Informado;;Não Informado;0.0;0.0;0.0;0.0;-5,76791511;-35,27456305;SPRF-RN;DEL02-RN;UOP01-DEL02-RN
423102.0;946240.0;2022-03-27;domingo;20:00:00;RN;101.0;82,8;NATAL;Sim;Acessar a via sem observar a presença dos outros veículos;1;Colisão transversal;Com Vítimas Feridas;Plena Noite;Decrescente;Céu Claro;Dupla;Reta;Sim;765942.0;Motocicleta;HONDA/CG150 FAN ESDI;2014.0;Condutor;Lesões Leves;34.0;Masculino;0.0;1.0;0.0;0.0;-5,76791511;-35,27456305;SPRF-RN;DEL02-RN;UOP01-DEL02-RN
423328.0;946695.0;2022-03-28;segunda-feira;20:53:00;RN;101.0;94;NATAL;Sim;Conversão proibida;1;Colisão transversal;Com Vítimas Feridas;Plena Noite;Decrescente;Céu Claro;Dupla;Reta;Sim;766332.0;Motocicleta;HONDA/CG 125 FAN KS;2013.0;Condutor;Lesões Leves;51.0;Masculino;0.0;1.0;0.0;0.0;-5,83176615;-35,21191342;SPRF-RN;DEL01-RN;UOP01-DEL01-RN
423328.0;946697.0;2022-03-28;segunda-feira;20:53:00;RN;101.0;94;NATAL;Sim;Conversão proibida;1;Colisão transversal;Com Vítimas Feridas;Plena Noite;Decrescente;Céu Claro;Dupla;Reta;Sim;766333.0;Automóvel;VW/GOL 1.0L MC4;2019.0;Condutor;Ileso;28.0;Masculino;1.0;0.0;0.0;0.0;-5,83176615;-35,21191342;SPRF-RN;DEL01-RN;UOP01-DEL01-RN
424324.0;949251.0;2022-04-03;domingo;08:30:00;RN;226.0;5;NATAL;Sim;Condutor Dormindo;1;Colisão traseira;Sem Vítimas;Pleno dia;Decrescente;Chuva;Simples;Declive;Não;768403.0;Automóvel;HONDA/FIT LXL;2006.0;Condutor;Ileso;36.0;Feminino;1.0;0.0;0.0;0.0;-5,82090114;-35,26828435;SPRF-RN;DEL01-RN;UOP02-DEL01-RN
424324.0;949253.0;2022-04-03;domingo;08:30:00;RN;226.0;5;NATAL;Sim;Condutor Dormindo;1;Colisão traseira;Sem Vítimas;Pleno dia;Decrescente;Chuva;Simples;Declive;Não;768404.0;Automóvel;VW/NOVO GOL 1.0;2012.0;Condutor;Ileso;33.0;Masculino;1.0;0.0;0.0;0.0;-5,82090114;-35,26828435;SPRF-RN;DEL01-RN;UOP02-DEL01-RN
426147.0;951406.0;2022-04-08;sexta-feira;00:32:00;RN;101.0;96;NATAL;Sim;Transitar na contramão;1;Colisão lateral sentido oposto;Com Vítimas Feridas;Plena Noite;Crescente;Céu Claro;Múltipla;Reta;Sim;770006.0;Automóvel;I/FIAT SIENA EL 1.0 FLEX;2012.0;Condutor;Lesões Leves;21.0;Masculino;0.0;1.0;0.0;0.0;-5,84949622;-35,20890752;SPRF-RN;DEL01-RN;UOP01-DEL01-RN
426147.0;951407.0;2022-04-08;sexta-feira;00:32:00;RN;101.0;96;NATAL;Sim;Transitar na contramão;1;Colisão lateral sentido oposto;Com Vítimas Feridas;Plena Noite;Crescente;Céu Claro;Múltipla;Reta;Sim;770007.0;Motocicleta;HONDA/CB250F TWISTER ABS;2019.0;Condutor;Lesões Graves;32.0;Masculino;0.0;0.0;1.0;0.0;-5,84949622;-35,20890752;SPRF-RN;DEL01-RN;UOP01-DEL01-RN
442844.0;952662.0;2022-04-09;sábado;12:00:00;RN;101.0;83;NATAL;Sim;Condutor Dormindo;1;Colisão lateral mesmo sentido;Com Vítimas Feridas;Pleno dia;Decrescente;Céu Claro;Dupla;Reta;Sim;770862.0;Automóvel;FIAT/SIENA ESSENCE 1.6;2011.0;Condutor;Ileso;52.0;Masculino;1.0;0.0;0.0;0.0;-5,7710445;-35,26616981;SPRF-RN;DEL02-RN;UOP01-DEL02-RN
442844.0;952663.0;2022-04-09;sábado;12:00:00;RN;101.0;83;NATAL;Sim;Condutor Dormindo;1;Colisão lateral mesmo sentido;Com Vítimas Feridas;Pleno dia;Decrescente;Céu Claro;Dupla;Reta;Sim;770866.0;Automóvel;VW/GOL 1.0 GIV;2010.0;Condutor;Lesões Leves;28.0;Masculino;0.0;1.0;0.0;0.0;-5,7710445;-35,26616981;SPRF-RN;DEL02-RN;UOP01-DEL02-RN
443378.0;954344.0;2022-04-13;quarta-feira;09:00:00;RN;101.0;94;NATAL;Sim;Acesso irregular;1;Colisão lateral mesmo sentido;Sem Vítimas;Pleno dia;Decrescente;Céu Claro;Dupla;Curva;Sim;772242.0;Caminhão;VW/5.150 DRC 4X2;2012.0;Condutor;Ileso;31.0;Masculino;1.0;0.0;0.0;0.0;-5,83176615;-35,21191342;SPRF-RN;DEL01-RN;UOP01-DEL01-RN
443378.0;956701.0;2022-04-13;quarta-feira;09:00:00;RN;101.0;94;NATAL;Sim;Acesso irregular;1;Colisão lateral mesmo sentido;Sem Vítimas;Pleno dia;Decrescente;Céu Claro;Dupla;Curva;Sim;772243.0;Caminhonete;I/VW AMAROK CD 4X4 SE;0.0;Condutor;Ileso;;Masculino;1.0;0.0;0.0;0.0;-5,83176615;-35,21191342;SPRF-RN;DEL01-RN;UOP01-DEL01-RN
443494.0;954305.0;2022-04-13;quarta-feira;17:10:00;RN;226.0;4;NATAL;Não;Ausência de reação do condutor;3;Queda de ocupante de veículo;Com Vítimas Feridas;Pleno dia;Crescente;Céu Claro;Simples;Reta;Sim;772198.0;Automóvel;FIAT/UNO ELECTRONIC;1994.0;Condutor;Ileso;48.0;Masculino;1.0;0.0;0.0;0.0;-5,819125;-35,262043;SPRF-RN;DEL01-RN;UOP02-DEL01-RN
443494.0;954333.0;2022-04-13;quarta-feira;17:10:00;RN;226.0;4;NATAL;Não;Ausência de reação do condutor;3;Queda de ocupante de veículo;Com Vítimas Feridas;Pleno dia;Crescente;Céu Claro;Simples;Reta;Sim;772199.0;Motocicleta;HONDA/CG 150 TITAN KS;2006.0;Condutor;Lesões Leves;43.0;Masculino;0.0;1.0;0.0;0.0;-5,819125;-35,262043;SPRF-RN;DEL01-RN;UOP02-DEL01-RN
443494.0;954305.0;2022-04-13;quarta-feira;17:10:00;RN;226.0;4;NATAL;Sim;Ingestão de álcool pelo condutor;3;Queda de ocupante de veículo;Com Vítimas Feridas;Pleno dia;Crescente;Céu Claro;Simples;Reta;Sim;772198.0;Automóvel;FIAT/UNO ELECTRONIC;1994.0;Condutor;Ileso;48.0;Masculino;1.0;0.0;0.0;0.0;-5,819125;-35,262043;SPRF-RN;DEL01-RN;UOP02-DEL01-RN
443494.0;954333.0;2022-04-13;quarta-feira;17:10:00;RN;226.0;4;NATAL;Sim;Ingestão de álcool pelo condutor;3;Queda de ocupante de veículo;Com Vítimas Feridas;Pleno dia;Crescente;Céu Claro;Simples;Reta;Sim;772199.0;Motocicleta;HONDA/CG 150 TITAN KS;2006.0;Condutor;Lesões Leves;43.0;Masculino;0.0;1.0;0.0;0.0;-5,819125;-35,262043;SPRF-RN;DEL01-RN;UOP02-DEL01-RN