id;pesid;data_inversa;dia_semana;horario;uf;br;km;municipio;causa_principal;causa_acidente;ordem_tipo_acidente;tipo_acidente;classificacao_acidente;fase_dia;sentido_via;condicao_metereologica;tipo_pista;tracado_via;uso_solo;id_veiculo;tipo_veiculo;marca;ano_fabricacao_veiculo;tipo_envolvido;estado_fisico;idade;sexo;ilesos;feridos_leves;feridos_graves;mortos;latitude;longitude;regional;delegacia;uop
443494.0;954305.0;2022-04-13;quarta-feira;17:10:00;RN;226.0;4;NATAL;Não;Ausência de reação do condutor;2;Tombamento;Com Vítimas Feridas;Pleno dia;Crescente;Céu Claro;Simples;Reta;Sim;772198.0;Automóvel;FIAT/UNO ELECTRONIC;1994.0;Condutor;Ileso;48.0;Masculino;1.0;0.0;0.0;0.0;-5,819125;-35,262043;SPRF-RN;DEL01-RN;UOP02-DEL01-RN
443494.0;954333.0;2022-04-13;quarta-feira;17:10:00;RN;226.0;4;NATAL;Não;Ausência de reação do condutor;2;Tombamento;Com Vítimas Feridas;Pleno dia;Crescente;Céu Claro;Simples;Reta;Sim;772199.0;Motocicleta;HONDA/CG 150 TITAN KS;2006.0;Condutor;Lesões Leves;43.0;Masculino;0.0;1.0;0.0;0.0;-5,819125;-35,262043;SPRF-RN;DEL01-RN;UOP02-DEL01-RN
443494.0;954305.0;2022-04-13;quarta-feira;17:10:00;RN;226.0;4;NATAL;Sim;Ingestão de álcool pelo condutor;2;Tombamento;Com Vítimas Feridas;Pleno dia;Crescente;Céu Claro;Simples;Reta;Sim;772198.0;Automóvel;FIAT/UNO ELECTRONIC;1994.0;Condutor;Ileso;48.0;Masculino;1.0;0.0;0.0;0.0;-5,819125;-35,262043;SPRF-RN;DEL01-RN;UOP02-DEL01-RN
443494.0;954333.0;2022-04-13;quarta-feira;17:10:00;RN;226.0;4;NATAL;Sim;Ingestão de álcool pelo condutor;2;Tombamento;Com Vítimas Feridas;Pleno dia;Crescente;Céu Claro;Simples;Reta;Sim;772199.0;Motocicleta;HONDA/CG 150 TITAN KS;2006.0;Condutor;Lesões Leves;43.0;Masculino;0.0;1.0;0.0;0.0;-5,819125;-35,262043;SPRF-RN;DEL01-RN;UOP02-DEL01-RN
443494.0;954305.0;2022-04-13;quarta-feira;17:10:00;RN;226.0;4;NATAL;Não;Ausência de reação do condutor;1;Colisão traseira;Com Vítimas Feridas;Pleno dia;Crescente;Céu Claro;Simples;Reta;Sim;772198.0;Automóvel;FIAT/UNO ELECTRONIC;1994.0;Condutor;Ileso;48.0;Masculino;1.0;0.0;0.0;0.0;-5,819125;-35,262043;SPRF-RN;DEL01-RN;UOP02-DEL01-RN
443494.0;954333.0;2022-04-13;quarta-feira;17:10:00;RN;226.0;4;NATAL;Não;Ausência de reação do condutor;1;Colisão traseira;Com Vítimas Feridas;Pleno dia;Crescente;Céu Claro;Simples;Reta;Sim;772199.0;Motocicleta;HONDA/CG 150 TITAN KS;2006.0;Condutor;Lesões Leves;43.0;Masculino;0.0;1.0;0.0;0.0;-5,819125;-35,262043;SPRF-RN;DEL01-RN;UOP02-DEL01-RN
443494.0;954305.0;2022-04-13;quarta-feira;17:10:00;RN;226.0;4;NATAL;Sim;Ingestão de álcool pelo condutor;1;Colisão traseira;Com Vítimas Feridas;Pleno dia;Crescente;Céu Claro;Simples;Reta;Sim;772198.0;Automóvel;FIAT/UNO ELECTRONIC;1994.0;Condutor;Ileso;48.0;Masculino;1.0;0.0;0.0;0.0;-5,819125;-35,262043;SPRF-RN;DEL01-RN;UOP02-DEL01-RN
443494.0;954333.0;2022-04-13;quarta-feira;17:10:00;RN;226.0;4;NATAL;Sim;Ingestão de álcool pelo condutor;1;Colisão traseira;Com Vítimas Feridas;Pleno dia;Crescente;Céu Claro;Simples;Reta;Sim;772199.0;Motocicleta;HONDA/CG 150 TITAN KS;2006.0;Condutor;Lesões Leves;43.0;Masculino;0.0;1.0;0.0;0.0;-5,819125;-35,262043;SPRF-RN;DEL01-RN;UOP02-DEL01-RN
444410.0;956621.0;2022-04-17;domingo;19:45:00;RN;101.0;81;NATAL;Sim;Acessar a via sem observar a presença dos outros veículos;1;Colisão transversal;Sem Vítimas;Plena Noite;Crescente;Céu Claro;Dupla;Rotatória;Sim;773843.0;Automóvel;CHEVROLET/COBALT 1.4 LTZ;2013.0;Condutor;Ileso;29.0;Masculino;1.0;0.0;0.0;0.0;-5,76469466;-35,28295988;SPRF-RN;DEL02-RN;UOP01-DEL02-RN
444410.0;957751.0;2022-04-17;domingo;19:45:00;RN;101.0;81;NATAL;Sim;Acessar a via sem observar a presença dos outros veículos;1;Colisão transversal;Sem Vítimas;Plena Noite;Crescente;Céu Claro;Dupla;Rotatória;Sim;773849.0;Outros;Não Informado/Não Informado;0.0;Condutor;Ileso;27.0;Feminino;1.0;0.0;0.0;0.0;-5,76469466;-35,28295988;SPRF-RN;DEL02-RN;UOP01-DEL02-RN
444410.0;957760.0;2022-04-17;domingo;19:45:00;RN;101.0;81;NATAL;Sim;Acessar a via sem observar a presença dos outros veículos;1;Colisão transversal;Sem Vítimas;Plena Noite;Crescente;Céu Claro;Dupla;Rotatória;Sim;;;NA/NA;;Testemunha;Não Informado;;Não Informado;0.0;0.0;0.0;0.0;-5,76469466;-35,28295988;SPRF-RN;DEL02-RN;UOP01-DEL02-RN
444495.0;956852.0;2022-01-26;quarta-feira;07:40:00;RN;101.0;96,9;NATAL;Sim;Reação tardia ou ineficiente do condutor;1;Engavetamento;Sem Vítimas;Pleno dia;Decrescente;Sol;Dupla;Reta;Sim;773997.0;Automóvel;VW/GOL 1.0L MC4;2020.0;Condutor;Ileso;;Masculino;1.0;0.0;0.0;0.0;-5,84949622;-35,20890752;SPRF-RN;DEL01-RN;UOP01-DEL01-RN
444495.0;956853.0;2022-01-26;quarta-feira;07:40:00;RN;101.0;96,9;NATAL;Sim;Reação tardia ou ineficiente do condutor;1;Engavetamento;Sem Vítimas;Pleno dia;Decrescente;Sol;Dupla;Reta;Sim;773998.0;Automóvel;GM/PRISMA JOY;2007.0;Condutor;Ileso;;Masculino;1.0;0.0;0.0;0.0;-5,84949622;-35,20890752;SPRF-RN;DEL01-RN;UOP01-DEL01-RN
444495.0;956854.0;2022-01-26;quarta-feira;07:40:00;RN;101.0;96,9;NATAL;Sim;Reação tardia ou ineficiente do condutor;1;Engavetamento;Sem Vítimas;Pleno dia;Decrescente;Sol;Dupla;Reta;Sim;773999.0;Automóvel;I/NISSAN SENTRA 20SV CVT;2016.0;Condutor;Ileso;;Feminino;1.0;0.0;0.0;0.0;-5,84949622;-35,20890752;SPRF-RN;DEL01-RN;UOP01-DEL01-RN
444698.0;957620.0;2022-04-19;terça-feira;08:15:00;RN;101.0;95,6;NATAL;Sim;Condutor deixou de manter distância do veículo da frente;2;Tombamento;Com Vítimas Feridas;Pleno dia;Decrescente;Sol;Múltipla;Reta;Sim;774595.0;Motocicleta;HONDA/CB250F TWISTER ABS;2021.0;Condutor;Lesões Leves;34.0;Masculino;0.0;1.0;0.0;0.0;-5,84076841;-35,21035949;SPRF-RN;DEL01-RN;UOP01-DEL01-RN
444698.0;957622.0;2022-04-19;terça-feira;08:15:00;RN;101.0;95,6;NATAL;Sim;Condutor deixou de manter distância do veículo da frente;2;Tombamento;Com Vítimas Feridas;Pleno dia;Decrescente;Sol;Múltipla;Reta;Sim;774596.0;Caminhonete;FIAT/STRADA WORKING;2015.0;Condutor;Ileso;39.0;Masculino;1.0;0.0;0.0;0.0;-5,84076841;-35,21035949;SPRF-RN;DEL01-RN;UOP01-DEL01-RN
444698.0;957619.0;2022-04-19;terça-feira;08:15:00;RN;101.0;95,6;NATAL;Sim;Condutor deixou de manter distância do veículo da frente;2;Tombamento;Com Vítimas Feridas;Pleno dia;Decrescente;Sol;Múltipla;Reta;Sim;774594.0;Motocicleta;HONDA/CG 150 FAN ESI;2011.0;Condutor;Lesões Leves;48.0;Masculino;0.0;1.0;0.0;0.0;-5,84076841;-35,21035949;SPRF-RN;DEL01-RN;UOP01-DEL01-RN
444698.0;957620.0;2022-04-19;terça-feira;08:15:00;RN;101.0;95,6;NATAL;Sim;Condutor deixou de manter distância do veículo da frente;1;Engavetamento;Com Vítimas Feridas;Pleno dia;Decrescente;Sol;Múltipla;Reta;Sim;774595.0;Motocicleta;HONDA/CB250F TWISTER ABS;2021.0;Condutor;Lesões Leves;34.0;Masculino;0.0;1.0;0.0;0.0;-5,84076841;-35,21035949;SPRF-RN;DEL01-RN;UOP01-DEL01-RN
444698.0;957622.0;2022-04-19;terça-feira;08:15:00;RN;101.0;95,6;NATAL;Sim;Condutor deixou de manter distância do veículo da frente;1;Engavetamento;Com Vítimas Feridas;Pleno dia;Decrescente;Sol;Múltipla;Reta;Sim;774596.0;Caminhonete;FIAT/STRADA WORKING;2015.0;Condutor;Ileso;39.0;Masculino;1.0;0.0;0.0;0.0;-5,84076841;-35,21035949;SPRF-RN;DEL01-RN;UOP01-DEL01-RN
444698.0;957619.0;2022-04-19;terça-feira;08:15:00;RN;101.0;95,6;NATAL;Sim;Condutor deixou de manter distância do veículo da frente;1;Engavetamento;Com Vítimas Feridas;Pleno dia;Decrescente;Sol;Múltipla;Reta;Sim;774594.0;Motocicleta;HONDA/CG 150 FAN ESI;2011.0;Condutor;Lesões Leves;48.0;Masculino;0.0;1.0;0.0;0.0;-5,84076841;-35,21035949;SPRF-RN;DEL01-RN;UOP01-DEL01-RN
444914.0;958148.0;2022-04-20;quarta-feira;09:20:00;RN;101.0;94;NATAL;Sim;Condutor deixou de manter distância do veículo da frente;1;Colisão traseira;Com Vítimas Feridas;Pleno dia;Decrescente;Sol;Dupla;Reta;Sim;774998.0;Motocicleta;YAMAHA/FACTOR YBR125 ED;2010.0;Condutor;Lesões Leves;33.0;Feminino;0.0;1.0;0.0;0.0;-5,83176615;-35,21191342;SPRF-RN;DEL01-RN;UOP01-DEL01-RN
444914.0;958151.0;2022-04-20;quarta-feira;09:20:00;RN;101.0;94;NATAL;Sim;Condutor deixou de manter distância do veículo da frente;1;Colisão traseira;Com Vítimas Feridas;Pleno dia;Decrescente;Sol;Dupla;Reta;Sim;774999.0;Automóvel;TOYOTA/COROLLA XEI20FLEX;2016.0;Condutor;Ileso;49.0;Feminino;1.0;0.0;0.0;0.0;-5,83176615;-35,21191342;SPRF-RN;DEL01-RN;UOP01-DEL01-RN
445324.0;959458.0;2022-04-22;sexta-feira;12:52:00;RN;101.0;98;NATAL;Sim;Condutor usando celular;2;Capotamento;Com Vítimas Feridas;Pleno dia;Crescente;Céu Claro;Múltipla;Reta;Sim;775967.0;Automóvel;FIAT/SIENA ESSENCE 1.6;2016.0;Condutor;Ileso;59.0;Masculino;1.0;0.0;0.0;0.0;-5,86567888;-35,21651625;SPRF-RN;DEL01-RN;UOP01-DEL01-RN
445324.0;961303.0;2022-04-22;sexta-feira;12:52:00;RN;101.0;98;NATAL;Sim;Condutor usando celular;2;Capotamento;Com Vítimas Feridas;Pleno dia;Crescente;Céu Claro;Múltipla;Reta;Sim;775965.0;Automóvel;HONDA/FIT LX CVT;2019.0;Condutor;Lesões Leves;70.0;Masculino;0.0;1.0;0.0;0.0;-5,86567888;-35,21651625;SPRF-RN;DEL01-RN;UOP01-DEL01-RN
445324.0;959458.0;2022-04-22;sexta-feira;12:52:00;RN;101.0;98;NATAL;Sim;Condutor usando celular;1;Colisão transversal;Com Vítimas Feridas;Pleno dia;Crescente;Céu Claro;Múltipla;Reta;Sim;775967.0;Automóvel;FIAT/SIENA ESSENCE 1.6;2016.0;Condutor;Ileso;59.0;Masculino;1.0;0.0;0.0;0.0;-5,86567888;-35,21651625;SPRF-RN;DEL01-RN;UOP01-DEL01-RN
445324.0;961303.0;2022-04-22;sexta-feira;12:52:00;RN;101.0;98;NATAL;Sim;Condutor usando celular;1;Colisão transversal;Com Vítimas Feridas;Pleno dia;Crescente;Céu Claro;Múltipla;Reta;Sim;775965.0;Automóvel;HONDA/FIT LX CVT;2019.0;Condutor;Lesões Leves;70.0;Masculino;0.0;1.0;0.0;0.0;-5,86567888;-35,21651625;SPRF-RN;DEL01-RN;UOP01-DEL01-RN
445728.0;960055.0;2022-04-24;domingo;11:00:00;RN;101.0;96;NATAL;Sim;Demais falhas mecânicas ou elétricas;1;Colisão traseira;Com Vítimas Feridas;Pleno dia;Decrescente;Céu Claro;Dupla;Reta;Sim;776439.0;Automóvel;VW/GOL 1.8;2000.0;Condutor;Lesões Leves;25.0;Masculino;0.0;1.0;0.0;0.0;-5,84949622;-35,20890752;SPRF-RN;DEL01-RN;UOP01-DEL01-RN
445728.0;960057.0;2022-04-24;domingo;11:00:00;RN;101.0;96;NATAL;Sim;Demais falhas mecânicas ou elétricas;1;Colisão traseira;Com Vítimas Feridas;Pleno dia;Decrescente;Céu Claro;Dupla;Reta;Sim;776439.0;Automóvel;VW/GOL 1.8;2000.0;Passageiro;Ileso;22.0;Feminino;1.0;0.0;0.0;0.0;-5,84949622;-35,20890752;SPRF-RN;DEL01-RN;UOP01-DEL01-RN
445728.0;960058.0;2022-04-24;domingo;11:00:00;RN;101.0;96;NATAL;Sim;Demais falhas mecânicas ou elétricas;1;Colisão traseira;Com Vítimas Feridas;Pleno dia;Decrescente;Céu Claro;Dupla;Reta;Sim;776440.0;Camioneta;JEEP/RENEGADE 1.8 AUTOM.;2021.0;Condutor;Ileso;69.0;Masculino;1.0;0.0;0.0;0.0;-5,84949622;-35,20890752;SPRF-RN;DEL01-RN;UOP01-DEL01-RN
445896.0;960497.0;2022-04-24;domingo;22:40:00;RN;101.0;81;NATAL;Sim;Velocidade Incompatível;2;Colisão com objeto;Com Vítimas Feridas;Plena Noite;Crescente;Céu Claro;Dupla;Rotatória;Sim;776729.0;Automóvel;TOYOTA/ETIOS SD X;2014.0;Condutor;Lesões Leves;42.0;Masculino;0.0;1.0;0.0;0.0;-5,76469466;-35,28295988;SPRF-RN;DEL02-RN;UOP01-DEL02-RN
445896.0;960497.0;2022-04-24;domingo;22:40:00;RN;101.0;81;NATAL;Sim;Velocidade Incompatível;1;Saída de leito carroçável;Com Vítimas Feridas;Plena Noite;Crescente;Céu Claro;Dupla;Rotatória;Sim;776729.0;Automóvel;TOYOTA/ETIOS SD X;2014.0;Condutor;Lesões Leves;42.0;Masculino;0.0;1.0;0.0;0.0;-5,76469466;-35,28295988;SPRF-RN;DEL02-RN;UOP01-DEL02-RN
446183.0;961153.0;2022-04-26;terça-feira;13:45:00;RN;101.0;94;NATAL;Sim;Acessar a via sem observar a presença dos outros veículos;1;Atropelamento de Pedestre;Com Vítimas Feridas;Pleno dia;Decrescente;Céu Claro;Simples;Reta;Sim;777263.0;Automóvel;CHEVROLET/ONIX 10MT JOYE;2018.0;Condutor;Ileso;52.0;Masculino;1.0;0.0;0.0;0.0;-5,83176615;-35,21191342;SPRF-RN;DEL01-RN;UOP01-DEL01-RN
446183.0;961154.0;2022-04-26;terça-feira;13:45:00;RN;101.0;94;NATAL;Sim;Acessar a via sem observar a presença dos outros veículos;1;Atropelamento de Pedestre;Com Vítimas Feridas;Pleno dia;Decrescente;Céu Claro;Simples;Reta;Sim;;;NA/NA;;Pedestre;Lesões Leves;44.0;Feminino;0.0;1.0;0.0;0.0;-5,83176615;-35,21191342;SPRF-RN;DEL01-RN;UOP01-DEL01-RN
446290.0;961452.0;2022-04-27;quarta-feira;07:00:00;RN;101.0;95;NATAL;Sim;Acesso irregular;1;Colisão traseira;Com Vítimas Feridas;Pleno dia;Decrescente;Nublado;Múltipla;Interseção de Vias;Sim;777522.0;Bicicleta;Não Informado/Não Informado;0.0;Condutor;Lesões Leves;45.0;Masculino;0.0;1.0;0.0;0.0;-5,84147017;-35,20996928;SPRF-RN;DEL01-RN;UOP01-DEL01-RN
446290.0;961451.0;2022-04-27;quarta-feira;07:00:00;RN;101.0;95;NATAL;Sim;Acesso irregular;1;Colisão traseira;Com Vítimas Feridas;Pleno dia;Decrescente;Nublado;Múltipla;Interseção de Vias;Sim;777521.0;Motocicleta;YAMAHA/NMAX;2016.0;Condutor;Lesões Graves;37.0;Masculino;0.0;0.0;1.0;0.0;-5,84147017;-35,20996928;SPRF-RN;DEL01-RN;UOP01-DEL01-RN
446510.0;962020.0;2022-04-28;quinta-feira;15:20:00;RN;101.0;94;NATAL;Não;Chuva;2;Queda de ocupante de veículo;Com Vítimas Feridas;Pleno dia;Decrescente;Chuva;Múltipla;Reta;Sim;778004.0;Motocicleta;HONDA/CG 125I CARGO;2018.0;Condutor;Lesões Leves;27.0;Masculino;0.0;1.0;0.0;0.0;-5,831095;-35,211762;SPRF-RN;DEL01-RN;UOP01-DEL01-RN
446510.0;962020.0;2022-04-28;quinta-feira;15:20:00;RN;101.0;94;NATAL;Sim;Reação tardia ou ineficiente do condutor;2;Queda de ocupante de veículo;Com Vítimas Feridas;Pleno dia;Decrescente;Chuva;Múltipla;Reta;Sim;778004.0;Motocicleta;HONDA/CG 125I CARGO;2018.0;Condutor;Lesões Leves;27.0;Masculino;0.0;1.0;0.0;0.0;-5,831095;-35,211762;SPRF-RN;DEL01-RN;UOP01-DEL01-RN
446510.0;962020.0;2022-04-28;quinta-feira;15:20:00;RN;101.0;94;NATAL;Não;Chuva;1;Tombamento;Com Vítimas Feridas;Pleno dia;Decrescente;Chuva;Múltipla;Reta;Sim;778004.0;Motocicleta;HONDA/CG 125I CARGO;2018.0;Condutor;Lesões Leves;27.0;Masculino;0.0;1.0;0.0;0.0;-5,831095;-35,211762;SPRF-RN;DEL01-RN;UOP01-DEL01-RN
446510.0;962020.0;2022-04-28;quinta-feira;15:20:00;RN;101.0;94;NATAL;Sim;Reação tardia ou ineficiente do condutor;1;Tombamento;Com Vítimas Feridas;Pleno dia;Decrescente;Chuva;Múltipla;Reta;Sim;778004.0;Motocicleta;HONDA/CG 125I CARGO;2018.0;Condutor;Lesões Leves;27.0;Masculino;0.0;1.0;0.0;0.0;-5,831095;-35,211762;SPRF-RN;DEL01-RN;UOP01-DEL01-RN
446545.0;961997.0;2022-04-28;quinta-feira;18:00:00;RN;101.0;98,7;NATAL;Não;Chuva;2;Queda de ocupante de veículo;Com Vítimas Feridas;Anoitecer;Crescente;Chuva;Múltipla;Declive;Sim;777989.0;Motocicleta;JTA/SUZUKI INTRUDER 125;2011.0;Condutor;Lesões Leves;50.0;Masculino;0.0;1.0;0.0;0.0;-5,870507;-35,218982;SPRF-RN;DEL01-RN;UOP01-DEL01-RN
446545.0;962065.0;2022-04-28;quinta-feira;18:00:00;RN;101.0;98,7;NATAL;Não;Chuva;2;Queda de ocupante de veículo;Com Vítimas Feridas;Anoitecer;Crescente;Chuva;Múltipla;Declive;Sim;777987.0;Automóvel;Não Informado/Não Informado;0.0;Condutor;Não Informado;;Não Informado;0.0;0.0;0.0;0.0;-5,870507;-35,218982;SPRF-RN;DEL01-RN;UOP01-DEL01-RN
446545.0;961997.0;2022-04-28;quinta-feira;18:00:00;RN;101.0;98,7;NATAL;Sim;Condutor deixou de manter distância do veículo da frente;2;Queda de ocupante de veículo;Com Vítimas Feridas;Anoitecer;Crescente;Chuva;Múltipla;Declive;Sim;777989.0;Motocicleta;JTA/SUZUKI INTRUDER 125;2011.0;Condutor;Lesões Leves;50.0;Masculino;0.0;1.0;0.0;0.0;-5,870507;-35,218982;SPRF-RN;DEL01-RN;UOP01-DEL01-RN
446545.0;962065.0;2022-04-28;quinta-feira;18:00:00;RN;101.0;98,7;NATAL;Sim;Condutor deixou de manter distância do veículo da frente;2;Queda de ocupante de veículo;Com Vítimas Feridas;Anoitecer;Crescente;Chuva;Múltipla;Declive;Sim;777987.0;Automóvel;Não Informado/Não Informado;0.0;Condutor;Não Informado;;Não Informado;0.0;0.0;0.0;0.0;-5,870507;-35,218982;SPRF-RN;DEL01-RN;UOP01-DEL01-RN
446545.0;961997.0;2022-04-28;quinta-feira;18:00:00;RN;101.0;98,7;NATAL;Não;Chuva;1;Colisão traseira;Com Vítimas Feridas;Anoitecer;Crescente;Chuva;Múltipla;Declive;Sim;777989.0;Motocicleta;JTA/SUZUKI INTRUDER 125;2011.0;Condutor;Lesões Leves;50.0;Masculino;0.0;1.0;0.0;0.0;-5,870507;-35,218982;SPRF-RN;DEL01-RN;UOP01-DEL01-RN
446545.0;962065.0;2022-04-28;quinta-feira;18:00:00;RN;101.0;98,7;NATAL;Não;Chuva;1;Colisão traseira;Com Vítimas Feridas;Anoitecer;Crescente;Chuva;Múltipla;Declive;Sim;777987.0;Automóvel;Não Informado/Não Informado;0.0;Condutor;Não Informado;;Não Informado;0.0;0.0;0.0;0.0;-5,870507;-35,218982;SPRF-RN;DEL01-RN;UOP01-DEL01-RN
446545.0;961997.0;2022-04-28;quinta-feira;18:00:00;RN;101.0;98,7;NATAL;Sim;Condutor deixou de manter distância do veículo da frente;1;Colisão traseira;Com Vítimas Feridas;Anoitecer;Crescente;Chuva;Múltipla;Declive;Sim;777989.0;Motocicleta;JTA/SUZUKI INTRUDER 125;2011.0;Condutor;Lesões Leves;50.0;Masculino;0.0;1.0;0.0;0.0;-5,870507;-35,218982;SPRF-RN;DEL01-RN;UOP01-DEL01-RN
446545.0;962065.0;2022-04-28;quinta-feira;18:00:00;RN;101.0;98,7;NATAL;Sim;Condutor deixou de manter distância do veículo da frente;1;Colisão traseira;Com Vítimas Feridas;Anoitecer;Crescente;Chuva;Múltipla;Declive;Sim;777987.0;Automóvel;Não Informado/Não Informado;0.0;Condutor;Não Informado;;Não Informado;0.0;0.0;0.0;0.0;-5,870507;-35,218982;SPRF-RN;DEL01-RN;UOP01-DEL01-RN
447116.0;963258.0;2022-05-01;domingo;14:17:00;RN;101.0;99;NATAL;Sim;Acessar a via sem observar a presença dos outros veículos;1;Colisão lateral mesmo sentido;Sem Vítimas;Pleno dia;Decrescente;Sol;Dupla;Interseção de Vias;Sim;778984.0;Automóvel;PEUGEOT/206 14 PRESEN FX;2007.0;Condutor;Ileso;43.0;Feminino;1.0;0.0;0.0;0.0;-5,87359183;-35,22063023;SPRF-RN;DEL01-RN;UOP01-DEL01-RN
447116.0;963259.0;2022-05-01;domingo;14:17:00;RN;101.0;99;NATAL;Sim;Acessar a via sem observar a presença dos outros veículos;1;Colisão lateral mesmo sentido;Sem Vítimas;Pleno dia;Decrescente;Sol;Dupla;Interseção de Vias;Sim;778986.0;Automóvel;HONDA/FIT LX;2004.0;Condutor;Ileso;28.0;Feminino;1.0;0.0;0.0;0.0;-5,87359183;-35,22063023;SPRF-RN;DEL01-RN;UOP01-DEL01-RN
447444.0;964035.0;2022-05-02;segunda-feira;20:40:00;RN;101.0;84,6;NATAL;Sim;Ausência de reação do condutor;3;Queda de ocupante de veículo;Com Vítimas Feridas;Plena Noite;Decrescente;Chuva;Dupla;Reta;Sim;779509.0;Automóvel;TOYOTA/COROLLA GLI FLEX;2011.0;Condutor;Ileso;69.0;Masculino;1.0;0.0;0.0;0.0;-5,774538;-35,256932;SPRF-RN;DEL02-RN;UOP01-DEL02-RN
447444.0;964034.0;2022-05-02;segunda-feira;20:40:00;RN;101.0;84,6;NATAL;Sim;Ausência de reação do condutor;3;Queda de ocupante de veículo;Com Vítimas Feridas;Plena Noite;Decrescente;Chuva;Dupla;Reta;Sim;779506.0;Motocicleta;HONDA/CG 150 TITAN ESD;2005.0;Condutor;Lesões Leves;26.0;Masculino;0.0;1.0;0.0;0.0;-5,774538;-35,256932;SPRF-RN;DEL02-RN;UOP01-DEL02-RN
447444.0;964036.0;2022-05-02;segunda-feira;20:40:00;RN;101.0;84,6;NATAL;Sim;Ausência de reação do condutor;3;Queda de ocupante de veículo;Com Vítimas Feridas;Plena Noite;Decrescente;Chuva;Dupla;Reta;Sim;779506.0;Motocicleta;HONDA/CG 150 TITAN ESD;2005.0;Passageiro;Lesões Leves;31.0;Feminino;0.0;1.0;0.0;0.0;-5,774538;-35,256932;SPRF-RN;DEL02-RN;UOP01-DEL02-RN
447444.0;964035.0;2022-05-02;segunda-feira;20:40:00;RN;101.0;84,6;NATAL;Sim;Ausência de reação do condutor;2;Tombamento;Com Vítimas Feridas;Plena Noite;Decrescente;Chuva;Dupla;Reta;Sim;779509.0;Automóvel;TOYOTA/COROLLA GLI FLEX;2011.0;Condutor;Ileso;69.0;Masculino;1.0;0.0;0.0;0.0;-5,774538;-35,256932;SPRF-RN;DEL02-RN;UOP01-DEL02-RN
447444.0;964034.0;2022-05-02;segunda-feira;20:40:00;RN;101.0;84,6;NATAL;Sim;Ausência de reação do condutor;2;Tombamento;Com Vítimas Feridas;Plena Noite;Decrescente;Chuva;Dupla;Reta;Sim;779506.0;Motocicleta;HONDA/CG 150 TITAN ESD;2005.0;Condutor;Lesões Leves;26.0;Masculino;0.0;1.0;0.0;0.0;-5,774538;-35,256932;SPRF-RN;DEL02-RN;UOP01-DEL02-RN
447444.0;964036.0;2022-05-02;segunda-feira;20:40:00;RN;101.0;84,6;NATAL;Sim;Ausência de reação do condutor;2;Tombamento;Com Vítimas Feridas;Plena Noite;Decrescente;Chuva;Dupla;Reta;Sim;779506.0;Motocicleta;HONDA/CG 150 TITAN ESD;2005.0;Passageiro;Lesões Leves;31.0;Feminino;0.0;1.0;0.0;0.0;-5,774538;-35,256932;SPRF-RN;DEL02-RN;UOP01-DEL02-RN
447444.0;964035.0;2022-05-02;segunda-feira;20:40:00;RN;101.0;84,6;NATAL;Sim;Ausência de reação do condutor;1;Colisão traseira;Com Vítimas Feridas;Plena Noite;Decrescente;Chuva;Dupla;Reta;Sim;779509.0;Automóvel;TOYOTA/COROLLA GLI FLEX;2011.0;Condutor;Ileso;69.0;Masculino;1.0;0.0;0.0;0.0;-5,774538;-35,256932;SPRF-RN;DEL02-RN;UOP01-DEL02-RN
447444.0;964034.0;2022-05-02;segunda-feira;20:40:00;RN;101.0;84,6;NATAL;Sim;Ausência de reação do condutor;1;Colisão traseira;Com Vítimas Feridas;Plena Noite;Decrescente;Chuva;Dupla;Reta;Sim;779506.0;Motocicleta;HONDA/CG 150 TITAN ESD;2005.0;Condutor;Lesões Leves;26.0;Masculino;0.0;1.0;0.0;0.0;-5,774538;-35,256932;SPRF-RN;DEL02-RN;UOP01-DEL02-RN
447444.0;964036.0;2022-05-02;segunda-feira;20:40:00;RN;101.0;84,6;NATAL;Sim;Ausência de reação do condutor;1;Colisão traseira;Com Vítimas Feridas;Plena Noite;Decrescente;Chuva;Dupla;Reta;Sim;779506.0;Motocicleta;HONDA/CG 150 TITAN ESD;2005.0;Passageiro;Lesões Leves;31.0;Feminino;0.0;1.0;0.0;0.0;-5,774538;-35,256932;SPRF-RN;DEL02-RN;UOP01-DEL02-RN
447681.0;964675.0;2022-05-04;quarta-feira;09:15:00;RN;101.0;94;NATAL;Sim;Manobra de mudança de faixa;1;Colisão transversal;Com Vítimas Feridas;Pleno dia;Crescente;Chuva;Simples;Reta;Sim;780059.0;Automóvel;I/RENAULT CLIO EXP1016VH;2014.0;Condutor;Ileso;28.0;Masculino;1.0;0.0;0.0;0.0;-5,83176615;-35,21191342;SPRF-RN;DEL01-RN;UOP01-DEL01-RN
447681.0;964676.0;2022-05-04;quarta-feira;09:15:00;RN;101.0;94;NATAL;Sim;Manobra de mudança de faixa;1;Colisão transversal;Com Vítimas Feridas;Pleno dia;Crescente;Chuva;Simples;Reta;Sim;780060.0;Motocicleta;YAMAHA/FAZER YS250;2013.0;Condutor;Lesões Leves;39.0;Masculino;0.0;1.0;0.0;0.0;-5,83176615;-35,21191342;SPRF-RN;DEL01-RN;UOP01-DEL01-RN