id;pesid;data_inversa;dia_semana;horario;uf;br;km;municipio;causa_principal;causa_acidente;ordem_tipo_acidente;tipo_acidente;classificacao_acidente;fase_dia;sentido_via;condicao_metereologica;tipo_pista;tracado_via;uso_solo;id_veiculo;tipo_veiculo;marca;ano_fabricacao_veiculo;tipo_envolvido;estado_fisico;idade;sexo;ilesos;feridos_leves;feridos_graves;mortos;latitude;longitude;regional;delegacia;uop
453418.0;978132.0;2022-06-02;quinta-feira;07:20:00;RN;101.0;98;NATAL;Sim;Problema com o freio;3;Queda de ocupante de veículo;Com Vítimas Feridas;Pleno dia;Crescente;Nublado;Simples;Interseção de Vias;Sim;791054.0;Automóvel;VW/CROSSFOX GII;2012.0;Condutor;Ileso;41.0;Masculino;1.0;0.0;0.0;0.0;-5,88681084;-35,23143404;SPRF-RN;DEL01-RN;UOP01-DEL01-RN
453418.0;978340.0;2022-06-02;quinta-feira;07:20:00;RN;101.0;98;NATAL;Não;Manobra de mudança de faixa;2;Tombamento;Com Vítimas Feridas;Pleno dia;Crescente;Nublado;Simples;Interseção de Vias;Sim;791056.0;Motocicleta;HONDA/CB 300R;2011.0;Condutor;Lesões Leves;42.0;Masculino;0.0;1.0;0.0;0.0;-5,88681084;-35,23143404;SPRF-RN;DEL01-RN;UOP01-DEL01-RN
453418.0;978132.0;2022-06-02;quinta-feira;07:20:00;RN;101.0;98;NATAL;Não;Manobra de mudança de faixa;2;Tombamento;Com Vítimas Feridas;Pleno dia;Crescente;Nublado;Simples;Interseção de Vias;Sim;791054.0;Automóvel;VW/CROSSFOX GII;2012.0;Condutor;Ileso;41.0;Masculino;1.0;0.0;0.0;0.0;-5,88681084;-35,23143404;SPRF-RN;DEL01-RN;UOP01-DEL01-RN
453418.0;978340.0;2022-06-02;quinta-feira;07:20:00;RN;101.0;98;NATAL;Não;Ingestão de álcool pelo condutor;2;Tombamento;Com Vítimas Feridas;Pleno dia;Crescente;Nublado;Simples;Interseção de Vias;Sim;791056.0;Motocicleta;HONDA/CB 300R;2011.0;Condutor;Lesões Leves;42.0;Masculino;0.0;1.0;0.0;0.0;-5,88681084;-35,23143404;SPRF-RN;DEL01-RN;UOP01-DEL01-RN
453418.0;978132.0;2022-06-02;quinta-feira;07:20:00;RN;101.0;98;NATAL;Não;Ingestão de álcool pelo condutor;2;Tombamento;Com Vítimas Feridas;Pleno dia;Crescente;Nublado;Simples;Interseção de Vias;Sim;791054.0;Automóvel;VW/CROSSFOX GII;2012.0;Condutor;Ileso;41.0;Masculino;1.0;0.0;0.0;0.0;-5,88681084;-35,23143404;SPRF-RN;DEL01-RN;UOP01-DEL01-RN
453418.0;978340.0;2022-06-02;quinta-feira;07:20:00;RN;101.0;98;NATAL;Sim;Problema com o freio;2;Tombamento;Com Vítimas Feridas;Pleno dia;Crescente;Nublado;Simples;Interseção de Vias;Sim;791056.0;Motocicleta;HONDA/CB 300R;2011.0;Condutor;Lesões Leves;42.0;Masculino;0.0;1.0;0.0;0.0;-5,88681084;-35,23143404;SPRF-RN;DEL01-RN;UOP01-DEL01-RN
453418.0;978132.0;2022-06-02;quinta-feira;07:20:00;RN;101.0;98;NATAL;Sim;Problema com o freio;2;Tombamento;Com Vítimas Feridas;Pleno dia;Crescente;Nublado;Simples;Interseção de Vias;Sim;791054.0;Automóvel;VW/CROSSFOX GII;2012.0;Condutor;Ileso;41.0;Masculino;1.0;0.0;0.0;0.0;-5,88681084;-35,23143404;SPRF-RN;DEL01-RN;UOP01-DEL01-RN
453418.0;978340.0;2022-06-02;quinta-feira;07:20:00;RN;101.0;98;NATAL;Não;Manobra de mudança de faixa;1;Colisão transversal;Com Vítimas Feridas;Pleno dia;Crescente;Nublado;Simples;Interseção de Vias;Sim;791056.0;Motocicleta;HONDA/CB 300R;2011.0;Condutor;Lesões Leves;42.0;Masculino;0.0;1.0;0.0;0.0;-5,88681084;-35,23143404;SPRF-RN;DEL01-RN;UOP01-DEL01-RN
453418.0;978132.0;2022-06-02;quinta-feira;07:20:00;RN;101.0;98;NATAL;Não;Manobra de mudança de faixa;1;Colisão transversal;Com Vítimas Feridas;Pleno dia;Crescente;Nublado;Simples;Interseção de Vias;Sim;791054.0;Automóvel;VW/CROSSFOX GII;2012.0;Condutor;Ileso;41.0;Masculino;1.0;0.0;0.0;0.0;-5,88681084;-35,23143404;SPRF-RN;DEL01-RN;UOP01-DEL01-RN
453418.0;978340.0;2022-06-02;quinta-feira;07:20:00;RN;101.0;98;NATAL;Não;Ingestão de álcool pelo condutor;1;Colisão transversal;Com Vítimas Feridas;Pleno dia;Crescente;Nublado;Simples;Interseção de Vias;Sim;791056.0;Motocicleta;HONDA/CB 300R;2011.0;Condutor;Lesões Leves;42.0;Masculino;0.0;1.0;0.0;0.0;-5,88681084;-35,23143404;SPRF-RN;DEL01-RN;UOP01-DEL01-RN
453418.0;978132.0;2022-06-02;quinta-feira;07:20:00;RN;101.0;98;NATAL;Não;Ingestão de álcool pelo condutor;1;Colisão transversal;Com Vítimas Feridas;Pleno dia;Crescente;Nublado;Simples;Interseção de Vias;Sim;791054.0;Automóvel;VW/CROSSFOX GII;2012.0;Condutor;Ileso;41.0;Masculino;1.0;0.0;0.0;0.0;-5,88681084;-35,23143404;SPRF-RN;DEL01-RN;UOP01-DEL01-RN
453418.0;978340.0;2022-06-02;quinta-feira;07:20:00;RN;101.0;98;NATAL;Sim;Problema com o freio;1;Colisão transversal;Com Vítimas Feridas;Pleno dia;Crescente;Nublado;Simples;Interseção de Vias;Sim;791056.0;Motocicleta;HONDA/CB 300R;2011.0;Condutor;Lesões Leves;42.0;Masculino;0.0;1.0;0.0;0.0;-5,88681084;-35,23143404;SPRF-RN;DEL01-RN;UOP01-DEL01-RN
453418.0;978132.0;2022-06-02;quinta-feira;07:20:00;RN;101.0;98;NATAL;Sim;Problema com o freio;1;Colisão transversal;Com Vítimas Feridas;Pleno dia;Crescente;Nublado;Simples;Interseção de Vias;Sim;791054.0;Automóvel;VW/CROSSFOX GII;2012.0;Condutor;Ileso;41.0;Masculino;1.0;0.0;0.0;0.0;-5,88681084;-35,23143404;SPRF-RN;DEL01-RN;UOP01-DEL01-RN
453650.0;978728.0;2022-06-03;sexta-feira;13:03:00;RN;101.0;96;NATAL;Sim;Velocidade Incompatível;1;Engavetamento;Com Vítimas Feridas;Pleno dia;Crescente;Garoa/Chuvisco;Dupla;Reta;Sim;791533.0;Automóvel;HONDA/HR-V EXL CVT;2017.0;Condutor;Ileso;40.0;Masculino;1.0;0.0;0.0;0.0;-5,8494962178;-35,2089075177;SPRF-RN;DEL01-RN;UOP01-DEL01-RN
453650.0;978730.0;2022-06-03;sexta-feira;13:03:00;RN;101.0;96;NATAL;Sim;Velocidade Incompatível;1;Engavetamento;Com Vítimas Feridas;Pleno dia;Crescente;Garoa/Chuvisco;Dupla;Reta;Sim;791535.0;Automóvel;FIAT/UNO MILLE ECONOMY;2009.0;Condutor;Ileso;61.0;Masculino;1.0;0.0;0.0;0.0;-5,8494962178;-35,2089075177;SPRF-RN;DEL01-RN;UOP01-DEL01-RN
453650.0;978759.0;2022-06-03;sexta-feira;13:03:00;RN;101.0;96;NATAL;Sim;Velocidade Incompatível;1;Engavetamento;Com Vítimas Feridas;Pleno dia;Crescente;Garoa/Chuvisco;Dupla;Reta;Sim;791538.0;Camioneta;FORD/ECOSPORT FSL 1.6;2013.0;Condutor;Ileso;56.0;Masculino;1.0;0.0;0.0;0.0;-5,8494962178;-35,2089075177;SPRF-RN;DEL01-RN;UOP01-DEL01-RN
453650.0;978732.0;2022-06-03;sexta-feira;13:03:00;RN;101.0;96;NATAL;Sim;Velocidade Incompatível;1;Engavetamento;Com Vítimas Feridas;Pleno dia;Crescente;Garoa/Chuvisco;Dupla;Reta;Sim;791537.0;Automóvel;HONDA/FIT EX CVT;2021.0;Condutor;Lesões Leves;47.0;Masculino;0.0;1.0;0.0;0.0;-5,8494962178;-35,2089075177;SPRF-RN;DEL01-RN;UOP01-DEL01-RN
454464.0;980514.0;2022-03-19;sábado;23:30:00;RN;101.0;95;NATAL;Sim;Condutor deixou de manter distância do veículo da frente;1;Colisão lateral mesmo sentido;Com Vítimas Feridas;Plena Noite;Decrescente;Céu Claro;Dupla;Reta;Sim;793036.0;Motocicleta;YAMAHA/YBR 125K;2008.0;Condutor;Lesões Leves;34.0;Masculino;0.0;1.0;0.0;0.0;-5,84076841;-35,21035949;SPRF-RN;DEL01-RN;UOP01-DEL01-RN
454464.0;980513.0;2022-03-19;sábado;23:30:00;RN;101.0;95;NATAL;Sim;Condutor deixou de manter distância do veículo da frente;1;Colisão lateral mesmo sentido;Com Vítimas Feridas;Plena Noite;Decrescente;Céu Claro;Dupla;Reta;Sim;793035.0;Motocicleta;HONDA/CG 160 START;0.0;Condutor;Lesões Leves;22.0;Masculino;0.0;1.0;0.0;0.0;-5,84076841;-35,21035949;SPRF-RN;DEL01-RN;UOP01-DEL01-RN
454474.0;980534.0;2022-06-07;terça-feira;14:10:00;RN;101.0;94;NATAL;Sim;Ultrapassagem Indevida;2;Tombamento;Com Vítimas Feridas;Pleno dia;Crescente;Céu Claro;Simples;"Aclive;Curva";Sim;793050.0;Motocicleta;HONDA/CG 160 FAN;2019.0;Condutor;Lesões Leves;37.0;Masculino;0.0;1.0;0.0;0.0;-5,8317661541;-35,2119134183;SPRF-RN;DEL01-RN;UOP01-DEL01-RN
454474.0;980535.0;2022-06-07;terça-feira;14:10:00;RN;101.0;94;NATAL;Sim;Ultrapassagem Indevida;2;Tombamento;Com Vítimas Feridas;Pleno dia;Crescente;Céu Claro;Simples;"Aclive;Curva";Sim;793050.0;Motocicleta;HONDA/CG 160 FAN;2019.0;Passageiro;Lesões Leves;32.0;Feminino;0.0;1.0;0.0;0.0;-5,8317661541;-35,2119134183;SPRF-RN;DEL01-RN;UOP01-DEL01-RN
454474.0;982713.0;2022-06-07;terça-feira;14:10:00;RN;101.0;94;NATAL;Sim;Ultrapassagem Indevida;2;Tombamento;Com Vítimas Feridas;Pleno dia;Crescente;Céu Claro;Simples;"Aclive;Curva";Sim;793194.0;Automóvel;Não Informado/Não Informado;0.0;Condutor;Não Informado;;Não Informado;0.0;0.0;0.0;0.0;-5,8317661541;-35,2119134183;SPRF-RN;DEL01-RN;UOP01-DEL01-RN
454474.0;980534.0;2022-06-07;terça-feira;14:10:00;RN;101.0;94;NATAL;Sim;Ultrapassagem Indevida;1;Colisão lateral mesmo sentido;Com Vítimas Feridas;Pleno dia;Crescente;Céu Claro;Simples;"Aclive;Curva";Sim;793050.0;Motocicleta;HONDA/CG 160 FAN;2019.0;Condutor;Lesões Leves;37.0;Masculino;0.0;1.0;0.0;0.0;-5,8317661541;-35,2119134183;SPRF-RN;DEL01-RN;UOP01-DEL01-RN
454474.0;980535.0;2022-06-07;terça-feira;14:10:00;RN;101.0;94;NATAL;Sim;Ultrapassagem Indevida;1;Colisão lateral mesmo sentido;Com Vítimas Feridas;Pleno dia;Crescente;Céu Claro;Simples;"Aclive;Curva";Sim;793050.0;Motocicleta;HONDA/CG 160 FAN;2019.0;Passageiro;Lesões Leves;32.0;Feminino;0.0;1.0;0.0;0.0;-5,8317661541;-35,2119134183;SPRF-RN;DEL01-RN;UOP01-DEL01-RN
454474.0;982713.0;2022-06-07;terça-feira;14:10:00;RN;101.0;94;NATAL;Sim;Ultrapassagem Indevida;1;Colisão lateral mesmo sentido;Com Vítimas Feridas;Pleno dia;Crescente;Céu Claro;Simples;"Aclive;Curva";Sim;793194.0;Automóvel;Não Informado/Não Informado;0.0;Condutor;Não Informado;;Não Informado;0.0;0.0;0.0;0.0;-5,8317661541;-35,2119134183;SPRF-RN;DEL01-RN;UOP01-DEL01-RN
454647.0;981010.0;2022-06-08;quarta-feira;15:50:00;RN;101.0;85;NATAL;Não;Ausência de sinalização;1;Engavetamento;Com Vítimas Feridas;Pleno dia;Decrescente;Céu Claro;Dupla;Ponte;Sim;793461.0;Camioneta;I/KIA SPORTAGE LX2 OFFG3;2013.0;Condutor;Ileso;36.0;Feminino;1.0;0.0;0.0;0.0;-5,777664;-35,24937;SPRF-RN;DEL02-RN;UOP01-DEL02-RN
454647.0;981008.0;2022-06-08;quarta-feira;15:50:00;RN;101.0;85;NATAL;Não;Ausência de sinalização;1;Engavetamento;Com Vítimas Feridas;Pleno dia;Decrescente;Céu Claro;Dupla;Ponte;Sim;793459.0;Automóvel;IMP/VW GOL CL 1.8;1994.0;Condutor;Lesões Leves;43.0;Masculino;0.0;1.0;0.0;0.0;-5,777664;-35,24937;SPRF-RN;DEL02-RN;UOP01-DEL02-RN
454647.0;981009.0;2022-06-08;quarta-feira;15:50:00;RN;101.0;85;NATAL;Não;Ausência de sinalização;1;Engavetamento;Com Vítimas Feridas;Pleno dia;Decrescente;Céu Claro;Dupla;Ponte;Sim;793460.0;Automóvel;VW/GOL 1.0L MC4;2018.0;Condutor;Lesões Leves;27.0;Masculino;0.0;1.0;0.0;0.0;-5,777664;-35,24937;SPRF-RN;DEL02-RN;UOP01-DEL02-RN
454647.0;981679.0;2022-06-08;quarta-feira;15:50:00;RN;101.0;85;NATAL;Não;Ausência de sinalização;1;Engavetamento;Com Vítimas Feridas;Pleno dia;Decrescente;Céu Claro;Dupla;Ponte;Sim;793460.0;Automóvel;VW/GOL 1.0L MC4;2018.0;Passageiro;Lesões Leves;49.0;Masculino;0.0;1.0;0.0;0.0;-5,777664;-35,24937;SPRF-RN;DEL02-RN;UOP01-DEL02-RN
454647.0;981794.0;2022-06-08;quarta-feira;15:50:00;RN;101.0;85;NATAL;Não;Ausência de sinalização;1;Engavetamento;Com Vítimas Feridas;Pleno dia;Decrescente;Céu Claro;Dupla;Ponte;Sim;793460.0;Automóvel;VW/GOL 1.0L MC4;2018.0;Passageiro;Ileso;46.0;Feminino;1.0;0.0;0.0;0.0;-5,777664;-35,24937;SPRF-RN;DEL02-RN;UOP01-DEL02-RN
454647.0;981788.0;2022-06-08;quarta-feira;15:50:00;RN;101.0;85;NATAL;Não;Ausência de sinalização;1;Engavetamento;Com Vítimas Feridas;Pleno dia;Decrescente;Céu Claro;Dupla;Ponte;Sim;793460.0;Automóvel;VW/GOL 1.0L MC4;2018.0;Passageiro;Ileso;12.0;Masculino;1.0;0.0;0.0;0.0;-5,777664;-35,24937;SPRF-RN;DEL02-RN;UOP01-DEL02-RN
454647.0;981010.0;2022-06-08;quarta-feira;15:50:00;RN;101.0;85;NATAL;Sim;Ausência de reação do condutor;1;Engavetamento;Com Vítimas Feridas;Pleno dia;Decrescente;Céu Claro;Dupla;Ponte;Sim;793461.0;Camioneta;I/KIA SPORTAGE LX2 OFFG3;2013.0;Condutor;Ileso;36.0;Feminino;1.0;0.0;0.0;0.0;-5,777664;-35,24937;SPRF-RN;DEL02-RN;UOP01-DEL02-RN
454647.0;981008.0;2022-06-08;quarta-feira;15:50:00;RN;101.0;85;NATAL;Sim;Ausência de reação do condutor;1;Engavetamento;Com Vítimas Feridas;Pleno dia;Decrescente;Céu Claro;Dupla;Ponte;Sim;793459.0;Automóvel;IMP/VW GOL CL 1.8;1994.0;Condutor;Lesões Leves;43.0;Masculino;0.0;1.0;0.0;0.0;-5,777664;-35,24937;SPRF-RN;DEL02-RN;UOP01-DEL02-RN
454647.0;981009.0;2022-06-08;quarta-feira;15:50:00;RN;101.0;85;NATAL;Sim;Ausência de reação do condutor;1;Engavetamento;Com Vítimas Feridas;Pleno dia;Decrescente;Céu Claro;Dupla;Ponte;Sim;793460.0;Automóvel;VW/GOL 1.0L MC4;2018.0;Condutor;Lesões Leves;27.0;Masculino;0.0;1.0;0.0;0.0;-5,777664;-35,24937;SPRF-RN;DEL02-RN;UOP01-DEL02-RN
454647.0;981679.0;2022-06-08;quarta-feira;15:50:00;RN;101.0;85;NATAL;Sim;Ausência de reação do condutor;1;Engavetamento;Com Vítimas Feridas;Pleno dia;Decrescente;Céu Claro;Dupla;Ponte;Sim;793460.0;Automóvel;VW/GOL 1.0L MC4;2018.0;Passageiro;Lesões Leves;49.0;Masculino;0.0;1.0;0.0;0.0;-5,777664;-35,24937;SPRF-RN;DEL02-RN;UOP01-DEL02-RN
454647.0;981794.0;2022-06-08;quarta-feira;15:50:00;RN;101.0;85;NATAL;Sim;Ausência de reação do condutor;1;Engavetamento;Com Vítimas Feridas;Pleno dia;Decrescente;Céu Claro;Dupla;Ponte;Sim;793460.0;Automóvel;VW/GOL 1.0L MC4;2018.0;Passageiro;Ileso;46.0;Feminino;1.0;0.0;0.0;0.0;-5,777664;-35,24937;SPRF-RN;DEL02-RN;UOP01-DEL02-RN
454647.0;981788.0;2022-06-08;quarta-feira;15:50:00;RN;101.0;85;NATAL;Sim;Ausência de reação do condutor;1;Engavetamento;Com Vítimas Feridas;Pleno dia;Decrescente;Céu Claro;Dupla;Ponte;Sim;793460.0;Automóvel;VW/GOL 1.0L MC4;2018.0;Passageiro;Ileso;12.0;Masculino;1.0;0.0;0.0;0.0;-5,777664;-35,24937;SPRF-RN;DEL02-RN;UOP01-DEL02-RN
454764.0;981265.0;2022-06-09;quinta-feira;07:35:00;RN;101.0;94;NATAL;Sim;Condutor deixou de manter distância do veículo da frente;1;Colisão traseira;Sem Vítimas;Pleno dia;Decrescente;Garoa/Chuvisco;Dupla;Reta;Não;793686.0;Automóvel;NISSAN/VERSA 16SV CVT;2019.0;Condutor;Ileso;40.0;Masculino;1.0;0.0;0.0;0.0;-5,838082;-35,210933;SPRF-RN;DEL01-RN;UOP01-DEL01-RN
454764.0;981264.0;2022-06-09;quinta-feira;07:35:00;RN;101.0;94;NATAL;Sim;Condutor deixou de manter distância do veículo da frente;1;Colisão traseira;Sem Vítimas;Pleno dia;Decrescente;Garoa/Chuvisco;Dupla;Reta;Não;793687.0;Automóvel;HONDA/CITY LX FLEX;2014.0;Condutor;Ileso;49.0;Masculino;1.0;0.0;0.0;0.0;-5,838082;-35,210933;SPRF-RN;DEL01-RN;UOP01-DEL01-RN
454764.0;981263.0;2022-06-09;quinta-feira;07:35:00;RN;101.0;94;NATAL;Sim;Condutor deixou de manter distância do veículo da frente;1;Colisão traseira;Sem Vítimas;Pleno dia;Decrescente;Garoa/Chuvisco;Dupla;Reta;Não;793688.0;Automóvel;FORD/KA SE 1.0 SD C;2019.0;Condutor;Ileso;62.0;Masculino;1.0;0.0;0.0;0.0;-5,838082;-35,210933;SPRF-RN;DEL01-RN;UOP01-DEL01-RN
454831.0;981345.0;2022-06-09;quinta-feira;13:50:00;RN;101.0;95;NATAL;Sim;Condutor deixou de manter distância do veículo da frente;1;Engavetamento;Com Vítimas Feridas;Pleno dia;Decrescente;Chuva;Dupla;Reta;Sim;793750.0;Automóvel;FORD/FIESTA HA 1.5L S;2014.0;Condutor;Ileso;19.0;Masculino;1.0;0.0;0.0;0.0;-5,84076841;-35,21035949;SPRF-RN;DEL01-RN;UOP01-DEL01-RN
454831.0;981346.0;2022-06-09;quinta-feira;13:50:00;RN;101.0;95;NATAL;Sim;Condutor deixou de manter distância do veículo da frente;1;Engavetamento;Com Vítimas Feridas;Pleno dia;Decrescente;Chuva;Dupla;Reta;Sim;793751.0;Caminhonete;FIAT/STRADA HD WK CC E;2018.0;Condutor;Ileso;42.0;Masculino;1.0;0.0;0.0;0.0;-5,84076841;-35,21035949;SPRF-RN;DEL01-RN;UOP01-DEL01-RN
454831.0;981347.0;2022-06-09;quinta-feira;13:50:00;RN;101.0;95;NATAL;Sim;Condutor deixou de manter distância do veículo da frente;1;Engavetamento;Com Vítimas Feridas;Pleno dia;Decrescente;Chuva;Dupla;Reta;Sim;793752.0;Automóvel;VW/T CROSS SENSE TSI AD;2020.0;Condutor;Lesões Leves;74.0;Masculino;0.0;1.0;0.0;0.0;-5,84076841;-35,21035949;SPRF-RN;DEL01-RN;UOP01-DEL01-RN
454960.0;981735.0;2022-06-10;sexta-feira;08:00:00;RN;101.0;97;NATAL;Sim;Trafegar com motocicleta (ou similar) entre as faixas;1;Colisão traseira;Com Vítimas Feridas;Pleno dia;Decrescente;Céu Claro;Simples;Declive;Sim;794080.0;Automóvel;TOYOTA/ETIOS SD XLS15 AT;2016.0;Condutor;Ileso;41.0;Feminino;1.0;0.0;0.0;0.0;-5,85758898;-35,21271205;SPRF-RN;DEL01-RN;UOP01-DEL01-RN
454960.0;981737.0;2022-06-10;sexta-feira;08:00:00;RN;101.0;97;NATAL;Sim;Trafegar com motocicleta (ou similar) entre as faixas;1;Colisão traseira;Com Vítimas Feridas;Pleno dia;Decrescente;Céu Claro;Simples;Declive;Sim;794082.0;Motocicleta;HONDA/CG 125 FAN KS;2009.0;Condutor;Lesões Leves;46.0;Masculino;0.0;1.0;0.0;0.0;-5,85758898;-35,21271205;SPRF-RN;DEL01-RN;UOP01-DEL01-RN
455939.0;983793.0;2022-05-24;terça-feira;18:20:00;RN;101.0;96;NATAL;Sim;Ausência de reação do condutor;1;Engavetamento;Sem Vítimas;Plena Noite;Crescente;Céu Claro;Múltipla;Reta;Sim;795786.0;Automóvel;I/NISSAN MARCH 16SV FLEX;2012.0;Condutor;Ileso;31.0;Feminino;1.0;0.0;0.0;0.0;-5,84949622;-35,20890752;SPRF-RN;DEL01-RN;UOP01-DEL01-RN
455939.0;983794.0;2022-05-24;terça-feira;18:20:00;RN;101.0;96;NATAL;Sim;Ausência de reação do condutor;1;Engavetamento;Sem Vítimas;Plena Noite;Crescente;Céu Claro;Múltipla;Reta;Sim;795787.0;Automóvel;I/RENAULT CLIO EXP1016VH;2014.0;Condutor;Ileso;27.0;Masculino;1.0;0.0;0.0;0.0;-5,84949622;-35,20890752;SPRF-RN;DEL01-RN;UOP01-DEL01-RN
455939.0;983795.0;2022-05-24;terça-feira;18:20:00;RN;101.0;96;NATAL;Sim;Ausência de reação do condutor;1;Engavetamento;Sem Vítimas;Plena Noite;Crescente;Céu Claro;Múltipla;Reta;Sim;795788.0;Automóvel;CHEVROLET/ONIX 10MT JOYE;2017.0;Condutor;Ileso;43.0;Feminino;1.0;0.0;0.0;0.0;-5,84949622;-35,20890752;SPRF-RN;DEL01-RN;UOP01-DEL01-RN
455939.0;983796.0;2022-05-24;terça-feira;18:20:00;RN;101.0;96;NATAL;Sim;Ausência de reação do condutor;1;Engavetamento;Sem Vítimas;Plena Noite;Crescente;Céu Claro;Múltipla;Reta;Sim;795789.0;Automóvel;CHEV/SPIN 1.8L AT ACT;2020.0;Condutor;Ileso;42.0;Masculino;1.0;0.0;0.0;0.0;-5,84949622;-35,20890752;SPRF-RN;DEL01-RN;UOP01-DEL01-RN
456482.0;985144.0;2022-06-18;sábado;07:25:00;RN;101.0;81;NATAL;Sim;Manobra de mudança de faixa;3;Queda de ocupante de veículo;Com Vítimas Feridas;Pleno dia;Decrescente;Céu Claro;Dupla;Curva;Sim;796787.0;Caminhonete;I/TOYOTA HILUX CDSRXA4FD;2021.0;Condutor;Ileso;31.0;Masculino;1.0;0.0;0.0;0.0;-5,76469466;-35,28295988;SPRF-RN;DEL02-RN;UOP01-DEL02-RN
456482.0;985145.0;2022-06-18;sábado;07:25:00;RN;101.0;81;NATAL;Sim;Manobra de mudança de faixa;3;Queda de ocupante de veículo;Com Vítimas Feridas;Pleno dia;Decrescente;Céu Claro;Dupla;Curva;Sim;796789.0;Motocicleta;HONDA/CG 150 TITAN KS;2008.0;Condutor;Lesões Leves;21.0;Masculino;0.0;1.0;0.0;0.0;-5,76469466;-35,28295988;SPRF-RN;DEL02-RN;UOP01-DEL02-RN
456482.0;985147.0;2022-06-18;sábado;07:25:00;RN;101.0;81;NATAL;Sim;Manobra de mudança de faixa;3;Queda de ocupante de veículo;Com Vítimas Feridas;Pleno dia;Decrescente;Céu Claro;Dupla;Curva;Sim;796789.0;Motocicleta;HONDA/CG 150 TITAN KS;2008.0;Passageiro;Lesões Leves;15.0;Masculino;0.0;1.0;0.0;0.0;-5,76469466;-35,28295988;SPRF-RN;DEL02-RN;UOP01-DEL02-RN
456482.0;985144.0;2022-06-18;sábado;07:25:00;RN;101.0;81;NATAL;Sim;Manobra de mudança de faixa;2;Tombamento;Com Vítimas Feridas;Pleno dia;Decrescente;Céu Claro;Dupla;Curva;Sim;796787.0;Caminhonete;I/TOYOTA HILUX CDSRXA4FD;2021.0;Condutor;Ileso;31.0;Masculino;1.0;0.0;0.0;0.0;-5,76469466;-35,28295988;SPRF-RN;DEL02-RN;UOP01-DEL02-RN
456482.0;985145.0;2022-06-18;sábado;07:25:00;RN;101.0;81;NATAL;Sim;Manobra de mudança de faixa;2;Tombamento;Com Vítimas Feridas;Pleno dia;Decrescente;Céu Claro;Dupla;Curva;Sim;796789.0;Motocicleta;HONDA/CG 150 TITAN KS;2008.0;Condutor;Lesões Leves;21.0;Masculino;0.0;1.0;0.0;0.0;-5,76469466;-35,28295988;SPRF-RN;DEL02-RN;UOP01-DEL02-RN
456482.0;985147.0;2022-06-18;sábado;07:25:00;RN;101.0;81;NATAL;Sim;Manobra de mudança de faixa;2;Tombamento;Com Vítimas Feridas;Pleno dia;Decrescente;Céu Claro;Dupla;Curva;Sim;796789.0;Motocicleta;HONDA/CG 150 TITAN KS;2008.0;Passageiro;Lesões Leves;15.0;Masculino;0.0;1.0;0.0;0.0;-5,76469466;-35,28295988;SPRF-RN;DEL02-RN;UOP01-DEL02-RN
456482.0;985144.0;2022-06-18;sábado;07:25:00;RN;101.0;81;NATAL;Sim;Manobra de mudança de faixa;1;Colisão transversal;Com Vítimas Feridas;Pleno dia;Decrescente;Céu Claro;Dupla;Curva;Sim;796787.0;Caminhonete;I/TOYOTA HILUX CDSRXA4FD;2021.0;Condutor;Ileso;31.0;Masculino;1.0;0.0;0.0;0.0;-5,76469466;-35,28295988;SPRF-RN;DEL02-RN;UOP01-DEL02-RN
456482.0;985145.0;2022-06-18;sábado;07:25:00;RN;101.0;81;NATAL;Sim;Manobra de mudança de faixa;1;Colisão transversal;Com Vítimas Feridas;Pleno dia;Decrescente;Céu Claro;Dupla;Curva;Sim;796789.0;Motocicleta;HONDA/CG 150 TITAN KS;2008.0;Condutor;Lesões Leves;21.0;Masculino;0.0;1.0;0.0;0.0;-5,76469466;-35,28295988;SPRF-RN;DEL02-RN;UOP01-DEL02-RN
456482.0;985147.0;2022-06-18;sábado;07:25:00;RN;101.0;81;NATAL;Sim;Manobra de mudança de faixa;1;Colisão transversal;Com Vítimas Feridas;Pleno dia;Decrescente;Céu Claro;Dupla;Curva;Sim;796789.0;Motocicleta;HONDA/CG 150 TITAN KS;2008.0;Passageiro;Lesões Leves;15.0;Masculino;0.0;1.0;0.0;0.0;-5,76469466;-35,28295988;SPRF-RN;DEL02-RN;UOP01-DEL02-RN
457958.0;988513.0;2022-06-25;sábado;17:40:00;RN;101.0;72,9;NATAL;Sim;Desrespeitar a preferência no cruzamento;1;Colisão transversal;Com Vítimas Feridas;Plena Noite;Decrescente;Céu Claro;Simples;Interseção de Vias;Não;799611.0;Camioneta;I/SSANGYONG ACTYON A23 4;2010.0;Condutor;Ileso;63.0;Feminino;1.0;0.0;0.0;0.0;-5,70457644;-35,26551431;SPRF-RN;DEL02-RN;UOP01-DEL02-RN
457958.0;988514.0;2022-06-25;sábado;17:40:00;RN;101.0;72,9;NATAL;Sim;Desrespeitar a preferência no cruzamento;1;Colisão transversal;Com Vítimas Feridas;Plena Noite;Decrescente;Céu Claro;Simples;Interseção de Vias;Não;799613.0;Motocicleta;HONDA/NXR160 BROS ESDD;2015.0;Condutor;Lesões Graves;50.0;Masculino;0.0;0.0;1.0;0.0;-5,70457644;-35,26551431;SPRF-RN;DEL02-RN;UOP01-DEL02-RN
457958.0;988515.0;2022-06-25;sábado;17:40:00;RN;101.0;72,9;NATAL;Sim;Desrespeitar a preferência no cruzamento;1;Colisão transversal;Com Vítimas Feridas;Plena Noite;Decrescente;Céu Claro;Simples;Interseção de Vias;Não;799613.0;Motocicleta;HONDA/NXR160 BROS ESDD;2015.0;Passageiro;Lesões Graves;;Feminino;0.0;0.0;1.0;0.0;-5,70457644;-35,26551431;SPRF-RN;DEL02-RN;UOP01-DEL02-RN