id;pesid;data_inversa;dia_semana;horario;uf;br;km;municipio;causa_principal;causa_acidente;ordem_tipo_acidente;tipo_acidente;classificacao_acidente;fase_dia;sentido_via;condicao_metereologica;tipo_pista;tracado_via;uso_solo;id_veiculo;tipo_veiculo;marca;ano_fabricacao_veiculo;tipo_envolvido;estado_fisico;idade;sexo;ilesos;feridos_leves;feridos_graves;mortos;latitude;longitude;regional;delegacia;uop
462017.0;998553.0;2022-07-16;sábado;13:20:00;RN;101.0;81;NATAL;Não;Condutor deixou de manter distância do veículo da frente;4;Tombamento;Com Vítimas Feridas;Pleno dia;Crescente;Céu Claro;Dupla;Reta;Sim;807570.0;Motocicleta;HONDA/CG 125 FAN KS;2013.0;Condutor;Lesões Graves;29.0;Masculino;0.0;0.0;1.0;0.0;-5,76469466;-35,28295988;SPRF-RN;DEL02-RN;UOP01-DEL02-RN
462017.0;998555.0;2022-07-16;sábado;13:20:00;RN;101.0;81;NATAL;Sim;Retorno proibido;4;Tombamento;Com Vítimas Feridas;Pleno dia;Crescente;Céu Claro;Dupla;Reta;Sim;807568.0;Motocicleta;HONDA/CG 160 FAN;2021.0;Condutor;Lesões Graves;20.0;Masculino;0.0;0.0;1.0;0.0;-5,76469466;-35,28295988;SPRF-RN;DEL02-RN;UOP01-DEL02-RN
462017.0;998556.0;2022-07-16;sábado;13:20:00;RN;101.0;81;NATAL;Sim;Retorno proibido;4;Tombamento;Com Vítimas Feridas;Pleno dia;Crescente;Céu Claro;Dupla;Reta;Sim;807568.0;Motocicleta;HONDA/CG 160 FAN;2021.0;Passageiro;Lesões Graves;17.0;Masculino;0.0;0.0;1.0;0.0;-5,76469466;-35,28295988;SPRF-RN;DEL02-RN;UOP01-DEL02-RN
462017.0;998554.0;2022-07-16;sábado;13:20:00;RN;101.0;81;NATAL;Sim;Retorno proibido;4;Tombamento;Com Vítimas Feridas;Pleno dia;Crescente;Céu Claro;Dupla;Reta;Sim;807570.0;Motocicleta;HONDA/CG 125 FAN KS;2013.0;Passageiro;Lesões Graves;26.0;Feminino;0.0;0.0;1.0;0.0;-5,76469466;-35,28295988;SPRF-RN;DEL02-RN;UOP01-DEL02-RN
462017.0;998553.0;2022-07-16;sábado;13:20:00;RN;101.0;81;NATAL;Sim;Retorno proibido;4;Tombamento;Com Vítimas Feridas;Pleno dia;Crescente;Céu Claro;Dupla;Reta;Sim;807570.0;Motocicleta;HONDA/CG 125 FAN KS;2013.0;Condutor;Lesões Graves;29.0;Masculino;0.0;0.0;1.0;0.0;-5,76469466;-35,28295988;SPRF-RN;DEL02-RN;UOP01-DEL02-RN
462017.0;998555.0;2022-07-16;sábado;13:20:00;RN;101.0;81;NATAL;Não;Condutor deixou de manter distância do veículo da frente;3;Atropelamento de Pedestre;Com Vítimas Feridas;Pleno dia;Crescente;Céu Claro;Dupla;Reta;Sim;807568.0;Motocicleta;HONDA/CG 160 FAN;2021.0;Condutor;Lesões Graves;20.0;Masculino;0.0;0.0;1.0;0.0;-5,76469466;-35,28295988;SPRF-RN;DEL02-RN;UOP01-DEL02-RN
462017.0;998556.0;2022-07-16;sábado;13:20:00;RN;101.0;81;NATAL;Não;Condutor deixou de manter distância do veículo da frente;3;Atropelamento de Pedestre;Com Vítimas Feridas;Pleno dia;Crescente;Céu Claro;Dupla;Reta;Sim;807568.0;Motocicleta;HONDA/CG 160 FAN;2021.0;Passageiro;Lesões Graves;17.0;Masculino;0.0;0.0;1.0;0.0;-5,76469466;-35,28295988;SPRF-RN;DEL02-RN;UOP01-DEL02-RN
462017.0;998554.0;2022-07-16;sábado;13:20:00;RN;101.0;81;NATAL;Não;Condutor deixou de manter distância do veículo da frente;3;Atropelamento de Pedestre;Com Vítimas Feridas;Pleno dia;Crescente;Céu Claro;Dupla;Reta;Sim;807570.0;Motocicleta;HONDA/CG 125 FAN KS;2013.0;Passageiro;Lesões Graves;26.0;Feminino;0.0;0.0;1.0;0.0;-5,76469466;-35,28295988;SPRF-RN;DEL02-RN;UOP01-DEL02-RN
462017.0;998553.0;2022-07-16;sábado;13:20:00;RN;101.0;81;NATAL;Não;Condutor deixou de manter distância do veículo da frente;3;Atropelamento de Pedestre;Com Vítimas Feridas;Pleno dia;Crescente;Céu Claro;Dupla;Reta;Sim;807570.0;Motocicleta;HONDA/CG 125 FAN KS;2013.0;Condutor;Lesões Graves;29.0;Masculino;0.0;0.0;1.0;0.0;-5,76469466;-35,28295988;SPRF-RN;DEL02-RN;UOP01-DEL02-RN
462017.0;998555.0;2022-07-16;sábado;13:20:00;RN;101.0;81;NATAL;Sim;Retorno proibido;3;Atropelamento de Pedestre;Com Vítimas Feridas;Pleno dia;Crescente;Céu Claro;Dupla;Reta;Sim;807568.0;Motocicleta;HONDA/CG 160 FAN;2021.0;Condutor;Lesões Graves;20.0;Masculino;0.0;0.0;1.0;0.0;-5,76469466;-35,28295988;SPRF-RN;DEL02-RN;UOP01-DEL02-RN
462017.0;998556.0;2022-07-16;sábado;13:20:00;RN;101.0;81;NATAL;Sim;Retorno proibido;3;Atropelamento de Pedestre;Com Vítimas Feridas;Pleno dia;Crescente;Céu Claro;Dupla;Reta;Sim;807568.0;Motocicleta;HONDA/CG 160 FAN;2021.0;Passageiro;Lesões Graves;17.0;Masculino;0.0;0.0;1.0;0.0;-5,76469466;-35,28295988;SPRF-RN;DEL02-RN;UOP01-DEL02-RN
462017.0;998554.0;2022-07-16;sábado;13:20:00;RN;101.0;81;NATAL;Sim;Retorno proibido;3;Atropelamento de Pedestre;Com Vítimas Feridas;Pleno dia;Crescente;Céu Claro;Dupla;Reta;Sim;807570.0;Motocicleta;HONDA/CG 125 FAN KS;2013.0;Passageiro;Lesões Graves;26.0;Feminino;0.0;0.0;1.0;0.0;-5,76469466;-35,28295988;SPRF-RN;DEL02-RN;UOP01-DEL02-RN
462017.0;998553.0;2022-07-16;sábado;13:20:00;RN;101.0;81;NATAL;Sim;Retorno proibido;3;Atropelamento de Pedestre;Com Vítimas Feridas;Pleno dia;Crescente;Céu Claro;Dupla;Reta;Sim;807570.0;Motocicleta;HONDA/CG 125 FAN KS;2013.0;Condutor;Lesões Graves;29.0;Masculino;0.0;0.0;1.0;0.0;-5,76469466;-35,28295988;SPRF-RN;DEL02-RN;UOP01-DEL02-RN
462017.0;998555.0;2022-07-16;sábado;13:20:00;RN;101.0;81;NATAL;Não;Condutor deixou de manter distância do veículo da frente;2;Queda de ocupante de veículo;Com Vítimas Feridas;Pleno dia;Crescente;Céu Claro;Dupla;Reta;Sim;807568.0;Motocicleta;HONDA/CG 160 FAN;2021.0;Condutor;Lesões Graves;20.0;Masculino;0.0;0.0;1.0;0.0;-5,76469466;-35,28295988;SPRF-RN;DEL02-RN;UOP01-DEL02-RN
462017.0;998556.0;2022-07-16;sábado;13:20:00;RN;101.0;81;NATAL;Não;Condutor deixou de manter distância do veículo da frente;2;Queda de ocupante de veículo;Com Vítimas Feridas;Pleno dia;Crescente;Céu Claro;Dupla;Reta;Sim;807568.0;Motocicleta;HONDA/CG 160 FAN;2021.0;Passageiro;Lesões Graves;17.0;Masculino;0.0;0.0;1.0;0.0;-5,76469466;-35,28295988;SPRF-RN;DEL02-RN;UOP01-DEL02-RN
462017.0;998554.0;2022-07-16;sábado;13:20:00;RN;101.0;81;NATAL;Não;Condutor deixou de manter distância do veículo da frente;2;Queda de ocupante de veículo;Com Vítimas Feridas;Pleno dia;Crescente;Céu Claro;Dupla;Reta;Sim;807570.0;Motocicleta;HONDA/CG 125 FAN KS;2013.0;Passageiro;Lesões Graves;26.0;Feminino;0.0;0.0;1.0;0.0;-5,76469466;-35,28295988;SPRF-RN;DEL02-RN;UOP01-DEL02-RN
462017.0;998553.0;2022-07-16;sábado;13:20:00;RN;101.0;81;NATAL;Não;Condutor deixou de manter distância do veículo da frente;2;Queda de ocupante de veículo;Com Vítimas Feridas;Pleno dia;Crescente;Céu Claro;Dupla;Reta;Sim;807570.0;Motocicleta;HONDA/CG 125 FAN KS;2013.0;Condutor;Lesões Graves;29.0;Masculino;0.0;0.0;1.0;0.0;-5,76469466;-35,28295988;SPRF-RN;DEL02-RN;UOP01-DEL02-RN
462017.0;998555.0;2022-07-16;sábado;13:20:00;RN;101.0;81;NATAL;Sim;Retorno proibido;2;Queda de ocupante de veículo;Com Vítimas Feridas;Pleno dia;Crescente;Céu Claro;Dupla;Reta;Sim;807568.0;Motocicleta;HONDA/CG 160 FAN;2021.0;Condutor;Lesões Graves;20.0;Masculino;0.0;0.0;1.0;0.0;-5,76469466;-35,28295988;SPRF-RN;DEL02-RN;UOP01-DEL02-RN
462017.0;998556.0;2022-07-16;sábado;13:20:00;RN;101.0;81;NATAL;Sim;Retorno proibido;2;Queda de ocupante de veículo;Com Vítimas Feridas;Pleno dia;Crescente;Céu Claro;Dupla;Reta;Sim;807568.0;Motocicleta;HONDA/CG 160 FAN;2021.0;Passageiro;Lesões Graves;17.0;Masculino;0.0;0.0;1.0;0.0;-5,76469466;-35,28295988;SPRF-RN;DEL02-RN;UOP01-DEL02-RN
462017.0;998554.0;2022-07-16;sábado;13:20:00;RN;101.0;81;NATAL;Sim;Retorno proibido;2;Queda de ocupante de veículo;Com Vítimas Feridas;Pleno dia;Crescente;Céu Claro;Dupla;Reta;Sim;807570.0;Motocicleta;HONDA/CG 125 FAN KS;2013.0;Passageiro;Lesões Graves;26.0;Feminino;0.0;0.0;1.0;0.0;-5,76469466;-35,28295988;SPRF-RN;DEL02-RN;UOP01-DEL02-RN
462017.0;998553.0;2022-07-16;sábado;13:20:00;RN;101.0;81;NATAL;Sim;Retorno proibido;2;Queda de ocupante de veículo;Com Vítimas Feridas;Pleno dia;Crescente;Céu Claro;Dupla;Reta;Sim;807570.0;Motocicleta;HONDA/CG 125 FAN KS;2013.0;Condutor;Lesões Graves;29.0;Masculino;0.0;0.0;1.0;0.0;-5,76469466;-35,28295988;SPRF-RN;DEL02-RN;UOP01-DEL02-RN
462017.0;998555.0;2022-07-16;sábado;13:20:00;RN;101.0;81;NATAL;Não;Condutor deixou de manter distância do veículo da frente;1;Tombamento;Com Vítimas Feridas;Pleno dia;Crescente;Céu Claro;Dupla;Reta;Sim;807568.0;Motocicleta;HONDA/CG 160 FAN;2021.0;Condutor;Lesões Graves;20.0;Masculino;0.0;0.0;1.0;0.0;-5,76469466;-35,28295988;SPRF-RN;DEL02-RN;UOP01-DEL02-RN
462017.0;998556.0;2022-07-16;sábado;13:20:00;RN;101.0;81;NATAL;Não;Condutor deixou de manter distância do veículo da frente;1;Tombamento;Com Vítimas Feridas;Pleno dia;Crescente;Céu Claro;Dupla;Reta;Sim;807568.0;Motocicleta;HONDA/CG 160 FAN;2021.0;Passageiro;Lesões Graves;17.0;Masculino;0.0;0.0;1.0;0.0;-5,76469466;-35,28295988;SPRF-RN;DEL02-RN;UOP01-DEL02-RN
462017.0;998554.0;2022-07-16;sábado;13:20:00;RN;101.0;81;NATAL;Não;Condutor deixou de manter distância do veículo da frente;1;Tombamento;Com Vítimas Feridas;Pleno dia;Crescente;Céu Claro;Dupla;Reta;Sim;807570.0;Motocicleta;HONDA/CG 125 FAN KS;2013.0;Passageiro;Lesões Graves;26.0;Feminino;0.0;0.0;1.0;0.0;-5,76469466;-35,28295988;SPRF-RN;DEL02-RN;UOP01-DEL02-RN
462017.0;998553.0;2022-07-16;sábado;13:20:00;RN;101.0;81;NATAL;Não;Condutor deixou de manter distância do veículo da frente;1;Tombamento;Com Vítimas Feridas;Pleno dia;Crescente;Céu Claro;Dupla;Reta;Sim;807570.0;Motocicleta;HONDA/CG 125 FAN KS;2013.0;Condutor;Lesões Graves;29.0;Masculino;0.0;0.0;1.0;0.0;-5,76469466;-35,28295988;SPRF-RN;DEL02-RN;UOP01-DEL02-RN
462017.0;998555.0;2022-07-16;sábado;13:20:00;RN;101.0;81;NATAL;Sim;Retorno proibido;1;Tombamento;Com Vítimas Feridas;Pleno dia;Crescente;Céu Claro;Dupla;Reta;Sim;807568.0;Motocicleta;HONDA/CG 160 FAN;2021.0;Condutor;Lesões Graves;20.0;Masculino;0.0;0.0;1.0;0.0;-5,76469466;-35,28295988;SPRF-RN;DEL02-RN;UOP01-DEL02-RN
462017.0;998556.0;2022-07-16;sábado;13:20:00;RN;101.0;81;NATAL;Sim;Retorno proibido;1;Tombamento;Com Vítimas Feridas;Pleno dia;Crescente;Céu Claro;Dupla;Reta;Sim;807568.0;Motocicleta;HONDA/CG 160 FAN;2021.0;Passageiro;Lesões Graves;17.0;Masculino;0.0;0.0;1.0;0.0;-5,76469466;-35,28295988;SPRF-RN;DEL02-RN;UOP01-DEL02-RN
462017.0;998554.0;2022-07-16;sábado;13:20:00;RN;101.0;81;NATAL;Sim;Retorno proibido;1;Tombamento;Com Vítimas Feridas;Pleno dia;Crescente;Céu Claro;Dupla;Reta;Sim;807570.0;Motocicleta;HONDA/CG 125 FAN KS;2013.0;Passageiro;Lesões Graves;26.0;Feminino;0.0;0.0;1.0;0.0;-5,76469466;-35,28295988;SPRF-RN;DEL02-RN;UOP01-DEL02-RN
462017.0;998553.0;2022-07-16;sábado;13:20:00;RN;101.0;81;NATAL;Sim;Retorno proibido;1;Tombamento;Com Vítimas Feridas;Pleno dia;Crescente;Céu Claro;Dupla;Reta;Sim;807570.0;Motocicleta;HONDA/CG 125 FAN KS;2013.0;Condutor;Lesões Graves;29.0;Masculino;0.0;0.0;1.0;0.0;-5,76469466;-35,28295988;SPRF-RN;DEL02-RN;UOP01-DEL02-RN
462051.0;998647.0;2022-07-16;sábado;18:20:00;RN;101.0;77;NATAL;Não;Chuva;3;Queda de ocupante de veículo;Com Vítimas Feridas;Anoitecer;Crescente;Chuva;Dupla;Reta;Sim;807642.0;Motocicleta;HONDA/CG 160 FAN;2019.0;Passageiro;Lesões Leves;52.0;Feminino;0.0;1.0;0.0;0.0;-5,73180495;-35,29112135;SPRF-RN;DEL02-RN;UOP01-DEL02-RN
462051.0;998643.0;2022-07-16;sábado;18:20:00;RN;101.0;77;NATAL;Não;Chuva;3;Queda de ocupante de veículo;Com Vítimas Feridas;Anoitecer;Crescente;Chuva;Dupla;Reta;Sim;807642.0;Motocicleta;HONDA/CG 160 FAN;2019.0;Condutor;Lesões Leves;28.0;Masculino;0.0;1.0;0.0;0.0;-5,73180495;-35,29112135;SPRF-RN;DEL02-RN;UOP01-DEL02-RN
462051.0;998666.0;2022-07-16;sábado;18:20:00;RN;101.0;77;NATAL;Não;Chuva;3;Queda de ocupante de veículo;Com Vítimas Feridas;Anoitecer;Crescente;Chuva;Dupla;Reta;Sim;807643.0;Automóvel;CHEVROLET/ONIX 10MT JOYE;2016.0;Condutor;Ileso;57.0;Masculino;1.0;0.0;0.0;0.0;-5,73180495;-35,29112135;SPRF-RN;DEL02-RN;UOP01-DEL02-RN
462051.0;998647.0;2022-07-16;sábado;18:20:00;RN;101.0;77;NATAL;Sim;Acessar a via sem observar a presença dos outros veículos;3;Queda de ocupante de veículo;Com Vítimas Feridas;Anoitecer;Crescente;Chuva;Dupla;Reta;Sim;807642.0;Motocicleta;HONDA/CG 160 FAN;2019.0;Passageiro;Lesões Leves;52.0;Feminino;0.0;1.0;0.0;0.0;-5,73180495;-35,29112135;SPRF-RN;DEL02-RN;UOP01-DEL02-RN
462051.0;998643.0;2022-07-16;sábado;18:20:00;RN;101.0;77;NATAL;Sim;Acessar a via sem observar a presença dos outros veículos;3;Queda de ocupante de veículo;Com Vítimas Feridas;Anoitecer;Crescente;Chuva;Dupla;Reta;Sim;807642.0;Motocicleta;HONDA/CG 160 FAN;2019.0;Condutor;Lesões Leves;28.0;Masculino;0.0;1.0;0.0;0.0;-5,73180495;-35,29112135;SPRF-RN;DEL02-RN;UOP01-DEL02-RN
462051.0;998666.0;2022-07-16;sábado;18:20:00;RN;101.0;77;NATAL;Sim;Acessar a via sem observar a presença dos outros veículos;3;Queda de ocupante de veículo;Com Vítimas Feridas;Anoitecer;Crescente;Chuva;Dupla;Reta;Sim;807643.0;Automóvel;CHEVROLET/ONIX 10MT JOYE;2016.0;Condutor;Ileso;57.0;Masculino;1.0;0.0;0.0;0.0;-5,73180495;-35,29112135;SPRF-RN;DEL02-RN;UOP01-DEL02-RN
462051.0;998647.0;2022-07-16;sábado;18:20:00;RN;101.0;77;NATAL;Não;Chuva;2;Tombamento;Com Vítimas Feridas;Anoitecer;Crescente;Chuva;Dupla;Reta;Sim;807642.0;Motocicleta;HONDA/CG 160 FAN;2019.0;Passageiro;Lesões Leves;52.0;Feminino;0.0;1.0;0.0;0.0;-5,73180495;-35,29112135;SPRF-RN;DEL02-RN;UOP01-DEL02-RN
462051.0;998643.0;2022-07-16;sábado;18:20:00;RN;101.0;77;NATAL;Não;Chuva;2;Tombamento;Com Vítimas Feridas;Anoitecer;Crescente;Chuva;Dupla;Reta;Sim;807642.0;Motocicleta;HONDA/CG 160 FAN;2019.0;Condutor;Lesões Leves;28.0;Masculino;0.0;1.0;0.0;0.0;-5,73180495;-35,29112135;SPRF-RN;DEL02-RN;UOP01-DEL02-RN
462051.0;998666.0;2022-07-16;sábado;18:20:00;RN;101.0;77;NATAL;Não;Chuva;2;Tombamento;Com Vítimas Feridas;Anoitecer;Crescente;Chuva;Dupla;Reta;Sim;807643.0;Automóvel;CHEVROLET/ONIX 10MT JOYE;2016.0;Condutor;Ileso;57.0;Masculino;1.0;0.0;0.0;0.0;-5,73180495;-35,29112135;SPRF-RN;DEL02-RN;UOP01-DEL02-RN
462051.0;998647.0;2022-07-16;sábado;18:20:00;RN;101.0;77;NATAL;Sim;Acessar a via sem observar a presença dos outros veículos;2;Tombamento;Com Vítimas Feridas;Anoitecer;Crescente;Chuva;Dupla;Reta;Sim;807642.0;Motocicleta;HONDA/CG 160 FAN;2019.0;Passageiro;Lesões Leves;52.0;Feminino;0.0;1.0;0.0;0.0;-5,73180495;-35,29112135;SPRF-RN;DEL02-RN;UOP01-DEL02-RN
462051.0;998643.0;2022-07-16;sábado;18:20:00;RN;101.0;77;NATAL;Sim;Acessar a via sem observar a presença dos outros veículos;2;Tombamento;Com Vítimas Feridas;Anoitecer;Crescente;Chuva;Dupla;Reta;Sim;807642.0;Motocicleta;HONDA/CG 160 FAN;2019.0;Condutor;Lesões Leves;28.0;Masculino;0.0;1.0;0.0;0.0;-5,73180495;-35,29112135;SPRF-RN;DEL02-RN;UOP01-DEL02-RN
462051.0;998666.0;2022-07-16;sábado;18:20:00;RN;101.0;77;NATAL;Sim;Acessar a via sem observar a presença dos outros veículos;2;Tombamento;Com Vítimas Feridas;Anoitecer;Crescente;Chuva;Dupla;Reta;Sim;807643.0;Automóvel;CHEVROLET/ONIX 10MT JOYE;2016.0;Condutor;Ileso;57.0;Masculino;1.0;0.0;0.0;0.0;-5,73180495;-35,29112135;SPRF-RN;DEL02-RN;UOP01-DEL02-RN
462051.0;998647.0;2022-07-16;sábado;18:20:00;RN;101.0;77;NATAL;Não;Chuva;1;Colisão transversal;Com Vítimas Feridas;Anoitecer;Crescente;Chuva;Dupla;Reta;Sim;807642.0;Motocicleta;HONDA/CG 160 FAN;2019.0;Passageiro;Lesões Leves;52.0;Feminino;0.0;1.0;0.0;0.0;-5,73180495;-35,29112135;SPRF-RN;DEL02-RN;UOP01-DEL02-RN
462051.0;998643.0;2022-07-16;sábado;18:20:00;RN;101.0;77;NATAL;Não;Chuva;1;Colisão transversal;Com Vítimas Feridas;Anoitecer;Crescente;Chuva;Dupla;Reta;Sim;807642.0;Motocicleta;HONDA/CG 160 FAN;2019.0;Condutor;Lesões Leves;28.0;Masculino;0.0;1.0;0.0;0.0;-5,73180495;-35,29112135;SPRF-RN;DEL02-RN;UOP01-DEL02-RN
462051.0;998666.0;2022-07-16;sábado;18:20:00;RN;101.0;77;NATAL;Não;Chuva;1;Colisão transversal;Com Vítimas Feridas;Anoitecer;Crescente;Chuva;Dupla;Reta;Sim;807643.0;Automóvel;CHEVROLET/ONIX 10MT JOYE;2016.0;Condutor;Ileso;57.0;Masculino;1.0;0.0;0.0;0.0;-5,73180495;-35,29112135;SPRF-RN;DEL02-RN;UOP01-DEL02-RN
462051.0;998647.0;2022-07-16;sábado;18:20:00;RN;101.0;77;NATAL;Sim;Acessar a via sem observar a presença dos outros veículos;1;Colisão transversal;Com Vítimas Feridas;Anoitecer;Crescente;Chuva;Dupla;Reta;Sim;807642.0;Motocicleta;HONDA/CG 160 FAN;2019.0;Passageiro;Lesões Leves;52.0;Feminino;0.0;1.0;0.0;0.0;-5,73180495;-35,29112135;SPRF-RN;DEL02-RN;UOP01-DEL02-RN
462051.0;998643.0;2022-07-16;sábado;18:20:00;RN;101.0;77;NATAL;Sim;Acessar a via sem observar a presença dos outros veículos;1;Colisão transversal;Com Vítimas Feridas;Anoitecer;Crescente;Chuva;Dupla;Reta;Sim;807642.0;Motocicleta;HONDA/CG 160 FAN;2019.0;Condutor;Lesões Leves;28.0;Masculino;0.0;1.0;0.0;0.0;-5,73180495;-35,29112135;SPRF-RN;DEL02-RN;UOP01-DEL02-RN
462051.0;998666.0;2022-07-16;sábado;18:20:00;RN;101.0;77;NATAL;Sim;Acessar a via sem observar a presença dos outros veículos;1;Colisão transversal;Com Vítimas Feridas;Anoitecer;Crescente;Chuva;Dupla;Reta;Sim;807643.0;Automóvel;CHEVROLET/ONIX 10MT JOYE;2016.0;Condutor;Ileso;57.0;Masculino;1.0;0.0;0.0;0.0;-5,73180495;-35,29112135;SPRF-RN;DEL02-RN;UOP01-DEL02-RN
462308.0;999416.0;2022-07-17;domingo;21:55:00;RN;101.0;99;NATAL;Sim;Ingestão de álcool pelo condutor;1;Colisão transversal;Com Vítimas Feridas;Plena Noite;Crescente;Céu Claro;Simples;Reta;Sim;808171.0;Automóvel;CHEV/CELTA 1.0L LT ADVAN;2013.0;Passageiro;Ileso;28.0;Feminino;1.0;0.0;0.0;0.0;-5,87359183;-35,22063023;SPRF-RN;DEL01-RN;UOP01-DEL01-RN
462308.0;999414.0;2022-07-17;domingo;21:55:00;RN;101.0;99;NATAL;Sim;Ingestão de álcool pelo condutor;1;Colisão transversal;Com Vítimas Feridas;Plena Noite;Crescente;Céu Claro;Simples;Reta;Sim;808171.0;Automóvel;CHEV/CELTA 1.0L LT ADVAN;2013.0;Condutor;Ileso;29.0;Masculino;1.0;0.0;0.0;0.0;-5,87359183;-35,22063023;SPRF-RN;DEL01-RN;UOP01-DEL01-RN
462308.0;999418.0;2022-07-17;domingo;21:55:00;RN;101.0;99;NATAL;Sim;Ingestão de álcool pelo condutor;1;Colisão transversal;Com Vítimas Feridas;Plena Noite;Crescente;Céu Claro;Simples;Reta;Sim;808172.0;Motocicleta;YAMAHA/XTZ150 CROSSER ED;2017.0;Passageiro;Lesões Leves;48.0;Feminino;0.0;1.0;0.0;0.0;-5,87359183;-35,22063023;SPRF-RN;DEL01-RN;UOP01-DEL01-RN
462308.0;999417.0;2022-07-17;domingo;21:55:00;RN;101.0;99;NATAL;Sim;Ingestão de álcool pelo condutor;1;Colisão transversal;Com Vítimas Feridas;Plena Noite;Crescente;Céu Claro;Simples;Reta;Sim;808172.0;Motocicleta;YAMAHA/XTZ150 CROSSER ED;2017.0;Condutor;Lesões Leves;54.0;Masculino;0.0;1.0;0.0;0.0;-5,87359183;-35,22063023;SPRF-RN;DEL01-RN;UOP01-DEL01-RN
462308.0;999419.0;2022-07-17;domingo;21:55:00;RN;101.0;99;NATAL;Sim;Ingestão de álcool pelo condutor;1;Colisão transversal;Com Vítimas Feridas;Plena Noite;Crescente;Céu Claro;Simples;Reta;Sim;;;NA/NA;;Testemunha;Não Informado;;Não Informado;0.0;0.0;0.0;0.0;-5,87359183;-35,22063023;SPRF-RN;DEL01-RN;UOP01-DEL01-RN
462389.0;999908.0;2022-07-18;segunda-feira;09:10:00;RN;101.0;94,9;NATAL;Sim;Condutor deixou de manter distância do veículo da frente;2;Queda de ocupante de veículo;Com Vítimas Feridas;Pleno dia;Decrescente;Céu Claro;Múltipla;Reta;Sim;808525.0;Automóvel;VW/FOX 1.0;2008.0;Condutor;Ileso;38.0;Masculino;1.0;0.0;0.0;0.0;-5,838149;-35,21121383;SPRF-RN;DEL01-RN;UOP01-DEL01-RN
462389.0;999909.0;2022-07-18;segunda-feira;09:10:00;RN;101.0;94,9;NATAL;Sim;Condutor deixou de manter distância do veículo da frente;2;Queda de ocupante de veículo;Com Vítimas Feridas;Pleno dia;Decrescente;Céu Claro;Múltipla;Reta;Sim;808526.0;Automóvel;FIAT/ARGO DRIVE 1.0;2018.0;Condutor;Ileso;38.0;Masculino;1.0;0.0;0.0;0.0;-5,838149;-35,21121383;SPRF-RN;DEL01-RN;UOP01-DEL01-RN
462389.0;1001753.0;2022-07-18;segunda-feira;09:10:00;RN;101.0;94,9;NATAL;Sim;Condutor deixou de manter distância do veículo da frente;2;Queda de ocupante de veículo;Com Vítimas Feridas;Pleno dia;Decrescente;Céu Claro;Múltipla;Reta;Sim;809997.0;Motocicleta;HONDA/CG 160 TITAN;2022.0;Passageiro;Lesões Leves;28.0;Feminino;0.0;1.0;0.0;0.0;-5,838149;-35,21121383;SPRF-RN;DEL01-RN;UOP01-DEL01-RN
462389.0;1001752.0;2022-07-18;segunda-feira;09:10:00;RN;101.0;94,9;NATAL;Sim;Condutor deixou de manter distância do veículo da frente;2;Queda de ocupante de veículo;Com Vítimas Feridas;Pleno dia;Decrescente;Céu Claro;Múltipla;Reta;Sim;809997.0;Motocicleta;HONDA/CG 160 TITAN;2022.0;Condutor;Lesões Leves;28.0;Masculino;0.0;1.0;0.0;0.0;-5,838149;-35,21121383;SPRF-RN;DEL01-RN;UOP01-DEL01-RN
462389.0;999908.0;2022-07-18;segunda-feira;09:10:00;RN;101.0;94,9;NATAL;Sim;Condutor deixou de manter distância do veículo da frente;1;Colisão traseira;Com Vítimas Feridas;Pleno dia;Decrescente;Céu Claro;Múltipla;Reta;Sim;808525.0;Automóvel;VW/FOX 1.0;2008.0;Condutor;Ileso;38.0;Masculino;1.0;0.0;0.0;0.0;-5,838149;-35,21121383;SPRF-RN;DEL01-RN;UOP01-DEL01-RN
462389.0;999909.0;2022-07-18;segunda-feira;09:10:00;RN;101.0;94,9;NATAL;Sim;Condutor deixou de manter distância do veículo da frente;1;Colisão traseira;Com Vítimas Feridas;Pleno dia;Decrescente;Céu Claro;Múltipla;Reta;Sim;808526.0;Automóvel;FIAT/ARGO DRIVE 1.0;2018.0;Condutor;Ileso;38.0;Masculino;1.0;0.0;0.0;0.0;-5,838149;-35,21121383;SPRF-RN;DEL01-RN;UOP01-DEL01-RN
462389.0;1001753.0;2022-07-18;segunda-feira;09:10:00;RN;101.0;94,9;NATAL;Sim;Condutor deixou de manter distância do veículo da frente;1;Colisão traseira;Com Vítimas Feridas;Pleno dia;Decrescente;Céu Claro;Múltipla;Reta;Sim;809997.0;Motocicleta;HONDA/CG 160 TITAN;2022.0;Passageiro;Lesões Leves;28.0;Feminino;0.0;1.0;0.0;0.0;-5,838149;-35,21121383;SPRF-RN;DEL01-RN;UOP01-DEL01-RN
462389.0;1001752.0;2022-07-18;segunda-feira;09:10:00;RN;101.0;94,9;NATAL;Sim;Condutor deixou de manter distância do veículo da frente;1;Colisão traseira;Com Vítimas Feridas;Pleno dia;Decrescente;Céu Claro;Múltipla;Reta;Sim;809997.0;Motocicleta;HONDA/CG 160 TITAN;2022.0;Condutor;Lesões Leves;28.0;Masculino;0.0;1.0;0.0;0.0;-5,838149;-35,21121383;SPRF-RN;DEL01-RN;UOP01-DEL01-RN