id;pesid;data_inversa;dia_semana;horario;uf;br;km;municipio;causa_principal;causa_acidente;ordem_tipo_acidente;tipo_acidente;classificacao_acidente;fase_dia;sentido_via;condicao_metereologica;tipo_pista;tracado_via;uso_solo;id_veiculo;tipo_veiculo;marca;ano_fabricacao_veiculo;tipo_envolvido;estado_fisico;idade;sexo;ilesos;feridos_leves;feridos_graves;mortos;latitude;longitude;regional;delegacia;uop
463134.0;1001386.0;2022-07-22;sexta-feira;07:00:00;RN;101.0;81,7;NATAL;Sim;Ausência de reação do condutor;1;Colisão traseira;Com Vítimas Feridas;Pleno dia;Crescente;Nublado;Simples;Reta;Sim;809665.0;Automóvel;VW/GOL 1.6;1999.0;Condutor;Ileso;42.0;Masculino;1.0;0.0;0.0;0.0;-5,76469466;-35,28295988;SPRF-RN;DEL02-RN;UOP01-DEL02-RN
463134.0;1001389.0;2022-07-22;sexta-feira;07:00:00;RN;101.0;81,7;NATAL;Sim;Ausência de reação do condutor;1;Colisão traseira;Com Vítimas Feridas;Pleno dia;Crescente;Nublado;Simples;Reta;Sim;809706.0;Motocicleta;YAMAHA/YS150 FAZER SED;2014.0;Condutor;Lesões Leves;53.0;Masculino;0.0;1.0;0.0;0.0;-5,76469466;-35,28295988;SPRF-RN;DEL02-RN;UOP01-DEL02-RN
463180.0;1001401.0;2022-07-21;quinta-feira;09:00:00;RN;;;NATAL;Não;Demais falhas na via;1;Colisão lateral mesmo sentido;Sem Vítimas;Pleno dia;Não Informado;Chuva;Dupla;Reta;Sim;809719.0;Automóvel;VW/GOL 1.0L MC4;2021.0;Condutor;Ileso;22.0;Masculino;1.0;0.0;0.0;0.0;-5,82785995;-35,20517349;SPRF-RN;DEL01-RN;
463180.0;1001405.0;2022-07-21;quinta-feira;09:00:00;RN;;;NATAL;Não;Demais falhas na via;1;Colisão lateral mesmo sentido;Sem Vítimas;Pleno dia;Não Informado;Chuva;Dupla;Reta;Sim;809719.0;Automóvel;VW/GOL 1.0L MC4;2021.0;Passageiro;Ileso;28.0;Masculino;1.0;0.0;0.0;0.0;-5,82785995;-35,20517349;SPRF-RN;DEL01-RN;
463180.0;1001400.0;2022-07-21;quinta-feira;09:00:00;RN;;;NATAL;Não;Demais falhas na via;1;Colisão lateral mesmo sentido;Sem Vítimas;Pleno dia;Não Informado;Chuva;Dupla;Reta;Sim;809718.0;Utilitário;CHEV/TRAILBLAZER LT D4A;2017.0;Passageiro;Ileso;35.0;Masculino;1.0;0.0;0.0;0.0;-5,82785995;-35,20517349;SPRF-RN;DEL01-RN;
463180.0;1001399.0;2022-07-21;quinta-feira;09:00:00;RN;;;NATAL;Não;Demais falhas na via;1;Colisão lateral mesmo sentido;Sem Vítimas;Pleno dia;Não Informado;Chuva;Dupla;Reta;Sim;809718.0;Utilitário;CHEV/TRAILBLAZER LT D4A;2017.0;Condutor;Ileso;40.0;Masculino;1.0;0.0;0.0;0.0;-5,82785995;-35,20517349;SPRF-RN;DEL01-RN;
463180.0;1001401.0;2022-07-21;quinta-feira;09:00:00;RN;;;NATAL;Sim;Manobra de mudança de faixa;1;Colisão lateral mesmo sentido;Sem Vítimas;Pleno dia;Não Informado;Chuva;Dupla;Reta;Sim;809719.0;Automóvel;VW/GOL 1.0L MC4;2021.0;Condutor;Ileso;22.0;Masculino;1.0;0.0;0.0;0.0;-5,82785995;-35,20517349;SPRF-RN;DEL01-RN;
463180.0;1001405.0;2022-07-21;quinta-feira;09:00:00;RN;;;NATAL;Sim;Manobra de mudança de faixa;1;Colisão lateral mesmo sentido;Sem Vítimas;Pleno dia;Não Informado;Chuva;Dupla;Reta;Sim;809719.0;Automóvel;VW/GOL 1.0L MC4;2021.0;Passageiro;Ileso;28.0;Masculino;1.0;0.0;0.0;0.0;-5,82785995;-35,20517349;SPRF-RN;DEL01-RN;
463180.0;1001400.0;2022-07-21;quinta-feira;09:00:00;RN;;;NATAL;Sim;Manobra de mudança de faixa;1;Colisão lateral mesmo sentido;Sem Vítimas;Pleno dia;Não Informado;Chuva;Dupla;Reta;Sim;809718.0;Utilitário;CHEV/TRAILBLAZER LT D4A;2017.0;Passageiro;Ileso;35.0;Masculino;1.0;0.0;0.0;0.0;-5,82785995;-35,20517349;SPRF-RN;DEL01-RN;
463180.0;1001399.0;2022-07-21;quinta-feira;09:00:00;RN;;;NATAL;Sim;Manobra de mudança de faixa;1;Colisão lateral mesmo sentido;Sem Vítimas;Pleno dia;Não Informado;Chuva;Dupla;Reta;Sim;809718.0;Utilitário;CHEV/TRAILBLAZER LT D4A;2017.0;Condutor;Ileso;40.0;Masculino;1.0;0.0;0.0;0.0;-5,82785995;-35,20517349;SPRF-RN;DEL01-RN;
463452.0;1002049.0;2022-07-23;sábado;11:45:00;RN;101.0;85;NATAL;Sim;Condutor deixou de manter distância do veículo da frente;1;Colisão traseira;Com Vítimas Feridas;Pleno dia;Decrescente;Céu Claro;Dupla;Reta;Sim;810251.0;Automóvel;HONDA/FIT LX FLEX;2013.0;Condutor;Ileso;65.0;Masculino;1.0;0.0;0.0;0.0;-5,777664;-35,24937;SPRF-RN;DEL02-RN;UOP01-DEL02-RN
463452.0;1002050.0;2022-07-23;sábado;11:45:00;RN;101.0;85;NATAL;Sim;Condutor deixou de manter distância do veículo da frente;1;Colisão traseira;Com Vítimas Feridas;Pleno dia;Decrescente;Céu Claro;Dupla;Reta;Sim;810252.0;Motocicleta;HONDA/CG150 FAN ESDI;2011.0;Condutor;Lesões Leves;42.0;Masculino;0.0;1.0;0.0;0.0;-5,777664;-35,24937;SPRF-RN;DEL02-RN;UOP01-DEL02-RN
463989.0;1003450.0;2022-07-25;segunda-feira;16:10:00;RN;101.0;77,7;NATAL;Sim;Desrespeitar a preferência no cruzamento;2;Tombamento;Com Vítimas Feridas;Pleno dia;Decrescente;Céu Claro;Dupla;Interseção de Vias;Sim;811279.0;Automóvel;CHEVROLET/ONIX 10MT JOYE;2017.0;Condutor;Ileso;48.0;Masculino;1.0;0.0;0.0;0.0;-5,73180495;-35,29112135;SPRF-RN;DEL02-RN;UOP01-DEL02-RN
463989.0;1003445.0;2022-07-25;segunda-feira;16:10:00;RN;101.0;77,7;NATAL;Sim;Desrespeitar a preferência no cruzamento;2;Tombamento;Com Vítimas Feridas;Pleno dia;Decrescente;Céu Claro;Dupla;Interseção de Vias;Sim;811278.0;Motocicleta;HONDA/CG 125 FAN KS;2012.0;Condutor;Lesões Leves;25.0;Masculino;0.0;1.0;0.0;0.0;-5,73180495;-35,29112135;SPRF-RN;DEL02-RN;UOP01-DEL02-RN
463989.0;1003450.0;2022-07-25;segunda-feira;16:10:00;RN;101.0;77,7;NATAL;Sim;Desrespeitar a preferência no cruzamento;1;Colisão transversal;Com Vítimas Feridas;Pleno dia;Decrescente;Céu Claro;Dupla;Interseção de Vias;Sim;811279.0;Automóvel;CHEVROLET/ONIX 10MT JOYE;2017.0;Condutor;Ileso;48.0;Masculino;1.0;0.0;0.0;0.0;-5,73180495;-35,29112135;SPRF-RN;DEL02-RN;UOP01-DEL02-RN
463989.0;1003445.0;2022-07-25;segunda-feira;16:10:00;RN;101.0;77,7;NATAL;Sim;Desrespeitar a preferência no cruzamento;1;Colisão transversal;Com Vítimas Feridas;Pleno dia;Decrescente;Céu Claro;Dupla;Interseção de Vias;Sim;811278.0;Motocicleta;HONDA/CG 125 FAN KS;2012.0;Condutor;Lesões Leves;25.0;Masculino;0.0;1.0;0.0;0.0;-5,73180495;-35,29112135;SPRF-RN;DEL02-RN;UOP01-DEL02-RN
464087.0;1005592.0;2022-07-26;terça-feira;08:35:00;RN;101.0;98;NATAL;Sim;Condutor deixou de manter distância do veículo da frente;1;Colisão traseira;Com Vítimas Feridas;Pleno dia;Decrescente;Céu Claro;Dupla;Reta;Sim;811670.0;Automóvel;Não Informado/Não Informado;0.0;Condutor;Ileso;;Masculino;1.0;0.0;0.0;0.0;-5,86567888;-35,21651625;SPRF-RN;DEL01-RN;UOP01-DEL01-RN
464087.0;1003966.0;2022-07-26;terça-feira;08:35:00;RN;101.0;98;NATAL;Sim;Condutor deixou de manter distância do veículo da frente;1;Colisão traseira;Com Vítimas Feridas;Pleno dia;Decrescente;Céu Claro;Dupla;Reta;Sim;811672.0;Automóvel;TOYOTA/COROLLA GLI 20;2019.0;Condutor;Lesões Leves;27.0;Masculino;0.0;1.0;0.0;0.0;-5,86567888;-35,21651625;SPRF-RN;DEL01-RN;UOP01-DEL01-RN
464087.0;1003965.0;2022-07-26;terça-feira;08:35:00;RN;101.0;98;NATAL;Sim;Condutor deixou de manter distância do veículo da frente;1;Colisão traseira;Com Vítimas Feridas;Pleno dia;Decrescente;Céu Claro;Dupla;Reta;Sim;811671.0;Automóvel;CHEVROLET/ONIX 1.0MT LT;2017.0;Condutor;Ileso;36.0;Masculino;1.0;0.0;0.0;0.0;-5,86567888;-35,21651625;SPRF-RN;DEL01-RN;UOP01-DEL01-RN
464598.0;1005032.0;2022-07-29;sexta-feira;07:19:00;RN;101.0;96;NATAL;Sim;Condutor deixou de manter distância do veículo da frente;3;Queda de ocupante de veículo;Com Vítimas Feridas;Pleno dia;Decrescente;Sol;Dupla;Reta;Sim;812535.0;Motocicleta;HONDA/CG 125 FAN;2008.0;Condutor;Lesões Leves;36.0;Masculino;0.0;1.0;0.0;0.0;-5,84949622;-35,20890752;SPRF-RN;DEL01-RN;UOP01-DEL01-RN
464598.0;1005036.0;2022-07-29;sexta-feira;07:19:00;RN;101.0;96;NATAL;Sim;Condutor deixou de manter distância do veículo da frente;3;Queda de ocupante de veículo;Com Vítimas Feridas;Pleno dia;Decrescente;Sol;Dupla;Reta;Sim;812536.0;Automóvel;FIAT/MOBI LIKE;2018.0;Condutor;Ileso;64.0;Masculino;1.0;0.0;0.0;0.0;-5,84949622;-35,20890752;SPRF-RN;DEL01-RN;UOP01-DEL01-RN
464598.0;1005032.0;2022-07-29;sexta-feira;07:19:00;RN;101.0;96;NATAL;Não;Ausência de reação do condutor;3;Queda de ocupante de veículo;Com Vítimas Feridas;Pleno dia;Decrescente;Sol;Dupla;Reta;Sim;812535.0;Motocicleta;HONDA/CG 125 FAN;2008.0;Condutor;Lesões Leves;36.0;Masculino;0.0;1.0;0.0;0.0;-5,84949622;-35,20890752;SPRF-RN;DEL01-RN;UOP01-DEL01-RN
464598.0;1005036.0;2022-07-29;sexta-feira;07:19:00;RN;101.0;96;NATAL;Não;Ausência de reação do condutor;3;Queda de ocupante de veículo;Com Vítimas Feridas;Pleno dia;Decrescente;Sol;Dupla;Reta;Sim;812536.0;Automóvel;FIAT/MOBI LIKE;2018.0;Condutor;Ileso;64.0;Masculino;1.0;0.0;0.0;0.0;-5,84949622;-35,20890752;SPRF-RN;DEL01-RN;UOP01-DEL01-RN
464598.0;1005032.0;2022-07-29;sexta-feira;07:19:00;RN;101.0;96;NATAL;Não;Avarias e/ou desgaste excessivo no pneu;3;Queda de ocupante de veículo;Com Vítimas Feridas;Pleno dia;Decrescente;Sol;Dupla;Reta;Sim;812535.0;Motocicleta;HONDA/CG 125 FAN;2008.0;Condutor;Lesões Leves;36.0;Masculino;0.0;1.0;0.0;0.0;-5,84949622;-35,20890752;SPRF-RN;DEL01-RN;UOP01-DEL01-RN
464598.0;1005036.0;2022-07-29;sexta-feira;07:19:00;RN;101.0;96;NATAL;Não;Avarias e/ou desgaste excessivo no pneu;3;Queda de ocupante de veículo;Com Vítimas Feridas;Pleno dia;Decrescente;Sol;Dupla;Reta;Sim;812536.0;Automóvel;FIAT/MOBI LIKE;2018.0;Condutor;Ileso;64.0;Masculino;1.0;0.0;0.0;0.0;-5,84949622;-35,20890752;SPRF-RN;DEL01-RN;UOP01-DEL01-RN
464598.0;1005032.0;2022-07-29;sexta-feira;07:19:00;RN;101.0;96;NATAL;Sim;Condutor deixou de manter distância do veículo da frente;2;Tombamento;Com Vítimas Feridas;Pleno dia;Decrescente;Sol;Dupla;Reta;Sim;812535.0;Motocicleta;HONDA/CG 125 FAN;2008.0;Condutor;Lesões Leves;36.0;Masculino;0.0;1.0;0.0;0.0;-5,84949622;-35,20890752;SPRF-RN;DEL01-RN;UOP01-DEL01-RN
464598.0;1005036.0;2022-07-29;sexta-feira;07:19:00;RN;101.0;96;NATAL;Sim;Condutor deixou de manter distância do veículo da frente;2;Tombamento;Com Vítimas Feridas;Pleno dia;Decrescente;Sol;Dupla;Reta;Sim;812536.0;Automóvel;FIAT/MOBI LIKE;2018.0;Condutor;Ileso;64.0;Masculino;1.0;0.0;0.0;0.0;-5,84949622;-35,20890752;SPRF-RN;DEL01-RN;UOP01-DEL01-RN
464598.0;1005032.0;2022-07-29;sexta-feira;07:19:00;RN;101.0;96;NATAL;Não;Ausência de reação do condutor;2;Tombamento;Com Vítimas Feridas;Pleno dia;Decrescente;Sol;Dupla;Reta;Sim;812535.0;Motocicleta;HONDA/CG 125 FAN;2008.0;Condutor;Lesões Leves;36.0;Masculino;0.0;1.0;0.0;0.0;-5,84949622;-35,20890752;SPRF-RN;DEL01-RN;UOP01-DEL01-RN
464598.0;1005036.0;2022-07-29;sexta-feira;07:19:00;RN;101.0;96;NATAL;Não;Ausência de reação do condutor;2;Tombamento;Com Vítimas Feridas;Pleno dia;Decrescente;Sol;Dupla;Reta;Sim;812536.0;Automóvel;FIAT/MOBI LIKE;2018.0;Condutor;Ileso;64.0;Masculino;1.0;0.0;0.0;0.0;-5,84949622;-35,20890752;SPRF-RN;DEL01-RN;UOP01-DEL01-RN
464598.0;1005032.0;2022-07-29;sexta-feira;07:19:00;RN;101.0;96;NATAL;Não;Avarias e/ou desgaste excessivo no pneu;2;Tombamento;Com Vítimas Feridas;Pleno dia;Decrescente;Sol;Dupla;Reta;Sim;812535.0;Motocicleta;HONDA/CG 125 FAN;2008.0;Condutor;Lesões Leves;36.0;Masculino;0.0;1.0;0.0;0.0;-5,84949622;-35,20890752;SPRF-RN;DEL01-RN;UOP01-DEL01-RN
464598.0;1005036.0;2022-07-29;sexta-feira;07:19:00;RN;101.0;96;NATAL;Não;Avarias e/ou desgaste excessivo no pneu;2;Tombamento;Com Vítimas Feridas;Pleno dia;Decrescente;Sol;Dupla;Reta;Sim;812536.0;Automóvel;FIAT/MOBI LIKE;2018.0;Condutor;Ileso;64.0;Masculino;1.0;0.0;0.0;0.0;-5,84949622;-35,20890752;SPRF-RN;DEL01-RN;UOP01-DEL01-RN
464598.0;1005032.0;2022-07-29;sexta-feira;07:19:00;RN;101.0;96;NATAL;Sim;Condutor deixou de manter distância do veículo da frente;1;Colisão traseira;Com Vítimas Feridas;Pleno dia;Decrescente;Sol;Dupla;Reta;Sim;812535.0;Motocicleta;HONDA/CG 125 FAN;2008.0;Condutor;Lesões Leves;36.0;Masculino;0.0;1.0;0.0;0.0;-5,84949622;-35,20890752;SPRF-RN;DEL01-RN;UOP01-DEL01-RN
464598.0;1005036.0;2022-07-29;sexta-feira;07:19:00;RN;101.0;96;NATAL;Sim;Condutor deixou de manter distância do veículo da frente;1;Colisão traseira;Com Vítimas Feridas;Pleno dia;Decrescente;Sol;Dupla;Reta;Sim;812536.0;Automóvel;FIAT/MOBI LIKE;2018.0;Condutor;Ileso;64.0;Masculino;1.0;0.0;0.0;0.0;-5,84949622;-35,20890752;SPRF-RN;DEL01-RN;UOP01-DEL01-RN
464598.0;1005032.0;2022-07-29;sexta-feira;07:19:00;RN;101.0;96;NATAL;Não;Ausência de reação do condutor;1;Colisão traseira;Com Vítimas Feridas;Pleno dia;Decrescente;Sol;Dupla;Reta;Sim;812535.0;Motocicleta;HONDA/CG 125 FAN;2008.0;Condutor;Lesões Leves;36.0;Masculino;0.0;1.0;0.0;0.0;-5,84949622;-35,20890752;SPRF-RN;DEL01-RN;UOP01-DEL01-RN
464598.0;1005036.0;2022-07-29;sexta-feira;07:19:00;RN;101.0;96;NATAL;Não;Ausência de reação do condutor;1;Colisão traseira;Com Vítimas Feridas;Pleno dia;Decrescente;Sol;Dupla;Reta;Sim;812536.0;Automóvel;FIAT/MOBI LIKE;2018.0;Condutor;Ileso;64.0;Masculino;1.0;0.0;0.0;0.0;-5,84949622;-35,20890752;SPRF-RN;DEL01-RN;UOP01-DEL01-RN
464598.0;1005032.0;2022-07-29;sexta-feira;07:19:00;RN;101.0;96;NATAL;Não;Avarias e/ou desgaste excessivo no pneu;1;Colisão traseira;Com Vítimas Feridas;Pleno dia;Decrescente;Sol;Dupla;Reta;Sim;812535.0;Motocicleta;HONDA/CG 125 FAN;2008.0;Condutor;Lesões Leves;36.0;Masculino;0.0;1.0;0.0;0.0;-5,84949622;-35,20890752;SPRF-RN;DEL01-RN;UOP01-DEL01-RN
464598.0;1005036.0;2022-07-29;sexta-feira;07:19:00;RN;101.0;96;NATAL;Não;Avarias e/ou desgaste excessivo no pneu;1;Colisão traseira;Com Vítimas Feridas;Pleno dia;Decrescente;Sol;Dupla;Reta;Sim;812536.0;Automóvel;FIAT/MOBI LIKE;2018.0;Condutor;Ileso;64.0;Masculino;1.0;0.0;0.0;0.0;-5,84949622;-35,20890752;SPRF-RN;DEL01-RN;UOP01-DEL01-RN
465267.0;1006539.0;2022-08-01;segunda-feira;07:55:00;RN;226.0;4;NATAL;Sim;Restrição de visibilidade em curvas horizontais;2;Queda de ocupante de veículo;Com Vítimas Feridas;Pleno dia;Crescente;Céu Claro;Simples;Curva;Sim;813769.0;Automóvel;HYUNDAI/HB20 1.0M COMFOR;2017.0;Condutor;Ileso;27.0;Feminino;1.0;0.0;0.0;0.0;-5,81926781;-35,26124239;SPRF-RN;DEL01-RN;UOP02-DEL01-RN
465267.0;1006615.0;2022-08-01;segunda-feira;07:55:00;RN;226.0;4;NATAL;Sim;Restrição de visibilidade em curvas horizontais;2;Queda de ocupante de veículo;Com Vítimas Feridas;Pleno dia;Crescente;Céu Claro;Simples;Curva;Sim;813770.0;Motocicleta;YAMAHA/FAZER YS250;2008.0;Condutor;Lesões Graves;33.0;Masculino;0.0;0.0;1.0;0.0;-5,81926781;-35,26124239;SPRF-RN;DEL01-RN;UOP02-DEL01-RN
465267.0;1006539.0;2022-08-01;segunda-feira;07:55:00;RN;226.0;4;NATAL;Sim;Restrição de visibilidade em curvas horizontais;1;Colisão transversal;Com Vítimas Feridas;Pleno dia;Crescente;Céu Claro;Simples;Curva;Sim;813769.0;Automóvel;HYUNDAI/HB20 1.0M COMFOR;2017.0;Condutor;Ileso;27.0;Feminino;1.0;0.0;0.0;0.0;-5,81926781;-35,26124239;SPRF-RN;DEL01-RN;UOP02-DEL01-RN
465267.0;1006615.0;2022-08-01;segunda-feira;07:55:00;RN;226.0;4;NATAL;Sim;Restrição de visibilidade em curvas horizontais;1;Colisão transversal;Com Vítimas Feridas;Pleno dia;Crescente;Céu Claro;Simples;Curva;Sim;813770.0;Motocicleta;YAMAHA/FAZER YS250;2008.0;Condutor;Lesões Graves;33.0;Masculino;0.0;0.0;1.0;0.0;-5,81926781;-35,26124239;SPRF-RN;DEL01-RN;UOP02-DEL01-RN
465272.0;1006745.0;2022-08-01;segunda-feira;07:20:00;RN;101.0;85;NATAL;Sim;Manobra de mudança de faixa;1;Colisão lateral mesmo sentido;Com Vítimas Feridas;Pleno dia;Decrescente;Céu Claro;Dupla;Reta;Não;813911.0;Motocicleta;HONDA/CG150 FAN ESDI;2010.0;Condutor;Lesões Leves;43.0;Masculino;0.0;1.0;0.0;0.0;-5,777664;-35,24937;SPRF-RN;DEL02-RN;UOP01-DEL02-RN
465272.0;1006790.0;2022-08-01;segunda-feira;07:20:00;RN;101.0;85;NATAL;Sim;Manobra de mudança de faixa;1;Colisão lateral mesmo sentido;Com Vítimas Feridas;Pleno dia;Decrescente;Céu Claro;Dupla;Reta;Não;813956.0;Automóvel;Não Informado/Não Informado;0.0;Condutor;Ileso;;Masculino;1.0;0.0;0.0;0.0;-5,777664;-35,24937;SPRF-RN;DEL02-RN;UOP01-DEL02-RN
465428.0;1006901.0;2022-08-02;terça-feira;03:22:00;RN;226.0;1;NATAL;Sim;Ingestão de álcool pelo condutor;1;Queda de ocupante de veículo;Com Vítimas Feridas;Plena Noite;Crescente;Céu Claro;Dupla;Em Obras;Sim;814055.0;Motocicleta;YAMAHA/XTZ150 CROSSER Z;2018.0;Condutor;Lesões Graves;;Masculino;0.0;0.0;1.0;0.0;-5,80642132;-35,24167278;SPRF-RN;DEL01-RN;UOP02-DEL01-RN
465872.0;1008334.0;2022-08-04;quinta-feira;12:00:00;RN;101.0;95,1;NATAL;Sim;Demais falhas na via;1;Queda de ocupante de veículo;Com Vítimas Feridas;Pleno dia;Crescente;Sol;Múltipla;Reta;Sim;815129.0;Motocicleta;HONDA/CG 125 FAN KS;2015.0;Passageiro;Lesões Leves;23.0;Feminino;0.0;1.0;0.0;0.0;-5,84076841;-35,21035949;SPRF-RN;DEL01-RN;UOP01-DEL01-RN
465872.0;1008333.0;2022-08-04;quinta-feira;12:00:00;RN;101.0;95,1;NATAL;Sim;Demais falhas na via;1;Queda de ocupante de veículo;Com Vítimas Feridas;Pleno dia;Crescente;Sol;Múltipla;Reta;Sim;815129.0;Motocicleta;HONDA/CG 125 FAN KS;2015.0;Condutor;Lesões Leves;28.0;Masculino;0.0;1.0;0.0;0.0;-5,84076841;-35,21035949;SPRF-RN;DEL01-RN;UOP01-DEL01-RN
466060.0;1010517.0;2022-08-05;sexta-feira;11:30:00;RN;101.0;96;NATAL;Sim;Condutor deixou de manter distância do veículo da frente;1;Engavetamento;Sem Vítimas;Pleno dia;Decrescente;Céu Claro;Múltipla;Reta;Sim;816829.0;Automóvel;CITROEN/C3 90M TENDANCE;2014.0;Condutor;Ileso;30.0;Masculino;1.0;0.0;0.0;0.0;-5,85368578;-35,21092599;SPRF-RN;DEL01-RN;UOP01-DEL01-RN
466060.0;1010527.0;2022-08-05;sexta-feira;11:30:00;RN;101.0;96;NATAL;Sim;Condutor deixou de manter distância do veículo da frente;1;Engavetamento;Sem Vítimas;Pleno dia;Decrescente;Céu Claro;Múltipla;Reta;Sim;816832.0;Utilitário;JEEP/COMPASS LONGITUDE D;2017.0;Condutor;Ileso;41.0;Masculino;1.0;0.0;0.0;0.0;-5,85368578;-35,21092599;SPRF-RN;DEL01-RN;UOP01-DEL01-RN
466060.0;1010519.0;2022-08-05;sexta-feira;11:30:00;RN;101.0;96;NATAL;Sim;Condutor deixou de manter distância do veículo da frente;1;Engavetamento;Sem Vítimas;Pleno dia;Decrescente;Céu Claro;Múltipla;Reta;Sim;816830.0;Automóvel;HYUNDAI/HB20 10M VISION;2022.0;Passageiro;Ileso;62.0;Masculino;1.0;0.0;0.0;0.0;-5,85368578;-35,21092599;SPRF-RN;DEL01-RN;UOP01-DEL01-RN
466060.0;1010521.0;2022-08-05;sexta-feira;11:30:00;RN;101.0;96;NATAL;Sim;Condutor deixou de manter distância do veículo da frente;1;Engavetamento;Sem Vítimas;Pleno dia;Decrescente;Céu Claro;Múltipla;Reta;Sim;816830.0;Automóvel;HYUNDAI/HB20 10M VISION;2022.0;Passageiro;Ileso;36.0;Masculino;1.0;0.0;0.0;0.0;-5,85368578;-35,21092599;SPRF-RN;DEL01-RN;UOP01-DEL01-RN
466060.0;1010520.0;2022-08-05;sexta-feira;11:30:00;RN;101.0;96;NATAL;Sim;Condutor deixou de manter distância do veículo da frente;1;Engavetamento;Sem Vítimas;Pleno dia;Decrescente;Céu Claro;Múltipla;Reta;Sim;816830.0;Automóvel;HYUNDAI/HB20 10M VISION;2022.0;Passageiro;Ileso;36.0;Masculino;1.0;0.0;0.0;0.0;-5,85368578;-35,21092599;SPRF-RN;DEL01-RN;UOP01-DEL01-RN
466060.0;1010518.0;2022-08-05;sexta-feira;11:30:00;RN;101.0;96;NATAL;Sim;Condutor deixou de manter distância do veículo da frente;1;Engavetamento;Sem Vítimas;Pleno dia;Decrescente;Céu Claro;Múltipla;Reta;Sim;816830.0;Automóvel;HYUNDAI/HB20 10M VISION;2022.0;Condutor;Ileso;42.0;Masculino;1.0;0.0;0.0;0.0;-5,85368578;-35,21092599;SPRF-RN;DEL01-RN;UOP01-DEL01-RN
466060.0;1010522.0;2022-08-05;sexta-feira;11:30:00;RN;101.0;96;NATAL;Sim;Condutor deixou de manter distância do veículo da frente;1;Engavetamento;Sem Vítimas;Pleno dia;Decrescente;Céu Claro;Múltipla;Reta;Sim;816831.0;Automóvel;CHEVROLET/ONIX 1.4MT LTZ;2013.0;Condutor;Ileso;31.0;Feminino;1.0;0.0;0.0;0.0;-5,85368578;-35,21092599;SPRF-RN;DEL01-RN;UOP01-DEL01-RN
466061.0;1008853.0;2022-08-05;sexta-feira;12:00:00;RN;101.0;97,4;NATAL;Sim;Trafegar com motocicleta (ou similar) entre as faixas;1;Tombamento;Com Vítimas Feridas;Pleno dia;Crescente;Sol;Múltipla;Reta;Sim;815527.0;Motoneta;HONDA/ELITE 125;2018.0;Condutor;Lesões Leves;29.0;Feminino;0.0;1.0;0.0;0.0;-5,85922815;-35,21388531;SPRF-RN;DEL01-RN;UOP01-DEL01-RN
466061.0;1008854.0;2022-08-05;sexta-feira;12:00:00;RN;101.0;97,4;NATAL;Sim;Trafegar com motocicleta (ou similar) entre as faixas;1;Tombamento;Com Vítimas Feridas;Pleno dia;Crescente;Sol;Múltipla;Reta;Sim;815528.0;Caminhonete;NISSAN/FRONTIER 4X4 XE;2006.0;Condutor;Ileso;64.0;Masculino;1.0;0.0;0.0;0.0;-5,85922815;-35,21388531;SPRF-RN;DEL01-RN;UOP01-DEL01-RN
466129.0;1008856.0;2022-08-05;sexta-feira;18:35:00;RN;101.0;98,8;NATAL;Sim;Condutor deixou de manter distância do veículo da frente;2;Tombamento;Com Vítimas Feridas;Plena Noite;Crescente;Céu Claro;Múltipla;Viaduto;Sim;815529.0;Motocicleta;HONDA/CG150 TITAN MIX KS;2010.0;Condutor;Lesões Leves;31.0;Masculino;0.0;1.0;0.0;0.0;-5,86952413;-35,21850055;SPRF-RN;DEL01-RN;UOP01-DEL01-RN
466129.0;1008857.0;2022-08-05;sexta-feira;18:35:00;RN;101.0;98,8;NATAL;Sim;Condutor deixou de manter distância do veículo da frente;2;Tombamento;Com Vítimas Feridas;Plena Noite;Crescente;Céu Claro;Múltipla;Viaduto;Sim;815530.0;Automóvel;CHEVROLET/ONIX 10MT JOYE;2019.0;Condutor;Ileso;30.0;Masculino;1.0;0.0;0.0;0.0;-5,86952413;-35,21850055;SPRF-RN;DEL01-RN;UOP01-DEL01-RN
466129.0;1008856.0;2022-08-05;sexta-feira;18:35:00;RN;101.0;98,8;NATAL;Sim;Condutor deixou de manter distância do veículo da frente;1;Colisão traseira;Com Vítimas Feridas;Plena Noite;Crescente;Céu Claro;Múltipla;Viaduto;Sim;815529.0;Motocicleta;HONDA/CG150 TITAN MIX KS;2010.0;Condutor;Lesões Leves;31.0;Masculino;0.0;1.0;0.0;0.0;-5,86952413;-35,21850055;SPRF-RN;DEL01-RN;UOP01-DEL01-RN
466129.0;1008857.0;2022-08-05;sexta-feira;18:35:00;RN;101.0;98,8;NATAL;Sim;Condutor deixou de manter distância do veículo da frente;1;Colisão traseira;Com Vítimas Feridas;Plena Noite;Crescente;Céu Claro;Múltipla;Viaduto;Sim;815530.0;Automóvel;CHEVROLET/ONIX 10MT JOYE;2019.0;Condutor;Ileso;30.0;Masculino;1.0;0.0;0.0;0.0;-5,86952413;-35,21850055;SPRF-RN;DEL01-RN;UOP01-DEL01-RN
466620.0;1009773.0;2022-08-07;domingo;21:45:00;RN;101.0;80;NATAL;Não;Acessar a via sem observar a presença dos outros veículos;1;Colisão lateral mesmo sentido;Sem Vítimas;Plena Noite;Crescente;Céu Claro;Dupla;Reta;Sim;816254.0;Utilitário;I/SUZUKI G.VITARA 4WD 5P;2009.0;Condutor;Ileso;48.0;Masculino;1.0;0.0;0.0;0.0;-5,75852229;-35,28806121;SPRF-RN;DEL02-RN;UOP01-DEL02-RN