id;pesid;data_inversa;dia_semana;horario;uf;br;km;municipio;causa_principal;causa_acidente;ordem_tipo_acidente;tipo_acidente;classificacao_acidente;fase_dia;sentido_via;condicao_metereologica;tipo_pista;tracado_via;uso_solo;id_veiculo;tipo_veiculo;marca;ano_fabricacao_veiculo;tipo_envolvido;estado_fisico;idade;sexo;ilesos;feridos_leves;feridos_graves;mortos;latitude;longitude;regional;delegacia;uop
469973.0;1017921.0;2022-08-24;quarta-feira;08:26:00;RN;226.0;2;NATAL;Sim;Condutor deixou de manter distância do veículo da frente;3;Queda de ocupante de veículo;Com Vítimas Feridas;Pleno dia;Decrescente;Nublado;Simples;Reta;Sim;822789.0;Motocicleta;HONDA/CG 125I FAN;2018.0;Condutor;Lesões Leves;40.0;Masculino;0.0;1.0;0.0;0.0;-5,81364934;-35,2466547;SPRF-RN;DEL01-RN;UOP02-DEL01-RN
469973.0;1017920.0;2022-08-24;quarta-feira;08:26:00;RN;226.0;2;NATAL;Sim;Condutor deixou de manter distância do veículo da frente;2;Tombamento;Com Vítimas Feridas;Pleno dia;Decrescente;Nublado;Simples;Reta;Sim;822788.0;Automóvel;FIAT/DOBLO ADV 1.8 FLEX;2008.0;Condutor;Ileso;20.0;Feminino;1.0;0.0;0.0;0.0;-5,81364934;-35,2466547;SPRF-RN;DEL01-RN;UOP02-DEL01-RN
469973.0;1017921.0;2022-08-24;quarta-feira;08:26:00;RN;226.0;2;NATAL;Sim;Condutor deixou de manter distância do veículo da frente;2;Tombamento;Com Vítimas Feridas;Pleno dia;Decrescente;Nublado;Simples;Reta;Sim;822789.0;Motocicleta;HONDA/CG 125I FAN;2018.0;Condutor;Lesões Leves;40.0;Masculino;0.0;1.0;0.0;0.0;-5,81364934;-35,2466547;SPRF-RN;DEL01-RN;UOP02-DEL01-RN
469973.0;1017920.0;2022-08-24;quarta-feira;08:26:00;RN;226.0;2;NATAL;Sim;Condutor deixou de manter distância do veículo da frente;1;Colisão traseira;Com Vítimas Feridas;Pleno dia;Decrescente;Nublado;Simples;Reta;Sim;822788.0;Automóvel;FIAT/DOBLO ADV 1.8 FLEX;2008.0;Condutor;Ileso;20.0;Feminino;1.0;0.0;0.0;0.0;-5,81364934;-35,2466547;SPRF-RN;DEL01-RN;UOP02-DEL01-RN
469973.0;1017921.0;2022-08-24;quarta-feira;08:26:00;RN;226.0;2;NATAL;Sim;Condutor deixou de manter distância do veículo da frente;1;Colisão traseira;Com Vítimas Feridas;Pleno dia;Decrescente;Nublado;Simples;Reta;Sim;822789.0;Motocicleta;HONDA/CG 125I FAN;2018.0;Condutor;Lesões Leves;40.0;Masculino;0.0;1.0;0.0;0.0;-5,81364934;-35,2466547;SPRF-RN;DEL01-RN;UOP02-DEL01-RN
470180.0;1018488.0;2022-08-25;quinta-feira;12:30:00;RN;101.0;97;NATAL;Sim;Acumulo de óleo sobre o pavimento;2;Queda de ocupante de veículo;Com Vítimas Feridas;Pleno dia;Crescente;Céu Claro;Dupla;"Retorno Regulamentado;Reta";Sim;823210.0;Ônibus;MBENZ/MPOLO PARADISO R;2011.0;Condutor;Ileso;47.0;Masculino;1.0;0.0;0.0;0.0;-5,85758898;-35,21271205;SPRF-RN;DEL01-RN;UOP01-DEL01-RN
470180.0;1018489.0;2022-08-25;quinta-feira;12:30:00;RN;101.0;97;NATAL;Sim;Acumulo de óleo sobre o pavimento;2;Queda de ocupante de veículo;Com Vítimas Feridas;Pleno dia;Crescente;Céu Claro;Dupla;"Retorno Regulamentado;Reta";Sim;823211.0;Motocicleta;HONDA/CG 160 TITAN EX;2017.0;Condutor;Lesões Leves;22.0;Masculino;0.0;1.0;0.0;0.0;-5,85758898;-35,21271205;SPRF-RN;DEL01-RN;UOP01-DEL01-RN
470180.0;1018488.0;2022-08-25;quinta-feira;12:30:00;RN;101.0;97;NATAL;Sim;Acumulo de óleo sobre o pavimento;1;Tombamento;Com Vítimas Feridas;Pleno dia;Crescente;Céu Claro;Dupla;"Retorno Regulamentado;Reta";Sim;823210.0;Ônibus;MBENZ/MPOLO PARADISO R;2011.0;Condutor;Ileso;47.0;Masculino;1.0;0.0;0.0;0.0;-5,85758898;-35,21271205;SPRF-RN;DEL01-RN;UOP01-DEL01-RN
470180.0;1018489.0;2022-08-25;quinta-feira;12:30:00;RN;101.0;97;NATAL;Sim;Acumulo de óleo sobre o pavimento;1;Tombamento;Com Vítimas Feridas;Pleno dia;Crescente;Céu Claro;Dupla;"Retorno Regulamentado;Reta";Sim;823211.0;Motocicleta;HONDA/CG 160 TITAN EX;2017.0;Condutor;Lesões Leves;22.0;Masculino;0.0;1.0;0.0;0.0;-5,85758898;-35,21271205;SPRF-RN;DEL01-RN;UOP01-DEL01-RN
470337.0;1018857.0;2022-08-26;sexta-feira;07:18:00;RN;101.0;77,7;NATAL;Sim;Trafegar com motocicleta (ou similar) entre as faixas;1;Atropelamento de Pedestre;Com Vítimas Feridas;Pleno dia;Decrescente;Céu Claro;Dupla;Reta;Sim;823529.0;Ciclomotor;Não Informado/Não Informado;0.0;Condutor;Ileso;;Masculino;1.0;0.0;0.0;0.0;-5,73180495;-35,29112135;SPRF-RN;DEL02-RN;UOP01-DEL02-RN
470337.0;1018860.0;2022-08-26;sexta-feira;07:18:00;RN;101.0;77,7;NATAL;Sim;Trafegar com motocicleta (ou similar) entre as faixas;1;Atropelamento de Pedestre;Com Vítimas Feridas;Pleno dia;Decrescente;Céu Claro;Dupla;Reta;Sim;;;NA/NA;;Pedestre;Lesões Leves;54.0;Feminino;0.0;1.0;0.0;0.0;-5,73180495;-35,29112135;SPRF-RN;DEL02-RN;UOP01-DEL02-RN
470459.0;1019274.0;2022-08-26;sexta-feira;18:50:00;RN;101.0;73,6;NATAL;Não;Demais falhas na via;4;Queda de ocupante de veículo;Com Vítimas Feridas;Plena Noite;Decrescente;Céu Claro;Simples;Reta;Não;823874.0;Automóvel;VW/GOL 1.0;2006.0;Condutor;Ileso;63.0;Masculino;1.0;0.0;0.0;0.0;-5,70687202;-35,26688397;SPRF-RN;DEL02-RN;UOP01-DEL02-RN
470459.0;1019275.0;2022-08-26;sexta-feira;18:50:00;RN;101.0;73,6;NATAL;Não;Demais falhas na via;4;Queda de ocupante de veículo;Com Vítimas Feridas;Plena Noite;Decrescente;Céu Claro;Simples;Reta;Não;823874.0;Automóvel;VW/GOL 1.0;2006.0;Passageiro;Lesões Graves;64.0;Feminino;0.0;0.0;1.0;0.0;-5,70687202;-35,26688397;SPRF-RN;DEL02-RN;UOP01-DEL02-RN
470459.0;1019273.0;2022-08-26;sexta-feira;18:50:00;RN;101.0;73,6;NATAL;Não;Demais falhas na via;4;Queda de ocupante de veículo;Com Vítimas Feridas;Plena Noite;Decrescente;Céu Claro;Simples;Reta;Não;823873.0;Motocicleta;HONDA/NXR150 BROS ESD;2012.0;Condutor;Lesões Graves;40.0;Masculino;0.0;0.0;1.0;0.0;-5,70687202;-35,26688397;SPRF-RN;DEL02-RN;UOP01-DEL02-RN
470459.0;1019274.0;2022-08-26;sexta-feira;18:50:00;RN;101.0;73,6;NATAL;Sim;Ingestão de álcool pelo condutor;4;Queda de ocupante de veículo;Com Vítimas Feridas;Plena Noite;Decrescente;Céu Claro;Simples;Reta;Não;823874.0;Automóvel;VW/GOL 1.0;2006.0;Condutor;Ileso;63.0;Masculino;1.0;0.0;0.0;0.0;-5,70687202;-35,26688397;SPRF-RN;DEL02-RN;UOP01-DEL02-RN
470459.0;1019275.0;2022-08-26;sexta-feira;18:50:00;RN;101.0;73,6;NATAL;Sim;Ingestão de álcool pelo condutor;4;Queda de ocupante de veículo;Com Vítimas Feridas;Plena Noite;Decrescente;Céu Claro;Simples;Reta;Não;823874.0;Automóvel;VW/GOL 1.0;2006.0;Passageiro;Lesões Graves;64.0;Feminino;0.0;0.0;1.0;0.0;-5,70687202;-35,26688397;SPRF-RN;DEL02-RN;UOP01-DEL02-RN
470459.0;1019273.0;2022-08-26;sexta-feira;18:50:00;RN;101.0;73,6;NATAL;Sim;Ingestão de álcool pelo condutor;4;Queda de ocupante de veículo;Com Vítimas Feridas;Plena Noite;Decrescente;Céu Claro;Simples;Reta;Não;823873.0;Motocicleta;HONDA/NXR150 BROS ESD;2012.0;Condutor;Lesões Graves;40.0;Masculino;0.0;0.0;1.0;0.0;-5,70687202;-35,26688397;SPRF-RN;DEL02-RN;UOP01-DEL02-RN
470459.0;1019274.0;2022-08-26;sexta-feira;18:50:00;RN;101.0;73,6;NATAL;Não;Demais falhas na via;3;Tombamento;Com Vítimas Feridas;Plena Noite;Decrescente;Céu Claro;Simples;Reta;Não;823874.0;Automóvel;VW/GOL 1.0;2006.0;Condutor;Ileso;63.0;Masculino;1.0;0.0;0.0;0.0;-5,70687202;-35,26688397;SPRF-RN;DEL02-RN;UOP01-DEL02-RN
470459.0;1019275.0;2022-08-26;sexta-feira;18:50:00;RN;101.0;73,6;NATAL;Não;Demais falhas na via;3;Tombamento;Com Vítimas Feridas;Plena Noite;Decrescente;Céu Claro;Simples;Reta;Não;823874.0;Automóvel;VW/GOL 1.0;2006.0;Passageiro;Lesões Graves;64.0;Feminino;0.0;0.0;1.0;0.0;-5,70687202;-35,26688397;SPRF-RN;DEL02-RN;UOP01-DEL02-RN
470459.0;1019273.0;2022-08-26;sexta-feira;18:50:00;RN;101.0;73,6;NATAL;Não;Demais falhas na via;3;Tombamento;Com Vítimas Feridas;Plena Noite;Decrescente;Céu Claro;Simples;Reta;Não;823873.0;Motocicleta;HONDA/NXR150 BROS ESD;2012.0;Condutor;Lesões Graves;40.0;Masculino;0.0;0.0;1.0;0.0;-5,70687202;-35,26688397;SPRF-RN;DEL02-RN;UOP01-DEL02-RN
470459.0;1019274.0;2022-08-26;sexta-feira;18:50:00;RN;101.0;73,6;NATAL;Sim;Ingestão de álcool pelo condutor;3;Tombamento;Com Vítimas Feridas;Plena Noite;Decrescente;Céu Claro;Simples;Reta;Não;823874.0;Automóvel;VW/GOL 1.0;2006.0;Condutor;Ileso;63.0;Masculino;1.0;0.0;0.0;0.0;-5,70687202;-35,26688397;SPRF-RN;DEL02-RN;UOP01-DEL02-RN
470459.0;1019275.0;2022-08-26;sexta-feira;18:50:00;RN;101.0;73,6;NATAL;Sim;Ingestão de álcool pelo condutor;3;Tombamento;Com Vítimas Feridas;Plena Noite;Decrescente;Céu Claro;Simples;Reta;Não;823874.0;Automóvel;VW/GOL 1.0;2006.0;Passageiro;Lesões Graves;64.0;Feminino;0.0;0.0;1.0;0.0;-5,70687202;-35,26688397;SPRF-RN;DEL02-RN;UOP01-DEL02-RN
470459.0;1019273.0;2022-08-26;sexta-feira;18:50:00;RN;101.0;73,6;NATAL;Sim;Ingestão de álcool pelo condutor;3;Tombamento;Com Vítimas Feridas;Plena Noite;Decrescente;Céu Claro;Simples;Reta;Não;823873.0;Motocicleta;HONDA/NXR150 BROS ESD;2012.0;Condutor;Lesões Graves;40.0;Masculino;0.0;0.0;1.0;0.0;-5,70687202;-35,26688397;SPRF-RN;DEL02-RN;UOP01-DEL02-RN
470459.0;1019274.0;2022-08-26;sexta-feira;18:50:00;RN;101.0;73,6;NATAL;Não;Demais falhas na via;2;Atropelamento de Pedestre;Com Vítimas Feridas;Plena Noite;Decrescente;Céu Claro;Simples;Reta;Não;823874.0;Automóvel;VW/GOL 1.0;2006.0;Condutor;Ileso;63.0;Masculino;1.0;0.0;0.0;0.0;-5,70687202;-35,26688397;SPRF-RN;DEL02-RN;UOP01-DEL02-RN
470459.0;1019275.0;2022-08-26;sexta-feira;18:50:00;RN;101.0;73,6;NATAL;Não;Demais falhas na via;2;Atropelamento de Pedestre;Com Vítimas Feridas;Plena Noite;Decrescente;Céu Claro;Simples;Reta;Não;823874.0;Automóvel;VW/GOL 1.0;2006.0;Passageiro;Lesões Graves;64.0;Feminino;0.0;0.0;1.0;0.0;-5,70687202;-35,26688397;SPRF-RN;DEL02-RN;UOP01-DEL02-RN
470459.0;1019273.0;2022-08-26;sexta-feira;18:50:00;RN;101.0;73,6;NATAL;Não;Demais falhas na via;2;Atropelamento de Pedestre;Com Vítimas Feridas;Plena Noite;Decrescente;Céu Claro;Simples;Reta;Não;823873.0;Motocicleta;HONDA/NXR150 BROS ESD;2012.0;Condutor;Lesões Graves;40.0;Masculino;0.0;0.0;1.0;0.0;-5,70687202;-35,26688397;SPRF-RN;DEL02-RN;UOP01-DEL02-RN
470459.0;1019274.0;2022-08-26;sexta-feira;18:50:00;RN;101.0;73,6;NATAL;Sim;Ingestão de álcool pelo condutor;2;Atropelamento de Pedestre;Com Vítimas Feridas;Plena Noite;Decrescente;Céu Claro;Simples;Reta;Não;823874.0;Automóvel;VW/GOL 1.0;2006.0;Condutor;Ileso;63.0;Masculino;1.0;0.0;0.0;0.0;-5,70687202;-35,26688397;SPRF-RN;DEL02-RN;UOP01-DEL02-RN
470459.0;1019275.0;2022-08-26;sexta-feira;18:50:00;RN;101.0;73,6;NATAL;Sim;Ingestão de álcool pelo condutor;2;Atropelamento de Pedestre;Com Vítimas Feridas;Plena Noite;Decrescente;Céu Claro;Simples;Reta;Não;823874.0;Automóvel;VW/GOL 1.0;2006.0;Passageiro;Lesões Graves;64.0;Feminino;0.0;0.0;1.0;0.0;-5,70687202;-35,26688397;SPRF-RN;DEL02-RN;UOP01-DEL02-RN
470459.0;1019273.0;2022-08-26;sexta-feira;18:50:00;RN;101.0;73,6;NATAL;Sim;Ingestão de álcool pelo condutor;2;Atropelamento de Pedestre;Com Vítimas Feridas;Plena Noite;Decrescente;Céu Claro;Simples;Reta;Não;823873.0;Motocicleta;HONDA/NXR150 BROS ESD;2012.0;Condutor;Lesões Graves;40.0;Masculino;0.0;0.0;1.0;0.0;-5,70687202;-35,26688397;SPRF-RN;DEL02-RN;UOP01-DEL02-RN
470459.0;1019274.0;2022-08-26;sexta-feira;18:50:00;RN;101.0;73,6;NATAL;Não;Demais falhas na via;1;Colisão lateral mesmo sentido;Com Vítimas Feridas;Plena Noite;Decrescente;Céu Claro;Simples;Reta;Não;823874.0;Automóvel;VW/GOL 1.0;2006.0;Condutor;Ileso;63.0;Masculino;1.0;0.0;0.0;0.0;-5,70687202;-35,26688397;SPRF-RN;DEL02-RN;UOP01-DEL02-RN
470459.0;1019275.0;2022-08-26;sexta-feira;18:50:00;RN;101.0;73,6;NATAL;Não;Demais falhas na via;1;Colisão lateral mesmo sentido;Com Vítimas Feridas;Plena Noite;Decrescente;Céu Claro;Simples;Reta;Não;823874.0;Automóvel;VW/GOL 1.0;2006.0;Passageiro;Lesões Graves;64.0;Feminino;0.0;0.0;1.0;0.0;-5,70687202;-35,26688397;SPRF-RN;DEL02-RN;UOP01-DEL02-RN
470459.0;1019273.0;2022-08-26;sexta-feira;18:50:00;RN;101.0;73,6;NATAL;Não;Demais falhas na via;1;Colisão lateral mesmo sentido;Com Vítimas Feridas;Plena Noite;Decrescente;Céu Claro;Simples;Reta;Não;823873.0;Motocicleta;HONDA/NXR150 BROS ESD;2012.0;Condutor;Lesões Graves;40.0;Masculino;0.0;0.0;1.0;0.0;-5,70687202;-35,26688397;SPRF-RN;DEL02-RN;UOP01-DEL02-RN
470459.0;1019274.0;2022-08-26;sexta-feira;18:50:00;RN;101.0;73,6;NATAL;Sim;Ingestão de álcool pelo condutor;1;Colisão lateral mesmo sentido;Com Vítimas Feridas;Plena Noite;Decrescente;Céu Claro;Simples;Reta;Não;823874.0;Automóvel;VW/GOL 1.0;2006.0;Condutor;Ileso;63.0;Masculino;1.0;0.0;0.0;0.0;-5,70687202;-35,26688397;SPRF-RN;DEL02-RN;UOP01-DEL02-RN
470459.0;1019275.0;2022-08-26;sexta-feira;18:50:00;RN;101.0;73,6;NATAL;Sim;Ingestão de álcool pelo condutor;1;Colisão lateral mesmo sentido;Com Vítimas Feridas;Plena Noite;Decrescente;Céu Claro;Simples;Reta;Não;823874.0;Automóvel;VW/GOL 1.0;2006.0;Passageiro;Lesões Graves;64.0;Feminino;0.0;0.0;1.0;0.0;-5,70687202;-35,26688397;SPRF-RN;DEL02-RN;UOP01-DEL02-RN
470459.0;1019273.0;2022-08-26;sexta-feira;18:50:00;RN;101.0;73,6;NATAL;Sim;Ingestão de álcool pelo condutor;1;Colisão lateral mesmo sentido;Com Vítimas Feridas;Plena Noite;Decrescente;Céu Claro;Simples;Reta;Não;823873.0;Motocicleta;HONDA/NXR150 BROS ESD;2012.0;Condutor;Lesões Graves;40.0;Masculino;0.0;0.0;1.0;0.0;-5,70687202;-35,26688397;SPRF-RN;DEL02-RN;UOP01-DEL02-RN
470719.0;1019752.0;2022-08-27;sábado;16:30:00;RN;101.0;95,8;NATAL;Sim;Manobra de mudança de faixa;1;Colisão lateral mesmo sentido;Com Vítimas Feridas;Pleno dia;Crescente;Céu Claro;Múltipla;Reta;Sim;824261.0;Motocicleta;HONDA/CG 150 SPORT;2007.0;Condutor;Lesões Leves;43.0;Feminino;0.0;1.0;0.0;0.0;-5,84076841;-35,21035949;SPRF-RN;DEL01-RN;UOP01-DEL01-RN
470719.0;1019750.0;2022-08-27;sábado;16:30:00;RN;101.0;95,8;NATAL;Sim;Manobra de mudança de faixa;1;Colisão lateral mesmo sentido;Com Vítimas Feridas;Pleno dia;Crescente;Céu Claro;Múltipla;Reta;Sim;824260.0;Caminhonete;CHEVROLET/S10 ADV FD2;2016.0;Condutor;Ileso;68.0;Masculino;1.0;0.0;0.0;0.0;-5,84076841;-35,21035949;SPRF-RN;DEL01-RN;UOP01-DEL01-RN
470763.0;1019767.0;2022-08-28;domingo;05:30:00;RN;101.0;77,7;NATAL;Sim;Retorno proibido;2;Queda de ocupante de veículo;Com Vítimas Feridas;Amanhecer;Decrescente;Céu Claro;Dupla;Reta;Sim;824271.0;Utilitário;I/TOYOTA HILUXSW4 SRV4X4;2007.0;Condutor;Ileso;39.0;Masculino;1.0;0.0;0.0;0.0;-5,73180495;-35,29112135;SPRF-RN;DEL02-RN;UOP01-DEL02-RN
470763.0;1019768.0;2022-08-28;domingo;05:30:00;RN;101.0;77,7;NATAL;Sim;Retorno proibido;2;Queda de ocupante de veículo;Com Vítimas Feridas;Amanhecer;Decrescente;Céu Claro;Dupla;Reta;Sim;824272.0;Motocicleta;HONDA/XRE 190;2021.0;Condutor;Lesões Leves;37.0;Masculino;0.0;1.0;0.0;0.0;-5,73180495;-35,29112135;SPRF-RN;DEL02-RN;UOP01-DEL02-RN
470763.0;1019767.0;2022-08-28;domingo;05:30:00;RN;101.0;77,7;NATAL;Sim;Retorno proibido;1;Colisão lateral mesmo sentido;Com Vítimas Feridas;Amanhecer;Decrescente;Céu Claro;Dupla;Reta;Sim;824271.0;Utilitário;I/TOYOTA HILUXSW4 SRV4X4;2007.0;Condutor;Ileso;39.0;Masculino;1.0;0.0;0.0;0.0;-5,73180495;-35,29112135;SPRF-RN;DEL02-RN;UOP01-DEL02-RN
470763.0;1019768.0;2022-08-28;domingo;05:30:00;RN;101.0;77,7;NATAL;Sim;Retorno proibido;1;Colisão lateral mesmo sentido;Com Vítimas Feridas;Amanhecer;Decrescente;Céu Claro;Dupla;Reta;Sim;824272.0;Motocicleta;HONDA/XRE 190;2021.0;Condutor;Lesões Leves;37.0;Masculino;0.0;1.0;0.0;0.0;-5,73180495;-35,29112135;SPRF-RN;DEL02-RN;UOP01-DEL02-RN
471018.0;1020474.0;2022-08-29;segunda-feira;08:40:00;RN;101.0;97,1;NATAL;Sim;Ausência de reação do condutor;2;Tombamento;Com Vítimas Feridas;Pleno dia;Crescente;Sol;Múltipla;Reta;Sim;824803.0;Motocicleta;HONDA/CG 125I FAN;2017.0;Condutor;Lesões Graves;40.0;Masculino;0.0;0.0;1.0;0.0;-5,85757387;-35,21309137;SPRF-RN;DEL01-RN;UOP01-DEL01-RN
471018.0;1020475.0;2022-08-29;segunda-feira;08:40:00;RN;101.0;97,1;NATAL;Sim;Ausência de reação do condutor;2;Tombamento;Com Vítimas Feridas;Pleno dia;Crescente;Sol;Múltipla;Reta;Sim;824804.0;Utilitário;I/SUZUKI G.VITARA 4WD 5P;2014.0;Condutor;Ileso;50.0;Masculino;1.0;0.0;0.0;0.0;-5,85757387;-35,21309137;SPRF-RN;DEL01-RN;UOP01-DEL01-RN
471018.0;1020474.0;2022-08-29;segunda-feira;08:40:00;RN;101.0;97,1;NATAL;Sim;Ausência de reação do condutor;1;Colisão lateral mesmo sentido;Com Vítimas Feridas;Pleno dia;Crescente;Sol;Múltipla;Reta;Sim;824803.0;Motocicleta;HONDA/CG 125I FAN;2017.0;Condutor;Lesões Graves;40.0;Masculino;0.0;0.0;1.0;0.0;-5,85757387;-35,21309137;SPRF-RN;DEL01-RN;UOP01-DEL01-RN
471018.0;1020475.0;2022-08-29;segunda-feira;08:40:00;RN;101.0;97,1;NATAL;Sim;Ausência de reação do condutor;1;Colisão lateral mesmo sentido;Com Vítimas Feridas;Pleno dia;Crescente;Sol;Múltipla;Reta;Sim;824804.0;Utilitário;I/SUZUKI G.VITARA 4WD 5P;2014.0;Condutor;Ileso;50.0;Masculino;1.0;0.0;0.0;0.0;-5,85757387;-35,21309137;SPRF-RN;DEL01-RN;UOP01-DEL01-RN
471205.0;1020937.0;2022-08-30;terça-feira;08:45:00;RN;101.0;98;NATAL;Sim;Condutor deixou de manter distância do veículo da frente;1;Colisão traseira;Com Vítimas Feridas;Pleno dia;Decrescente;Céu Claro;Dupla;Reta;Sim;825207.0;Motocicleta;HONDA/CG150 FAN ESDI;2014.0;Passageiro;Lesões Leves;27.0;Feminino;0.0;1.0;0.0;0.0;-5,86567888;-35,21651625;SPRF-RN;DEL01-RN;UOP01-DEL01-RN
471205.0;1020936.0;2022-08-30;terça-feira;08:45:00;RN;101.0;98;NATAL;Sim;Condutor deixou de manter distância do veículo da frente;1;Colisão traseira;Com Vítimas Feridas;Pleno dia;Decrescente;Céu Claro;Dupla;Reta;Sim;825207.0;Motocicleta;HONDA/CG150 FAN ESDI;2014.0;Condutor;Lesões Leves;31.0;Masculino;0.0;1.0;0.0;0.0;-5,86567888;-35,21651625;SPRF-RN;DEL01-RN;UOP01-DEL01-RN
471205.0;1020938.0;2022-08-30;terça-feira;08:45:00;RN;101.0;98;NATAL;Sim;Condutor deixou de manter distância do veículo da frente;1;Colisão traseira;Com Vítimas Feridas;Pleno dia;Decrescente;Céu Claro;Dupla;Reta;Sim;825209.0;Automóvel;HYUNDAI/HB20S 1.6A COMF;2017.0;Condutor;Ileso;37.0;Masculino;1.0;0.0;0.0;0.0;-5,86567888;-35,21651625;SPRF-RN;DEL01-RN;UOP01-DEL01-RN
471368.0;1021237.0;2022-08-31;quarta-feira;07:50:00;RN;101.0;81,5;NATAL;Sim;Acessar a via sem observar a presença dos outros veículos;1;Colisão lateral mesmo sentido;Com Vítimas Feridas;Pleno dia;Decrescente;Céu Claro;Dupla;Reta;Sim;825468.0;Ônibus;VW/9150 NEOBUS THUNDER;2011.0;Condutor;Ileso;53.0;Masculino;1.0;0.0;0.0;0.0;-5,76469466;-35,28295988;SPRF-RN;DEL02-RN;UOP01-DEL02-RN
471368.0;1024062.0;2022-08-31;quarta-feira;07:50:00;RN;101.0;81,5;NATAL;Sim;Acessar a via sem observar a presença dos outros veículos;1;Colisão lateral mesmo sentido;Com Vítimas Feridas;Pleno dia;Decrescente;Céu Claro;Dupla;Reta;Sim;825472.0;Motocicleta;YAMAHA/YBR150 FACTOR ED;2021.0;Condutor;Lesões Graves;39.0;Feminino;0.0;0.0;1.0;0.0;-5,76469466;-35,28295988;SPRF-RN;DEL02-RN;UOP01-DEL02-RN
472089.0;1022901.0;2022-09-03;sábado;18:00:00;RN;101.0;81;NATAL;Sim;Acesso irregular;1;Colisão transversal;Com Vítimas Feridas;Amanhecer;Decrescente;Céu Claro;Dupla;Interseção de Vias;Sim;826846.0;Motocicleta;HONDA/CG 125 FAN KS;2010.0;Condutor;Lesões Leves;22.0;Masculino;0.0;1.0;0.0;0.0;-5,76469466;-35,28295988;SPRF-RN;DEL02-RN;UOP01-DEL02-RN
472089.0;1022898.0;2022-09-03;sábado;18:00:00;RN;101.0;81;NATAL;Sim;Acesso irregular;1;Colisão transversal;Com Vítimas Feridas;Amanhecer;Decrescente;Céu Claro;Dupla;Interseção de Vias;Sim;826845.0;Automóvel;HYUNDAI/HB20S 1.0M UNIQ;2019.0;Condutor;Ileso;39.0;Feminino;1.0;0.0;0.0;0.0;-5,76469466;-35,28295988;SPRF-RN;DEL02-RN;UOP01-DEL02-RN
472983.0;1024857.0;2022-09-07;quarta-feira;18:40:00;RN;101.0;95,4;NATAL;Sim;Trafegar com motocicleta (ou similar) entre as faixas;3;Queda de ocupante de veículo;Com Vítimas Feridas;Plena Noite;Crescente;Céu Claro;Dupla;Reta;Sim;828408.0;Automóvel;VW/UP TAKE MA;2014.0;Condutor;Ileso;26.0;Feminino;1.0;0.0;0.0;0.0;-5,84076841;-35,21035949;SPRF-RN;DEL01-RN;UOP01-DEL01-RN
472983.0;1024856.0;2022-09-07;quarta-feira;18:40:00;RN;101.0;95,4;NATAL;Sim;Trafegar com motocicleta (ou similar) entre as faixas;3;Queda de ocupante de veículo;Com Vítimas Feridas;Plena Noite;Crescente;Céu Claro;Dupla;Reta;Sim;828407.0;Motoneta;HONDA/PCX 150;2017.0;Passageiro;Lesões Leves;27.0;Feminino;0.0;1.0;0.0;0.0;-5,84076841;-35,21035949;SPRF-RN;DEL01-RN;UOP01-DEL01-RN
472983.0;1024855.0;2022-09-07;quarta-feira;18:40:00;RN;101.0;95,4;NATAL;Sim;Trafegar com motocicleta (ou similar) entre as faixas;3;Queda de ocupante de veículo;Com Vítimas Feridas;Plena Noite;Crescente;Céu Claro;Dupla;Reta;Sim;828407.0;Motoneta;HONDA/PCX 150;2017.0;Condutor;Lesões Leves;41.0;Feminino;0.0;1.0;0.0;0.0;-5,84076841;-35,21035949;SPRF-RN;DEL01-RN;UOP01-DEL01-RN
472983.0;1024857.0;2022-09-07;quarta-feira;18:40:00;RN;101.0;95,4;NATAL;Sim;Trafegar com motocicleta (ou similar) entre as faixas;2;Tombamento;Com Vítimas Feridas;Plena Noite;Crescente;Céu Claro;Dupla;Reta;Sim;828408.0;Automóvel;VW/UP TAKE MA;2014.0;Condutor;Ileso;26.0;Feminino;1.0;0.0;0.0;0.0;-5,84076841;-35,21035949;SPRF-RN;DEL01-RN;UOP01-DEL01-RN
472983.0;1024856.0;2022-09-07;quarta-feira;18:40:00;RN;101.0;95,4;NATAL;Sim;Trafegar com motocicleta (ou similar) entre as faixas;2;Tombamento;Com Vítimas Feridas;Plena Noite;Crescente;Céu Claro;Dupla;Reta;Sim;828407.0;Motoneta;HONDA/PCX 150;2017.0;Passageiro;Lesões Leves;27.0;Feminino;0.0;1.0;0.0;0.0;-5,84076841;-35,21035949;SPRF-RN;DEL01-RN;UOP01-DEL01-RN
472983.0;1024855.0;2022-09-07;quarta-feira;18:40:00;RN;101.0;95,4;NATAL;Sim;Trafegar com motocicleta (ou similar) entre as faixas;2;Tombamento;Com Vítimas Feridas;Plena Noite;Crescente;Céu Claro;Dupla;Reta;Sim;828407.0;Motoneta;HONDA/PCX 150;2017.0;Condutor;Lesões Leves;41.0;Feminino;0.0;1.0;0.0;0.0;-5,84076841;-35,21035949;SPRF-RN;DEL01-RN;UOP01-DEL01-RN
472983.0;1024857.0;2022-09-07;quarta-feira;18:40:00;RN;101.0;95,4;NATAL;Sim;Trafegar com motocicleta (ou similar) entre as faixas;1;Colisão traseira;Com Vítimas Feridas;Plena Noite;Crescente;Céu Claro;Dupla;Reta;Sim;828408.0;Automóvel;VW/UP TAKE MA;2014.0;Condutor;Ileso;26.0;Feminino;1.0;0.0;0.0;0.0;-5,84076841;-35,21035949;SPRF-RN;DEL01-RN;UOP01-DEL01-RN