id;pesid;data_inversa;dia_semana;horario;uf;br;km;municipio;causa_principal;causa_acidente;ordem_tipo_acidente;tipo_acidente;classificacao_acidente;fase_dia;sentido_via;condicao_metereologica;tipo_pista;tracado_via;uso_solo;id_veiculo;tipo_veiculo;marca;ano_fabricacao_veiculo;tipo_envolvido;estado_fisico;idade;sexo;ilesos;feridos_leves;feridos_graves;mortos;latitude;longitude;regional;delegacia;uop
472983.0;1024856.0;2022-09-07;quarta-feira;18:40:00;RN;101.0;95,4;NATAL;Sim;Trafegar com motocicleta (ou similar) entre as faixas;1;Colisão traseira;Com Vítimas Feridas;Plena Noite;Crescente;Céu Claro;Dupla;Reta;Sim;828407.0;Motoneta;HONDA/PCX 150;2017.0;Passageiro;Lesões Leves;27.0;Feminino;0.0;1.0;0.0;0.0;-5,84076841;-35,21035949;SPRF-RN;DEL01-RN;UOP01-DEL01-RN
472983.0;1024855.0;2022-09-07;quarta-feira;18:40:00;RN;101.0;95,4;NATAL;Sim;Trafegar com motocicleta (ou similar) entre as faixas;1;Colisão traseira;Com Vítimas Feridas;Plena Noite;Crescente;Céu Claro;Dupla;Reta;Sim;828407.0;Motoneta;HONDA/PCX 150;2017.0;Condutor;Lesões Leves;41.0;Feminino;0.0;1.0;0.0;0.0;-5,84076841;-35,21035949;SPRF-RN;DEL01-RN;UOP01-DEL01-RN
473149.0;1025326.0;2022-09-08;quinta-feira;15:55:00;RN;101.0;83;NATAL;Sim;Condutor deixou de manter distância do veículo da frente;1;Colisão traseira;Com Vítimas Feridas;Pleno dia;Decrescente;Céu Claro;Dupla;Reta;Sim;828787.0;Motocicleta;I/SHINERAY XY 150 5;2012.0;Condutor;Lesões Leves;20.0;Masculino;0.0;1.0;0.0;0.0;-5,7710445;-35,26616981;SPRF-RN;DEL02-RN;UOP01-DEL02-RN
473149.0;1025328.0;2022-09-08;quinta-feira;15:55:00;RN;101.0;83;NATAL;Sim;Condutor deixou de manter distância do veículo da frente;1;Colisão traseira;Com Vítimas Feridas;Pleno dia;Decrescente;Céu Claro;Dupla;Reta;Sim;828789.0;Automóvel;FORD/FIESTA SEDAN1.6FLEX;2007.0;Condutor;Ileso;62.0;Masculino;1.0;0.0;0.0;0.0;-5,7710445;-35,26616981;SPRF-RN;DEL02-RN;UOP01-DEL02-RN
473511.0;1026103.0;2022-09-10;sábado;13:41:00;RN;101.0;84,7;NATAL;Sim;Manobra de mudança de faixa;2;Colisão com objeto;Com Vítimas Feridas;Pleno dia;Decrescente;Sol;Múltipla;"Aclive;Viaduto;Interseção de Vias;Reta";Sim;829459.0;Ônibus;M.BENZ/MPOLO TORINO U;2011.0;Condutor;Ileso;43.0;Masculino;1.0;0.0;0.0;0.0;-5,77618253;-35,25188684;SPRF-RN;DEL02-RN;UOP01-DEL02-RN
473511.0;1026101.0;2022-09-10;sábado;13:41:00;RN;101.0;84,7;NATAL;Sim;Manobra de mudança de faixa;2;Colisão com objeto;Com Vítimas Feridas;Pleno dia;Decrescente;Sol;Múltipla;"Aclive;Viaduto;Interseção de Vias;Reta";Sim;829461.0;Automóvel;FORD/KA;2006.0;Condutor;Lesões Leves;48.0;Feminino;0.0;1.0;0.0;0.0;-5,77618253;-35,25188684;SPRF-RN;DEL02-RN;UOP01-DEL02-RN
473511.0;1026103.0;2022-09-10;sábado;13:41:00;RN;101.0;84,7;NATAL;Sim;Manobra de mudança de faixa;1;Colisão transversal;Com Vítimas Feridas;Pleno dia;Decrescente;Sol;Múltipla;"Aclive;Viaduto;Interseção de Vias;Reta";Sim;829459.0;Ônibus;M.BENZ/MPOLO TORINO U;2011.0;Condutor;Ileso;43.0;Masculino;1.0;0.0;0.0;0.0;-5,77618253;-35,25188684;SPRF-RN;DEL02-RN;UOP01-DEL02-RN
473511.0;1026101.0;2022-09-10;sábado;13:41:00;RN;101.0;84,7;NATAL;Sim;Manobra de mudança de faixa;1;Colisão transversal;Com Vítimas Feridas;Pleno dia;Decrescente;Sol;Múltipla;"Aclive;Viaduto;Interseção de Vias;Reta";Sim;829461.0;Automóvel;FORD/KA;2006.0;Condutor;Lesões Leves;48.0;Feminino;0.0;1.0;0.0;0.0;-5,77618253;-35,25188684;SPRF-RN;DEL02-RN;UOP01-DEL02-RN
473653.0;1026450.0;2022-09-11;domingo;01:10:00;RN;101.0;94;NATAL;Sim;Reação tardia ou ineficiente do condutor;1;Colisão com objeto;Sem Vítimas;Plena Noite;Crescente;Céu Claro;Dupla;Reta;Sim;829696.0;Automóvel;FIAT/SIENA 1.4 TETRAFUEL;2008.0;Passageiro;Ileso;44.0;Feminino;1.0;0.0;0.0;0.0;-5,8317661541;-35,2119134183;SPRF-RN;DEL01-RN;UOP01-DEL01-RN
473653.0;1026449.0;2022-09-11;domingo;01:10:00;RN;101.0;94;NATAL;Sim;Reação tardia ou ineficiente do condutor;1;Colisão com objeto;Sem Vítimas;Plena Noite;Crescente;Céu Claro;Dupla;Reta;Sim;829696.0;Automóvel;FIAT/SIENA 1.4 TETRAFUEL;2008.0;Condutor;Ileso;40.0;Masculino;1.0;0.0;0.0;0.0;-5,8317661541;-35,2119134183;SPRF-RN;DEL01-RN;UOP01-DEL01-RN
473653.0;1026450.0;2022-09-11;domingo;01:10:00;RN;101.0;94;NATAL;Não;Ingestão de álcool pelo condutor;1;Colisão com objeto;Sem Vítimas;Plena Noite;Crescente;Céu Claro;Dupla;Reta;Sim;829696.0;Automóvel;FIAT/SIENA 1.4 TETRAFUEL;2008.0;Passageiro;Ileso;44.0;Feminino;1.0;0.0;0.0;0.0;-5,8317661541;-35,2119134183;SPRF-RN;DEL01-RN;UOP01-DEL01-RN
473653.0;1026449.0;2022-09-11;domingo;01:10:00;RN;101.0;94;NATAL;Não;Ingestão de álcool pelo condutor;1;Colisão com objeto;Sem Vítimas;Plena Noite;Crescente;Céu Claro;Dupla;Reta;Sim;829696.0;Automóvel;FIAT/SIENA 1.4 TETRAFUEL;2008.0;Condutor;Ileso;40.0;Masculino;1.0;0.0;0.0;0.0;-5,8317661541;-35,2119134183;SPRF-RN;DEL01-RN;UOP01-DEL01-RN
473764.0;1026719.0;2022-09-11;domingo;16:05:00;RN;101.0;79,4;NATAL;Sim;Ingestão de álcool pelo condutor;1;Colisão transversal;Sem Vítimas;Pleno dia;Crescente;Sol;Dupla;Interseção de Vias;Sim;829888.0;Automóvel;I/CHEVROLET AGILE LT;2011.0;Condutor;Ileso;30.0;Masculino;1.0;0.0;0.0;0.0;-5,74962896;-35,28918369;SPRF-RN;DEL02-RN;UOP01-DEL02-RN
473764.0;1026716.0;2022-09-11;domingo;16:05:00;RN;101.0;79,4;NATAL;Sim;Ingestão de álcool pelo condutor;1;Colisão transversal;Sem Vítimas;Pleno dia;Crescente;Sol;Dupla;Interseção de Vias;Sim;829887.0;Caminhonete;I/TOYOTA HILUX CD4X4 SRV;2008.0;Condutor;Ileso;60.0;Masculino;1.0;0.0;0.0;0.0;-5,74962896;-35,28918369;SPRF-RN;DEL02-RN;UOP01-DEL02-RN
474118.0;1027920.0;2022-09-13;terça-feira;05:30:00;RN;226.0;1;NATAL;Sim;Transitar na contramão;2;Tombamento;Com Vítimas Feridas;Pleno dia;Crescente;Céu Claro;Dupla;"Em Obras;Reta";Sim;830765.0;Motocicleta;HONDA/XRE 190;2019.0;Condutor;Lesões Leves;55.0;Masculino;0.0;1.0;0.0;0.0;-5,80642132;-35,24167278;SPRF-RN;DEL01-RN;UOP02-DEL01-RN
474118.0;1030463.0;2022-09-13;terça-feira;05:30:00;RN;226.0;1;NATAL;Sim;Transitar na contramão;2;Tombamento;Com Vítimas Feridas;Pleno dia;Crescente;Céu Claro;Dupla;"Em Obras;Reta";Sim;830767.0;Motocicleta;HONDA/CG150 FAN ESDI;2013.0;Condutor;Ileso;;Masculino;1.0;0.0;0.0;0.0;-5,80642132;-35,24167278;SPRF-RN;DEL01-RN;UOP02-DEL01-RN
474118.0;1027920.0;2022-09-13;terça-feira;05:30:00;RN;226.0;1;NATAL;Sim;Transitar na contramão;1;Colisão transversal;Com Vítimas Feridas;Pleno dia;Crescente;Céu Claro;Dupla;"Em Obras;Reta";Sim;830765.0;Motocicleta;HONDA/XRE 190;2019.0;Condutor;Lesões Leves;55.0;Masculino;0.0;1.0;0.0;0.0;-5,80642132;-35,24167278;SPRF-RN;DEL01-RN;UOP02-DEL01-RN
474118.0;1030463.0;2022-09-13;terça-feira;05:30:00;RN;226.0;1;NATAL;Sim;Transitar na contramão;1;Colisão transversal;Com Vítimas Feridas;Pleno dia;Crescente;Céu Claro;Dupla;"Em Obras;Reta";Sim;830767.0;Motocicleta;HONDA/CG150 FAN ESDI;2013.0;Condutor;Ileso;;Masculino;1.0;0.0;0.0;0.0;-5,80642132;-35,24167278;SPRF-RN;DEL01-RN;UOP02-DEL01-RN
474267.0;1027936.0;2022-09-14;quarta-feira;03:40:00;RN;101.0;72,7;NATAL;Sim;Obstrução na via;1;Colisão com objeto;Com Vítimas Feridas;Plena Noite;Crescente;Nublado;Simples;Declive;Não;830778.0;Motocicleta;HONDA/CG 125 CARGO KS;2012.0;Condutor;Lesões Graves;44.0;Masculino;0.0;0.0;1.0;0.0;-5,69866248;-35,26316835;SPRF-RN;DEL02-RN;UOP01-DEL02-RN
474395.0;1028240.0;2022-09-14;quarta-feira;17:20:00;RN;101.0;97;NATAL;Sim;Reação tardia ou ineficiente do condutor;2;Queda de ocupante de veículo;Com Vítimas Feridas;Pleno dia;Crescente;Céu Claro;Múltipla;Reta;Sim;831031.0;Motocicleta;HONDA/CG 125I FAN;2017.0;Condutor;Lesões Leves;21.0;Masculino;0.0;1.0;0.0;0.0;-5,84949622;-35,20890752;SPRF-RN;DEL01-RN;UOP01-DEL01-RN
474395.0;1028240.0;2022-09-14;quarta-feira;17:20:00;RN;101.0;97;NATAL;Sim;Reação tardia ou ineficiente do condutor;1;Tombamento;Com Vítimas Feridas;Pleno dia;Crescente;Céu Claro;Múltipla;Reta;Sim;831031.0;Motocicleta;HONDA/CG 125I FAN;2017.0;Condutor;Lesões Leves;21.0;Masculino;0.0;1.0;0.0;0.0;-5,84949622;-35,20890752;SPRF-RN;DEL01-RN;UOP01-DEL01-RN
474702.0;1029115.0;2022-09-16;sexta-feira;11:10:00;RN;101.0;81,5;NATAL;Sim;Transitar na contramão;2;Queda de ocupante de veículo;Com Vítimas Feridas;Pleno dia;Decrescente;Céu Claro;Dupla;Interseção de Vias;Sim;831624.0;Bicicleta;Não Informado/Não Informado;0.0;Condutor;Lesões Leves;35.0;Masculino;0.0;1.0;0.0;0.0;-5,76469466;-35,28295988;SPRF-RN;DEL02-RN;UOP01-DEL02-RN
474702.0;1029113.0;2022-09-16;sexta-feira;11:10:00;RN;101.0;81,5;NATAL;Sim;Transitar na contramão;2;Queda de ocupante de veículo;Com Vítimas Feridas;Pleno dia;Decrescente;Céu Claro;Dupla;Interseção de Vias;Sim;831622.0;Automóvel;FIAT/ARGO DRIVE 1.0;2022.0;Condutor;Ileso;53.0;Feminino;1.0;0.0;0.0;0.0;-5,76469466;-35,28295988;SPRF-RN;DEL02-RN;UOP01-DEL02-RN
474702.0;1029115.0;2022-09-16;sexta-feira;11:10:00;RN;101.0;81,5;NATAL;Sim;Transitar na contramão;1;Colisão frontal;Com Vítimas Feridas;Pleno dia;Decrescente;Céu Claro;Dupla;Interseção de Vias;Sim;831624.0;Bicicleta;Não Informado/Não Informado;0.0;Condutor;Lesões Leves;35.0;Masculino;0.0;1.0;0.0;0.0;-5,76469466;-35,28295988;SPRF-RN;DEL02-RN;UOP01-DEL02-RN
474702.0;1029113.0;2022-09-16;sexta-feira;11:10:00;RN;101.0;81,5;NATAL;Sim;Transitar na contramão;1;Colisão frontal;Com Vítimas Feridas;Pleno dia;Decrescente;Céu Claro;Dupla;Interseção de Vias;Sim;831622.0;Automóvel;FIAT/ARGO DRIVE 1.0;2022.0;Condutor;Ileso;53.0;Feminino;1.0;0.0;0.0;0.0;-5,76469466;-35,28295988;SPRF-RN;DEL02-RN;UOP01-DEL02-RN
474721.0;1029103.0;2022-09-16;sexta-feira;12:50:00;RN;101.0;85;NATAL;Sim;Ausência de reação do condutor;1;Colisão traseira;Com Vítimas Feridas;Pleno dia;Decrescente;Céu Claro;Simples;Reta;Sim;831611.0;Ciclomotor;I/BASHAN JONNY HYPE 50;2011.0;Condutor;Lesões Leves;61.0;Masculino;0.0;1.0;0.0;0.0;-5,777664;-35,24937;SPRF-RN;DEL02-RN;UOP01-DEL02-RN
474721.0;1029102.0;2022-09-16;sexta-feira;12:50:00;RN;101.0;85;NATAL;Sim;Ausência de reação do condutor;1;Colisão traseira;Com Vítimas Feridas;Pleno dia;Decrescente;Céu Claro;Simples;Reta;Sim;831610.0;Ônibus;M.BENZ/MPOLO TORINO U;2010.0;Condutor;Ileso;45.0;Masculino;1.0;0.0;0.0;0.0;-5,777664;-35,24937;SPRF-RN;DEL02-RN;UOP01-DEL02-RN
474821.0;1029473.0;2022-09-16;sexta-feira;20:00:00;RN;101.0;96;NATAL;Sim;Acessar a via sem observar a presença dos outros veículos;1;Colisão lateral mesmo sentido;Com Vítimas Feridas;Plena Noite;Crescente;Céu Claro;Dupla;Reta;Sim;831901.0;Motocicleta;YAMAHA/YBR 125ED;2002.0;Condutor;Lesões Graves;39.0;Masculino;0.0;0.0;1.0;0.0;-5,84949622;-35,20890752;SPRF-RN;DEL01-RN;UOP01-DEL01-RN
474821.0;1029472.0;2022-09-16;sexta-feira;20:00:00;RN;101.0;96;NATAL;Sim;Acessar a via sem observar a presença dos outros veículos;1;Colisão lateral mesmo sentido;Com Vítimas Feridas;Plena Noite;Crescente;Céu Claro;Dupla;Reta;Sim;831900.0;Automóvel;HYUNDAI/HB20 10M SENSE;2020.0;Condutor;Ileso;34.0;Feminino;1.0;0.0;0.0;0.0;-5,84949622;-35,20890752;SPRF-RN;DEL01-RN;UOP01-DEL01-RN
474972.0;1029787.0;2022-09-17;sábado;13:00:00;RN;101.0;85,5;NATAL;Sim;Condutor deixou de manter distância do veículo da frente;2;Colisão lateral mesmo sentido;Com Vítimas Feridas;Pleno dia;Decrescente;Sol;Dupla;Ponte;Não;832181.0;Automóvel;VW/GOL TL MB S;2014.0;Condutor;Ileso;40.0;Masculino;1.0;0.0;0.0;0.0;-5,78299794;-35,24697304;SPRF-RN;DEL02-RN;UOP01-DEL02-RN
474972.0;1029784.0;2022-09-17;sábado;13:00:00;RN;101.0;85,5;NATAL;Sim;Condutor deixou de manter distância do veículo da frente;2;Colisão lateral mesmo sentido;Com Vítimas Feridas;Pleno dia;Decrescente;Sol;Dupla;Ponte;Não;832180.0;Motocicleta;HONDA/CG 150 TITAN ESD;2005.0;Condutor;Lesões Graves;32.0;Masculino;0.0;0.0;1.0;0.0;-5,78299794;-35,24697304;SPRF-RN;DEL02-RN;UOP01-DEL02-RN
474972.0;1029786.0;2022-09-17;sábado;13:00:00;RN;101.0;85,5;NATAL;Sim;Condutor deixou de manter distância do veículo da frente;2;Colisão lateral mesmo sentido;Com Vítimas Feridas;Pleno dia;Decrescente;Sol;Dupla;Ponte;Não;832180.0;Motocicleta;HONDA/CG 150 TITAN ESD;2005.0;Passageiro;Lesões Graves;57.0;Masculino;0.0;0.0;1.0;0.0;-5,78299794;-35,24697304;SPRF-RN;DEL02-RN;UOP01-DEL02-RN
474972.0;1029782.0;2022-09-17;sábado;13:00:00;RN;101.0;85,5;NATAL;Sim;Condutor deixou de manter distância do veículo da frente;2;Colisão lateral mesmo sentido;Com Vítimas Feridas;Pleno dia;Decrescente;Sol;Dupla;Ponte;Não;832171.0;Caminhão;Não Informado/Não Informado;0.0;Condutor;Não Informado;;Não Informado;0.0;0.0;0.0;0.0;-5,78299794;-35,24697304;SPRF-RN;DEL02-RN;UOP01-DEL02-RN
474972.0;1029787.0;2022-09-17;sábado;13:00:00;RN;101.0;85,5;NATAL;Sim;Condutor deixou de manter distância do veículo da frente;1;Colisão traseira;Com Vítimas Feridas;Pleno dia;Decrescente;Sol;Dupla;Ponte;Não;832181.0;Automóvel;VW/GOL TL MB S;2014.0;Condutor;Ileso;40.0;Masculino;1.0;0.0;0.0;0.0;-5,78299794;-35,24697304;SPRF-RN;DEL02-RN;UOP01-DEL02-RN
474972.0;1029784.0;2022-09-17;sábado;13:00:00;RN;101.0;85,5;NATAL;Sim;Condutor deixou de manter distância do veículo da frente;1;Colisão traseira;Com Vítimas Feridas;Pleno dia;Decrescente;Sol;Dupla;Ponte;Não;832180.0;Motocicleta;HONDA/CG 150 TITAN ESD;2005.0;Condutor;Lesões Graves;32.0;Masculino;0.0;0.0;1.0;0.0;-5,78299794;-35,24697304;SPRF-RN;DEL02-RN;UOP01-DEL02-RN
474972.0;1029786.0;2022-09-17;sábado;13:00:00;RN;101.0;85,5;NATAL;Sim;Condutor deixou de manter distância do veículo da frente;1;Colisão traseira;Com Vítimas Feridas;Pleno dia;Decrescente;Sol;Dupla;Ponte;Não;832180.0;Motocicleta;HONDA/CG 150 TITAN ESD;2005.0;Passageiro;Lesões Graves;57.0;Masculino;0.0;0.0;1.0;0.0;-5,78299794;-35,24697304;SPRF-RN;DEL02-RN;UOP01-DEL02-RN
474972.0;1029782.0;2022-09-17;sábado;13:00:00;RN;101.0;85,5;NATAL;Sim;Condutor deixou de manter distância do veículo da frente;1;Colisão traseira;Com Vítimas Feridas;Pleno dia;Decrescente;Sol;Dupla;Ponte;Não;832171.0;Caminhão;Não Informado/Não Informado;0.0;Condutor;Não Informado;;Não Informado;0.0;0.0;0.0;0.0;-5,78299794;-35,24697304;SPRF-RN;DEL02-RN;UOP01-DEL02-RN
475639.0;1031383.0;2022-09-20;terça-feira;17:30:00;RN;101.0;75;NATAL;Sim;Acessar a via sem observar a presença dos outros veículos;3;Queda de ocupante de veículo;Com Vítimas Feridas;Anoitecer;Crescente;Céu Claro;Dupla;Rotatória;Não;833383.0;Motocicleta;YAMAHA/XTZ250 LANDER;2021.0;Condutor;Lesões Leves;29.0;Masculino;0.0;1.0;0.0;0.0;-5,721906;-35,27672;SPRF-RN;DEL02-RN;UOP01-DEL02-RN
475639.0;1031387.0;2022-09-20;terça-feira;17:30:00;RN;101.0;75;NATAL;Sim;Acessar a via sem observar a presença dos outros veículos;3;Queda de ocupante de veículo;Com Vítimas Feridas;Anoitecer;Crescente;Céu Claro;Dupla;Rotatória;Não;833389.0;Caminhonete;FIAT/FIORINO HD WK E;2019.0;Condutor;Ileso;63.0;Masculino;1.0;0.0;0.0;0.0;-5,721906;-35,27672;SPRF-RN;DEL02-RN;UOP01-DEL02-RN
475639.0;1031383.0;2022-09-20;terça-feira;17:30:00;RN;101.0;75;NATAL;Sim;Acessar a via sem observar a presença dos outros veículos;2;Tombamento;Com Vítimas Feridas;Anoitecer;Crescente;Céu Claro;Dupla;Rotatória;Não;833383.0;Motocicleta;YAMAHA/XTZ250 LANDER;2021.0;Condutor;Lesões Leves;29.0;Masculino;0.0;1.0;0.0;0.0;-5,721906;-35,27672;SPRF-RN;DEL02-RN;UOP01-DEL02-RN
475639.0;1031387.0;2022-09-20;terça-feira;17:30:00;RN;101.0;75;NATAL;Sim;Acessar a via sem observar a presença dos outros veículos;2;Tombamento;Com Vítimas Feridas;Anoitecer;Crescente;Céu Claro;Dupla;Rotatória;Não;833389.0;Caminhonete;FIAT/FIORINO HD WK E;2019.0;Condutor;Ileso;63.0;Masculino;1.0;0.0;0.0;0.0;-5,721906;-35,27672;SPRF-RN;DEL02-RN;UOP01-DEL02-RN
475639.0;1031383.0;2022-09-20;terça-feira;17:30:00;RN;101.0;75;NATAL;Sim;Acessar a via sem observar a presença dos outros veículos;1;Colisão transversal;Com Vítimas Feridas;Anoitecer;Crescente;Céu Claro;Dupla;Rotatória;Não;833383.0;Motocicleta;YAMAHA/XTZ250 LANDER;2021.0;Condutor;Lesões Leves;29.0;Masculino;0.0;1.0;0.0;0.0;-5,721906;-35,27672;SPRF-RN;DEL02-RN;UOP01-DEL02-RN
475639.0;1031387.0;2022-09-20;terça-feira;17:30:00;RN;101.0;75;NATAL;Sim;Acessar a via sem observar a presença dos outros veículos;1;Colisão transversal;Com Vítimas Feridas;Anoitecer;Crescente;Céu Claro;Dupla;Rotatória;Não;833389.0;Caminhonete;FIAT/FIORINO HD WK E;2019.0;Condutor;Ileso;63.0;Masculino;1.0;0.0;0.0;0.0;-5,721906;-35,27672;SPRF-RN;DEL02-RN;UOP01-DEL02-RN
475883.0;1032011.0;2022-08-05;sexta-feira;09:14:00;RN;101.0;96;NATAL;Sim;Condutor deixou de manter distância do veículo da frente;1;Colisão traseira;Com Vítimas Feridas;Pleno dia;Decrescente;Céu Claro;Dupla;Reta;Sim;833867.0;Motocicleta;HONDA/CG 125I FAN;2018.0;Condutor;Lesões Graves;33.0;Masculino;0.0;0.0;1.0;0.0;-5,84949622;-35,20890752;SPRF-RN;DEL01-RN;UOP01-DEL01-RN
475883.0;1032016.0;2022-08-05;sexta-feira;09:14:00;RN;101.0;96;NATAL;Sim;Condutor deixou de manter distância do veículo da frente;1;Colisão traseira;Com Vítimas Feridas;Pleno dia;Decrescente;Céu Claro;Dupla;Reta;Sim;833867.0;Motocicleta;HONDA/CG 125I FAN;2018.0;Passageiro;Lesões Graves;26.0;Masculino;0.0;0.0;1.0;0.0;-5,84949622;-35,20890752;SPRF-RN;DEL01-RN;UOP01-DEL01-RN
475883.0;1032012.0;2022-08-05;sexta-feira;09:14:00;RN;101.0;96;NATAL;Sim;Condutor deixou de manter distância do veículo da frente;1;Colisão traseira;Com Vítimas Feridas;Pleno dia;Decrescente;Céu Claro;Dupla;Reta;Sim;833868.0;Automóvel;VW/GOL MPI;2022.0;Condutor;Ileso;44.0;Masculino;1.0;0.0;0.0;0.0;-5,84949622;-35,20890752;SPRF-RN;DEL01-RN;UOP01-DEL01-RN
476516.0;1033463.0;2022-09-24;sábado;19:50:00;RN;101.0;75,3;NATAL;Não;Desrespeitar a preferência no cruzamento;3;Queda de ocupante de veículo;Com Vítimas Feridas;Plena Noite;Crescente;Céu Claro;Dupla;Rotatória;Não;834999.0;Motocicleta;HONDA/CG 125I FAN;2018.0;Passageiro;Lesões Graves;32.0;Feminino;0.0;0.0;1.0;0.0;-5,721906;-35,27672;SPRF-RN;DEL02-RN;UOP01-DEL02-RN
476516.0;1033462.0;2022-09-24;sábado;19:50:00;RN;101.0;75,3;NATAL;Não;Desrespeitar a preferência no cruzamento;3;Queda de ocupante de veículo;Com Vítimas Feridas;Plena Noite;Crescente;Céu Claro;Dupla;Rotatória;Não;834999.0;Motocicleta;HONDA/CG 125I FAN;2018.0;Condutor;Lesões Graves;40.0;Masculino;0.0;0.0;1.0;0.0;-5,721906;-35,27672;SPRF-RN;DEL02-RN;UOP01-DEL02-RN
476516.0;1033461.0;2022-09-24;sábado;19:50:00;RN;101.0;75,3;NATAL;Não;Desrespeitar a preferência no cruzamento;3;Queda de ocupante de veículo;Com Vítimas Feridas;Plena Noite;Crescente;Céu Claro;Dupla;Rotatória;Não;834998.0;Automóvel;Não Informado/Não Informado;0.0;Condutor;Não Informado;;Não Informado;0.0;0.0;0.0;0.0;-5,721906;-35,27672;SPRF-RN;DEL02-RN;UOP01-DEL02-RN
476516.0;1033463.0;2022-09-24;sábado;19:50:00;RN;101.0;75,3;NATAL;Sim;Ingestão de álcool pelo condutor;3;Queda de ocupante de veículo;Com Vítimas Feridas;Plena Noite;Crescente;Céu Claro;Dupla;Rotatória;Não;834999.0;Motocicleta;HONDA/CG 125I FAN;2018.0;Passageiro;Lesões Graves;32.0;Feminino;0.0;0.0;1.0;0.0;-5,721906;-35,27672;SPRF-RN;DEL02-RN;UOP01-DEL02-RN
476516.0;1033462.0;2022-09-24;sábado;19:50:00;RN;101.0;75,3;NATAL;Sim;Ingestão de álcool pelo condutor;3;Queda de ocupante de veículo;Com Vítimas Feridas;Plena Noite;Crescente;Céu Claro;Dupla;Rotatória;Não;834999.0;Motocicleta;HONDA/CG 125I FAN;2018.0;Condutor;Lesões Graves;40.0;Masculino;0.0;0.0;1.0;0.0;-5,721906;-35,27672;SPRF-RN;DEL02-RN;UOP01-DEL02-RN
476516.0;1033461.0;2022-09-24;sábado;19:50:00;RN;101.0;75,3;NATAL;Sim;Ingestão de álcool pelo condutor;3;Queda de ocupante de veículo;Com Vítimas Feridas;Plena Noite;Crescente;Céu Claro;Dupla;Rotatória;Não;834998.0;Automóvel;Não Informado/Não Informado;0.0;Condutor;Não Informado;;Não Informado;0.0;0.0;0.0;0.0;-5,721906;-35,27672;SPRF-RN;DEL02-RN;UOP01-DEL02-RN
476516.0;1033463.0;2022-09-24;sábado;19:50:00;RN;101.0;75,3;NATAL;Não;Desrespeitar a preferência no cruzamento;2;Tombamento;Com Vítimas Feridas;Plena Noite;Crescente;Céu Claro;Dupla;Rotatória;Não;834999.0;Motocicleta;HONDA/CG 125I FAN;2018.0;Passageiro;Lesões Graves;32.0;Feminino;0.0;0.0;1.0;0.0;-5,721906;-35,27672;SPRF-RN;DEL02-RN;UOP01-DEL02-RN
476516.0;1033462.0;2022-09-24;sábado;19:50:00;RN;101.0;75,3;NATAL;Não;Desrespeitar a preferência no cruzamento;2;Tombamento;Com Vítimas Feridas;Plena Noite;Crescente;Céu Claro;Dupla;Rotatória;Não;834999.0;Motocicleta;HONDA/CG 125I FAN;2018.0;Condutor;Lesões Graves;40.0;Masculino;0.0;0.0;1.0;0.0;-5,721906;-35,27672;SPRF-RN;DEL02-RN;UOP01-DEL02-RN
476516.0;1033461.0;2022-09-24;sábado;19:50:00;RN;101.0;75,3;NATAL;Não;Desrespeitar a preferência no cruzamento;2;Tombamento;Com Vítimas Feridas;Plena Noite;Crescente;Céu Claro;Dupla;Rotatória;Não;834998.0;Automóvel;Não Informado/Não Informado;0.0;Condutor;Não Informado;;Não Informado;0.0;0.0;0.0;0.0;-5,721906;-35,27672;SPRF-RN;DEL02-RN;UOP01-DEL02-RN
476516.0;1033463.0;2022-09-24;sábado;19:50:00;RN;101.0;75,3;NATAL;Sim;Ingestão de álcool pelo condutor;2;Tombamento;Com Vítimas Feridas;Plena Noite;Crescente;Céu Claro;Dupla;Rotatória;Não;834999.0;Motocicleta;HONDA/CG 125I FAN;2018.0;Passageiro;Lesões Graves;32.0;Feminino;0.0;0.0;1.0;0.0;-5,721906;-35,27672;SPRF-RN;DEL02-RN;UOP01-DEL02-RN
476516.0;1033462.0;2022-09-24;sábado;19:50:00;RN;101.0;75,3;NATAL;Sim;Ingestão de álcool pelo condutor;2;Tombamento;Com Vítimas Feridas;Plena Noite;Crescente;Céu Claro;Dupla;Rotatória;Não;834999.0;Motocicleta;HONDA/CG 125I FAN;2018.0;Condutor;Lesões Graves;40.0;Masculino;0.0;0.0;1.0;0.0;-5,721906;-35,27672;SPRF-RN;DEL02-RN;UOP01-DEL02-RN
476516.0;1033461.0;2022-09-24;sábado;19:50:00;RN;101.0;75,3;NATAL;Sim;Ingestão de álcool pelo condutor;2;Tombamento;Com Vítimas Feridas;Plena Noite;Crescente;Céu Claro;Dupla;Rotatória;Não;834998.0;Automóvel;Não Informado/Não Informado;0.0;Condutor;Não Informado;;Não Informado;0.0;0.0;0.0;0.0;-5,721906;-35,27672;SPRF-RN;DEL02-RN;UOP01-DEL02-RN