id;pesid;data_inversa;dia_semana;horario;uf;br;km;municipio;causa_principal;causa_acidente;ordem_tipo_acidente;tipo_acidente;classificacao_acidente;fase_dia;sentido_via;condicao_metereologica;tipo_pista;tracado_via;uso_solo;id_veiculo;tipo_veiculo;marca;ano_fabricacao_veiculo;tipo_envolvido;estado_fisico;idade;sexo;ilesos;feridos_leves;feridos_graves;mortos;latitude;longitude;regional;delegacia;uop
476516.0;1033463.0;2022-09-24;sábado;19:50:00;RN;101.0;75,3;NATAL;Não;Desrespeitar a preferência no cruzamento;1;Colisão transversal;Com Vítimas Feridas;Plena Noite;Crescente;Céu Claro;Dupla;Rotatória;Não;834999.0;Motocicleta;HONDA/CG 125I FAN;2018.0;Passageiro;Lesões Graves;32.0;Feminino;0.0;0.0;1.0;0.0;-5,721906;-35,27672;SPRF-RN;DEL02-RN;UOP01-DEL02-RN
476516.0;1033462.0;2022-09-24;sábado;19:50:00;RN;101.0;75,3;NATAL;Não;Desrespeitar a preferência no cruzamento;1;Colisão transversal;Com Vítimas Feridas;Plena Noite;Crescente;Céu Claro;Dupla;Rotatória;Não;834999.0;Motocicleta;HONDA/CG 125I FAN;2018.0;Condutor;Lesões Graves;40.0;Masculino;0.0;0.0;1.0;0.0;-5,721906;-35,27672;SPRF-RN;DEL02-RN;UOP01-DEL02-RN
476516.0;1033461.0;2022-09-24;sábado;19:50:00;RN;101.0;75,3;NATAL;Não;Desrespeitar a preferência no cruzamento;1;Colisão transversal;Com Vítimas Feridas;Plena Noite;Crescente;Céu Claro;Dupla;Rotatória;Não;834998.0;Automóvel;Não Informado/Não Informado;0.0;Condutor;Não Informado;;Não Informado;0.0;0.0;0.0;0.0;-5,721906;-35,27672;SPRF-RN;DEL02-RN;UOP01-DEL02-RN
476516.0;1033463.0;2022-09-24;sábado;19:50:00;RN;101.0;75,3;NATAL;Sim;Ingestão de álcool pelo condutor;1;Colisão transversal;Com Vítimas Feridas;Plena Noite;Crescente;Céu Claro;Dupla;Rotatória;Não;834999.0;Motocicleta;HONDA/CG 125I FAN;2018.0;Passageiro;Lesões Graves;32.0;Feminino;0.0;0.0;1.0;0.0;-5,721906;-35,27672;SPRF-RN;DEL02-RN;UOP01-DEL02-RN
476516.0;1033462.0;2022-09-24;sábado;19:50:00;RN;101.0;75,3;NATAL;Sim;Ingestão de álcool pelo condutor;1;Colisão transversal;Com Vítimas Feridas;Plena Noite;Crescente;Céu Claro;Dupla;Rotatória;Não;834999.0;Motocicleta;HONDA/CG 125I FAN;2018.0;Condutor;Lesões Graves;40.0;Masculino;0.0;0.0;1.0;0.0;-5,721906;-35,27672;SPRF-RN;DEL02-RN;UOP01-DEL02-RN
476516.0;1033461.0;2022-09-24;sábado;19:50:00;RN;101.0;75,3;NATAL;Sim;Ingestão de álcool pelo condutor;1;Colisão transversal;Com Vítimas Feridas;Plena Noite;Crescente;Céu Claro;Dupla;Rotatória;Não;834998.0;Automóvel;Não Informado/Não Informado;0.0;Condutor;Não Informado;;Não Informado;0.0;0.0;0.0;0.0;-5,721906;-35,27672;SPRF-RN;DEL02-RN;UOP01-DEL02-RN
476792.0;1033930.0;2022-09-25;domingo;16:00:00;RN;101.0;95;NATAL;Sim;Acessar a via sem observar a presença dos outros veículos;1;Colisão com objeto;Sem Vítimas;Pleno dia;Decrescente;Céu Claro;Múltipla;Reta;Sim;835365.0;Utilitário;I/SUZUKI G.VITARA 4WD 5P;2014.0;Condutor;Ileso;41.0;Feminino;1.0;0.0;0.0;0.0;-5,84076841;-35,21035949;SPRF-RN;DEL01-RN;UOP01-DEL01-RN
476997.0;1034404.0;2022-09-26;segunda-feira;13:05:00;RN;101.0;94,8;NATAL;Sim;Ausência de reação do condutor;2;Tombamento;Com Vítimas Feridas;Pleno dia;Crescente;Sol;Múltipla;Reta;Sim;835728.0;Motocicleta;YAMAHA/YS150 FAZER SED;2022.0;Condutor;Lesões Leves;22.0;Masculino;0.0;1.0;0.0;0.0;-5,83176615;-35,21191342;SPRF-RN;DEL01-RN;UOP01-DEL01-RN
476997.0;1034405.0;2022-09-26;segunda-feira;13:05:00;RN;101.0;94,8;NATAL;Sim;Ausência de reação do condutor;2;Tombamento;Com Vítimas Feridas;Pleno dia;Crescente;Sol;Múltipla;Reta;Sim;835729.0;Automóvel;CHEVROLET/CLASSIC;2009.0;Condutor;Ileso;33.0;Masculino;1.0;0.0;0.0;0.0;-5,83176615;-35,21191342;SPRF-RN;DEL01-RN;UOP01-DEL01-RN
476997.0;1034404.0;2022-09-26;segunda-feira;13:05:00;RN;101.0;94,8;NATAL;Sim;Ausência de reação do condutor;1;Colisão traseira;Com Vítimas Feridas;Pleno dia;Crescente;Sol;Múltipla;Reta;Sim;835728.0;Motocicleta;YAMAHA/YS150 FAZER SED;2022.0;Condutor;Lesões Leves;22.0;Masculino;0.0;1.0;0.0;0.0;-5,83176615;-35,21191342;SPRF-RN;DEL01-RN;UOP01-DEL01-RN
476997.0;1034405.0;2022-09-26;segunda-feira;13:05:00;RN;101.0;94,8;NATAL;Sim;Ausência de reação do condutor;1;Colisão traseira;Com Vítimas Feridas;Pleno dia;Crescente;Sol;Múltipla;Reta;Sim;835729.0;Automóvel;CHEVROLET/CLASSIC;2009.0;Condutor;Ileso;33.0;Masculino;1.0;0.0;0.0;0.0;-5,83176615;-35,21191342;SPRF-RN;DEL01-RN;UOP01-DEL01-RN
477160.0;1034985.0;2022-09-27;terça-feira;08:25:00;RN;101.0;85,8;NATAL;Sim;Condutor deixou de manter distância do veículo da frente;3;Queda de ocupante de veículo;Com Vítimas Feridas;Pleno dia;Crescente;Céu Claro;Dupla;Ponte;Sim;836243.0;Motocicleta;HONDA/CG 125 FAN;2007.0;Condutor;Lesões Leves;27.0;Masculino;0.0;1.0;0.0;0.0;-5,777664;-35,24937;SPRF-RN;DEL02-RN;UOP01-DEL02-RN
477160.0;1034986.0;2022-09-27;terça-feira;08:25:00;RN;101.0;85,8;NATAL;Sim;Condutor deixou de manter distância do veículo da frente;3;Queda de ocupante de veículo;Com Vítimas Feridas;Pleno dia;Crescente;Céu Claro;Dupla;Ponte;Sim;836244.0;Automóvel;FORD/FIESTA;2003.0;Condutor;Ileso;51.0;Masculino;1.0;0.0;0.0;0.0;-5,777664;-35,24937;SPRF-RN;DEL02-RN;UOP01-DEL02-RN
477160.0;1034985.0;2022-09-27;terça-feira;08:25:00;RN;101.0;85,8;NATAL;Sim;Condutor deixou de manter distância do veículo da frente;2;Tombamento;Com Vítimas Feridas;Pleno dia;Crescente;Céu Claro;Dupla;Ponte;Sim;836243.0;Motocicleta;HONDA/CG 125 FAN;2007.0;Condutor;Lesões Leves;27.0;Masculino;0.0;1.0;0.0;0.0;-5,777664;-35,24937;SPRF-RN;DEL02-RN;UOP01-DEL02-RN
477160.0;1034986.0;2022-09-27;terça-feira;08:25:00;RN;101.0;85,8;NATAL;Sim;Condutor deixou de manter distância do veículo da frente;2;Tombamento;Com Vítimas Feridas;Pleno dia;Crescente;Céu Claro;Dupla;Ponte;Sim;836244.0;Automóvel;FORD/FIESTA;2003.0;Condutor;Ileso;51.0;Masculino;1.0;0.0;0.0;0.0;-5,777664;-35,24937;SPRF-RN;DEL02-RN;UOP01-DEL02-RN
477160.0;1034985.0;2022-09-27;terça-feira;08:25:00;RN;101.0;85,8;NATAL;Sim;Condutor deixou de manter distância do veículo da frente;1;Colisão traseira;Com Vítimas Feridas;Pleno dia;Crescente;Céu Claro;Dupla;Ponte;Sim;836243.0;Motocicleta;HONDA/CG 125 FAN;2007.0;Condutor;Lesões Leves;27.0;Masculino;0.0;1.0;0.0;0.0;-5,777664;-35,24937;SPRF-RN;DEL02-RN;UOP01-DEL02-RN
477160.0;1034986.0;2022-09-27;terça-feira;08:25:00;RN;101.0;85,8;NATAL;Sim;Condutor deixou de manter distância do veículo da frente;1;Colisão traseira;Com Vítimas Feridas;Pleno dia;Crescente;Céu Claro;Dupla;Ponte;Sim;836244.0;Automóvel;FORD/FIESTA;2003.0;Condutor;Ileso;51.0;Masculino;1.0;0.0;0.0;0.0;-5,777664;-35,24937;SPRF-RN;DEL02-RN;UOP01-DEL02-RN
477335.0;1035206.0;2022-09-28;quarta-feira;06:30:00;RN;101.0;82;NATAL;Sim;Acessar a via sem observar a presença dos outros veículos;1;Colisão lateral mesmo sentido;Com Vítimas Feridas;Pleno dia;Crescente;Céu Claro;Dupla;Reta;Sim;836433.0;Motocicleta;HONDA/NXR160 BROS ESDD;2019.0;Condutor;Lesões Leves;63.0;Masculino;0.0;1.0;0.0;0.0;-5,76791511;-35,27456305;SPRF-RN;DEL02-RN;UOP01-DEL02-RN
477335.0;1036594.0;2022-09-28;quarta-feira;06:30:00;RN;101.0;82;NATAL;Sim;Acessar a via sem observar a presença dos outros veículos;1;Colisão lateral mesmo sentido;Com Vítimas Feridas;Pleno dia;Crescente;Céu Claro;Dupla;Reta;Sim;836433.0;Motocicleta;HONDA/NXR160 BROS ESDD;2019.0;Passageiro;Lesões Leves;57.0;Feminino;0.0;1.0;0.0;0.0;-5,76791511;-35,27456305;SPRF-RN;DEL02-RN;UOP01-DEL02-RN
477335.0;1036957.0;2022-09-28;quarta-feira;06:30:00;RN;101.0;82;NATAL;Sim;Acessar a via sem observar a presença dos outros veículos;1;Colisão lateral mesmo sentido;Com Vítimas Feridas;Pleno dia;Crescente;Céu Claro;Dupla;Reta;Sim;837864.0;Automóvel;Não Informado/Não Informado;0.0;Condutor;Ileso;;Ignorado;1.0;0.0;0.0;0.0;-5,76791511;-35,27456305;SPRF-RN;DEL02-RN;UOP01-DEL02-RN
477791.0;1036536.0;2022-09-30;sexta-feira;16:45:00;RN;101.0;85,3;NATAL;Sim;Condutor deixou de manter distância do veículo da frente;1;Colisão traseira;Com Vítimas Feridas;Anoitecer;Decrescente;Céu Claro;Dupla;"Reta;Ponte";Sim;837536.0;Caminhonete;FIAT/STRADA WORKING CE;2014.0;Condutor;Ileso;35.0;Masculino;1.0;0.0;0.0;0.0;-5,77977978;-35,24831414;SPRF-RN;DEL02-RN;UOP01-DEL02-RN
477791.0;1036537.0;2022-09-30;sexta-feira;16:45:00;RN;101.0;85,3;NATAL;Sim;Condutor deixou de manter distância do veículo da frente;1;Colisão traseira;Com Vítimas Feridas;Anoitecer;Decrescente;Céu Claro;Dupla;"Reta;Ponte";Sim;837539.0;Automóvel;RENAULT/SANDERO GTL 16HP;2013.0;Passageiro;Lesões Leves;22.0;Feminino;0.0;1.0;0.0;0.0;-5,77977978;-35,24831414;SPRF-RN;DEL02-RN;UOP01-DEL02-RN
477791.0;1036535.0;2022-09-30;sexta-feira;16:45:00;RN;101.0;85,3;NATAL;Sim;Condutor deixou de manter distância do veículo da frente;1;Colisão traseira;Com Vítimas Feridas;Anoitecer;Decrescente;Céu Claro;Dupla;"Reta;Ponte";Sim;837539.0;Automóvel;RENAULT/SANDERO GTL 16HP;2013.0;Condutor;Ileso;23.0;Masculino;1.0;0.0;0.0;0.0;-5,77977978;-35,24831414;SPRF-RN;DEL02-RN;UOP01-DEL02-RN
477791.0;1036534.0;2022-09-30;sexta-feira;16:45:00;RN;101.0;85,3;NATAL;Sim;Condutor deixou de manter distância do veículo da frente;1;Colisão traseira;Com Vítimas Feridas;Anoitecer;Decrescente;Céu Claro;Dupla;"Reta;Ponte";Sim;837541.0;Automóvel;PEUGEOT/207PASSION XR S;2011.0;Condutor;Ileso;24.0;Masculino;1.0;0.0;0.0;0.0;-5,77977978;-35,24831414;SPRF-RN;DEL02-RN;UOP01-DEL02-RN
478651.0;1038389.0;2022-10-04;terça-feira;19:05:00;RN;101.0;98,6;NATAL;Sim;Reação tardia ou ineficiente do condutor;2;Tombamento;Com Vítimas Feridas;Plena Noite;Crescente;Céu Claro;Múltipla;Reta;Sim;838944.0;Ônibus;VW/INDUSCAR APACHE U;2012.0;Condutor;Ileso;44.0;Masculino;1.0;0.0;0.0;0.0;-5,86889761;-35,21844506;SPRF-RN;DEL01-RN;UOP01-DEL01-RN
478651.0;1038390.0;2022-10-04;terça-feira;19:05:00;RN;101.0;98,6;NATAL;Sim;Reação tardia ou ineficiente do condutor;2;Tombamento;Com Vítimas Feridas;Plena Noite;Crescente;Céu Claro;Múltipla;Reta;Sim;838949.0;Ciclomotor;I/SHINERAY XY50Q PHOENIX;2014.0;Condutor;Lesões Leves;38.0;Masculino;0.0;1.0;0.0;0.0;-5,86889761;-35,21844506;SPRF-RN;DEL01-RN;UOP01-DEL01-RN
478651.0;1038389.0;2022-10-04;terça-feira;19:05:00;RN;101.0;98,6;NATAL;Sim;Reação tardia ou ineficiente do condutor;1;Colisão lateral mesmo sentido;Com Vítimas Feridas;Plena Noite;Crescente;Céu Claro;Múltipla;Reta;Sim;838944.0;Ônibus;VW/INDUSCAR APACHE U;2012.0;Condutor;Ileso;44.0;Masculino;1.0;0.0;0.0;0.0;-5,86889761;-35,21844506;SPRF-RN;DEL01-RN;UOP01-DEL01-RN
478651.0;1038390.0;2022-10-04;terça-feira;19:05:00;RN;101.0;98,6;NATAL;Sim;Reação tardia ou ineficiente do condutor;1;Colisão lateral mesmo sentido;Com Vítimas Feridas;Plena Noite;Crescente;Céu Claro;Múltipla;Reta;Sim;838949.0;Ciclomotor;I/SHINERAY XY50Q PHOENIX;2014.0;Condutor;Lesões Leves;38.0;Masculino;0.0;1.0;0.0;0.0;-5,86889761;-35,21844506;SPRF-RN;DEL01-RN;UOP01-DEL01-RN
478675.0;1038436.0;2022-10-04;terça-feira;23:30:00;RN;101.0;97;NATAL;Sim;Reação tardia ou ineficiente do condutor;1;Tombamento;Com Vítimas Feridas;Plena Noite;Crescente;Céu Claro;Simples;Reta;Sim;838983.0;Motocicleta;HONDA/NXR160 BROS ESDD;2017.0;Condutor;Lesões Leves;30.0;Masculino;0.0;1.0;0.0;0.0;-5,85758898;-35,21271205;SPRF-RN;DEL01-RN;UOP01-DEL01-RN
478884.0;1038963.0;2022-10-06;quinta-feira;08:10:00;RN;101.0;85;NATAL;Não;Velocidade Incompatível;3;Queda de ocupante de veículo;Com Vítimas Feridas;Pleno dia;Crescente;Céu Claro;Dupla;Ponte;Sim;839440.0;Motocicleta;YAMAHA/NMAX;2018.0;Condutor;Lesões Graves;27.0;Masculino;0.0;0.0;1.0;0.0;-5,777664;-35,24937;SPRF-RN;DEL02-RN;UOP01-DEL02-RN
478884.0;1038961.0;2022-10-06;quinta-feira;08:10:00;RN;101.0;85;NATAL;Não;Velocidade Incompatível;3;Queda de ocupante de veículo;Com Vítimas Feridas;Pleno dia;Crescente;Céu Claro;Dupla;Ponte;Sim;839439.0;Automóvel;I/FIAT SIENA ELX FLEX;2008.0;Condutor;Ileso;38.0;Masculino;1.0;0.0;0.0;0.0;-5,777664;-35,24937;SPRF-RN;DEL02-RN;UOP01-DEL02-RN
478884.0;1038963.0;2022-10-06;quinta-feira;08:10:00;RN;101.0;85;NATAL;Não;Reação tardia ou ineficiente do condutor;3;Queda de ocupante de veículo;Com Vítimas Feridas;Pleno dia;Crescente;Céu Claro;Dupla;Ponte;Sim;839440.0;Motocicleta;YAMAHA/NMAX;2018.0;Condutor;Lesões Graves;27.0;Masculino;0.0;0.0;1.0;0.0;-5,777664;-35,24937;SPRF-RN;DEL02-RN;UOP01-DEL02-RN
478884.0;1038961.0;2022-10-06;quinta-feira;08:10:00;RN;101.0;85;NATAL;Não;Reação tardia ou ineficiente do condutor;3;Queda de ocupante de veículo;Com Vítimas Feridas;Pleno dia;Crescente;Céu Claro;Dupla;Ponte;Sim;839439.0;Automóvel;I/FIAT SIENA ELX FLEX;2008.0;Condutor;Ileso;38.0;Masculino;1.0;0.0;0.0;0.0;-5,777664;-35,24937;SPRF-RN;DEL02-RN;UOP01-DEL02-RN
478884.0;1038963.0;2022-10-06;quinta-feira;08:10:00;RN;101.0;85;NATAL;Sim;Trafegar com motocicleta (ou similar) entre as faixas;3;Queda de ocupante de veículo;Com Vítimas Feridas;Pleno dia;Crescente;Céu Claro;Dupla;Ponte;Sim;839440.0;Motocicleta;YAMAHA/NMAX;2018.0;Condutor;Lesões Graves;27.0;Masculino;0.0;0.0;1.0;0.0;-5,777664;-35,24937;SPRF-RN;DEL02-RN;UOP01-DEL02-RN
478884.0;1038961.0;2022-10-06;quinta-feira;08:10:00;RN;101.0;85;NATAL;Sim;Trafegar com motocicleta (ou similar) entre as faixas;3;Queda de ocupante de veículo;Com Vítimas Feridas;Pleno dia;Crescente;Céu Claro;Dupla;Ponte;Sim;839439.0;Automóvel;I/FIAT SIENA ELX FLEX;2008.0;Condutor;Ileso;38.0;Masculino;1.0;0.0;0.0;0.0;-5,777664;-35,24937;SPRF-RN;DEL02-RN;UOP01-DEL02-RN
478884.0;1038963.0;2022-10-06;quinta-feira;08:10:00;RN;101.0;85;NATAL;Não;Velocidade Incompatível;2;Tombamento;Com Vítimas Feridas;Pleno dia;Crescente;Céu Claro;Dupla;Ponte;Sim;839440.0;Motocicleta;YAMAHA/NMAX;2018.0;Condutor;Lesões Graves;27.0;Masculino;0.0;0.0;1.0;0.0;-5,777664;-35,24937;SPRF-RN;DEL02-RN;UOP01-DEL02-RN
478884.0;1038961.0;2022-10-06;quinta-feira;08:10:00;RN;101.0;85;NATAL;Não;Velocidade Incompatível;2;Tombamento;Com Vítimas Feridas;Pleno dia;Crescente;Céu Claro;Dupla;Ponte;Sim;839439.0;Automóvel;I/FIAT SIENA ELX FLEX;2008.0;Condutor;Ileso;38.0;Masculino;1.0;0.0;0.0;0.0;-5,777664;-35,24937;SPRF-RN;DEL02-RN;UOP01-DEL02-RN
478884.0;1038963.0;2022-10-06;quinta-feira;08:10:00;RN;101.0;85;NATAL;Não;Reação tardia ou ineficiente do condutor;2;Tombamento;Com Vítimas Feridas;Pleno dia;Crescente;Céu Claro;Dupla;Ponte;Sim;839440.0;Motocicleta;YAMAHA/NMAX;2018.0;Condutor;Lesões Graves;27.0;Masculino;0.0;0.0;1.0;0.0;-5,777664;-35,24937;SPRF-RN;DEL02-RN;UOP01-DEL02-RN
478884.0;1038961.0;2022-10-06;quinta-feira;08:10:00;RN;101.0;85;NATAL;Não;Reação tardia ou ineficiente do condutor;2;Tombamento;Com Vítimas Feridas;Pleno dia;Crescente;Céu Claro;Dupla;Ponte;Sim;839439.0;Automóvel;I/FIAT SIENA ELX FLEX;2008.0;Condutor;Ileso;38.0;Masculino;1.0;0.0;0.0;0.0;-5,777664;-35,24937;SPRF-RN;DEL02-RN;UOP01-DEL02-RN
478884.0;1038963.0;2022-10-06;quinta-feira;08:10:00;RN;101.0;85;NATAL;Sim;Trafegar com motocicleta (ou similar) entre as faixas;2;Tombamento;Com Vítimas Feridas;Pleno dia;Crescente;Céu Claro;Dupla;Ponte;Sim;839440.0;Motocicleta;YAMAHA/NMAX;2018.0;Condutor;Lesões Graves;27.0;Masculino;0.0;0.0;1.0;0.0;-5,777664;-35,24937;SPRF-RN;DEL02-RN;UOP01-DEL02-RN
478884.0;1038961.0;2022-10-06;quinta-feira;08:10:00;RN;101.0;85;NATAL;Sim;Trafegar com motocicleta (ou similar) entre as faixas;2;Tombamento;Com Vítimas Feridas;Pleno dia;Crescente;Céu Claro;Dupla;Ponte;Sim;839439.0;Automóvel;I/FIAT SIENA ELX FLEX;2008.0;Condutor;Ileso;38.0;Masculino;1.0;0.0;0.0;0.0;-5,777664;-35,24937;SPRF-RN;DEL02-RN;UOP01-DEL02-RN
478884.0;1038963.0;2022-10-06;quinta-feira;08:10:00;RN;101.0;85;NATAL;Não;Velocidade Incompatível;1;Colisão traseira;Com Vítimas Feridas;Pleno dia;Crescente;Céu Claro;Dupla;Ponte;Sim;839440.0;Motocicleta;YAMAHA/NMAX;2018.0;Condutor;Lesões Graves;27.0;Masculino;0.0;0.0;1.0;0.0;-5,777664;-35,24937;SPRF-RN;DEL02-RN;UOP01-DEL02-RN
478884.0;1038961.0;2022-10-06;quinta-feira;08:10:00;RN;101.0;85;NATAL;Não;Velocidade Incompatível;1;Colisão traseira;Com Vítimas Feridas;Pleno dia;Crescente;Céu Claro;Dupla;Ponte;Sim;839439.0;Automóvel;I/FIAT SIENA ELX FLEX;2008.0;Condutor;Ileso;38.0;Masculino;1.0;0.0;0.0;0.0;-5,777664;-35,24937;SPRF-RN;DEL02-RN;UOP01-DEL02-RN
478884.0;1038963.0;2022-10-06;quinta-feira;08:10:00;RN;101.0;85;NATAL;Não;Reação tardia ou ineficiente do condutor;1;Colisão traseira;Com Vítimas Feridas;Pleno dia;Crescente;Céu Claro;Dupla;Ponte;Sim;839440.0;Motocicleta;YAMAHA/NMAX;2018.0;Condutor;Lesões Graves;27.0;Masculino;0.0;0.0;1.0;0.0;-5,777664;-35,24937;SPRF-RN;DEL02-RN;UOP01-DEL02-RN
478884.0;1038961.0;2022-10-06;quinta-feira;08:10:00;RN;101.0;85;NATAL;Não;Reação tardia ou ineficiente do condutor;1;Colisão traseira;Com Vítimas Feridas;Pleno dia;Crescente;Céu Claro;Dupla;Ponte;Sim;839439.0;Automóvel;I/FIAT SIENA ELX FLEX;2008.0;Condutor;Ileso;38.0;Masculino;1.0;0.0;0.0;0.0;-5,777664;-35,24937;SPRF-RN;DEL02-RN;UOP01-DEL02-RN
478884.0;1038963.0;2022-10-06;quinta-feira;08:10:00;RN;101.0;85;NATAL;Sim;Trafegar com motocicleta (ou similar) entre as faixas;1;Colisão traseira;Com Vítimas Feridas;Pleno dia;Crescente;Céu Claro;Dupla;Ponte;Sim;839440.0;Motocicleta;YAMAHA/NMAX;2018.0;Condutor;Lesões Graves;27.0;Masculino;0.0;0.0;1.0;0.0;-5,777664;-35,24937;SPRF-RN;DEL02-RN;UOP01-DEL02-RN
478884.0;1038961.0;2022-10-06;quinta-feira;08:10:00;RN;101.0;85;NATAL;Sim;Trafegar com motocicleta (ou similar) entre as faixas;1;Colisão traseira;Com Vítimas Feridas;Pleno dia;Crescente;Céu Claro;Dupla;Ponte;Sim;839439.0;Automóvel;I/FIAT SIENA ELX FLEX;2008.0;Condutor;Ileso;38.0;Masculino;1.0;0.0;0.0;0.0;-5,777664;-35,24937;SPRF-RN;DEL02-RN;UOP01-DEL02-RN
479419.0;1040263.0;2022-10-08;sábado;13:40:00;RN;226.0;4;NATAL;Sim;Ingestão de álcool pelo condutor;1;Colisão traseira;Sem Vítimas;Pleno dia;Decrescente;Sol;Dupla;Reta;Sim;840496.0;Automóvel;CHEVROLET/ONIX 10MT JOYE;2018.0;Condutor;Ileso;60.0;Masculino;1.0;0.0;0.0;0.0;-5,81958019;-35,25969486;SPRF-RN;DEL01-RN;UOP02-DEL01-RN
479419.0;1040265.0;2022-10-08;sábado;13:40:00;RN;226.0;4;NATAL;Sim;Ingestão de álcool pelo condutor;1;Colisão traseira;Sem Vítimas;Pleno dia;Decrescente;Sol;Dupla;Reta;Sim;840498.0;Caminhão;GM/CHEVROLET 11000;1986.0;Condutor;Ileso;41.0;Masculino;1.0;0.0;0.0;0.0;-5,81958019;-35,25969486;SPRF-RN;DEL01-RN;UOP02-DEL01-RN
479534.0;1040522.0;2022-10-09;domingo;00:17:00;RN;101.0;82;NATAL;Não;Ingestão de álcool pelo condutor;1;Tombamento;Sem Vítimas;Plena Noite;Decrescente;Céu Claro;Dupla;Interseção de Vias;Sim;840714.0;Automóvel;FIAT/UNO MILLE ECONOMY;2010.0;Condutor;Ileso;54.0;Masculino;1.0;0.0;0.0;0.0;-5,76791511;-35,27456305;SPRF-RN;DEL02-RN;UOP01-DEL02-RN
479534.0;1040519.0;2022-10-09;domingo;00:17:00;RN;101.0;82;NATAL;Não;Ingestão de álcool pelo condutor;1;Tombamento;Sem Vítimas;Plena Noite;Decrescente;Céu Claro;Dupla;Interseção de Vias;Sim;840713.0;Motocicleta;HONDA/NXR160 BROS ESDD;2017.0;Condutor;Ileso;43.0;Masculino;1.0;0.0;0.0;0.0;-5,76791511;-35,27456305;SPRF-RN;DEL02-RN;UOP01-DEL02-RN
479534.0;1040522.0;2022-10-09;domingo;00:17:00;RN;101.0;82;NATAL;Não;Conversão proibida;1;Tombamento;Sem Vítimas;Plena Noite;Decrescente;Céu Claro;Dupla;Interseção de Vias;Sim;840714.0;Automóvel;FIAT/UNO MILLE ECONOMY;2010.0;Condutor;Ileso;54.0;Masculino;1.0;0.0;0.0;0.0;-5,76791511;-35,27456305;SPRF-RN;DEL02-RN;UOP01-DEL02-RN
479534.0;1040519.0;2022-10-09;domingo;00:17:00;RN;101.0;82;NATAL;Não;Conversão proibida;1;Tombamento;Sem Vítimas;Plena Noite;Decrescente;Céu Claro;Dupla;Interseção de Vias;Sim;840713.0;Motocicleta;HONDA/NXR160 BROS ESDD;2017.0;Condutor;Ileso;43.0;Masculino;1.0;0.0;0.0;0.0;-5,76791511;-35,27456305;SPRF-RN;DEL02-RN;UOP01-DEL02-RN
479534.0;1040522.0;2022-10-09;domingo;00:17:00;RN;101.0;82;NATAL;Sim;Acessar a via sem observar a presença dos outros veículos;1;Tombamento;Sem Vítimas;Plena Noite;Decrescente;Céu Claro;Dupla;Interseção de Vias;Sim;840714.0;Automóvel;FIAT/UNO MILLE ECONOMY;2010.0;Condutor;Ileso;54.0;Masculino;1.0;0.0;0.0;0.0;-5,76791511;-35,27456305;SPRF-RN;DEL02-RN;UOP01-DEL02-RN
479534.0;1040519.0;2022-10-09;domingo;00:17:00;RN;101.0;82;NATAL;Sim;Acessar a via sem observar a presença dos outros veículos;1;Tombamento;Sem Vítimas;Plena Noite;Decrescente;Céu Claro;Dupla;Interseção de Vias;Sim;840713.0;Motocicleta;HONDA/NXR160 BROS ESDD;2017.0;Condutor;Ileso;43.0;Masculino;1.0;0.0;0.0;0.0;-5,76791511;-35,27456305;SPRF-RN;DEL02-RN;UOP01-DEL02-RN
479534.0;1040522.0;2022-10-09;domingo;00:17:00;RN;101.0;82;NATAL;Não;Ingestão de álcool pelo condutor;2;Colisão transversal;Sem Vítimas;Plena Noite;Decrescente;Céu Claro;Dupla;Interseção de Vias;Sim;840714.0;Automóvel;FIAT/UNO MILLE ECONOMY;2010.0;Condutor;Ileso;54.0;Masculino;1.0;0.0;0.0;0.0;-5,76791511;-35,27456305;SPRF-RN;DEL02-RN;UOP01-DEL02-RN
479534.0;1040519.0;2022-10-09;domingo;00:17:00;RN;101.0;82;NATAL;Não;Ingestão de álcool pelo condutor;2;Colisão transversal;Sem Vítimas;Plena Noite;Decrescente;Céu Claro;Dupla;Interseção de Vias;Sim;840713.0;Motocicleta;HONDA/NXR160 BROS ESDD;2017.0;Condutor;Ileso;43.0;Masculino;1.0;0.0;0.0;0.0;-5,76791511;-35,27456305;SPRF-RN;DEL02-RN;UOP01-DEL02-RN
479534.0;1040522.0;2022-10-09;domingo;00:17:00;RN;101.0;82;NATAL;Não;Conversão proibida;2;Colisão transversal;Sem Vítimas;Plena Noite;Decrescente;Céu Claro;Dupla;Interseção de Vias;Sim;840714.0;Automóvel;FIAT/UNO MILLE ECONOMY;2010.0;Condutor;Ileso;54.0;Masculino;1.0;0.0;0.0;0.0;-5,76791511;-35,27456305;SPRF-RN;DEL02-RN;UOP01-DEL02-RN
479534.0;1040519.0;2022-10-09;domingo;00:17:00;RN;101.0;82;NATAL;Não;Conversão proibida;2;Colisão transversal;Sem Vítimas;Plena Noite;Decrescente;Céu Claro;Dupla;Interseção de Vias;Sim;840713.0;Motocicleta;HONDA/NXR160 BROS ESDD;2017.0;Condutor;Ileso;43.0;Masculino;1.0;0.0;0.0;0.0;-5,76791511;-35,27456305;SPRF-RN;DEL02-RN;UOP01-DEL02-RN