id;pesid;data_inversa;dia_semana;horario;uf;br;km;municipio;causa_principal;causa_acidente;ordem_tipo_acidente;tipo_acidente;classificacao_acidente;fase_dia;sentido_via;condicao_metereologica;tipo_pista;tracado_via;uso_solo;id_veiculo;tipo_veiculo;marca;ano_fabricacao_veiculo;tipo_envolvido;estado_fisico;idade;sexo;ilesos;feridos_leves;feridos_graves;mortos;latitude;longitude;regional;delegacia;uop
479534.0;1040522.0;2022-10-09;domingo;00:17:00;RN;101.0;82;NATAL;Sim;Acessar a via sem observar a presença dos outros veículos;2;Colisão transversal;Sem Vítimas;Plena Noite;Decrescente;Céu Claro;Dupla;Interseção de Vias;Sim;840714.0;Automóvel;FIAT/UNO MILLE ECONOMY;2010.0;Condutor;Ileso;54.0;Masculino;1.0;0.0;0.0;0.0;-5,76791511;-35,27456305;SPRF-RN;DEL02-RN;UOP01-DEL02-RN
479534.0;1040519.0;2022-10-09;domingo;00:17:00;RN;101.0;82;NATAL;Sim;Acessar a via sem observar a presença dos outros veículos;2;Colisão transversal;Sem Vítimas;Plena Noite;Decrescente;Céu Claro;Dupla;Interseção de Vias;Sim;840713.0;Motocicleta;HONDA/NXR160 BROS ESDD;2017.0;Condutor;Ileso;43.0;Masculino;1.0;0.0;0.0;0.0;-5,76791511;-35,27456305;SPRF-RN;DEL02-RN;UOP01-DEL02-RN
480751.0;1043856.0;2022-10-15;sábado;07:50:00;RN;101.0;94;NATAL;Sim;Condutor deixou de manter distância do veículo da frente;1;Colisão traseira;Com Vítimas Feridas;Pleno dia;Decrescente;Sol;Múltipla;Reta;Sim;843320.0;Motocicleta;HONDA/POP100;2009.0;Condutor;Lesões Leves;20.0;Masculino;0.0;1.0;0.0;0.0;-5,83176615;-35,21191342;SPRF-RN;DEL01-RN;UOP01-DEL01-RN
480751.0;1043857.0;2022-10-15;sábado;07:50:00;RN;101.0;94;NATAL;Sim;Condutor deixou de manter distância do veículo da frente;1;Colisão traseira;Com Vítimas Feridas;Pleno dia;Decrescente;Sol;Múltipla;Reta;Sim;843321.0;Automóvel;TOYOTA/ETIOS HB X 13L MT;2017.0;Condutor;Ileso;29.0;Feminino;1.0;0.0;0.0;0.0;-5,83176615;-35,21191342;SPRF-RN;DEL01-RN;UOP01-DEL01-RN
481366.0;1045226.0;2022-10-18;terça-feira;07:05:00;RN;101.0;81;NATAL;Sim;Desrespeitar a preferência no cruzamento;1;Colisão transversal;Com Vítimas Feridas;Pleno dia;Decrescente;Céu Claro;Dupla;Rotatória;Sim;844344.0;Caminhonete;MMC/L200 TRITON SPT GL;2018.0;Condutor;Ileso;50.0;Feminino;1.0;0.0;0.0;0.0;-5,75852229;-35,28806121;SPRF-RN;DEL02-RN;UOP01-DEL02-RN
481366.0;1045234.0;2022-10-18;terça-feira;07:05:00;RN;101.0;81;NATAL;Sim;Desrespeitar a preferência no cruzamento;1;Colisão transversal;Com Vítimas Feridas;Pleno dia;Decrescente;Céu Claro;Dupla;Rotatória;Sim;844345.0;Motocicleta;HONDA/CG150 START;2015.0;Condutor;Lesões Graves;35.0;Feminino;0.0;0.0;1.0;0.0;-5,75852229;-35,28806121;SPRF-RN;DEL02-RN;UOP01-DEL02-RN
481742.0;1045951.0;2022-10-20;quinta-feira;12:00:00;RN;101.0;98;NATAL;Sim;Ausência de sinalização;1;Colisão traseira;Com Vítimas Feridas;Pleno dia;Crescente;Céu Claro;Dupla;Reta;Sim;844935.0;Motocicleta;HONDA/CG 160 FAN ESDI;2017.0;Condutor;Lesões Leves;29.0;Masculino;0.0;1.0;0.0;0.0;-5,86567888;-35,21651625;SPRF-RN;DEL01-RN;UOP01-DEL01-RN
481742.0;1045950.0;2022-10-20;quinta-feira;12:00:00;RN;101.0;98;NATAL;Sim;Ausência de sinalização;1;Colisão traseira;Com Vítimas Feridas;Pleno dia;Crescente;Céu Claro;Dupla;Reta;Sim;844934.0;Caminhão;IVECO/DAILY 70C16HDCD;2011.0;Condutor;Ileso;33.0;Masculino;1.0;0.0;0.0;0.0;-5,86567888;-35,21651625;SPRF-RN;DEL01-RN;UOP01-DEL01-RN
481924.0;1046336.0;2022-10-21;sexta-feira;08:04:00;RN;101.0;97;NATAL;Sim;Condutor deixou de manter distância do veículo da frente;2;Tombamento;Com Vítimas Feridas;Pleno dia;Decrescente;Céu Claro;Múltipla;Reta;Sim;845269.0;Caminhonete;VW/SAVEIRO 1.6 CS;2010.0;Condutor;Ileso;63.0;Masculino;1.0;0.0;0.0;0.0;-5,85758898;-35,21271205;SPRF-RN;DEL01-RN;UOP01-DEL01-RN
481924.0;1046354.0;2022-10-21;sexta-feira;08:04:00;RN;101.0;97;NATAL;Sim;Condutor deixou de manter distância do veículo da frente;2;Tombamento;Com Vítimas Feridas;Pleno dia;Decrescente;Céu Claro;Múltipla;Reta;Sim;845270.0;Motocicleta;YAMAHA/YS150 FAZER SED;2017.0;Condutor;Lesões Graves;21.0;Masculino;0.0;0.0;1.0;0.0;-5,85758898;-35,21271205;SPRF-RN;DEL01-RN;UOP01-DEL01-RN
481924.0;1046336.0;2022-10-21;sexta-feira;08:04:00;RN;101.0;97;NATAL;Sim;Condutor deixou de manter distância do veículo da frente;1;Colisão traseira;Com Vítimas Feridas;Pleno dia;Decrescente;Céu Claro;Múltipla;Reta;Sim;845269.0;Caminhonete;VW/SAVEIRO 1.6 CS;2010.0;Condutor;Ileso;63.0;Masculino;1.0;0.0;0.0;0.0;-5,85758898;-35,21271205;SPRF-RN;DEL01-RN;UOP01-DEL01-RN
481924.0;1046354.0;2022-10-21;sexta-feira;08:04:00;RN;101.0;97;NATAL;Sim;Condutor deixou de manter distância do veículo da frente;1;Colisão traseira;Com Vítimas Feridas;Pleno dia;Decrescente;Céu Claro;Múltipla;Reta;Sim;845270.0;Motocicleta;YAMAHA/YS150 FAZER SED;2017.0;Condutor;Lesões Graves;21.0;Masculino;0.0;0.0;1.0;0.0;-5,85758898;-35,21271205;SPRF-RN;DEL01-RN;UOP01-DEL01-RN
482097.0;1048157.0;2022-10-21;sexta-feira;21:40:00;RN;406.0;82,9;NATAL;Sim;Pedestre cruzava a pista fora da faixa;1;Atropelamento de Pedestre;Com Vítimas Feridas;Plena Noite;Decrescente;Céu Claro;Dupla;Reta;Sim;846737.0;Motocicleta;HONDA/CG 160 START;2022.0;Condutor;Ileso;22.0;Masculino;1.0;0.0;0.0;0.0;-5,76949387;-35,27040666;SPRF-RN;DEL02-RN;UOP01-DEL02-RN
482097.0;1048159.0;2022-10-21;sexta-feira;21:40:00;RN;406.0;82,9;NATAL;Sim;Pedestre cruzava a pista fora da faixa;1;Atropelamento de Pedestre;Com Vítimas Feridas;Plena Noite;Decrescente;Céu Claro;Dupla;Reta;Sim;;;NA/NA;;Pedestre;Lesões Graves;46.0;Masculino;0.0;0.0;1.0;0.0;-5,76949387;-35,27040666;SPRF-RN;DEL02-RN;UOP01-DEL02-RN
482331.0;1047212.0;2022-10-22;sábado;23:35:00;RN;101.0;76,6;NATAL;Sim;Ingestão de álcool pelo condutor;1;Saída de leito carroçável;Sem Vítimas;Plena Noite;Decrescente;Céu Claro;Dupla;Curva;Não;846006.0;Automóvel;FIAT/PALIO WEEK ELX FLEX;2004.0;Condutor;Ileso;48.0;Masculino;1.0;0.0;0.0;0.0;-5,72603024;-35,28461489;SPRF-RN;DEL02-RN;UOP01-DEL02-RN
482734.0;1048323.0;2022-10-24;segunda-feira;16:24:00;RN;226.0;2,8;NATAL;Sim;Acessar a via sem observar a presença dos outros veículos;3;Queda de ocupante de veículo;Com Vítimas Feridas;Pleno dia;Decrescente;Céu Claro;Simples;Reta;Sim;846849.0;Automóvel;HYUNDAI/HB20X 1.6M STYLE;2015.0;Condutor;Ileso;56.0;Feminino;1.0;0.0;0.0;0.0;-5,81979;-35,25129;SPRF-RN;DEL01-RN;UOP02-DEL01-RN
482734.0;1048326.0;2022-10-24;segunda-feira;16:24:00;RN;226.0;2,8;NATAL;Sim;Acessar a via sem observar a presença dos outros veículos;3;Queda de ocupante de veículo;Com Vítimas Feridas;Pleno dia;Decrescente;Céu Claro;Simples;Reta;Sim;846851.0;Motocicleta;HONDA/CG 150 FAN ESI;2011.0;Condutor;Lesões Leves;22.0;Masculino;0.0;1.0;0.0;0.0;-5,81979;-35,25129;SPRF-RN;DEL01-RN;UOP02-DEL01-RN
482734.0;1048323.0;2022-10-24;segunda-feira;16:24:00;RN;226.0;2,8;NATAL;Sim;Acessar a via sem observar a presença dos outros veículos;2;Tombamento;Com Vítimas Feridas;Pleno dia;Decrescente;Céu Claro;Simples;Reta;Sim;846849.0;Automóvel;HYUNDAI/HB20X 1.6M STYLE;2015.0;Condutor;Ileso;56.0;Feminino;1.0;0.0;0.0;0.0;-5,81979;-35,25129;SPRF-RN;DEL01-RN;UOP02-DEL01-RN
482734.0;1048326.0;2022-10-24;segunda-feira;16:24:00;RN;226.0;2,8;NATAL;Sim;Acessar a via sem observar a presença dos outros veículos;2;Tombamento;Com Vítimas Feridas;Pleno dia;Decrescente;Céu Claro;Simples;Reta;Sim;846851.0;Motocicleta;HONDA/CG 150 FAN ESI;2011.0;Condutor;Lesões Leves;22.0;Masculino;0.0;1.0;0.0;0.0;-5,81979;-35,25129;SPRF-RN;DEL01-RN;UOP02-DEL01-RN
482734.0;1048323.0;2022-10-24;segunda-feira;16:24:00;RN;226.0;2,8;NATAL;Sim;Acessar a via sem observar a presença dos outros veículos;1;Colisão transversal;Com Vítimas Feridas;Pleno dia;Decrescente;Céu Claro;Simples;Reta;Sim;846849.0;Automóvel;HYUNDAI/HB20X 1.6M STYLE;2015.0;Condutor;Ileso;56.0;Feminino;1.0;0.0;0.0;0.0;-5,81979;-35,25129;SPRF-RN;DEL01-RN;UOP02-DEL01-RN
482734.0;1048326.0;2022-10-24;segunda-feira;16:24:00;RN;226.0;2,8;NATAL;Sim;Acessar a via sem observar a presença dos outros veículos;1;Colisão transversal;Com Vítimas Feridas;Pleno dia;Decrescente;Céu Claro;Simples;Reta;Sim;846851.0;Motocicleta;HONDA/CG 150 FAN ESI;2011.0;Condutor;Lesões Leves;22.0;Masculino;0.0;1.0;0.0;0.0;-5,81979;-35,25129;SPRF-RN;DEL01-RN;UOP02-DEL01-RN
482792.0;1048392.0;2022-10-24;segunda-feira;21:40:00;RN;101.0;98;NATAL;Sim;Reação tardia ou ineficiente do condutor;3;Queda de ocupante de veículo;Com Vítimas Feridas;Plena Noite;Crescente;Nublado;Múltipla;Aclive;Sim;846893.0;Motoneta;HONDA/PCX 150 DLX ABS;2022.0;Condutor;Lesões Leves;40.0;Feminino;0.0;1.0;0.0;0.0;-5,86567888;-35,21651625;SPRF-RN;DEL01-RN;UOP01-DEL01-RN
482792.0;1048393.0;2022-10-24;segunda-feira;21:40:00;RN;101.0;98;NATAL;Sim;Reação tardia ou ineficiente do condutor;3;Queda de ocupante de veículo;Com Vítimas Feridas;Plena Noite;Crescente;Nublado;Múltipla;Aclive;Sim;846894.0;Automóvel;FIAT/MOBI EASY;2017.0;Condutor;Ileso;37.0;Masculino;1.0;0.0;0.0;0.0;-5,86567888;-35,21651625;SPRF-RN;DEL01-RN;UOP01-DEL01-RN
482792.0;1048392.0;2022-10-24;segunda-feira;21:40:00;RN;101.0;98;NATAL;Sim;Reação tardia ou ineficiente do condutor;2;Tombamento;Com Vítimas Feridas;Plena Noite;Crescente;Nublado;Múltipla;Aclive;Sim;846893.0;Motoneta;HONDA/PCX 150 DLX ABS;2022.0;Condutor;Lesões Leves;40.0;Feminino;0.0;1.0;0.0;0.0;-5,86567888;-35,21651625;SPRF-RN;DEL01-RN;UOP01-DEL01-RN
482792.0;1048393.0;2022-10-24;segunda-feira;21:40:00;RN;101.0;98;NATAL;Sim;Reação tardia ou ineficiente do condutor;2;Tombamento;Com Vítimas Feridas;Plena Noite;Crescente;Nublado;Múltipla;Aclive;Sim;846894.0;Automóvel;FIAT/MOBI EASY;2017.0;Condutor;Ileso;37.0;Masculino;1.0;0.0;0.0;0.0;-5,86567888;-35,21651625;SPRF-RN;DEL01-RN;UOP01-DEL01-RN
482792.0;1048392.0;2022-10-24;segunda-feira;21:40:00;RN;101.0;98;NATAL;Sim;Reação tardia ou ineficiente do condutor;1;Colisão traseira;Com Vítimas Feridas;Plena Noite;Crescente;Nublado;Múltipla;Aclive;Sim;846893.0;Motoneta;HONDA/PCX 150 DLX ABS;2022.0;Condutor;Lesões Leves;40.0;Feminino;0.0;1.0;0.0;0.0;-5,86567888;-35,21651625;SPRF-RN;DEL01-RN;UOP01-DEL01-RN
482792.0;1048393.0;2022-10-24;segunda-feira;21:40:00;RN;101.0;98;NATAL;Sim;Reação tardia ou ineficiente do condutor;1;Colisão traseira;Com Vítimas Feridas;Plena Noite;Crescente;Nublado;Múltipla;Aclive;Sim;846894.0;Automóvel;FIAT/MOBI EASY;2017.0;Condutor;Ileso;37.0;Masculino;1.0;0.0;0.0;0.0;-5,86567888;-35,21651625;SPRF-RN;DEL01-RN;UOP01-DEL01-RN
482908.0;1048765.0;2022-10-25;terça-feira;14:50:00;RN;101.0;98;NATAL;Sim;Demais falhas mecânicas ou elétricas;1;Tombamento;Com Vítimas Feridas;Pleno dia;Decrescente;Sol;Dupla;Declive;Sim;847201.0;Motocicleta;HONDA/CG 125I FAN;2017.0;Condutor;Lesões Leves;43.0;Feminino;0.0;1.0;0.0;0.0;-5,86567888;-35,21651625;SPRF-RN;DEL01-RN;UOP01-DEL01-RN
482908.0;1048766.0;2022-10-25;terça-feira;14:50:00;RN;101.0;98;NATAL;Sim;Demais falhas mecânicas ou elétricas;1;Tombamento;Com Vítimas Feridas;Pleno dia;Decrescente;Sol;Dupla;Declive;Sim;847201.0;Motocicleta;HONDA/CG 125I FAN;2017.0;Passageiro;Lesões Leves;23.0;Masculino;0.0;1.0;0.0;0.0;-5,86567888;-35,21651625;SPRF-RN;DEL01-RN;UOP01-DEL01-RN
483099.0;1049325.0;2022-10-26;quarta-feira;16:30:00;RN;101.0;84,5;NATAL;Sim;Manobra de mudança de faixa;1;Capotamento;Com Vítimas Feridas;Pleno dia;Decrescente;Céu Claro;Dupla;Reta;Sim;847604.0;Automóvel;FIAT/UNO MILLE;1991.0;Condutor;Não Informado;;Não Informado;0.0;0.0;0.0;0.0;-5,77527724;-35,25474608;SPRF-RN;DEL02-RN;UOP01-DEL02-RN
483099.0;1049326.0;2022-10-26;quarta-feira;16:30:00;RN;101.0;84,5;NATAL;Sim;Manobra de mudança de faixa;1;Capotamento;Com Vítimas Feridas;Pleno dia;Decrescente;Céu Claro;Dupla;Reta;Sim;847604.0;Automóvel;FIAT/UNO MILLE;1991.0;Passageiro;Lesões Leves;52.0;Feminino;0.0;1.0;0.0;0.0;-5,77527724;-35,25474608;SPRF-RN;DEL02-RN;UOP01-DEL02-RN
483214.0;1049461.0;2022-10-27;quinta-feira;11:10:00;RN;226.0;4;NATAL;Sim;Conversão proibida;3;Queda de ocupante de veículo;Com Vítimas Feridas;Pleno dia;Decrescente;Céu Claro;Simples;Reta;Não;847736.0;Automóvel;VW/FOX 1.6;2004.0;Condutor;Ileso;54.0;Masculino;1.0;0.0;0.0;0.0;-5,81958019;-35,25969486;SPRF-RN;DEL01-RN;UOP02-DEL01-RN
483214.0;1049456.0;2022-10-27;quinta-feira;11:10:00;RN;226.0;4;NATAL;Sim;Conversão proibida;3;Queda de ocupante de veículo;Com Vítimas Feridas;Pleno dia;Decrescente;Céu Claro;Simples;Reta;Não;847737.0;Motocicleta;HONDA/CG 125 TODAY;1992.0;Condutor;Lesões Leves;26.0;Masculino;0.0;1.0;0.0;0.0;-5,81958019;-35,25969486;SPRF-RN;DEL01-RN;UOP02-DEL01-RN
483214.0;1049461.0;2022-10-27;quinta-feira;11:10:00;RN;226.0;4;NATAL;Sim;Conversão proibida;2;Tombamento;Com Vítimas Feridas;Pleno dia;Decrescente;Céu Claro;Simples;Reta;Não;847736.0;Automóvel;VW/FOX 1.6;2004.0;Condutor;Ileso;54.0;Masculino;1.0;0.0;0.0;0.0;-5,81958019;-35,25969486;SPRF-RN;DEL01-RN;UOP02-DEL01-RN
483214.0;1049456.0;2022-10-27;quinta-feira;11:10:00;RN;226.0;4;NATAL;Sim;Conversão proibida;2;Tombamento;Com Vítimas Feridas;Pleno dia;Decrescente;Céu Claro;Simples;Reta;Não;847737.0;Motocicleta;HONDA/CG 125 TODAY;1992.0;Condutor;Lesões Leves;26.0;Masculino;0.0;1.0;0.0;0.0;-5,81958019;-35,25969486;SPRF-RN;DEL01-RN;UOP02-DEL01-RN
483214.0;1049461.0;2022-10-27;quinta-feira;11:10:00;RN;226.0;4;NATAL;Sim;Conversão proibida;1;Colisão lateral sentido oposto;Com Vítimas Feridas;Pleno dia;Decrescente;Céu Claro;Simples;Reta;Não;847736.0;Automóvel;VW/FOX 1.6;2004.0;Condutor;Ileso;54.0;Masculino;1.0;0.0;0.0;0.0;-5,81958019;-35,25969486;SPRF-RN;DEL01-RN;UOP02-DEL01-RN
483214.0;1049456.0;2022-10-27;quinta-feira;11:10:00;RN;226.0;4;NATAL;Sim;Conversão proibida;1;Colisão lateral sentido oposto;Com Vítimas Feridas;Pleno dia;Decrescente;Céu Claro;Simples;Reta;Não;847737.0;Motocicleta;HONDA/CG 125 TODAY;1992.0;Condutor;Lesões Leves;26.0;Masculino;0.0;1.0;0.0;0.0;-5,81958019;-35,25969486;SPRF-RN;DEL01-RN;UOP02-DEL01-RN
483275.0;1049601.0;2022-10-27;quinta-feira;17:40:00;RN;101.0;96;NATAL;Sim;Reação tardia ou ineficiente do condutor;1;Colisão traseira;Com Vítimas Feridas;Plena Noite;Decrescente;Céu Claro;Múltipla;Reta;Sim;847848.0;Motocicleta;YAMAHA/XTZ150 CROSSER E;2014.0;Condutor;Lesões Graves;36.0;Masculino;0.0;0.0;1.0;0.0;-5,84949622;-35,20890752;SPRF-RN;DEL01-RN;UOP01-DEL01-RN
483275.0;1049604.0;2022-10-27;quinta-feira;17:40:00;RN;101.0;96;NATAL;Sim;Reação tardia ou ineficiente do condutor;1;Colisão traseira;Com Vítimas Feridas;Plena Noite;Decrescente;Céu Claro;Múltipla;Reta;Sim;847853.0;Utilitário;I/KIA SORENTO EX2 3.5G17;2010.0;Condutor;Ileso;38.0;Masculino;1.0;0.0;0.0;0.0;-5,84949622;-35,20890752;SPRF-RN;DEL01-RN;UOP01-DEL01-RN
483417.0;1050212.0;2022-10-28;sexta-feira;14:30:00;RN;101.0;97,8;NATAL;Sim;Manobra de mudança de faixa;2;Tombamento;Com Vítimas Feridas;Pleno dia;Decrescente;Céu Claro;Múltipla;Viaduto;Sim;848326.0;Automóvel;FORD/KA SE 1.0 HA;2015.0;Condutor;Ileso;;Masculino;1.0;0.0;0.0;0.0;-5,85758898;-35,21271205;SPRF-RN;DEL01-RN;UOP01-DEL01-RN
483417.0;1050213.0;2022-10-28;sexta-feira;14:30:00;RN;101.0;97,8;NATAL;Sim;Manobra de mudança de faixa;2;Tombamento;Com Vítimas Feridas;Pleno dia;Decrescente;Céu Claro;Múltipla;Viaduto;Sim;848327.0;Motocicleta;HONDA/CG150 FAN ESDI;2013.0;Condutor;Lesões Leves;34.0;Feminino;0.0;1.0;0.0;0.0;-5,85758898;-35,21271205;SPRF-RN;DEL01-RN;UOP01-DEL01-RN
483417.0;1050212.0;2022-10-28;sexta-feira;14:30:00;RN;101.0;97,8;NATAL;Sim;Manobra de mudança de faixa;1;Colisão lateral mesmo sentido;Com Vítimas Feridas;Pleno dia;Decrescente;Céu Claro;Múltipla;Viaduto;Sim;848326.0;Automóvel;FORD/KA SE 1.0 HA;2015.0;Condutor;Ileso;;Masculino;1.0;0.0;0.0;0.0;-5,85758898;-35,21271205;SPRF-RN;DEL01-RN;UOP01-DEL01-RN
483417.0;1050213.0;2022-10-28;sexta-feira;14:30:00;RN;101.0;97,8;NATAL;Sim;Manobra de mudança de faixa;1;Colisão lateral mesmo sentido;Com Vítimas Feridas;Pleno dia;Decrescente;Céu Claro;Múltipla;Viaduto;Sim;848327.0;Motocicleta;HONDA/CG150 FAN ESDI;2013.0;Condutor;Lesões Leves;34.0;Feminino;0.0;1.0;0.0;0.0;-5,85758898;-35,21271205;SPRF-RN;DEL01-RN;UOP01-DEL01-RN
483600.0;1050801.0;2022-10-29;sábado;09:30:00;RN;101.0;96;NATAL;Não;Acessar a via sem observar a presença dos outros veículos;3;Queda de ocupante de veículo;Com Vítimas Feridas;Pleno dia;Decrescente;Sol;Múltipla;"Interseção de Vias;Reta;Viaduto;Declive";Sim;848772.0;Automóvel;HYUNDAI/HB20 10M EVOLUTI;2021.0;Passageiro;Ileso;33.0;Masculino;1.0;0.0;0.0;0.0;-5,849334;-35,207268;SPRF-RN;DEL01-RN;UOP01-DEL01-RN
483600.0;1050800.0;2022-10-29;sábado;09:30:00;RN;101.0;96;NATAL;Não;Acessar a via sem observar a presença dos outros veículos;3;Queda de ocupante de veículo;Com Vítimas Feridas;Pleno dia;Decrescente;Sol;Múltipla;"Interseção de Vias;Reta;Viaduto;Declive";Sim;848772.0;Automóvel;HYUNDAI/HB20 10M EVOLUTI;2021.0;Condutor;Ileso;33.0;Masculino;1.0;0.0;0.0;0.0;-5,849334;-35,207268;SPRF-RN;DEL01-RN;UOP01-DEL01-RN
483600.0;1050799.0;2022-10-29;sábado;09:30:00;RN;101.0;96;NATAL;Não;Acessar a via sem observar a presença dos outros veículos;3;Queda de ocupante de veículo;Com Vítimas Feridas;Pleno dia;Decrescente;Sol;Múltipla;"Interseção de Vias;Reta;Viaduto;Declive";Sim;848771.0;Motocicleta;HONDA/CG 125 FAN KS;2013.0;Condutor;Lesões Leves;35.0;Masculino;0.0;1.0;0.0;0.0;-5,849334;-35,207268;SPRF-RN;DEL01-RN;UOP01-DEL01-RN
483600.0;1050801.0;2022-10-29;sábado;09:30:00;RN;101.0;96;NATAL;Sim;Condutor deixou de manter distância do veículo da frente;3;Queda de ocupante de veículo;Com Vítimas Feridas;Pleno dia;Decrescente;Sol;Múltipla;"Interseção de Vias;Reta;Viaduto;Declive";Sim;848772.0;Automóvel;HYUNDAI/HB20 10M EVOLUTI;2021.0;Passageiro;Ileso;33.0;Masculino;1.0;0.0;0.0;0.0;-5,849334;-35,207268;SPRF-RN;DEL01-RN;UOP01-DEL01-RN
483600.0;1050800.0;2022-10-29;sábado;09:30:00;RN;101.0;96;NATAL;Sim;Condutor deixou de manter distância do veículo da frente;3;Queda de ocupante de veículo;Com Vítimas Feridas;Pleno dia;Decrescente;Sol;Múltipla;"Interseção de Vias;Reta;Viaduto;Declive";Sim;848772.0;Automóvel;HYUNDAI/HB20 10M EVOLUTI;2021.0;Condutor;Ileso;33.0;Masculino;1.0;0.0;0.0;0.0;-5,849334;-35,207268;SPRF-RN;DEL01-RN;UOP01-DEL01-RN
483600.0;1050799.0;2022-10-29;sábado;09:30:00;RN;101.0;96;NATAL;Sim;Condutor deixou de manter distância do veículo da frente;3;Queda de ocupante de veículo;Com Vítimas Feridas;Pleno dia;Decrescente;Sol;Múltipla;"Interseção de Vias;Reta;Viaduto;Declive";Sim;848771.0;Motocicleta;HONDA/CG 125 FAN KS;2013.0;Condutor;Lesões Leves;35.0;Masculino;0.0;1.0;0.0;0.0;-5,849334;-35,207268;SPRF-RN;DEL01-RN;UOP01-DEL01-RN
483600.0;1050801.0;2022-10-29;sábado;09:30:00;RN;101.0;96;NATAL;Não;Acessar a via sem observar a presença dos outros veículos;2;Tombamento;Com Vítimas Feridas;Pleno dia;Decrescente;Sol;Múltipla;"Interseção de Vias;Reta;Viaduto;Declive";Sim;848772.0;Automóvel;HYUNDAI/HB20 10M EVOLUTI;2021.0;Passageiro;Ileso;33.0;Masculino;1.0;0.0;0.0;0.0;-5,849334;-35,207268;SPRF-RN;DEL01-RN;UOP01-DEL01-RN
483600.0;1050800.0;2022-10-29;sábado;09:30:00;RN;101.0;96;NATAL;Não;Acessar a via sem observar a presença dos outros veículos;2;Tombamento;Com Vítimas Feridas;Pleno dia;Decrescente;Sol;Múltipla;"Interseção de Vias;Reta;Viaduto;Declive";Sim;848772.0;Automóvel;HYUNDAI/HB20 10M EVOLUTI;2021.0;Condutor;Ileso;33.0;Masculino;1.0;0.0;0.0;0.0;-5,849334;-35,207268;SPRF-RN;DEL01-RN;UOP01-DEL01-RN
483600.0;1050799.0;2022-10-29;sábado;09:30:00;RN;101.0;96;NATAL;Não;Acessar a via sem observar a presença dos outros veículos;2;Tombamento;Com Vítimas Feridas;Pleno dia;Decrescente;Sol;Múltipla;"Interseção de Vias;Reta;Viaduto;Declive";Sim;848771.0;Motocicleta;HONDA/CG 125 FAN KS;2013.0;Condutor;Lesões Leves;35.0;Masculino;0.0;1.0;0.0;0.0;-5,849334;-35,207268;SPRF-RN;DEL01-RN;UOP01-DEL01-RN
483600.0;1050801.0;2022-10-29;sábado;09:30:00;RN;101.0;96;NATAL;Sim;Condutor deixou de manter distância do veículo da frente;2;Tombamento;Com Vítimas Feridas;Pleno dia;Decrescente;Sol;Múltipla;"Interseção de Vias;Reta;Viaduto;Declive";Sim;848772.0;Automóvel;HYUNDAI/HB20 10M EVOLUTI;2021.0;Passageiro;Ileso;33.0;Masculino;1.0;0.0;0.0;0.0;-5,849334;-35,207268;SPRF-RN;DEL01-RN;UOP01-DEL01-RN
483600.0;1050800.0;2022-10-29;sábado;09:30:00;RN;101.0;96;NATAL;Sim;Condutor deixou de manter distância do veículo da frente;2;Tombamento;Com Vítimas Feridas;Pleno dia;Decrescente;Sol;Múltipla;"Interseção de Vias;Reta;Viaduto;Declive";Sim;848772.0;Automóvel;HYUNDAI/HB20 10M EVOLUTI;2021.0;Condutor;Ileso;33.0;Masculino;1.0;0.0;0.0;0.0;-5,849334;-35,207268;SPRF-RN;DEL01-RN;UOP01-DEL01-RN
483600.0;1050799.0;2022-10-29;sábado;09:30:00;RN;101.0;96;NATAL;Sim;Condutor deixou de manter distância do veículo da frente;2;Tombamento;Com Vítimas Feridas;Pleno dia;Decrescente;Sol;Múltipla;"Interseção de Vias;Reta;Viaduto;Declive";Sim;848771.0;Motocicleta;HONDA/CG 125 FAN KS;2013.0;Condutor;Lesões Leves;35.0;Masculino;0.0;1.0;0.0;0.0;-5,849334;-35,207268;SPRF-RN;DEL01-RN;UOP01-DEL01-RN
483600.0;1050801.0;2022-10-29;sábado;09:30:00;RN;101.0;96;NATAL;Não;Acessar a via sem observar a presença dos outros veículos;1;Colisão traseira;Com Vítimas Feridas;Pleno dia;Decrescente;Sol;Múltipla;"Interseção de Vias;Reta;Viaduto;Declive";Sim;848772.0;Automóvel;HYUNDAI/HB20 10M EVOLUTI;2021.0;Passageiro;Ileso;33.0;Masculino;1.0;0.0;0.0;0.0;-5,849334;-35,207268;SPRF-RN;DEL01-RN;UOP01-DEL01-RN
483600.0;1050800.0;2022-10-29;sábado;09:30:00;RN;101.0;96;NATAL;Não;Acessar a via sem observar a presença dos outros veículos;1;Colisão traseira;Com Vítimas Feridas;Pleno dia;Decrescente;Sol;Múltipla;"Interseção de Vias;Reta;Viaduto;Declive";Sim;848772.0;Automóvel;HYUNDAI/HB20 10M EVOLUTI;2021.0;Condutor;Ileso;33.0;Masculino;1.0;0.0;0.0;0.0;-5,849334;-35,207268;SPRF-RN;DEL01-RN;UOP01-DEL01-RN
483600.0;1050799.0;2022-10-29;sábado;09:30:00;RN;101.0;96;NATAL;Não;Acessar a via sem observar a presença dos outros veículos;1;Colisão traseira;Com Vítimas Feridas;Pleno dia;Decrescente;Sol;Múltipla;"Interseção de Vias;Reta;Viaduto;Declive";Sim;848771.0;Motocicleta;HONDA/CG 125 FAN KS;2013.0;Condutor;Lesões Leves;35.0;Masculino;0.0;1.0;0.0;0.0;-5,849334;-35,207268;SPRF-RN;DEL01-RN;UOP01-DEL01-RN