id;pesid;data_inversa;dia_semana;horario;uf;br;km;municipio;causa_principal;causa_acidente;ordem_tipo_acidente;tipo_acidente;classificacao_acidente;fase_dia;sentido_via;condicao_metereologica;tipo_pista;tracado_via;uso_solo;id_veiculo;tipo_veiculo;marca;ano_fabricacao_veiculo;tipo_envolvido;estado_fisico;idade;sexo;ilesos;feridos_leves;feridos_graves;mortos;latitude;longitude;regional;delegacia;uop
483600.0;1050801.0;2022-10-29;sábado;09:30:00;RN;101.0;96;NATAL;Sim;Condutor deixou de manter distância do veículo da frente;1;Colisão traseira;Com Vítimas Feridas;Pleno dia;Decrescente;Sol;Múltipla;"Interseção de Vias;Reta;Viaduto;Declive";Sim;848772.0;Automóvel;HYUNDAI/HB20 10M EVOLUTI;2021.0;Passageiro;Ileso;33.0;Masculino;1.0;0.0;0.0;0.0;-5,849334;-35,207268;SPRF-RN;DEL01-RN;UOP01-DEL01-RN
483600.0;1050800.0;2022-10-29;sábado;09:30:00;RN;101.0;96;NATAL;Sim;Condutor deixou de manter distância do veículo da frente;1;Colisão traseira;Com Vítimas Feridas;Pleno dia;Decrescente;Sol;Múltipla;"Interseção de Vias;Reta;Viaduto;Declive";Sim;848772.0;Automóvel;HYUNDAI/HB20 10M EVOLUTI;2021.0;Condutor;Ileso;33.0;Masculino;1.0;0.0;0.0;0.0;-5,849334;-35,207268;SPRF-RN;DEL01-RN;UOP01-DEL01-RN
483600.0;1050799.0;2022-10-29;sábado;09:30:00;RN;101.0;96;NATAL;Sim;Condutor deixou de manter distância do veículo da frente;1;Colisão traseira;Com Vítimas Feridas;Pleno dia;Decrescente;Sol;Múltipla;"Interseção de Vias;Reta;Viaduto;Declive";Sim;848771.0;Motocicleta;HONDA/CG 125 FAN KS;2013.0;Condutor;Lesões Leves;35.0;Masculino;0.0;1.0;0.0;0.0;-5,849334;-35,207268;SPRF-RN;DEL01-RN;UOP01-DEL01-RN
483800.0;1050820.0;2022-10-30;domingo;05:50:00;RN;101.0;81;NATAL;Sim;Condutor Dormindo;1;Colisão traseira;Sem Vítimas;Amanhecer;Decrescente;Céu Claro;Dupla;Reta;Sim;848790.0;Automóvel;FORD/FIESTA FLEX;2013.0;Condutor;Ileso;36.0;Masculino;1.0;0.0;0.0;0.0;-5,76469466;-35,28295988;SPRF-RN;DEL02-RN;UOP01-DEL02-RN
483800.0;1050821.0;2022-10-30;domingo;05:50:00;RN;101.0;81;NATAL;Sim;Condutor Dormindo;1;Colisão traseira;Sem Vítimas;Amanhecer;Decrescente;Céu Claro;Dupla;Reta;Sim;848791.0;Caminhonete;FIAT/STRADA WORKING CE;2011.0;Condutor;Ileso;58.0;Masculino;1.0;0.0;0.0;0.0;-5,76469466;-35,28295988;SPRF-RN;DEL02-RN;UOP01-DEL02-RN
484077.0;1051868.0;2022-10-31;segunda-feira;08:36:00;RN;101.0;99;NATAL;Sim;Transitar na contramão;1;Colisão frontal;Com Vítimas Feridas;Pleno dia;Decrescente;Céu Claro;Múltipla;Reta;Sim;849539.0;Motocicleta;HONDA/CG 160 TITAN;2021.0;Condutor;Lesões Graves;37.0;Masculino;0.0;0.0;1.0;0.0;-5,87359183;-35,22063023;SPRF-RN;DEL01-RN;UOP01-DEL01-RN
484077.0;1051870.0;2022-10-31;segunda-feira;08:36:00;RN;101.0;99;NATAL;Sim;Transitar na contramão;1;Colisão frontal;Com Vítimas Feridas;Pleno dia;Decrescente;Céu Claro;Múltipla;Reta;Sim;849540.0;Automóvel;FIAT/PALIO FIRE;2014.0;Condutor;Ileso;54.0;Masculino;1.0;0.0;0.0;0.0;-5,87359183;-35,22063023;SPRF-RN;DEL01-RN;UOP01-DEL01-RN
484505.0;1052614.0;2022-11-03;quinta-feira;07:00:00;RN;101.0;79,7;NATAL;Sim;Manobra de mudança de faixa;2;Queda de ocupante de veículo;Com Vítimas Feridas;Pleno dia;Crescente;Céu Claro;Dupla;Reta;Não;850064.0;Motocicleta;HONDA/CG 160 START;2019.0;Condutor;Lesões Leves;41.0;Feminino;0.0;1.0;0.0;0.0;-5,74962896;-35,28918369;SPRF-RN;DEL02-RN;UOP01-DEL02-RN
484505.0;1052615.0;2022-11-03;quinta-feira;07:00:00;RN;101.0;79,7;NATAL;Sim;Manobra de mudança de faixa;2;Queda de ocupante de veículo;Com Vítimas Feridas;Pleno dia;Crescente;Céu Claro;Dupla;Reta;Não;850065.0;Motocicleta;HONDA/NXR160 BROS ESDD;2016.0;Condutor;Lesões Leves;46.0;Masculino;0.0;1.0;0.0;0.0;-5,74962896;-35,28918369;SPRF-RN;DEL02-RN;UOP01-DEL02-RN
484505.0;1052616.0;2022-11-03;quinta-feira;07:00:00;RN;101.0;79,7;NATAL;Sim;Manobra de mudança de faixa;2;Queda de ocupante de veículo;Com Vítimas Feridas;Pleno dia;Crescente;Céu Claro;Dupla;Reta;Não;850065.0;Motocicleta;HONDA/NXR160 BROS ESDD;2016.0;Passageiro;Lesões Graves;55.0;Feminino;0.0;0.0;1.0;0.0;-5,74962896;-35,28918369;SPRF-RN;DEL02-RN;UOP01-DEL02-RN
484505.0;1052614.0;2022-11-03;quinta-feira;07:00:00;RN;101.0;79,7;NATAL;Sim;Manobra de mudança de faixa;1;Colisão traseira;Com Vítimas Feridas;Pleno dia;Crescente;Céu Claro;Dupla;Reta;Não;850064.0;Motocicleta;HONDA/CG 160 START;2019.0;Condutor;Lesões Leves;41.0;Feminino;0.0;1.0;0.0;0.0;-5,74962896;-35,28918369;SPRF-RN;DEL02-RN;UOP01-DEL02-RN
484505.0;1052615.0;2022-11-03;quinta-feira;07:00:00;RN;101.0;79,7;NATAL;Sim;Manobra de mudança de faixa;1;Colisão traseira;Com Vítimas Feridas;Pleno dia;Crescente;Céu Claro;Dupla;Reta;Não;850065.0;Motocicleta;HONDA/NXR160 BROS ESDD;2016.0;Condutor;Lesões Leves;46.0;Masculino;0.0;1.0;0.0;0.0;-5,74962896;-35,28918369;SPRF-RN;DEL02-RN;UOP01-DEL02-RN
484505.0;1052616.0;2022-11-03;quinta-feira;07:00:00;RN;101.0;79,7;NATAL;Sim;Manobra de mudança de faixa;1;Colisão traseira;Com Vítimas Feridas;Pleno dia;Crescente;Céu Claro;Dupla;Reta;Não;850065.0;Motocicleta;HONDA/NXR160 BROS ESDD;2016.0;Passageiro;Lesões Graves;55.0;Feminino;0.0;0.0;1.0;0.0;-5,74962896;-35,28918369;SPRF-RN;DEL02-RN;UOP01-DEL02-RN
484513.0;1052955.0;2022-11-03;quinta-feira;08:30:00;RN;101.0;96;NATAL;Sim;Acessar a via sem observar a presença dos outros veículos;1;Colisão transversal;Com Vítimas Feridas;Pleno dia;Crescente;Céu Claro;Dupla;Reta;Não;850339.0;Motocicleta;HONDA/CG 160 START;2021.0;Condutor;Lesões Graves;22.0;Masculino;0.0;0.0;1.0;0.0;-5,84949622;-35,20890752;SPRF-RN;DEL01-RN;UOP01-DEL01-RN
484513.0;1054849.0;2022-11-03;quinta-feira;08:30:00;RN;101.0;96;NATAL;Sim;Acessar a via sem observar a presença dos outros veículos;1;Colisão transversal;Com Vítimas Feridas;Pleno dia;Crescente;Céu Claro;Dupla;Reta;Não;850339.0;Motocicleta;HONDA/CG 160 START;2021.0;Passageiro;Lesões Leves;27.0;Feminino;0.0;1.0;0.0;0.0;-5,84949622;-35,20890752;SPRF-RN;DEL01-RN;UOP01-DEL01-RN
484513.0;1052953.0;2022-11-03;quinta-feira;08:30:00;RN;101.0;96;NATAL;Sim;Acessar a via sem observar a presença dos outros veículos;1;Colisão transversal;Com Vítimas Feridas;Pleno dia;Crescente;Céu Claro;Dupla;Reta;Não;850338.0;Automóvel;I/VW JETTA CL AF;2018.0;Condutor;Ileso;67.0;Masculino;1.0;0.0;0.0;0.0;-5,84949622;-35,20890752;SPRF-RN;DEL01-RN;UOP01-DEL01-RN
484728.0;1053235.0;2022-11-04;sexta-feira;11:20:00;RN;101.0;85,8;NATAL;Sim;Ultrapassagem Indevida;1;Colisão frontal;Com Vítimas Fatais;Pleno dia;Crescente;Céu Claro;Dupla;Reta;Sim;850566.0;Motocicleta;YAMAHA/FACTOR YBR125 K;2011.0;Condutor;Óbito;33.0;Masculino;0.0;0.0;0.0;1.0;-5,777664;-35,24937;SPRF-RN;DEL02-RN;UOP01-DEL02-RN
484728.0;1053234.0;2022-11-04;sexta-feira;11:20:00;RN;101.0;85,8;NATAL;Sim;Ultrapassagem Indevida;1;Colisão frontal;Com Vítimas Fatais;Pleno dia;Crescente;Céu Claro;Dupla;Reta;Sim;850565.0;Ônibus;M.BENZ/MPOLO TORINO U;2012.0;Condutor;Ileso;58.0;Masculino;1.0;0.0;0.0;0.0;-5,777664;-35,24937;SPRF-RN;DEL02-RN;UOP01-DEL02-RN
484728.0;1053235.0;2022-11-04;sexta-feira;11:20:00;RN;101.0;85,8;NATAL;Não;Transitar na contramão;1;Colisão frontal;Com Vítimas Fatais;Pleno dia;Crescente;Céu Claro;Dupla;Reta;Sim;850566.0;Motocicleta;YAMAHA/FACTOR YBR125 K;2011.0;Condutor;Óbito;33.0;Masculino;0.0;0.0;0.0;1.0;-5,777664;-35,24937;SPRF-RN;DEL02-RN;UOP01-DEL02-RN
484728.0;1053234.0;2022-11-04;sexta-feira;11:20:00;RN;101.0;85,8;NATAL;Não;Transitar na contramão;1;Colisão frontal;Com Vítimas Fatais;Pleno dia;Crescente;Céu Claro;Dupla;Reta;Sim;850565.0;Ônibus;M.BENZ/MPOLO TORINO U;2012.0;Condutor;Ileso;58.0;Masculino;1.0;0.0;0.0;0.0;-5,777664;-35,24937;SPRF-RN;DEL02-RN;UOP01-DEL02-RN
485446.0;1054835.0;2022-11-07;segunda-feira;21:20:00;RN;101.0;72,9;NATAL;Sim;Acessar a via sem observar a presença dos outros veículos;2;Queda de ocupante de veículo;Com Vítimas Feridas;Plena Noite;Decrescente;Céu Claro;Simples;"Em Obras;Reta";Não;851849.0;Caminhonete;I/FORD RANGER XLT CD4 32;2013.0;Condutor;Ileso;57.0;Masculino;1.0;0.0;0.0;0.0;-5,70465434;-35,26571631;SPRF-RN;DEL02-RN;UOP01-DEL02-RN
485446.0;1054838.0;2022-11-07;segunda-feira;21:20:00;RN;101.0;72,9;NATAL;Sim;Acessar a via sem observar a presença dos outros veículos;2;Queda de ocupante de veículo;Com Vítimas Feridas;Plena Noite;Decrescente;Céu Claro;Simples;"Em Obras;Reta";Não;851850.0;Motocicleta;HONDA/CG 160 FAN;2021.0;Passageiro;Lesões Leves;32.0;Feminino;0.0;1.0;0.0;0.0;-5,70465434;-35,26571631;SPRF-RN;DEL02-RN;UOP01-DEL02-RN
485446.0;1054836.0;2022-11-07;segunda-feira;21:20:00;RN;101.0;72,9;NATAL;Sim;Acessar a via sem observar a presença dos outros veículos;2;Queda de ocupante de veículo;Com Vítimas Feridas;Plena Noite;Decrescente;Céu Claro;Simples;"Em Obras;Reta";Não;851850.0;Motocicleta;HONDA/CG 160 FAN;2021.0;Condutor;Lesões Leves;40.0;Masculino;0.0;1.0;0.0;0.0;-5,70465434;-35,26571631;SPRF-RN;DEL02-RN;UOP01-DEL02-RN
485446.0;1054835.0;2022-11-07;segunda-feira;21:20:00;RN;101.0;72,9;NATAL;Sim;Acessar a via sem observar a presença dos outros veículos;1;Colisão frontal;Com Vítimas Feridas;Plena Noite;Decrescente;Céu Claro;Simples;"Em Obras;Reta";Não;851849.0;Caminhonete;I/FORD RANGER XLT CD4 32;2013.0;Condutor;Ileso;57.0;Masculino;1.0;0.0;0.0;0.0;-5,70465434;-35,26571631;SPRF-RN;DEL02-RN;UOP01-DEL02-RN
485446.0;1054838.0;2022-11-07;segunda-feira;21:20:00;RN;101.0;72,9;NATAL;Sim;Acessar a via sem observar a presença dos outros veículos;1;Colisão frontal;Com Vítimas Feridas;Plena Noite;Decrescente;Céu Claro;Simples;"Em Obras;Reta";Não;851850.0;Motocicleta;HONDA/CG 160 FAN;2021.0;Passageiro;Lesões Leves;32.0;Feminino;0.0;1.0;0.0;0.0;-5,70465434;-35,26571631;SPRF-RN;DEL02-RN;UOP01-DEL02-RN
485446.0;1054836.0;2022-11-07;segunda-feira;21:20:00;RN;101.0;72,9;NATAL;Sim;Acessar a via sem observar a presença dos outros veículos;1;Colisão frontal;Com Vítimas Feridas;Plena Noite;Decrescente;Céu Claro;Simples;"Em Obras;Reta";Não;851850.0;Motocicleta;HONDA/CG 160 FAN;2021.0;Condutor;Lesões Leves;40.0;Masculino;0.0;1.0;0.0;0.0;-5,70465434;-35,26571631;SPRF-RN;DEL02-RN;UOP01-DEL02-RN
485965.0;1056157.0;2022-11-10;quinta-feira;21:15:00;RN;101.0;95,5;NATAL;Sim;Reação tardia ou ineficiente do condutor;2;Queda de ocupante de veículo;Com Vítimas Feridas;Plena Noite;Decrescente;Céu Claro;Múltipla;Reta;Sim;852883.0;Motocicleta;HONDA/CG 160 FAN ESDI;2015.0;Condutor;Lesões Leves;35.0;Feminino;0.0;1.0;0.0;0.0;-5,84288;-35,208792;SPRF-RN;DEL01-RN;UOP01-DEL01-RN
485965.0;1056157.0;2022-11-10;quinta-feira;21:15:00;RN;101.0;95,5;NATAL;Sim;Reação tardia ou ineficiente do condutor;1;Tombamento;Com Vítimas Feridas;Plena Noite;Decrescente;Céu Claro;Múltipla;Reta;Sim;852883.0;Motocicleta;HONDA/CG 160 FAN ESDI;2015.0;Condutor;Lesões Leves;35.0;Feminino;0.0;1.0;0.0;0.0;-5,84288;-35,208792;SPRF-RN;DEL01-RN;UOP01-DEL01-RN
486203.0;1056713.0;2022-11-11;sexta-feira;23:10:00;RN;101.0;85,5;NATAL;Sim;Reação tardia ou ineficiente do condutor;1;Queda de ocupante de veículo;Com Vítimas Feridas;Plena Noite;Crescente;Céu Claro;Dupla;"Em Obras;Desvio Temporário";Sim;853347.0;Motocicleta;Não Informado/Não Informado;0.0;Condutor;Lesões Leves;25.0;Feminino;0.0;1.0;0.0;0.0;-5,778288;-35,248961;SPRF-RN;DEL02-RN;UOP01-DEL02-RN
486203.0;1056713.0;2022-11-11;sexta-feira;23:10:00;RN;101.0;85,5;NATAL;Não;Obras na pista;1;Queda de ocupante de veículo;Com Vítimas Feridas;Plena Noite;Crescente;Céu Claro;Dupla;"Em Obras;Desvio Temporário";Sim;853347.0;Motocicleta;Não Informado/Não Informado;0.0;Condutor;Lesões Leves;25.0;Feminino;0.0;1.0;0.0;0.0;-5,778288;-35,248961;SPRF-RN;DEL02-RN;UOP01-DEL02-RN
486203.0;1056713.0;2022-11-11;sexta-feira;23:10:00;RN;101.0;85,5;NATAL;Não;Desvio temporário;1;Queda de ocupante de veículo;Com Vítimas Feridas;Plena Noite;Crescente;Céu Claro;Dupla;"Em Obras;Desvio Temporário";Sim;853347.0;Motocicleta;Não Informado/Não Informado;0.0;Condutor;Lesões Leves;25.0;Feminino;0.0;1.0;0.0;0.0;-5,778288;-35,248961;SPRF-RN;DEL02-RN;UOP01-DEL02-RN
486391.0;1057428.0;2022-11-12;sábado;19:50:00;RN;101.0;98;NATAL;Sim;Frear bruscamente;1;Colisão com objeto;Com Vítimas Feridas;Plena Noite;Decrescente;Nublado;Múltipla;Viaduto;Sim;853946.0;Automóvel;I/CHEVROLET CLASSIC LS;2015.0;Condutor;Lesões Leves;32.0;Feminino;0.0;1.0;0.0;0.0;-5,86567888;-35,21651625;SPRF-RN;DEL01-RN;UOP01-DEL01-RN
486748.0;1058078.0;2022-11-14;segunda-feira;06:50:00;RN;101.0;95,2;NATAL;Não;Velocidade Incompatível;2;Colisão com objeto;Com Vítimas Feridas;Pleno dia;Decrescente;Sol;Múltipla;Reta;Sim;854487.0;Automóvel;GM/ASTRA SEDAN CONFORT;2004.0;Condutor;Lesões Leves;27.0;Masculino;0.0;1.0;0.0;0.0;-5,84076841;-35,21035949;SPRF-RN;DEL01-RN;UOP01-DEL01-RN
486748.0;1058085.0;2022-11-14;segunda-feira;06:50:00;RN;101.0;95,2;NATAL;Não;Velocidade Incompatível;2;Colisão com objeto;Com Vítimas Feridas;Pleno dia;Decrescente;Sol;Múltipla;Reta;Sim;854487.0;Automóvel;GM/ASTRA SEDAN CONFORT;2004.0;Passageiro;Lesões Leves;44.0;Masculino;0.0;1.0;0.0;0.0;-5,84076841;-35,21035949;SPRF-RN;DEL01-RN;UOP01-DEL01-RN
486748.0;1058078.0;2022-11-14;segunda-feira;06:50:00;RN;101.0;95,2;NATAL;Não;Ausência de reação do condutor;2;Colisão com objeto;Com Vítimas Feridas;Pleno dia;Decrescente;Sol;Múltipla;Reta;Sim;854487.0;Automóvel;GM/ASTRA SEDAN CONFORT;2004.0;Condutor;Lesões Leves;27.0;Masculino;0.0;1.0;0.0;0.0;-5,84076841;-35,21035949;SPRF-RN;DEL01-RN;UOP01-DEL01-RN
486748.0;1058085.0;2022-11-14;segunda-feira;06:50:00;RN;101.0;95,2;NATAL;Não;Ausência de reação do condutor;2;Colisão com objeto;Com Vítimas Feridas;Pleno dia;Decrescente;Sol;Múltipla;Reta;Sim;854487.0;Automóvel;GM/ASTRA SEDAN CONFORT;2004.0;Passageiro;Lesões Leves;44.0;Masculino;0.0;1.0;0.0;0.0;-5,84076841;-35,21035949;SPRF-RN;DEL01-RN;UOP01-DEL01-RN
486748.0;1058078.0;2022-11-14;segunda-feira;06:50:00;RN;101.0;95,2;NATAL;Sim;Ingestão de álcool pelo condutor;2;Colisão com objeto;Com Vítimas Feridas;Pleno dia;Decrescente;Sol;Múltipla;Reta;Sim;854487.0;Automóvel;GM/ASTRA SEDAN CONFORT;2004.0;Condutor;Lesões Leves;27.0;Masculino;0.0;1.0;0.0;0.0;-5,84076841;-35,21035949;SPRF-RN;DEL01-RN;UOP01-DEL01-RN
486748.0;1058085.0;2022-11-14;segunda-feira;06:50:00;RN;101.0;95,2;NATAL;Sim;Ingestão de álcool pelo condutor;2;Colisão com objeto;Com Vítimas Feridas;Pleno dia;Decrescente;Sol;Múltipla;Reta;Sim;854487.0;Automóvel;GM/ASTRA SEDAN CONFORT;2004.0;Passageiro;Lesões Leves;44.0;Masculino;0.0;1.0;0.0;0.0;-5,84076841;-35,21035949;SPRF-RN;DEL01-RN;UOP01-DEL01-RN
486748.0;1058078.0;2022-11-14;segunda-feira;06:50:00;RN;101.0;95,2;NATAL;Não;Velocidade Incompatível;1;Saída de leito carroçável;Com Vítimas Feridas;Pleno dia;Decrescente;Sol;Múltipla;Reta;Sim;854487.0;Automóvel;GM/ASTRA SEDAN CONFORT;2004.0;Condutor;Lesões Leves;27.0;Masculino;0.0;1.0;0.0;0.0;-5,84076841;-35,21035949;SPRF-RN;DEL01-RN;UOP01-DEL01-RN
486748.0;1058085.0;2022-11-14;segunda-feira;06:50:00;RN;101.0;95,2;NATAL;Não;Velocidade Incompatível;1;Saída de leito carroçável;Com Vítimas Feridas;Pleno dia;Decrescente;Sol;Múltipla;Reta;Sim;854487.0;Automóvel;GM/ASTRA SEDAN CONFORT;2004.0;Passageiro;Lesões Leves;44.0;Masculino;0.0;1.0;0.0;0.0;-5,84076841;-35,21035949;SPRF-RN;DEL01-RN;UOP01-DEL01-RN
486748.0;1058078.0;2022-11-14;segunda-feira;06:50:00;RN;101.0;95,2;NATAL;Não;Ausência de reação do condutor;1;Saída de leito carroçável;Com Vítimas Feridas;Pleno dia;Decrescente;Sol;Múltipla;Reta;Sim;854487.0;Automóvel;GM/ASTRA SEDAN CONFORT;2004.0;Condutor;Lesões Leves;27.0;Masculino;0.0;1.0;0.0;0.0;-5,84076841;-35,21035949;SPRF-RN;DEL01-RN;UOP01-DEL01-RN
486748.0;1058085.0;2022-11-14;segunda-feira;06:50:00;RN;101.0;95,2;NATAL;Não;Ausência de reação do condutor;1;Saída de leito carroçável;Com Vítimas Feridas;Pleno dia;Decrescente;Sol;Múltipla;Reta;Sim;854487.0;Automóvel;GM/ASTRA SEDAN CONFORT;2004.0;Passageiro;Lesões Leves;44.0;Masculino;0.0;1.0;0.0;0.0;-5,84076841;-35,21035949;SPRF-RN;DEL01-RN;UOP01-DEL01-RN
486748.0;1058078.0;2022-11-14;segunda-feira;06:50:00;RN;101.0;95,2;NATAL;Sim;Ingestão de álcool pelo condutor;1;Saída de leito carroçável;Com Vítimas Feridas;Pleno dia;Decrescente;Sol;Múltipla;Reta;Sim;854487.0;Automóvel;GM/ASTRA SEDAN CONFORT;2004.0;Condutor;Lesões Leves;27.0;Masculino;0.0;1.0;0.0;0.0;-5,84076841;-35,21035949;SPRF-RN;DEL01-RN;UOP01-DEL01-RN
486748.0;1058085.0;2022-11-14;segunda-feira;06:50:00;RN;101.0;95,2;NATAL;Sim;Ingestão de álcool pelo condutor;1;Saída de leito carroçável;Com Vítimas Feridas;Pleno dia;Decrescente;Sol;Múltipla;Reta;Sim;854487.0;Automóvel;GM/ASTRA SEDAN CONFORT;2004.0;Passageiro;Lesões Leves;44.0;Masculino;0.0;1.0;0.0;0.0;-5,84076841;-35,21035949;SPRF-RN;DEL01-RN;UOP01-DEL01-RN
486811.0;1058135.0;2022-11-14;segunda-feira;14:34:00;RN;101.0;77;NATAL;Sim;Reação tardia ou ineficiente do condutor;1;Colisão lateral mesmo sentido;Com Vítimas Feridas;Pleno dia;Decrescente;Sol;Dupla;Reta;Sim;854530.0;Automóvel;HONDA/CIVIC LXS;2014.0;Condutor;Ileso;49.0;Feminino;1.0;0.0;0.0;0.0;-5,73180495;-35,29112135;SPRF-RN;DEL02-RN;UOP01-DEL02-RN
486811.0;1058134.0;2022-11-14;segunda-feira;14:34:00;RN;101.0;77;NATAL;Sim;Reação tardia ou ineficiente do condutor;1;Colisão lateral mesmo sentido;Com Vítimas Feridas;Pleno dia;Decrescente;Sol;Dupla;Reta;Sim;854529.0;Motocicleta;HONDA/NXR 160 BROS;2017.0;Condutor;Lesões Leves;24.0;Masculino;0.0;1.0;0.0;0.0;-5,73180495;-35,29112135;SPRF-RN;DEL02-RN;UOP01-DEL02-RN
487275.0;1059379.0;2022-11-16;quarta-feira;18:06:00;RN;101.0;94,3;NATAL;Não;Velocidade Incompatível;3;Queda de ocupante de veículo;Com Vítimas Feridas;Anoitecer;Decrescente;Céu Claro;Múltipla;Reta;Sim;855369.0;Motocicleta;Não Informado/Não Informado;0.0;Condutor;Não Informado;;Não Informado;0.0;0.0;0.0;0.0;-5,833628;-35,212213;SPRF-RN;DEL01-RN;UOP01-DEL01-RN
487275.0;1059297.0;2022-11-16;quarta-feira;18:06:00;RN;101.0;94,3;NATAL;Não;Velocidade Incompatível;3;Queda de ocupante de veículo;Com Vítimas Feridas;Anoitecer;Decrescente;Céu Claro;Múltipla;Reta;Sim;855337.0;Motoneta;HONDA/BIZ 125;2021.0;Condutor;Lesões Leves;33.0;Masculino;0.0;1.0;0.0;0.0;-5,833628;-35,212213;SPRF-RN;DEL01-RN;UOP01-DEL01-RN
487275.0;1059379.0;2022-11-16;quarta-feira;18:06:00;RN;101.0;94,3;NATAL;Sim;Condutor deixou de manter distância do veículo da frente;3;Queda de ocupante de veículo;Com Vítimas Feridas;Anoitecer;Decrescente;Céu Claro;Múltipla;Reta;Sim;855369.0;Motocicleta;Não Informado/Não Informado;0.0;Condutor;Não Informado;;Não Informado;0.0;0.0;0.0;0.0;-5,833628;-35,212213;SPRF-RN;DEL01-RN;UOP01-DEL01-RN
487275.0;1059297.0;2022-11-16;quarta-feira;18:06:00;RN;101.0;94,3;NATAL;Sim;Condutor deixou de manter distância do veículo da frente;3;Queda de ocupante de veículo;Com Vítimas Feridas;Anoitecer;Decrescente;Céu Claro;Múltipla;Reta;Sim;855337.0;Motoneta;HONDA/BIZ 125;2021.0;Condutor;Lesões Leves;33.0;Masculino;0.0;1.0;0.0;0.0;-5,833628;-35,212213;SPRF-RN;DEL01-RN;UOP01-DEL01-RN
487275.0;1059379.0;2022-11-16;quarta-feira;18:06:00;RN;101.0;94,3;NATAL;Não;Velocidade Incompatível;2;Tombamento;Com Vítimas Feridas;Anoitecer;Decrescente;Céu Claro;Múltipla;Reta;Sim;855369.0;Motocicleta;Não Informado/Não Informado;0.0;Condutor;Não Informado;;Não Informado;0.0;0.0;0.0;0.0;-5,833628;-35,212213;SPRF-RN;DEL01-RN;UOP01-DEL01-RN
487275.0;1059297.0;2022-11-16;quarta-feira;18:06:00;RN;101.0;94,3;NATAL;Não;Velocidade Incompatível;2;Tombamento;Com Vítimas Feridas;Anoitecer;Decrescente;Céu Claro;Múltipla;Reta;Sim;855337.0;Motoneta;HONDA/BIZ 125;2021.0;Condutor;Lesões Leves;33.0;Masculino;0.0;1.0;0.0;0.0;-5,833628;-35,212213;SPRF-RN;DEL01-RN;UOP01-DEL01-RN
487275.0;1059379.0;2022-11-16;quarta-feira;18:06:00;RN;101.0;94,3;NATAL;Sim;Condutor deixou de manter distância do veículo da frente;2;Tombamento;Com Vítimas Feridas;Anoitecer;Decrescente;Céu Claro;Múltipla;Reta;Sim;855369.0;Motocicleta;Não Informado/Não Informado;0.0;Condutor;Não Informado;;Não Informado;0.0;0.0;0.0;0.0;-5,833628;-35,212213;SPRF-RN;DEL01-RN;UOP01-DEL01-RN
487275.0;1059297.0;2022-11-16;quarta-feira;18:06:00;RN;101.0;94,3;NATAL;Sim;Condutor deixou de manter distância do veículo da frente;2;Tombamento;Com Vítimas Feridas;Anoitecer;Decrescente;Céu Claro;Múltipla;Reta;Sim;855337.0;Motoneta;HONDA/BIZ 125;2021.0;Condutor;Lesões Leves;33.0;Masculino;0.0;1.0;0.0;0.0;-5,833628;-35,212213;SPRF-RN;DEL01-RN;UOP01-DEL01-RN
487275.0;1059379.0;2022-11-16;quarta-feira;18:06:00;RN;101.0;94,3;NATAL;Não;Velocidade Incompatível;1;Colisão traseira;Com Vítimas Feridas;Anoitecer;Decrescente;Céu Claro;Múltipla;Reta;Sim;855369.0;Motocicleta;Não Informado/Não Informado;0.0;Condutor;Não Informado;;Não Informado;0.0;0.0;0.0;0.0;-5,833628;-35,212213;SPRF-RN;DEL01-RN;UOP01-DEL01-RN
487275.0;1059297.0;2022-11-16;quarta-feira;18:06:00;RN;101.0;94,3;NATAL;Não;Velocidade Incompatível;1;Colisão traseira;Com Vítimas Feridas;Anoitecer;Decrescente;Céu Claro;Múltipla;Reta;Sim;855337.0;Motoneta;HONDA/BIZ 125;2021.0;Condutor;Lesões Leves;33.0;Masculino;0.0;1.0;0.0;0.0;-5,833628;-35,212213;SPRF-RN;DEL01-RN;UOP01-DEL01-RN
487275.0;1059379.0;2022-11-16;quarta-feira;18:06:00;RN;101.0;94,3;NATAL;Sim;Condutor deixou de manter distância do veículo da frente;1;Colisão traseira;Com Vítimas Feridas;Anoitecer;Decrescente;Céu Claro;Múltipla;Reta;Sim;855369.0;Motocicleta;Não Informado/Não Informado;0.0;Condutor;Não Informado;;Não Informado;0.0;0.0;0.0;0.0;-5,833628;-35,212213;SPRF-RN;DEL01-RN;UOP01-DEL01-RN
487275.0;1059297.0;2022-11-16;quarta-feira;18:06:00;RN;101.0;94,3;NATAL;Sim;Condutor deixou de manter distância do veículo da frente;1;Colisão traseira;Com Vítimas Feridas;Anoitecer;Decrescente;Céu Claro;Múltipla;Reta;Sim;855337.0;Motoneta;HONDA/BIZ 125;2021.0;Condutor;Lesões Leves;33.0;Masculino;0.0;1.0;0.0;0.0;-5,833628;-35,212213;SPRF-RN;DEL01-RN;UOP01-DEL01-RN