id;pesid;data_inversa;dia_semana;horario;uf;br;km;municipio;causa_principal;causa_acidente;ordem_tipo_acidente;tipo_acidente;classificacao_acidente;fase_dia;sentido_via;condicao_metereologica;tipo_pista;tracado_via;uso_solo;id_veiculo;tipo_veiculo;marca;ano_fabricacao_veiculo;tipo_envolvido;estado_fisico;idade;sexo;ilesos;feridos_leves;feridos_graves;mortos;latitude;longitude;regional;delegacia;uop
487924.0;1060783.0;2022-11-19;sábado;22:30:00;RN;101.0;76;NATAL;Não;Pedestre cruzava a pista fora da faixa;1;Atropelamento de Pedestre;Sem Vítimas;Plena Noite;Decrescente;Céu Claro;Dupla;Declive;Não;856546.0;Automóvel;CHEV/ONIX 10MT HB;2020.0;Condutor;Ileso;25.0;Masculino;1.0;0.0;0.0;0.0;-5,725498;-35,283419;SPRF-RN;DEL02-RN;UOP01-DEL02-RN
487924.0;1060785.0;2022-11-19;sábado;22:30:00;RN;101.0;76;NATAL;Não;Pedestre cruzava a pista fora da faixa;1;Atropelamento de Pedestre;Sem Vítimas;Plena Noite;Decrescente;Céu Claro;Dupla;Declive;Não;856546.0;Automóvel;CHEV/ONIX 10MT HB;2020.0;Passageiro;Ileso;37.0;Feminino;1.0;0.0;0.0;0.0;-5,725498;-35,283419;SPRF-RN;DEL02-RN;UOP01-DEL02-RN
487924.0;1060795.0;2022-11-19;sábado;22:30:00;RN;101.0;76;NATAL;Não;Pedestre cruzava a pista fora da faixa;1;Atropelamento de Pedestre;Sem Vítimas;Plena Noite;Decrescente;Céu Claro;Dupla;Declive;Não;;;NA/NA;;Pedestre;Não Informado;;Não Informado;0.0;0.0;0.0;0.0;-5,725498;-35,283419;SPRF-RN;DEL02-RN;UOP01-DEL02-RN
487924.0;1060783.0;2022-11-19;sábado;22:30:00;RN;101.0;76;NATAL;Não;Iluminação deficiente;1;Atropelamento de Pedestre;Sem Vítimas;Plena Noite;Decrescente;Céu Claro;Dupla;Declive;Não;856546.0;Automóvel;CHEV/ONIX 10MT HB;2020.0;Condutor;Ileso;25.0;Masculino;1.0;0.0;0.0;0.0;-5,725498;-35,283419;SPRF-RN;DEL02-RN;UOP01-DEL02-RN
487924.0;1060785.0;2022-11-19;sábado;22:30:00;RN;101.0;76;NATAL;Não;Iluminação deficiente;1;Atropelamento de Pedestre;Sem Vítimas;Plena Noite;Decrescente;Céu Claro;Dupla;Declive;Não;856546.0;Automóvel;CHEV/ONIX 10MT HB;2020.0;Passageiro;Ileso;37.0;Feminino;1.0;0.0;0.0;0.0;-5,725498;-35,283419;SPRF-RN;DEL02-RN;UOP01-DEL02-RN
487924.0;1060795.0;2022-11-19;sábado;22:30:00;RN;101.0;76;NATAL;Não;Iluminação deficiente;1;Atropelamento de Pedestre;Sem Vítimas;Plena Noite;Decrescente;Céu Claro;Dupla;Declive;Não;;;NA/NA;;Pedestre;Não Informado;;Não Informado;0.0;0.0;0.0;0.0;-5,725498;-35,283419;SPRF-RN;DEL02-RN;UOP01-DEL02-RN
487924.0;1060783.0;2022-11-19;sábado;22:30:00;RN;101.0;76;NATAL;Sim;Entrada inopinada do pedestre;1;Atropelamento de Pedestre;Sem Vítimas;Plena Noite;Decrescente;Céu Claro;Dupla;Declive;Não;856546.0;Automóvel;CHEV/ONIX 10MT HB;2020.0;Condutor;Ileso;25.0;Masculino;1.0;0.0;0.0;0.0;-5,725498;-35,283419;SPRF-RN;DEL02-RN;UOP01-DEL02-RN
487924.0;1060785.0;2022-11-19;sábado;22:30:00;RN;101.0;76;NATAL;Sim;Entrada inopinada do pedestre;1;Atropelamento de Pedestre;Sem Vítimas;Plena Noite;Decrescente;Céu Claro;Dupla;Declive;Não;856546.0;Automóvel;CHEV/ONIX 10MT HB;2020.0;Passageiro;Ileso;37.0;Feminino;1.0;0.0;0.0;0.0;-5,725498;-35,283419;SPRF-RN;DEL02-RN;UOP01-DEL02-RN
487924.0;1060795.0;2022-11-19;sábado;22:30:00;RN;101.0;76;NATAL;Sim;Entrada inopinada do pedestre;1;Atropelamento de Pedestre;Sem Vítimas;Plena Noite;Decrescente;Céu Claro;Dupla;Declive;Não;;;NA/NA;;Pedestre;Não Informado;;Não Informado;0.0;0.0;0.0;0.0;-5,725498;-35,283419;SPRF-RN;DEL02-RN;UOP01-DEL02-RN
487997.0;1063655.0;2022-11-20;domingo;11:15:00;RN;101.0;82;NATAL;Sim;Ingestão de álcool pelo condutor;1;Colisão com objeto;Sem Vítimas;Pleno dia;Decrescente;Céu Claro;Dupla;Reta;Sim;858882.0;Automóvel;CHEVROLET/ONIX 1.0MT LT;2018.0;Condutor;Ileso;27.0;Masculino;1.0;0.0;0.0;0.0;-5,76791511;-35,27456305;SPRF-RN;DEL02-RN;UOP01-DEL02-RN
488080.0;1064394.0;2022-11-20;domingo;19:00:00;RN;101.0;84;NATAL;Sim;Ingestão de álcool e/ou substâncias psicoativas pelo pedestre;1;Atropelamento de Pedestre;Com Vítimas Feridas;Plena Noite;Decrescente;Céu Claro;Dupla;Reta;Sim;857374.0;Automóvel;Não Informado/Não Informado;0.0;Condutor;Ileso;;Masculino;1.0;0.0;0.0;0.0;-5,774175;-35,2578;SPRF-RN;DEL02-RN;UOP01-DEL02-RN
488080.0;1064385.0;2022-11-20;domingo;19:00:00;RN;101.0;84;NATAL;Sim;Ingestão de álcool e/ou substâncias psicoativas pelo pedestre;1;Atropelamento de Pedestre;Com Vítimas Feridas;Plena Noite;Decrescente;Céu Claro;Dupla;Reta;Sim;;;NA/NA;;Pedestre;Lesões Leves;61.0;Masculino;0.0;1.0;0.0;0.0;-5,774175;-35,2578;SPRF-RN;DEL02-RN;UOP01-DEL02-RN
488080.0;1062183.0;2022-11-20;domingo;19:00:00;RN;101.0;84;NATAL;Sim;Ingestão de álcool e/ou substâncias psicoativas pelo pedestre;1;Atropelamento de Pedestre;Com Vítimas Feridas;Plena Noite;Decrescente;Céu Claro;Dupla;Reta;Sim;;;NA/NA;;Pedestre;Lesões Graves;;Masculino;0.0;0.0;1.0;0.0;-5,774175;-35,2578;SPRF-RN;DEL02-RN;UOP01-DEL02-RN
488640.0;1062491.0;2022-11-22;terça-feira;10:00:00;RN;101.0;95;NATAL;Sim;Condutor deixou de manter distância do veículo da frente;1;Colisão traseira;Com Vítimas Feridas;Pleno dia;Crescente;Céu Claro;Dupla;Reta;Sim;857942.0;Motocicleta;YAMAHA/CROSSER S ABS;2022.0;Condutor;Lesões Leves;64.0;Masculino;0.0;1.0;0.0;0.0;-5,84076841;-35,21035949;SPRF-RN;DEL01-RN;UOP01-DEL01-RN
488640.0;1062492.0;2022-11-22;terça-feira;10:00:00;RN;101.0;95;NATAL;Sim;Condutor deixou de manter distância do veículo da frente;1;Colisão traseira;Com Vítimas Feridas;Pleno dia;Crescente;Céu Claro;Dupla;Reta;Sim;857944.0;Automóvel;VW/GOL 1.6 POWER;2002.0;Condutor;Ileso;48.0;Masculino;1.0;0.0;0.0;0.0;-5,84076841;-35,21035949;SPRF-RN;DEL01-RN;UOP01-DEL01-RN
488640.0;1062497.0;2022-11-22;terça-feira;10:00:00;RN;101.0;95;NATAL;Sim;Condutor deixou de manter distância do veículo da frente;1;Colisão traseira;Com Vítimas Feridas;Pleno dia;Crescente;Céu Claro;Dupla;Reta;Sim;857944.0;Automóvel;VW/GOL 1.6 POWER;2002.0;Passageiro;Ileso;20.0;Masculino;1.0;0.0;0.0;0.0;-5,84076841;-35,21035949;SPRF-RN;DEL01-RN;UOP01-DEL01-RN
489445.0;1064308.0;2022-11-26;sábado;01:20:00;RN;101.0;85,9;NATAL;Sim;Desvio temporário;1;Tombamento;Com Vítimas Fatais;Plena Noite;Decrescente;Nublado;Simples;Reta;Sim;859379.0;Motocicleta;HONDA/CG150 FAN ESDI;2013.0;Condutor;Óbito;41.0;Feminino;0.0;0.0;0.0;1.0;-5,777664;-35,24937;SPRF-RN;DEL02-RN;UOP01-DEL02-RN
489651.0;1064817.0;2022-11-07;segunda-feira;09:50:00;RN;101.0;83;NATAL;Sim;Acessar a via sem observar a presença dos outros veículos;1;Colisão transversal;Com Vítimas Feridas;Pleno dia;Decrescente;Céu Claro;Simples;Reta;Sim;859783.0;Motocicleta;YAMAHA/XTZ150 CROSSER E;2014.0;Condutor;Lesões Leves;46.0;Masculino;0.0;1.0;0.0;0.0;-5,7710445;-35,26616981;SPRF-RN;DEL02-RN;UOP01-DEL02-RN
489651.0;1064818.0;2022-11-07;segunda-feira;09:50:00;RN;101.0;83;NATAL;Sim;Acessar a via sem observar a presença dos outros veículos;1;Colisão transversal;Com Vítimas Feridas;Pleno dia;Decrescente;Céu Claro;Simples;Reta;Sim;859784.0;Automóvel;FIAT/UNO ATTRACTIVE 1.0;2019.0;Condutor;Ileso;35.0;Masculino;1.0;0.0;0.0;0.0;-5,7710445;-35,26616981;SPRF-RN;DEL02-RN;UOP01-DEL02-RN
489793.0;1065241.0;2022-11-30;quarta-feira;07:10:00;RN;226.0;0,1;NATAL;Sim;Desrespeitar a preferência no cruzamento;1;Colisão transversal;Com Vítimas Feridas;Pleno dia;Crescente;Céu Claro;Simples;Rotatória;Sim;860133.0;Automóvel;VW/FOX 1.0;2007.0;Condutor;Ileso;69.0;Masculino;1.0;0.0;0.0;0.0;-5,800019;-35,238174;SPRF-RN;DEL01-RN;UOP02-DEL01-RN
489793.0;1065242.0;2022-11-30;quarta-feira;07:10:00;RN;226.0;0,1;NATAL;Sim;Desrespeitar a preferência no cruzamento;1;Colisão transversal;Com Vítimas Feridas;Pleno dia;Crescente;Céu Claro;Simples;Rotatória;Sim;860134.0;Motocicleta;HONDA/CG 160 FAN;2018.0;Condutor;Lesões Leves;24.0;Masculino;0.0;1.0;0.0;0.0;-5,800019;-35,238174;SPRF-RN;DEL01-RN;UOP02-DEL01-RN
490675.0;1067614.0;2022-12-04;domingo;02:57:00;RN;226.0;3,4;NATAL;Não;Acumulo de água sobre o pavimento;2;Queda de ocupante de veículo;Com Vítimas Feridas;Plena Noite;Decrescente;Chuva;Simples;Reta;Sim;862053.0;Motocicleta;SUNDOWN/HUNTER 90;2007.0;Condutor;Lesões Graves;44.0;Masculino;0.0;0.0;1.0;0.0;-5,82099198;-35,27688801;SPRF-RN;DEL01-RN;UOP02-DEL01-RN
490675.0;1067614.0;2022-12-04;domingo;02:57:00;RN;226.0;3,4;NATAL;Sim;Iluminação deficiente;2;Queda de ocupante de veículo;Com Vítimas Feridas;Plena Noite;Decrescente;Chuva;Simples;Reta;Sim;862053.0;Motocicleta;SUNDOWN/HUNTER 90;2007.0;Condutor;Lesões Graves;44.0;Masculino;0.0;0.0;1.0;0.0;-5,82099198;-35,27688801;SPRF-RN;DEL01-RN;UOP02-DEL01-RN
490675.0;1067614.0;2022-12-04;domingo;02:57:00;RN;226.0;3,4;NATAL;Não;Acumulo de água sobre o pavimento;1;Tombamento;Com Vítimas Feridas;Plena Noite;Decrescente;Chuva;Simples;Reta;Sim;862053.0;Motocicleta;SUNDOWN/HUNTER 90;2007.0;Condutor;Lesões Graves;44.0;Masculino;0.0;0.0;1.0;0.0;-5,82099198;-35,27688801;SPRF-RN;DEL01-RN;UOP02-DEL01-RN
490675.0;1067614.0;2022-12-04;domingo;02:57:00;RN;226.0;3,4;NATAL;Sim;Iluminação deficiente;1;Tombamento;Com Vítimas Feridas;Plena Noite;Decrescente;Chuva;Simples;Reta;Sim;862053.0;Motocicleta;SUNDOWN/HUNTER 90;2007.0;Condutor;Lesões Graves;44.0;Masculino;0.0;0.0;1.0;0.0;-5,82099198;-35,27688801;SPRF-RN;DEL01-RN;UOP02-DEL01-RN
490690.0;1067634.0;2022-12-04;domingo;09:42:00;RN;101.0;75;NATAL;Sim;Reação tardia ou ineficiente do condutor;1;Colisão com objeto;Sem Vítimas;Pleno dia;Decrescente;Céu Claro;Dupla;Reta;Não;862075.0;Caminhão-trator;IVECO/STRALIS 600S44T;2013.0;Condutor;Ileso;35.0;Masculino;1.0;0.0;0.0;0.0;-5,72411581;-35,2801466;SPRF-RN;DEL02-RN;UOP01-DEL02-RN
490690.0;;2022-12-04;domingo;09:42:00;RN;101.0;75;NATAL;Sim;Reação tardia ou ineficiente do condutor;1;Colisão com objeto;Sem Vítimas;Pleno dia;Decrescente;Céu Claro;Dupla;Reta;Não;863605.0;Semireboque;SR/EGSA TQ M03;2017.0;;;;;;;;;-5,72411581;-35,2801466;SPRF-RN;DEL02-RN;UOP01-DEL02-RN
490694.0;1067498.0;2022-12-04;domingo;10:30:00;RN;101.0;96;NATAL;Sim;Manobra de mudança de faixa;1;Colisão lateral mesmo sentido;Com Vítimas Feridas;Pleno dia;Crescente;Sol;Dupla;Reta;Sim;861972.0;Automóvel;VW/GOL 1.0;2005.0;Condutor;Ileso;68.0;Masculino;1.0;0.0;0.0;0.0;-5,84949622;-35,20890752;SPRF-RN;DEL01-RN;UOP01-DEL01-RN
490694.0;1067499.0;2022-12-04;domingo;10:30:00;RN;101.0;96;NATAL;Sim;Manobra de mudança de faixa;1;Colisão lateral mesmo sentido;Com Vítimas Feridas;Pleno dia;Crescente;Sol;Dupla;Reta;Sim;861973.0;Motocicleta;HONDA/CG 160 FAN;2022.0;Condutor;Lesões Graves;20.0;Masculino;0.0;0.0;1.0;0.0;-5,84949622;-35,20890752;SPRF-RN;DEL01-RN;UOP01-DEL01-RN
490694.0;1069562.0;2022-12-04;domingo;10:30:00;RN;101.0;96;NATAL;Sim;Manobra de mudança de faixa;1;Colisão lateral mesmo sentido;Com Vítimas Feridas;Pleno dia;Crescente;Sol;Dupla;Reta;Sim;;;NA/NA;;Testemunha;Não Informado;;Não Informado;0.0;0.0;0.0;0.0;-5,84949622;-35,20890752;SPRF-RN;DEL01-RN;UOP01-DEL01-RN
490717.0;1067355.0;2022-12-04;domingo;13:54:00;RN;101.0;77,9;NATAL;Sim;Desrespeitar a preferência no cruzamento;2;Tombamento;Com Vítimas Feridas;Pleno dia;Crescente;Nublado;Dupla;Interseção de Vias;Sim;861849.0;Caminhonete;CHEVROLET/MONTANA LS;2014.0;Condutor;Ileso;41.0;Masculino;1.0;0.0;0.0;0.0;-5,737609;-35,290731;SPRF-RN;DEL02-RN;UOP01-DEL02-RN
490717.0;1067356.0;2022-12-04;domingo;13:54:00;RN;101.0;77,9;NATAL;Sim;Desrespeitar a preferência no cruzamento;2;Tombamento;Com Vítimas Feridas;Pleno dia;Crescente;Nublado;Dupla;Interseção de Vias;Sim;861850.0;Motocicleta;YAMAHA/XTZ 125E;2015.0;Condutor;Lesões Leves;25.0;Masculino;0.0;1.0;0.0;0.0;-5,737609;-35,290731;SPRF-RN;DEL02-RN;UOP01-DEL02-RN
490717.0;1067355.0;2022-12-04;domingo;13:54:00;RN;101.0;77,9;NATAL;Sim;Desrespeitar a preferência no cruzamento;1;Colisão transversal;Com Vítimas Feridas;Pleno dia;Crescente;Nublado;Dupla;Interseção de Vias;Sim;861849.0;Caminhonete;CHEVROLET/MONTANA LS;2014.0;Condutor;Ileso;41.0;Masculino;1.0;0.0;0.0;0.0;-5,737609;-35,290731;SPRF-RN;DEL02-RN;UOP01-DEL02-RN
490717.0;1067356.0;2022-12-04;domingo;13:54:00;RN;101.0;77,9;NATAL;Sim;Desrespeitar a preferência no cruzamento;1;Colisão transversal;Com Vítimas Feridas;Pleno dia;Crescente;Nublado;Dupla;Interseção de Vias;Sim;861850.0;Motocicleta;YAMAHA/XTZ 125E;2015.0;Condutor;Lesões Leves;25.0;Masculino;0.0;1.0;0.0;0.0;-5,737609;-35,290731;SPRF-RN;DEL02-RN;UOP01-DEL02-RN
491259.0;1068889.0;2022-12-07;quarta-feira;08:10:00;RN;101.0;98;NATAL;Não;Reação tardia ou ineficiente do condutor;1;Colisão lateral mesmo sentido;Com Vítimas Feridas;Pleno dia;Decrescente;Céu Claro;Múltipla;Reta;Sim;863017.0;Automóvel;I/HYUNDAI I30 2.0;2011.0;Condutor;Ileso;20.0;Masculino;1.0;0.0;0.0;0.0;-5,86567888;-35,21651625;SPRF-RN;DEL01-RN;UOP01-DEL01-RN
491259.0;1068888.0;2022-12-07;quarta-feira;08:10:00;RN;101.0;98;NATAL;Não;Reação tardia ou ineficiente do condutor;1;Colisão lateral mesmo sentido;Com Vítimas Feridas;Pleno dia;Decrescente;Céu Claro;Múltipla;Reta;Sim;863016.0;Motocicleta;HONDA/CG 160 FAN;2020.0;Condutor;Lesões Graves;23.0;Masculino;0.0;0.0;1.0;0.0;-5,86567888;-35,21651625;SPRF-RN;DEL01-RN;UOP01-DEL01-RN
491259.0;1068889.0;2022-12-07;quarta-feira;08:10:00;RN;101.0;98;NATAL;Sim;Manobra de mudança de faixa;1;Colisão lateral mesmo sentido;Com Vítimas Feridas;Pleno dia;Decrescente;Céu Claro;Múltipla;Reta;Sim;863017.0;Automóvel;I/HYUNDAI I30 2.0;2011.0;Condutor;Ileso;20.0;Masculino;1.0;0.0;0.0;0.0;-5,86567888;-35,21651625;SPRF-RN;DEL01-RN;UOP01-DEL01-RN
491259.0;1068888.0;2022-12-07;quarta-feira;08:10:00;RN;101.0;98;NATAL;Sim;Manobra de mudança de faixa;1;Colisão lateral mesmo sentido;Com Vítimas Feridas;Pleno dia;Decrescente;Céu Claro;Múltipla;Reta;Sim;863016.0;Motocicleta;HONDA/CG 160 FAN;2020.0;Condutor;Lesões Graves;23.0;Masculino;0.0;0.0;1.0;0.0;-5,86567888;-35,21651625;SPRF-RN;DEL01-RN;UOP01-DEL01-RN
491259.0;1068889.0;2022-12-07;quarta-feira;08:10:00;RN;101.0;98;NATAL;Não;Reação tardia ou ineficiente do condutor;3;Queda de ocupante de veículo;Com Vítimas Feridas;Pleno dia;Decrescente;Céu Claro;Múltipla;Reta;Sim;863017.0;Automóvel;I/HYUNDAI I30 2.0;2011.0;Condutor;Ileso;20.0;Masculino;1.0;0.0;0.0;0.0;-5,86567888;-35,21651625;SPRF-RN;DEL01-RN;UOP01-DEL01-RN
491259.0;1068888.0;2022-12-07;quarta-feira;08:10:00;RN;101.0;98;NATAL;Não;Reação tardia ou ineficiente do condutor;3;Queda de ocupante de veículo;Com Vítimas Feridas;Pleno dia;Decrescente;Céu Claro;Múltipla;Reta;Sim;863016.0;Motocicleta;HONDA/CG 160 FAN;2020.0;Condutor;Lesões Graves;23.0;Masculino;0.0;0.0;1.0;0.0;-5,86567888;-35,21651625;SPRF-RN;DEL01-RN;UOP01-DEL01-RN
491259.0;1068889.0;2022-12-07;quarta-feira;08:10:00;RN;101.0;98;NATAL;Sim;Manobra de mudança de faixa;3;Queda de ocupante de veículo;Com Vítimas Feridas;Pleno dia;Decrescente;Céu Claro;Múltipla;Reta;Sim;863017.0;Automóvel;I/HYUNDAI I30 2.0;2011.0;Condutor;Ileso;20.0;Masculino;1.0;0.0;0.0;0.0;-5,86567888;-35,21651625;SPRF-RN;DEL01-RN;UOP01-DEL01-RN
491259.0;1068888.0;2022-12-07;quarta-feira;08:10:00;RN;101.0;98;NATAL;Sim;Manobra de mudança de faixa;3;Queda de ocupante de veículo;Com Vítimas Feridas;Pleno dia;Decrescente;Céu Claro;Múltipla;Reta;Sim;863016.0;Motocicleta;HONDA/CG 160 FAN;2020.0;Condutor;Lesões Graves;23.0;Masculino;0.0;0.0;1.0;0.0;-5,86567888;-35,21651625;SPRF-RN;DEL01-RN;UOP01-DEL01-RN
491259.0;1068889.0;2022-12-07;quarta-feira;08:10:00;RN;101.0;98;NATAL;Não;Reação tardia ou ineficiente do condutor;2;Tombamento;Com Vítimas Feridas;Pleno dia;Decrescente;Céu Claro;Múltipla;Reta;Sim;863017.0;Automóvel;I/HYUNDAI I30 2.0;2011.0;Condutor;Ileso;20.0;Masculino;1.0;0.0;0.0;0.0;-5,86567888;-35,21651625;SPRF-RN;DEL01-RN;UOP01-DEL01-RN
491259.0;1068888.0;2022-12-07;quarta-feira;08:10:00;RN;101.0;98;NATAL;Não;Reação tardia ou ineficiente do condutor;2;Tombamento;Com Vítimas Feridas;Pleno dia;Decrescente;Céu Claro;Múltipla;Reta;Sim;863016.0;Motocicleta;HONDA/CG 160 FAN;2020.0;Condutor;Lesões Graves;23.0;Masculino;0.0;0.0;1.0;0.0;-5,86567888;-35,21651625;SPRF-RN;DEL01-RN;UOP01-DEL01-RN
491259.0;1068889.0;2022-12-07;quarta-feira;08:10:00;RN;101.0;98;NATAL;Sim;Manobra de mudança de faixa;2;Tombamento;Com Vítimas Feridas;Pleno dia;Decrescente;Céu Claro;Múltipla;Reta;Sim;863017.0;Automóvel;I/HYUNDAI I30 2.0;2011.0;Condutor;Ileso;20.0;Masculino;1.0;0.0;0.0;0.0;-5,86567888;-35,21651625;SPRF-RN;DEL01-RN;UOP01-DEL01-RN
491259.0;1068888.0;2022-12-07;quarta-feira;08:10:00;RN;101.0;98;NATAL;Sim;Manobra de mudança de faixa;2;Tombamento;Com Vítimas Feridas;Pleno dia;Decrescente;Céu Claro;Múltipla;Reta;Sim;863016.0;Motocicleta;HONDA/CG 160 FAN;2020.0;Condutor;Lesões Graves;23.0;Masculino;0.0;0.0;1.0;0.0;-5,86567888;-35,21651625;SPRF-RN;DEL01-RN;UOP01-DEL01-RN
491312.0;1069010.0;2022-12-07;quarta-feira;12:10:00;RN;101.0;96;NATAL;Sim;Acessar a via sem observar a presença dos outros veículos;1;Colisão lateral mesmo sentido;Com Vítimas Feridas;Pleno dia;Crescente;Céu Claro;Dupla;Interseção de Vias;Sim;863104.0;Automóvel;FORD/KA FLEX;2011.0;Condutor;Ileso;39.0;Masculino;1.0;0.0;0.0;0.0;-5,85428346;-35,21156251;SPRF-RN;DEL01-RN;UOP01-DEL01-RN
491312.0;1069011.0;2022-12-07;quarta-feira;12:10:00;RN;101.0;96;NATAL;Sim;Acessar a via sem observar a presença dos outros veículos;1;Colisão lateral mesmo sentido;Com Vítimas Feridas;Pleno dia;Crescente;Céu Claro;Dupla;Interseção de Vias;Sim;863105.0;Motocicleta;YAMAHA/YBR125 FACTOR ED;2013.0;Condutor;Lesões Leves;29.0;Masculino;0.0;1.0;0.0;0.0;-5,85428346;-35,21156251;SPRF-RN;DEL01-RN;UOP01-DEL01-RN
491689.0;1069854.0;2022-12-09;sexta-feira;09:29:00;RN;101.0;83;NATAL;Sim;Manobra de mudança de faixa;3;Queda de ocupante de veículo;Com Vítimas Feridas;Pleno dia;Decrescente;Céu Claro;Dupla;Reta;Sim;863831.0;Motocicleta;HONDA/CB 300R;2015.0;Condutor;Lesões Leves;38.0;Masculino;0.0;1.0;0.0;0.0;-5,76791511;-35,27456305;SPRF-RN;DEL02-RN;UOP01-DEL02-RN
491689.0;1069853.0;2022-12-09;sexta-feira;09:29:00;RN;101.0;83;NATAL;Sim;Manobra de mudança de faixa;3;Queda de ocupante de veículo;Com Vítimas Feridas;Pleno dia;Decrescente;Céu Claro;Dupla;Reta;Sim;863830.0;Automóvel;CHEVROLET/ONIX 1.0MT LT;2018.0;Condutor;Ileso;45.0;Masculino;1.0;0.0;0.0;0.0;-5,76791511;-35,27456305;SPRF-RN;DEL02-RN;UOP01-DEL02-RN
491689.0;1069854.0;2022-12-09;sexta-feira;09:29:00;RN;101.0;83;NATAL;Sim;Manobra de mudança de faixa;2;Tombamento;Com Vítimas Feridas;Pleno dia;Decrescente;Céu Claro;Dupla;Reta;Sim;863831.0;Motocicleta;HONDA/CB 300R;2015.0;Condutor;Lesões Leves;38.0;Masculino;0.0;1.0;0.0;0.0;-5,76791511;-35,27456305;SPRF-RN;DEL02-RN;UOP01-DEL02-RN
491689.0;1069853.0;2022-12-09;sexta-feira;09:29:00;RN;101.0;83;NATAL;Sim;Manobra de mudança de faixa;2;Tombamento;Com Vítimas Feridas;Pleno dia;Decrescente;Céu Claro;Dupla;Reta;Sim;863830.0;Automóvel;CHEVROLET/ONIX 1.0MT LT;2018.0;Condutor;Ileso;45.0;Masculino;1.0;0.0;0.0;0.0;-5,76791511;-35,27456305;SPRF-RN;DEL02-RN;UOP01-DEL02-RN
491689.0;1069854.0;2022-12-09;sexta-feira;09:29:00;RN;101.0;83;NATAL;Sim;Manobra de mudança de faixa;1;Colisão traseira;Com Vítimas Feridas;Pleno dia;Decrescente;Céu Claro;Dupla;Reta;Sim;863831.0;Motocicleta;HONDA/CB 300R;2015.0;Condutor;Lesões Leves;38.0;Masculino;0.0;1.0;0.0;0.0;-5,76791511;-35,27456305;SPRF-RN;DEL02-RN;UOP01-DEL02-RN
491689.0;1069853.0;2022-12-09;sexta-feira;09:29:00;RN;101.0;83;NATAL;Sim;Manobra de mudança de faixa;1;Colisão traseira;Com Vítimas Feridas;Pleno dia;Decrescente;Céu Claro;Dupla;Reta;Sim;863830.0;Automóvel;CHEVROLET/ONIX 1.0MT LT;2018.0;Condutor;Ileso;45.0;Masculino;1.0;0.0;0.0;0.0;-5,76791511;-35,27456305;SPRF-RN;DEL02-RN;UOP01-DEL02-RN
491743.0;1070040.0;2022-12-09;sexta-feira;15:30:00;RN;101.0;94;NATAL;Sim;Entrada inopinada do pedestre;1;Atropelamento de Pedestre;Com Vítimas Feridas;Pleno dia;Decrescente;Céu Claro;Dupla;Reta;Sim;863995.0;Camioneta;JEEP/COMPASS LIMITED TF;2021.0;Passageiro;Ileso;35.0;Masculino;1.0;0.0;0.0;0.0;-5,83176615;-35,21191342;SPRF-RN;DEL01-RN;UOP01-DEL01-RN
491743.0;1070039.0;2022-12-09;sexta-feira;15:30:00;RN;101.0;94;NATAL;Sim;Entrada inopinada do pedestre;1;Atropelamento de Pedestre;Com Vítimas Feridas;Pleno dia;Decrescente;Céu Claro;Dupla;Reta;Sim;863995.0;Camioneta;JEEP/COMPASS LIMITED TF;2021.0;Condutor;Ileso;34.0;Feminino;1.0;0.0;0.0;0.0;-5,83176615;-35,21191342;SPRF-RN;DEL01-RN;UOP01-DEL01-RN
491743.0;1070042.0;2022-12-09;sexta-feira;15:30:00;RN;101.0;94;NATAL;Sim;Entrada inopinada do pedestre;1;Atropelamento de Pedestre;Com Vítimas Feridas;Pleno dia;Decrescente;Céu Claro;Dupla;Reta;Sim;;;NA/NA;;Pedestre;Lesões Graves;;Feminino;0.0;0.0;1.0;0.0;-5,83176615;-35,21191342;SPRF-RN;DEL01-RN;UOP01-DEL01-RN
491880.0;1070305.0;2022-12-10;sábado;06:40:00;RN;101.0;94;NATAL;Sim;Acessar a via sem observar a presença dos outros veículos;1;Atropelamento de Pedestre;Com Vítimas Feridas;Pleno dia;Decrescente;Céu Claro;Simples;Reta;Sim;864219.0;Ônibus;VW/INDUSCAR APACHE U;2011.0;Condutor;Ileso;38.0;Masculino;1.0;0.0;0.0;0.0;-5,83176615;-35,21191342;SPRF-RN;DEL01-RN;UOP01-DEL01-RN
491880.0;1070307.0;2022-12-10;sábado;06:40:00;RN;101.0;94;NATAL;Sim;Acessar a via sem observar a presença dos outros veículos;1;Atropelamento de Pedestre;Com Vítimas Feridas;Pleno dia;Decrescente;Céu Claro;Simples;Reta;Sim;;;NA/NA;;Pedestre;Lesões Leves;33.0;Masculino;0.0;1.0;0.0;0.0;-5,83176615;-35,21191342;SPRF-RN;DEL01-RN;UOP01-DEL01-RN
492137.0;1070872.0;2022-12-11;domingo;10:15:00;RN;101.0;94;NATAL;Sim;Condutor deixou de manter distância do veículo da frente;1;Colisão traseira;Com Vítimas Feridas;Pleno dia;Decrescente;Céu Claro;Dupla;Interseção de Vias;Sim;864623.0;Automóvel;CITROEN/C4CACTUS FEEL AT;2022.0;Condutor;Ileso;55.0;Masculino;1.0;0.0;0.0;0.0;-5,83835913;-35,21097902;SPRF-RN;DEL01-RN;UOP01-DEL01-RN