id;pesid;data_inversa;dia_semana;horario;uf;br;km;municipio;causa_principal;causa_acidente;ordem_tipo_acidente;tipo_acidente;classificacao_acidente;fase_dia;sentido_via;condicao_metereologica;tipo_pista;tracado_via;uso_solo;id_veiculo;tipo_veiculo;marca;ano_fabricacao_veiculo;tipo_envolvido;estado_fisico;idade;sexo;ilesos;feridos_leves;feridos_graves;mortos;latitude;longitude;regional;delegacia;uop
492137.0;1070873.0;2022-12-11;domingo;10:15:00;RN;101.0;94;NATAL;Sim;Condutor deixou de manter distância do veículo da frente;1;Colisão traseira;Com Vítimas Feridas;Pleno dia;Decrescente;Céu Claro;Dupla;Interseção de Vias;Sim;864624.0;Motocicleta;HONDA/CG 125 FAN ES;2014.0;Condutor;Lesões Leves;29.0;Masculino;0.0;1.0;0.0;0.0;-5,83835913;-35,21097902;SPRF-RN;DEL01-RN;UOP01-DEL01-RN
492137.0;1073057.0;2022-12-11;domingo;10:15:00;RN;101.0;94;NATAL;Sim;Condutor deixou de manter distância do veículo da frente;1;Colisão traseira;Com Vítimas Feridas;Pleno dia;Decrescente;Céu Claro;Dupla;Interseção de Vias;Sim;866312.0;Automóvel;I/HYUNDAI I30;0.0;Condutor;Ileso;;Ignorado;1.0;0.0;0.0;0.0;-5,83835913;-35,21097902;SPRF-RN;DEL01-RN;UOP01-DEL01-RN
492769.0;1072528.0;2022-12-14;quarta-feira;14:30:00;RN;101.0;94;NATAL;Sim;Condutor deixou de manter distância do veículo da frente;1;Colisão lateral mesmo sentido;Com Vítimas Feridas;Pleno dia;Crescente;Céu Claro;Dupla;Reta;Sim;865912.0;Automóvel;VW/FOX TL MCV;2017.0;Condutor;Ileso;27.0;Feminino;1.0;0.0;0.0;0.0;-5,83176615;-35,21191342;SPRF-RN;DEL01-RN;UOP01-DEL01-RN
492769.0;1072530.0;2022-12-14;quarta-feira;14:30:00;RN;101.0;94;NATAL;Sim;Condutor deixou de manter distância do veículo da frente;1;Colisão lateral mesmo sentido;Com Vítimas Feridas;Pleno dia;Crescente;Céu Claro;Dupla;Reta;Sim;865913.0;Utilitário;I/TOYOTA HILUX SWSRXA4FD;2019.0;Condutor;Ileso;20.0;Masculino;1.0;0.0;0.0;0.0;-5,83176615;-35,21191342;SPRF-RN;DEL01-RN;UOP01-DEL01-RN
492769.0;1072532.0;2022-12-14;quarta-feira;14:30:00;RN;101.0;94;NATAL;Sim;Condutor deixou de manter distância do veículo da frente;1;Colisão lateral mesmo sentido;Com Vítimas Feridas;Pleno dia;Crescente;Céu Claro;Dupla;Reta;Sim;865916.0;Motocicleta;HONDA/CG 160 FAN;2021.0;Condutor;Lesões Leves;22.0;Masculino;0.0;1.0;0.0;0.0;-5,83176615;-35,21191342;SPRF-RN;DEL01-RN;UOP01-DEL01-RN
492794.0;1072516.0;2022-12-14;quarta-feira;17:25:00;RN;101.0;83;NATAL;Sim;Reação tardia ou ineficiente do condutor;1;Colisão traseira;Sem Vítimas;Anoitecer;Decrescente;Céu Claro;Dupla;Reta;Sim;865902.0;Automóvel;RENAULT/KWID ZEN 2;2022.0;Condutor;Ileso;31.0;Masculino;1.0;0.0;0.0;0.0;-5,7710445;-35,26616981;SPRF-RN;DEL02-RN;UOP01-DEL02-RN
492794.0;1072518.0;2022-12-14;quarta-feira;17:25:00;RN;101.0;83;NATAL;Sim;Reação tardia ou ineficiente do condutor;1;Colisão traseira;Sem Vítimas;Anoitecer;Decrescente;Céu Claro;Dupla;Reta;Sim;865904.0;Automóvel;GM/CORSA WIND;1999.0;Condutor;Ileso;46.0;Masculino;1.0;0.0;0.0;0.0;-5,7710445;-35,26616981;SPRF-RN;DEL02-RN;UOP01-DEL02-RN
493018.0;1073090.0;2022-12-15;quinta-feira;20:32:00;RN;226.0;4;NATAL;Sim;Animais na Pista;2;Queda de ocupante de veículo;Com Vítimas Feridas;Plena Noite;Crescente;Céu Claro;Simples;Reta;Não;866344.0;Motocicleta;Não Informado/Não Informado;0.0;Condutor;Lesões Leves;26.0;Masculino;0.0;1.0;0.0;0.0;-5,81958019;-35,25969486;SPRF-RN;DEL01-RN;UOP02-DEL01-RN
493018.0;1073090.0;2022-12-15;quinta-feira;20:32:00;RN;226.0;4;NATAL;Sim;Animais na Pista;1;Atropelamento de Animal;Com Vítimas Feridas;Plena Noite;Crescente;Céu Claro;Simples;Reta;Não;866344.0;Motocicleta;Não Informado/Não Informado;0.0;Condutor;Lesões Leves;26.0;Masculino;0.0;1.0;0.0;0.0;-5,81958019;-35,25969486;SPRF-RN;DEL01-RN;UOP02-DEL01-RN
493135.0;1073346.0;2022-04-27;quarta-feira;08:30:00;RN;101.0;99;NATAL;Sim;Condutor deixou de manter distância do veículo da frente;3;Colisão transversal;Com Vítimas Feridas;Pleno dia;Decrescente;Nublado;Dupla;Reta;Sim;866555.0;Motocicleta;HONDA/CG 125 TODAY;1994.0;Condutor;Lesões Leves;47.0;Feminino;0.0;1.0;0.0;0.0;-5,87359183;-35,22063023;SPRF-RN;DEL01-RN;UOP01-DEL01-RN
493135.0;1073347.0;2022-04-27;quarta-feira;08:30:00;RN;101.0;99;NATAL;Sim;Condutor deixou de manter distância do veículo da frente;3;Colisão transversal;Com Vítimas Feridas;Pleno dia;Decrescente;Nublado;Dupla;Reta;Sim;866556.0;Motocicleta;Não Informado/Não Informado;0.0;Condutor;Não Informado;;Não Informado;0.0;0.0;0.0;0.0;-5,87359183;-35,22063023;SPRF-RN;DEL01-RN;UOP01-DEL01-RN
493135.0;1073348.0;2022-04-27;quarta-feira;08:30:00;RN;101.0;99;NATAL;Sim;Condutor deixou de manter distância do veículo da frente;3;Colisão transversal;Com Vítimas Feridas;Pleno dia;Decrescente;Nublado;Dupla;Reta;Sim;866557.0;Automóvel;FIAT/ARGO DRIVE 1.3 GSR;2018.0;Condutor;Ileso;61.0;Feminino;1.0;0.0;0.0;0.0;-5,87359183;-35,22063023;SPRF-RN;DEL01-RN;UOP01-DEL01-RN
493135.0;1073349.0;2022-04-27;quarta-feira;08:30:00;RN;101.0;99;NATAL;Sim;Condutor deixou de manter distância do veículo da frente;3;Colisão transversal;Com Vítimas Feridas;Pleno dia;Decrescente;Nublado;Dupla;Reta;Sim;866558.0;Automóvel;HYUNDAI/HB20 1.0M COMFOR;2016.0;Condutor;Ileso;25.0;Masculino;1.0;0.0;0.0;0.0;-5,87359183;-35,22063023;SPRF-RN;DEL01-RN;UOP01-DEL01-RN
493135.0;1073346.0;2022-04-27;quarta-feira;08:30:00;RN;101.0;99;NATAL;Sim;Condutor deixou de manter distância do veículo da frente;2;Colisão lateral mesmo sentido;Com Vítimas Feridas;Pleno dia;Decrescente;Nublado;Dupla;Reta;Sim;866555.0;Motocicleta;HONDA/CG 125 TODAY;1994.0;Condutor;Lesões Leves;47.0;Feminino;0.0;1.0;0.0;0.0;-5,87359183;-35,22063023;SPRF-RN;DEL01-RN;UOP01-DEL01-RN
493135.0;1073347.0;2022-04-27;quarta-feira;08:30:00;RN;101.0;99;NATAL;Sim;Condutor deixou de manter distância do veículo da frente;2;Colisão lateral mesmo sentido;Com Vítimas Feridas;Pleno dia;Decrescente;Nublado;Dupla;Reta;Sim;866556.0;Motocicleta;Não Informado/Não Informado;0.0;Condutor;Não Informado;;Não Informado;0.0;0.0;0.0;0.0;-5,87359183;-35,22063023;SPRF-RN;DEL01-RN;UOP01-DEL01-RN
493135.0;1073348.0;2022-04-27;quarta-feira;08:30:00;RN;101.0;99;NATAL;Sim;Condutor deixou de manter distância do veículo da frente;2;Colisão lateral mesmo sentido;Com Vítimas Feridas;Pleno dia;Decrescente;Nublado;Dupla;Reta;Sim;866557.0;Automóvel;FIAT/ARGO DRIVE 1.3 GSR;2018.0;Condutor;Ileso;61.0;Feminino;1.0;0.0;0.0;0.0;-5,87359183;-35,22063023;SPRF-RN;DEL01-RN;UOP01-DEL01-RN
493135.0;1073349.0;2022-04-27;quarta-feira;08:30:00;RN;101.0;99;NATAL;Sim;Condutor deixou de manter distância do veículo da frente;2;Colisão lateral mesmo sentido;Com Vítimas Feridas;Pleno dia;Decrescente;Nublado;Dupla;Reta;Sim;866558.0;Automóvel;HYUNDAI/HB20 1.0M COMFOR;2016.0;Condutor;Ileso;25.0;Masculino;1.0;0.0;0.0;0.0;-5,87359183;-35,22063023;SPRF-RN;DEL01-RN;UOP01-DEL01-RN
493135.0;1073346.0;2022-04-27;quarta-feira;08:30:00;RN;101.0;99;NATAL;Sim;Condutor deixou de manter distância do veículo da frente;1;Colisão traseira;Com Vítimas Feridas;Pleno dia;Decrescente;Nublado;Dupla;Reta;Sim;866555.0;Motocicleta;HONDA/CG 125 TODAY;1994.0;Condutor;Lesões Leves;47.0;Feminino;0.0;1.0;0.0;0.0;-5,87359183;-35,22063023;SPRF-RN;DEL01-RN;UOP01-DEL01-RN
493135.0;1073347.0;2022-04-27;quarta-feira;08:30:00;RN;101.0;99;NATAL;Sim;Condutor deixou de manter distância do veículo da frente;1;Colisão traseira;Com Vítimas Feridas;Pleno dia;Decrescente;Nublado;Dupla;Reta;Sim;866556.0;Motocicleta;Não Informado/Não Informado;0.0;Condutor;Não Informado;;Não Informado;0.0;0.0;0.0;0.0;-5,87359183;-35,22063023;SPRF-RN;DEL01-RN;UOP01-DEL01-RN
493135.0;1073348.0;2022-04-27;quarta-feira;08:30:00;RN;101.0;99;NATAL;Sim;Condutor deixou de manter distância do veículo da frente;1;Colisão traseira;Com Vítimas Feridas;Pleno dia;Decrescente;Nublado;Dupla;Reta;Sim;866557.0;Automóvel;FIAT/ARGO DRIVE 1.3 GSR;2018.0;Condutor;Ileso;61.0;Feminino;1.0;0.0;0.0;0.0;-5,87359183;-35,22063023;SPRF-RN;DEL01-RN;UOP01-DEL01-RN
493135.0;1073349.0;2022-04-27;quarta-feira;08:30:00;RN;101.0;99;NATAL;Sim;Condutor deixou de manter distância do veículo da frente;1;Colisão traseira;Com Vítimas Feridas;Pleno dia;Decrescente;Nublado;Dupla;Reta;Sim;866558.0;Automóvel;HYUNDAI/HB20 1.0M COMFOR;2016.0;Condutor;Ileso;25.0;Masculino;1.0;0.0;0.0;0.0;-5,87359183;-35,22063023;SPRF-RN;DEL01-RN;UOP01-DEL01-RN
493242.0;1073643.0;2022-12-16;sexta-feira;20:42:00;RN;101.0;85,3;NATAL;Sim;Condutor deixou de manter distância do veículo da frente;1;Engavetamento;Com Vítimas Feridas;Plena Noite;Decrescente;Céu Claro;Dupla;"Reta;Aclive";Sim;866824.0;Automóvel;I/CHEVROLET CLASSIC LS;2014.0;Passageiro;Lesões Leves;37.0;Feminino;0.0;1.0;0.0;0.0;-5,777664;-35,24937;SPRF-RN;DEL02-RN;UOP01-DEL02-RN
493242.0;1073642.0;2022-12-16;sexta-feira;20:42:00;RN;101.0;85,3;NATAL;Sim;Condutor deixou de manter distância do veículo da frente;1;Engavetamento;Com Vítimas Feridas;Plena Noite;Decrescente;Céu Claro;Dupla;"Reta;Aclive";Sim;866824.0;Automóvel;I/CHEVROLET CLASSIC LS;2014.0;Condutor;Ileso;36.0;Masculino;1.0;0.0;0.0;0.0;-5,777664;-35,24937;SPRF-RN;DEL02-RN;UOP01-DEL02-RN
493242.0;1073644.0;2022-12-16;sexta-feira;20:42:00;RN;101.0;85,3;NATAL;Sim;Condutor deixou de manter distância do veículo da frente;1;Engavetamento;Com Vítimas Feridas;Plena Noite;Decrescente;Céu Claro;Dupla;"Reta;Aclive";Sim;866825.0;Automóvel;FIAT/SIENA ATTRACTIV 1.4;2013.0;Condutor;Ileso;31.0;Masculino;1.0;0.0;0.0;0.0;-5,777664;-35,24937;SPRF-RN;DEL02-RN;UOP01-DEL02-RN
493242.0;1073647.0;2022-12-16;sexta-feira;20:42:00;RN;101.0;85,3;NATAL;Sim;Condutor deixou de manter distância do veículo da frente;1;Engavetamento;Com Vítimas Feridas;Plena Noite;Decrescente;Céu Claro;Dupla;"Reta;Aclive";Sim;866827.0;Automóvel;I/CHEVROLET AGILE LTZ;2013.0;Condutor;Ileso;61.0;Feminino;1.0;0.0;0.0;0.0;-5,777664;-35,24937;SPRF-RN;DEL02-RN;UOP01-DEL02-RN
493337.0;1074326.0;2022-12-17;sábado;07:50:00;RN;101.0;97;NATAL;Sim;Condutor deixou de manter distância do veículo da frente;2;Colisão traseira;Com Vítimas Feridas;Pleno dia;Decrescente;Sol;Múltipla;Viaduto;Sim;867358.0;Automóvel;FIAT/PALIO YOUNG;2001.0;Condutor;Lesões Leves;58.0;Masculino;0.0;1.0;0.0;0.0;-5,85758898;-35,21271205;SPRF-RN;DEL01-RN;UOP01-DEL01-RN
493337.0;1077641.0;2022-12-17;sábado;07:50:00;RN;101.0;97;NATAL;Sim;Condutor deixou de manter distância do veículo da frente;2;Colisão traseira;Com Vítimas Feridas;Pleno dia;Decrescente;Sol;Múltipla;Viaduto;Sim;869812.0;Automóvel;Não Informado/Não Informado;0.0;Condutor;Não Informado;;Não Informado;0.0;0.0;0.0;0.0;-5,85758898;-35,21271205;SPRF-RN;DEL01-RN;UOP01-DEL01-RN
493337.0;1074326.0;2022-12-17;sábado;07:50:00;RN;101.0;97;NATAL;Sim;Condutor deixou de manter distância do veículo da frente;1;Colisão com objeto;Com Vítimas Feridas;Pleno dia;Decrescente;Sol;Múltipla;Viaduto;Sim;867358.0;Automóvel;FIAT/PALIO YOUNG;2001.0;Condutor;Lesões Leves;58.0;Masculino;0.0;1.0;0.0;0.0;-5,85758898;-35,21271205;SPRF-RN;DEL01-RN;UOP01-DEL01-RN
493337.0;1077641.0;2022-12-17;sábado;07:50:00;RN;101.0;97;NATAL;Sim;Condutor deixou de manter distância do veículo da frente;1;Colisão com objeto;Com Vítimas Feridas;Pleno dia;Decrescente;Sol;Múltipla;Viaduto;Sim;869812.0;Automóvel;Não Informado/Não Informado;0.0;Condutor;Não Informado;;Não Informado;0.0;0.0;0.0;0.0;-5,85758898;-35,21271205;SPRF-RN;DEL01-RN;UOP01-DEL01-RN
494170.0;1076207.0;2022-12-21;quarta-feira;07:40:00;RN;101.0;96,4;NATAL;Sim;Manobra de mudança de faixa;2;Queda de ocupante de veículo;Com Vítimas Feridas;Pleno dia;Decrescente;Céu Claro;Múltipla;Reta;Sim;868775.0;Automóvel;TOYOTA/ETIOS SD XLS;2014.0;Condutor;Ileso;50.0;Masculino;1.0;0.0;0.0;0.0;-5,85057679;-35,20947576;SPRF-RN;DEL01-RN;UOP01-DEL01-RN
494170.0;1076205.0;2022-12-21;quarta-feira;07:40:00;RN;101.0;96,4;NATAL;Sim;Manobra de mudança de faixa;2;Queda de ocupante de veículo;Com Vítimas Feridas;Pleno dia;Decrescente;Céu Claro;Múltipla;Reta;Sim;868773.0;Motocicleta;HONDA/CG 160 FAN;2017.0;Condutor;Lesões Leves;50.0;Masculino;0.0;1.0;0.0;0.0;-5,85057679;-35,20947576;SPRF-RN;DEL01-RN;UOP01-DEL01-RN
494170.0;1076207.0;2022-12-21;quarta-feira;07:40:00;RN;101.0;96,4;NATAL;Sim;Manobra de mudança de faixa;1;Colisão lateral mesmo sentido;Com Vítimas Feridas;Pleno dia;Decrescente;Céu Claro;Múltipla;Reta;Sim;868775.0;Automóvel;TOYOTA/ETIOS SD XLS;2014.0;Condutor;Ileso;50.0;Masculino;1.0;0.0;0.0;0.0;-5,85057679;-35,20947576;SPRF-RN;DEL01-RN;UOP01-DEL01-RN
494170.0;1076205.0;2022-12-21;quarta-feira;07:40:00;RN;101.0;96,4;NATAL;Sim;Manobra de mudança de faixa;1;Colisão lateral mesmo sentido;Com Vítimas Feridas;Pleno dia;Decrescente;Céu Claro;Múltipla;Reta;Sim;868773.0;Motocicleta;HONDA/CG 160 FAN;2017.0;Condutor;Lesões Leves;50.0;Masculino;0.0;1.0;0.0;0.0;-5,85057679;-35,20947576;SPRF-RN;DEL01-RN;UOP01-DEL01-RN
494301.0;1076211.0;2022-12-21;quarta-feira;20:15:00;RN;101.0;95,5;NATAL;Sim;Manobra de mudança de faixa;2;Queda de ocupante de veículo;Com Vítimas Feridas;Plena Noite;Decrescente;Céu Claro;Dupla;Reta;Sim;868781.0;Motocicleta;YAMAHA/MT03 ABS;2022.0;Condutor;Lesões Leves;24.0;Masculino;0.0;1.0;0.0;0.0;-5,84306615;-35,20926654;SPRF-RN;DEL01-RN;UOP01-DEL01-RN
494301.0;1076212.0;2022-12-21;quarta-feira;20:15:00;RN;101.0;95,5;NATAL;Sim;Manobra de mudança de faixa;2;Queda de ocupante de veículo;Com Vítimas Feridas;Plena Noite;Decrescente;Céu Claro;Dupla;Reta;Sim;868781.0;Motocicleta;YAMAHA/MT03 ABS;2022.0;Passageiro;Lesões Leves;52.0;Masculino;0.0;1.0;0.0;0.0;-5,84306615;-35,20926654;SPRF-RN;DEL01-RN;UOP01-DEL01-RN
494301.0;1076213.0;2022-12-21;quarta-feira;20:15:00;RN;101.0;95,5;NATAL;Sim;Manobra de mudança de faixa;2;Queda de ocupante de veículo;Com Vítimas Feridas;Plena Noite;Decrescente;Céu Claro;Dupla;Reta;Sim;868782.0;Automóvel;FIAT/PALIO FIRE;2014.0;Condutor;Ileso;45.0;Masculino;1.0;0.0;0.0;0.0;-5,84306615;-35,20926654;SPRF-RN;DEL01-RN;UOP01-DEL01-RN
494301.0;1076211.0;2022-12-21;quarta-feira;20:15:00;RN;101.0;95,5;NATAL;Sim;Manobra de mudança de faixa;1;Colisão lateral mesmo sentido;Com Vítimas Feridas;Plena Noite;Decrescente;Céu Claro;Dupla;Reta;Sim;868781.0;Motocicleta;YAMAHA/MT03 ABS;2022.0;Condutor;Lesões Leves;24.0;Masculino;0.0;1.0;0.0;0.0;-5,84306615;-35,20926654;SPRF-RN;DEL01-RN;UOP01-DEL01-RN
494301.0;1076212.0;2022-12-21;quarta-feira;20:15:00;RN;101.0;95,5;NATAL;Sim;Manobra de mudança de faixa;1;Colisão lateral mesmo sentido;Com Vítimas Feridas;Plena Noite;Decrescente;Céu Claro;Dupla;Reta;Sim;868781.0;Motocicleta;YAMAHA/MT03 ABS;2022.0;Passageiro;Lesões Leves;52.0;Masculino;0.0;1.0;0.0;0.0;-5,84306615;-35,20926654;SPRF-RN;DEL01-RN;UOP01-DEL01-RN
494301.0;1076213.0;2022-12-21;quarta-feira;20:15:00;RN;101.0;95,5;NATAL;Sim;Manobra de mudança de faixa;1;Colisão lateral mesmo sentido;Com Vítimas Feridas;Plena Noite;Decrescente;Céu Claro;Dupla;Reta;Sim;868782.0;Automóvel;FIAT/PALIO FIRE;2014.0;Condutor;Ileso;45.0;Masculino;1.0;0.0;0.0;0.0;-5,84306615;-35,20926654;SPRF-RN;DEL01-RN;UOP01-DEL01-RN
494446.0;1076574.0;2022-09-30;sexta-feira;05:48:00;RN;101.0;79;NATAL;Sim;Conversão proibida;1;Colisão transversal;Com Vítimas Feridas;Pleno dia;Decrescente;Céu Claro;Dupla;Reta;Sim;869044.0;Motocicleta;HONDA/CG 160 START;2020.0;Passageiro;Lesões Leves;29.0;Feminino;0.0;1.0;0.0;0.0;-5,74962896;-35,28918369;SPRF-RN;DEL02-RN;UOP01-DEL02-RN
494446.0;1076576.0;2022-09-30;sexta-feira;05:48:00;RN;101.0;79;NATAL;Sim;Conversão proibida;1;Colisão transversal;Com Vítimas Feridas;Pleno dia;Decrescente;Céu Claro;Dupla;Reta;Sim;869044.0;Motocicleta;HONDA/CG 160 START;2020.0;Condutor;Lesões Leves;28.0;Masculino;0.0;1.0;0.0;0.0;-5,74962896;-35,28918369;SPRF-RN;DEL02-RN;UOP01-DEL02-RN
494446.0;1076575.0;2022-09-30;sexta-feira;05:48:00;RN;101.0;79;NATAL;Sim;Conversão proibida;1;Colisão transversal;Com Vítimas Feridas;Pleno dia;Decrescente;Céu Claro;Dupla;Reta;Sim;869045.0;Automóvel;FIAT/SIENA TETRAFUEL 1.4;2015.0;Condutor;Ileso;42.0;Masculino;1.0;0.0;0.0;0.0;-5,74962896;-35,28918369;SPRF-RN;DEL02-RN;UOP01-DEL02-RN
495380.0;1078935.0;2022-11-27;domingo;02:15:00;RN;101.0;96;NATAL;Sim;Ingestão de álcool pelo condutor;1;Colisão traseira;Sem Vítimas;Plena Noite;Decrescente;Céu Claro;Múltipla;Reta;Sim;870720.0;Automóvel;RENAULT/KWID INTENS 10MT;2021.0;Condutor;Ileso;46.0;Masculino;1.0;0.0;0.0;0.0;-5,84949622;-35,20890752;SPRF-RN;DEL01-RN;UOP01-DEL01-RN
495380.0;1078934.0;2022-11-27;domingo;02:15:00;RN;101.0;96;NATAL;Sim;Ingestão de álcool pelo condutor;1;Colisão traseira;Sem Vítimas;Plena Noite;Decrescente;Céu Claro;Múltipla;Reta;Sim;870719.0;Automóvel;FIAT/PALIO WEEKEND STILE;2001.0;Condutor;Ileso;;Masculino;1.0;0.0;0.0;0.0;-5,84949622;-35,20890752;SPRF-RN;DEL01-RN;UOP01-DEL01-RN
495457.0;1079171.0;2022-12-26;segunda-feira;17:30:00;RN;101.0;84;NATAL;Sim;Ausência de reação do condutor;1;Tombamento;Com Vítimas Feridas;Anoitecer;Crescente;Céu Claro;Simples;Reta;Sim;870902.0;Motoneta;HONDA/PCX 150;2018.0;Condutor;Lesões Graves;47.0;Feminino;0.0;0.0;1.0;0.0;-5,774175;-35,2578;SPRF-RN;DEL02-RN;UOP01-DEL02-RN
495698.0;1079863.0;2022-12-20;terça-feira;09:50:00;RN;101.0;96,5;NATAL;Não;Manobra de mudança de faixa;4;Queda de ocupante de veículo;Com Vítimas Feridas;Pleno dia;Decrescente;Sol;Dupla;Reta;Sim;871360.0;Motocicleta;JTA-SUZUKI/BLVM1800R;2015.0;Condutor;Lesões Leves;44.0;Masculino;0.0;1.0;0.0;0.0;-5,851786;-35,21001;SPRF-RN;DEL01-RN;UOP01-DEL01-RN
495698.0;1079866.0;2022-12-20;terça-feira;09:50:00;RN;101.0;96,5;NATAL;Não;Manobra de mudança de faixa;4;Queda de ocupante de veículo;Com Vítimas Feridas;Pleno dia;Decrescente;Sol;Dupla;Reta;Sim;871362.0;Utilitário;JEEP/COMMANDER LIM TD380;2022.0;Condutor;Ileso;46.0;Masculino;1.0;0.0;0.0;0.0;-5,851786;-35,21001;SPRF-RN;DEL01-RN;UOP01-DEL01-RN
495698.0;1079858.0;2022-12-20;terça-feira;09:50:00;RN;101.0;96,5;NATAL;Não;Manobra de mudança de faixa;4;Queda de ocupante de veículo;Com Vítimas Feridas;Pleno dia;Decrescente;Sol;Dupla;Reta;Sim;871358.0;Motocicleta;Não Informado/Não Informado;0.0;Condutor;Ileso;;Masculino;1.0;0.0;0.0;0.0;-5,851786;-35,21001;SPRF-RN;DEL01-RN;UOP01-DEL01-RN
495698.0;1079863.0;2022-12-20;terça-feira;09:50:00;RN;101.0;96,5;NATAL;Sim;Condutor deixou de manter distância do veículo da frente;4;Queda de ocupante de veículo;Com Vítimas Feridas;Pleno dia;Decrescente;Sol;Dupla;Reta;Sim;871360.0;Motocicleta;JTA-SUZUKI/BLVM1800R;2015.0;Condutor;Lesões Leves;44.0;Masculino;0.0;1.0;0.0;0.0;-5,851786;-35,21001;SPRF-RN;DEL01-RN;UOP01-DEL01-RN
495698.0;1079866.0;2022-12-20;terça-feira;09:50:00;RN;101.0;96,5;NATAL;Sim;Condutor deixou de manter distância do veículo da frente;4;Queda de ocupante de veículo;Com Vítimas Feridas;Pleno dia;Decrescente;Sol;Dupla;Reta;Sim;871362.0;Utilitário;JEEP/COMMANDER LIM TD380;2022.0;Condutor;Ileso;46.0;Masculino;1.0;0.0;0.0;0.0;-5,851786;-35,21001;SPRF-RN;DEL01-RN;UOP01-DEL01-RN
495698.0;1079858.0;2022-12-20;terça-feira;09:50:00;RN;101.0;96,5;NATAL;Sim;Condutor deixou de manter distância do veículo da frente;4;Queda de ocupante de veículo;Com Vítimas Feridas;Pleno dia;Decrescente;Sol;Dupla;Reta;Sim;871358.0;Motocicleta;Não Informado/Não Informado;0.0;Condutor;Ileso;;Masculino;1.0;0.0;0.0;0.0;-5,851786;-35,21001;SPRF-RN;DEL01-RN;UOP01-DEL01-RN
495698.0;1079863.0;2022-12-20;terça-feira;09:50:00;RN;101.0;96,5;NATAL;Não;Manobra de mudança de faixa;3;Tombamento;Com Vítimas Feridas;Pleno dia;Decrescente;Sol;Dupla;Reta;Sim;871360.0;Motocicleta;JTA-SUZUKI/BLVM1800R;2015.0;Condutor;Lesões Leves;44.0;Masculino;0.0;1.0;0.0;0.0;-5,851786;-35,21001;SPRF-RN;DEL01-RN;UOP01-DEL01-RN
495698.0;1079866.0;2022-12-20;terça-feira;09:50:00;RN;101.0;96,5;NATAL;Não;Manobra de mudança de faixa;3;Tombamento;Com Vítimas Feridas;Pleno dia;Decrescente;Sol;Dupla;Reta;Sim;871362.0;Utilitário;JEEP/COMMANDER LIM TD380;2022.0;Condutor;Ileso;46.0;Masculino;1.0;0.0;0.0;0.0;-5,851786;-35,21001;SPRF-RN;DEL01-RN;UOP01-DEL01-RN
495698.0;1079858.0;2022-12-20;terça-feira;09:50:00;RN;101.0;96,5;NATAL;Não;Manobra de mudança de faixa;3;Tombamento;Com Vítimas Feridas;Pleno dia;Decrescente;Sol;Dupla;Reta;Sim;871358.0;Motocicleta;Não Informado/Não Informado;0.0;Condutor;Ileso;;Masculino;1.0;0.0;0.0;0.0;-5,851786;-35,21001;SPRF-RN;DEL01-RN;UOP01-DEL01-RN
495698.0;1079863.0;2022-12-20;terça-feira;09:50:00;RN;101.0;96,5;NATAL;Sim;Condutor deixou de manter distância do veículo da frente;3;Tombamento;Com Vítimas Feridas;Pleno dia;Decrescente;Sol;Dupla;Reta;Sim;871360.0;Motocicleta;JTA-SUZUKI/BLVM1800R;2015.0;Condutor;Lesões Leves;44.0;Masculino;0.0;1.0;0.0;0.0;-5,851786;-35,21001;SPRF-RN;DEL01-RN;UOP01-DEL01-RN
495698.0;1079866.0;2022-12-20;terça-feira;09:50:00;RN;101.0;96,5;NATAL;Sim;Condutor deixou de manter distância do veículo da frente;3;Tombamento;Com Vítimas Feridas;Pleno dia;Decrescente;Sol;Dupla;Reta;Sim;871362.0;Utilitário;JEEP/COMMANDER LIM TD380;2022.0;Condutor;Ileso;46.0;Masculino;1.0;0.0;0.0;0.0;-5,851786;-35,21001;SPRF-RN;DEL01-RN;UOP01-DEL01-RN
495698.0;1079858.0;2022-12-20;terça-feira;09:50:00;RN;101.0;96,5;NATAL;Sim;Condutor deixou de manter distância do veículo da frente;3;Tombamento;Com Vítimas Feridas;Pleno dia;Decrescente;Sol;Dupla;Reta;Sim;871358.0;Motocicleta;Não Informado/Não Informado;0.0;Condutor;Ileso;;Masculino;1.0;0.0;0.0;0.0;-5,851786;-35,21001;SPRF-RN;DEL01-RN;UOP01-DEL01-RN
495698.0;1079863.0;2022-12-20;terça-feira;09:50:00;RN;101.0;96,5;NATAL;Não;Manobra de mudança de faixa;2;Colisão lateral mesmo sentido;Com Vítimas Feridas;Pleno dia;Decrescente;Sol;Dupla;Reta;Sim;871360.0;Motocicleta;JTA-SUZUKI/BLVM1800R;2015.0;Condutor;Lesões Leves;44.0;Masculino;0.0;1.0;0.0;0.0;-5,851786;-35,21001;SPRF-RN;DEL01-RN;UOP01-DEL01-RN