id;pesid;data_inversa;dia_semana;horario;uf;br;km;municipio;causa_principal;causa_acidente;ordem_tipo_acidente;tipo_acidente;classificacao_acidente;fase_dia;sentido_via;condicao_metereologica;tipo_pista;tracado_via;uso_solo;id_veiculo;tipo_veiculo;marca;ano_fabricacao_veiculo;tipo_envolvido;estado_fisico;idade;sexo;ilesos;feridos_leves;feridos_graves;mortos;latitude;longitude;regional;delegacia;uop
337698.0;752200.0;2021-01-31;domingo;10:20:00;RN;101.0;97;NATAL;Sim;Condutor deixou de manter distância do veículo da frente;1;Colisão traseira;Sem Vítimas;Pleno dia;Crescente;Céu Claro;Dupla;Reta;Sim;606062.0;Automóvel;I/CHEVROLET CLASSIC LS/CHEVROLET CLASSIC LS;2014.0;Condutor;Ileso;29.0;Masculino;1.0;0.0;0.0;0.0;-5,87;-35,22;SPRF-RN;DEL01-RN;UOP01-DEL01-RN
337698.0;752198.0;2021-01-31;domingo;10:20:00;RN;101.0;97;NATAL;Sim;Condutor deixou de manter distância do veículo da frente;1;Colisão traseira;Sem Vítimas;Pleno dia;Crescente;Céu Claro;Dupla;Reta;Sim;606061.0;Automóvel;RENAULT/LOGAN EXP 1016V/LOGAN EXP 1016V;2012.0;Condutor;Ileso;;Masculino;1.0;0.0;0.0;0.0;-5,87;-35,22;SPRF-RN;DEL01-RN;UOP01-DEL01-RN
337722.0;752203.0;2021-01-31;domingo;14:45:00;RN;101.0;78;NATAL;Não;Acessar a via sem observar a presença dos outros veículos;1;Colisão traseira;Sem Vítimas;Pleno dia;Crescente;Sol;Dupla;Retorno Regulamentado;Sim;606072.0;Automóvel;VW/VOYAGE 1.6L MB5/VOYAGE 1.6L MB5;2018.0;Condutor;Ileso;40.0;Masculino;1.0;0.0;0.0;0.0;-5,74659899;-35,28977676;SPRF-RN;DEL02-RN;UOP01-DEL02-RN
337722.0;752203.0;2021-01-31;domingo;14:45:00;RN;101.0;78;NATAL;Sim;Condutor deixou de manter distância do veículo da frente;1;Colisão traseira;Sem Vítimas;Pleno dia;Crescente;Sol;Dupla;Retorno Regulamentado;Sim;606072.0;Automóvel;VW/VOYAGE 1.6L MB5/VOYAGE 1.6L MB5;2018.0;Condutor;Ileso;40.0;Masculino;1.0;0.0;0.0;0.0;-5,74659899;-35,28977676;SPRF-RN;DEL02-RN;UOP01-DEL02-RN
338168.0;753113.0;2021-02-02;terça-feira;16:15:00;RN;101.0;79;NATAL;Sim;Desrespeitar a preferência no cruzamento;1;Colisão transversal;Com Vítimas Feridas;Pleno dia;Decrescente;Céu Claro;Dupla;Reta;Sim;606848.0;Automóvel;GM/ASTRA HB 4P ADVANTAGE/ASTRA HB 4P ADVANTAGE;2008.0;Condutor;Ileso;39.0;Masculino;1.0;0.0;0.0;0.0;-5,7535528;-35,28875297;SPRF-RN;DEL02-RN;UOP01-DEL02-RN
338168.0;753111.0;2021-02-02;terça-feira;16:15:00;RN;101.0;79;NATAL;Sim;Desrespeitar a preferência no cruzamento;1;Colisão transversal;Com Vítimas Feridas;Pleno dia;Decrescente;Céu Claro;Dupla;Reta;Sim;606849.0;Automóvel;I/RENAULT CLIO EXP1016VH/RENAULT CLIO EXP1016VH;2012.0;Passageiro;Lesões Leves;27.0;Feminino;0.0;1.0;0.0;0.0;-5,7535528;-35,28875297;SPRF-RN;DEL02-RN;UOP01-DEL02-RN
338168.0;753121.0;2021-02-02;terça-feira;16:15:00;RN;101.0;79;NATAL;Sim;Desrespeitar a preferência no cruzamento;1;Colisão transversal;Com Vítimas Feridas;Pleno dia;Decrescente;Céu Claro;Dupla;Reta;Sim;606849.0;Automóvel;I/RENAULT CLIO EXP1016VH/RENAULT CLIO EXP1016VH;2012.0;Condutor;Ileso;43.0;Feminino;1.0;0.0;0.0;0.0;-5,7535528;-35,28875297;SPRF-RN;DEL02-RN;UOP01-DEL02-RN
338320.0;753682.0;2021-02-03;quarta-feira;13:09:00;RN;226.0;4;NATAL;Sim;Acessar a via sem observar a presença dos outros veículos;1;Colisão transversal;Com Vítimas Feridas;Pleno dia;Decrescente;Céu Claro;Simples;Curva;Sim;607284.0;Motocicleta;HONDA/CG 160 START/CG 160 START;2018.0;Condutor;Lesões Leves;39.0;Masculino;0.0;1.0;0.0;0.0;-5,81922512;-35,26339889;SPRF-RN;DEL01-RN;UOP02-DEL01-RN
338320.0;753683.0;2021-02-03;quarta-feira;13:09:00;RN;226.0;4;NATAL;Sim;Acessar a via sem observar a presença dos outros veículos;1;Colisão transversal;Com Vítimas Feridas;Pleno dia;Decrescente;Céu Claro;Simples;Curva;Sim;607285.0;Camioneta;RENAULT/DUSTER 16 D 4X2/DUSTER 16 D 4X2;2013.0;Condutor;Ileso;59.0;Masculino;1.0;0.0;0.0;0.0;-5,81922512;-35,26339889;SPRF-RN;DEL01-RN;UOP02-DEL01-RN
338566.0;754111.0;2021-02-04;quinta-feira;18:30:00;RN;101.0;81,3;NATAL;Sim;Reação tardia ou ineficiente do condutor;3;Queda de ocupante de veículo;Com Vítimas Feridas;Plena Noite;Decrescente;Céu Claro;Dupla;Reta;Sim;607641.0;Motocicleta;HONDA/CG 150 FAN ESI/CG 150 FAN ESI;2009.0;Condutor;Lesões Leves;42.0;Masculino;0.0;1.0;0.0;0.0;-5,76469466;-35,28295988;SPRF-RN;DEL02-RN;UOP01-DEL02-RN
338566.0;754113.0;2021-02-04;quinta-feira;18:30:00;RN;101.0;81,3;NATAL;Sim;Reação tardia ou ineficiente do condutor;3;Queda de ocupante de veículo;Com Vítimas Feridas;Plena Noite;Decrescente;Céu Claro;Dupla;Reta;Sim;607642.0;Automóvel;GM/CELTA/CELTA;2001.0;Condutor;Ileso;42.0;Masculino;1.0;0.0;0.0;0.0;-5,76469466;-35,28295988;SPRF-RN;DEL02-RN;UOP01-DEL02-RN
338566.0;754111.0;2021-02-04;quinta-feira;18:30:00;RN;101.0;81,3;NATAL;Sim;Reação tardia ou ineficiente do condutor;2;Tombamento;Com Vítimas Feridas;Plena Noite;Decrescente;Céu Claro;Dupla;Reta;Sim;607641.0;Motocicleta;HONDA/CG 150 FAN ESI/CG 150 FAN ESI;2009.0;Condutor;Lesões Leves;42.0;Masculino;0.0;1.0;0.0;0.0;-5,76469466;-35,28295988;SPRF-RN;DEL02-RN;UOP01-DEL02-RN
338566.0;754113.0;2021-02-04;quinta-feira;18:30:00;RN;101.0;81,3;NATAL;Sim;Reação tardia ou ineficiente do condutor;2;Tombamento;Com Vítimas Feridas;Plena Noite;Decrescente;Céu Claro;Dupla;Reta;Sim;607642.0;Automóvel;GM/CELTA/CELTA;2001.0;Condutor;Ileso;42.0;Masculino;1.0;0.0;0.0;0.0;-5,76469466;-35,28295988;SPRF-RN;DEL02-RN;UOP01-DEL02-RN
338566.0;754111.0;2021-02-04;quinta-feira;18:30:00;RN;101.0;81,3;NATAL;Sim;Reação tardia ou ineficiente do condutor;1;Colisão lateral;Com Vítimas Feridas;Plena Noite;Decrescente;Céu Claro;Dupla;Reta;Sim;607641.0;Motocicleta;HONDA/CG 150 FAN ESI/CG 150 FAN ESI;2009.0;Condutor;Lesões Leves;42.0;Masculino;0.0;1.0;0.0;0.0;-5,76469466;-35,28295988;SPRF-RN;DEL02-RN;UOP01-DEL02-RN
338566.0;754113.0;2021-02-04;quinta-feira;18:30:00;RN;101.0;81,3;NATAL;Sim;Reação tardia ou ineficiente do condutor;1;Colisão lateral;Com Vítimas Feridas;Plena Noite;Decrescente;Céu Claro;Dupla;Reta;Sim;607642.0;Automóvel;GM/CELTA/CELTA;2001.0;Condutor;Ileso;42.0;Masculino;1.0;0.0;0.0;0.0;-5,76469466;-35,28295988;SPRF-RN;DEL02-RN;UOP01-DEL02-RN
338666.0;754509.0;2021-02-05;sexta-feira;10:05:00;RN;101.0;85,9;NATAL;Sim;Manobra de mudança de faixa;2;Queda de ocupante de veículo;Com Vítimas Feridas;Pleno dia;Crescente;Céu Claro;Dupla;"Ponte;Reta";Não;607836.0;Motocicleta;HONDA/CG 125 FAN KS/CG 125 FAN KS;2013.0;Condutor;Lesões Leves;32.0;Masculino;0.0;1.0;0.0;0.0;-5,78370243;-35,24697304;SPRF-RN;DEL02-RN;UOP01-DEL02-RN
338666.0;754511.0;2021-02-05;sexta-feira;10:05:00;RN;101.0;85,9;NATAL;Sim;Manobra de mudança de faixa;2;Queda de ocupante de veículo;Com Vítimas Feridas;Pleno dia;Crescente;Céu Claro;Dupla;"Ponte;Reta";Não;607836.0;Motocicleta;HONDA/CG 125 FAN KS/CG 125 FAN KS;2013.0;Passageiro;Lesões Leves;25.0;Feminino;0.0;1.0;0.0;0.0;-5,78370243;-35,24697304;SPRF-RN;DEL02-RN;UOP01-DEL02-RN
338666.0;754507.0;2021-02-05;sexta-feira;10:05:00;RN;101.0;85,9;NATAL;Sim;Manobra de mudança de faixa;2;Queda de ocupante de veículo;Com Vítimas Feridas;Pleno dia;Crescente;Céu Claro;Dupla;"Ponte;Reta";Não;607835.0;Caminhonete;CHEVROLET/S10 LTZ DD4/S10 LTZ DD4;2012.0;Condutor;Ileso;68.0;Masculino;1.0;0.0;0.0;0.0;-5,78370243;-35,24697304;SPRF-RN;DEL02-RN;UOP01-DEL02-RN
338666.0;754509.0;2021-02-05;sexta-feira;10:05:00;RN;101.0;85,9;NATAL;Sim;Manobra de mudança de faixa;1;Colisão traseira;Com Vítimas Feridas;Pleno dia;Crescente;Céu Claro;Dupla;"Ponte;Reta";Não;607836.0;Motocicleta;HONDA/CG 125 FAN KS/CG 125 FAN KS;2013.0;Condutor;Lesões Leves;32.0;Masculino;0.0;1.0;0.0;0.0;-5,78370243;-35,24697304;SPRF-RN;DEL02-RN;UOP01-DEL02-RN
338666.0;754511.0;2021-02-05;sexta-feira;10:05:00;RN;101.0;85,9;NATAL;Sim;Manobra de mudança de faixa;1;Colisão traseira;Com Vítimas Feridas;Pleno dia;Crescente;Céu Claro;Dupla;"Ponte;Reta";Não;607836.0;Motocicleta;HONDA/CG 125 FAN KS/CG 125 FAN KS;2013.0;Passageiro;Lesões Leves;25.0;Feminino;0.0;1.0;0.0;0.0;-5,78370243;-35,24697304;SPRF-RN;DEL02-RN;UOP01-DEL02-RN
338666.0;754507.0;2021-02-05;sexta-feira;10:05:00;RN;101.0;85,9;NATAL;Sim;Manobra de mudança de faixa;1;Colisão traseira;Com Vítimas Feridas;Pleno dia;Crescente;Céu Claro;Dupla;"Ponte;Reta";Não;607835.0;Caminhonete;CHEVROLET/S10 LTZ DD4/S10 LTZ DD4;2012.0;Condutor;Ileso;68.0;Masculino;1.0;0.0;0.0;0.0;-5,78370243;-35,24697304;SPRF-RN;DEL02-RN;UOP01-DEL02-RN
339119.0;757981.0;2021-02-07;domingo;03:20:00;RN;101.0;84,8;NATAL;Sim;Reação tardia ou ineficiente do condutor;1;Colisão com objeto;Sem Vítimas;Plena Noite;Crescente;Céu Claro;Dupla;Reta;Sim;608633.0;Motocicleta;HONDA/CB 300R/CB 300R;2012.0;Condutor;Não Informado;;Não Informado;0.0;0.0;0.0;0.0;-5,774175;-35,2578;SPRF-RN;DEL02-RN;UOP01-DEL02-RN
339457.0;756001.0;2021-02-08;segunda-feira;16:10:00;RN;101.0;96;NATAL;Sim;Acumulo de óleo sobre o pavimento;1;Queda de ocupante de veículo;Com Vítimas Feridas;Pleno dia;Crescente;Céu Claro;Dupla;Viaduto;Sim;609252.0;Ciclomotor;I/SHINERAY XY50Q PHOENIX/SHINERAY XY50Q PHOENIX;2011.0;Condutor;Lesões Leves;36.0;Feminino;0.0;1.0;0.0;0.0;-5,84949622;-35,20890752;SPRF-RN;DEL01-RN;UOP01-DEL01-RN
339798.0;760142.0;2021-02-10;quarta-feira;11:50:00;RN;101.0;95;NATAL;Sim;Demais falhas mecânicas ou elétricas;1;Colisão traseira;Sem Vítimas;Pleno dia;Crescente;Céu Claro;Múltipla;Reta;Sim;610225.0;Automóvel;Não Informado/Não Informado/Não Informado;0.0;Condutor;Ileso;;Masculino;1.0;0.0;0.0;0.0;-5,84076841;-35,21035949;SPRF-RN;DEL01-RN;UOP01-DEL01-RN
339798.0;760140.0;2021-02-10;quarta-feira;11:50:00;RN;101.0;95;NATAL;Sim;Demais falhas mecânicas ou elétricas;1;Colisão traseira;Sem Vítimas;Pleno dia;Crescente;Céu Claro;Múltipla;Reta;Sim;610223.0;Automóvel;VW/NOVO GOL 1.0/NOVO GOL 1.0;2013.0;Condutor;Ileso;30.0;Masculino;1.0;0.0;0.0;0.0;-5,84076841;-35,21035949;SPRF-RN;DEL01-RN;UOP01-DEL01-RN
339798.0;760141.0;2021-02-10;quarta-feira;11:50:00;RN;101.0;95;NATAL;Sim;Demais falhas mecânicas ou elétricas;1;Colisão traseira;Sem Vítimas;Pleno dia;Crescente;Céu Claro;Múltipla;Reta;Sim;610224.0;Automóvel;RENAULT/LOGAN EXP 16/LOGAN EXP 16;2009.0;Condutor;Ileso;59.0;Masculino;1.0;0.0;0.0;0.0;-5,84076841;-35,21035949;SPRF-RN;DEL01-RN;UOP01-DEL01-RN
340365.0;758737.0;2021-02-04;quinta-feira;14:50:00;RN;101.0;96;NATAL;Sim;Condutor deixou de manter distância do veículo da frente;1;Colisão traseira;Com Vítimas Feridas;Pleno dia;Decrescente;Céu Claro;Dupla;Reta;Sim;611563.0;Utilitário;JEEP/RENEGADE LNGTD AT D/RENEGADE LNGTD AT D;2016.0;Condutor;Ileso;;Masculino;1.0;0.0;0.0;0.0;-5,85053036;-35,20943511;SPRF-RN;DEL01-RN;UOP01-DEL01-RN
340365.0;758742.0;2021-02-04;quinta-feira;14:50:00;RN;101.0;96;NATAL;Sim;Condutor deixou de manter distância do veículo da frente;1;Colisão traseira;Com Vítimas Feridas;Pleno dia;Decrescente;Céu Claro;Dupla;Reta;Sim;611566.0;Camioneta;FORD/ECOSPORT SE AT 1.5/ECOSPORT SE AT 1.5;2018.0;Condutor;Ileso;;Masculino;1.0;0.0;0.0;0.0;-5,85053036;-35,20943511;SPRF-RN;DEL01-RN;UOP01-DEL01-RN
340365.0;758739.0;2021-02-04;quinta-feira;14:50:00;RN;101.0;96;NATAL;Sim;Condutor deixou de manter distância do veículo da frente;1;Colisão traseira;Com Vítimas Feridas;Pleno dia;Decrescente;Céu Claro;Dupla;Reta;Sim;611564.0;Caminhonete;VW/NOVA SAVEIRO RB MBVD/NOVA SAVEIRO RB MBVD;2019.0;Condutor;Ileso;;Masculino;1.0;0.0;0.0;0.0;-5,85053036;-35,20943511;SPRF-RN;DEL01-RN;UOP01-DEL01-RN
340365.0;758747.0;2021-02-04;quinta-feira;14:50:00;RN;101.0;96;NATAL;Sim;Condutor deixou de manter distância do veículo da frente;1;Colisão traseira;Com Vítimas Feridas;Pleno dia;Decrescente;Céu Claro;Dupla;Reta;Sim;611568.0;Camioneta;I/HYUNDAI IX35 2.0/HYUNDAI IX35 2.0;2012.0;Condutor;Ileso;;Feminino;1.0;0.0;0.0;0.0;-5,85053036;-35,20943511;SPRF-RN;DEL01-RN;UOP01-DEL01-RN
340365.0;758743.0;2021-02-04;quinta-feira;14:50:00;RN;101.0;96;NATAL;Sim;Condutor deixou de manter distância do veículo da frente;1;Colisão traseira;Com Vítimas Feridas;Pleno dia;Decrescente;Céu Claro;Dupla;Reta;Sim;611567.0;Automóvel;RENAULT/KWID ZEN 10MT/KWID ZEN 10MT;0.0;Condutor;Ileso;;Masculino;1.0;0.0;0.0;0.0;-5,85053036;-35,20943511;SPRF-RN;DEL01-RN;UOP01-DEL01-RN
340365.0;758741.0;2021-02-04;quinta-feira;14:50:00;RN;101.0;96;NATAL;Sim;Condutor deixou de manter distância do veículo da frente;1;Colisão traseira;Com Vítimas Feridas;Pleno dia;Decrescente;Céu Claro;Dupla;Reta;Sim;611565.0;Automóvel;CHEVROLET/CLASSIC LS/CLASSIC LS;2010.0;Passageiro;Lesões Leves;;Feminino;0.0;1.0;0.0;0.0;-5,85053036;-35,20943511;SPRF-RN;DEL01-RN;UOP01-DEL01-RN
340365.0;758740.0;2021-02-04;quinta-feira;14:50:00;RN;101.0;96;NATAL;Sim;Condutor deixou de manter distância do veículo da frente;1;Colisão traseira;Com Vítimas Feridas;Pleno dia;Decrescente;Céu Claro;Dupla;Reta;Sim;611565.0;Automóvel;CHEVROLET/CLASSIC LS/CLASSIC LS;2010.0;Condutor;Ileso;;Masculino;1.0;0.0;0.0;0.0;-5,85053036;-35,20943511;SPRF-RN;DEL01-RN;UOP01-DEL01-RN
340477.0;760013.0;2021-02-13;sábado;14:30:00;RN;101.0;83;NATAL;Sim;Desrespeitar a preferência no cruzamento;3;Tombamento;Com Vítimas Feridas;Pleno dia;Crescente;Céu Claro;Dupla;Reta;Sim;611193.0;Motocicleta;I/LIFAN KASINSKI LF125-5/LIFAN KASINSKI LF125-5;2008.0;Condutor;Lesões Graves;18.0;Masculino;0.0;0.0;1.0;0.0;-5,7710445;-35,26616981;SPRF-RN;DEL02-RN;UOP01-DEL02-RN
340477.0;760014.0;2021-02-13;sábado;14:30:00;RN;101.0;83;NATAL;Sim;Desrespeitar a preferência no cruzamento;3;Tombamento;Com Vítimas Feridas;Pleno dia;Crescente;Céu Claro;Dupla;Reta;Sim;611194.0;Automóvel;GM/PRISMA JOY/PRISMA JOY;2008.0;Condutor;Ileso;61.0;Masculino;1.0;0.0;0.0;0.0;-5,7710445;-35,26616981;SPRF-RN;DEL02-RN;UOP01-DEL02-RN
340477.0;760013.0;2021-02-13;sábado;14:30:00;RN;101.0;83;NATAL;Sim;Desrespeitar a preferência no cruzamento;2;Queda de ocupante de veículo;Com Vítimas Feridas;Pleno dia;Crescente;Céu Claro;Dupla;Reta;Sim;611193.0;Motocicleta;I/LIFAN KASINSKI LF125-5/LIFAN KASINSKI LF125-5;2008.0;Condutor;Lesões Graves;18.0;Masculino;0.0;0.0;1.0;0.0;-5,7710445;-35,26616981;SPRF-RN;DEL02-RN;UOP01-DEL02-RN
340477.0;760014.0;2021-02-13;sábado;14:30:00;RN;101.0;83;NATAL;Sim;Desrespeitar a preferência no cruzamento;2;Queda de ocupante de veículo;Com Vítimas Feridas;Pleno dia;Crescente;Céu Claro;Dupla;Reta;Sim;611194.0;Automóvel;GM/PRISMA JOY/PRISMA JOY;2008.0;Condutor;Ileso;61.0;Masculino;1.0;0.0;0.0;0.0;-5,7710445;-35,26616981;SPRF-RN;DEL02-RN;UOP01-DEL02-RN
340477.0;760013.0;2021-02-13;sábado;14:30:00;RN;101.0;83;NATAL;Sim;Desrespeitar a preferência no cruzamento;1;Colisão transversal;Com Vítimas Feridas;Pleno dia;Crescente;Céu Claro;Dupla;Reta;Sim;611193.0;Motocicleta;I/LIFAN KASINSKI LF125-5/LIFAN KASINSKI LF125-5;2008.0;Condutor;Lesões Graves;18.0;Masculino;0.0;0.0;1.0;0.0;-5,7710445;-35,26616981;SPRF-RN;DEL02-RN;UOP01-DEL02-RN
340477.0;760014.0;2021-02-13;sábado;14:30:00;RN;101.0;83;NATAL;Sim;Desrespeitar a preferência no cruzamento;1;Colisão transversal;Com Vítimas Feridas;Pleno dia;Crescente;Céu Claro;Dupla;Reta;Sim;611194.0;Automóvel;GM/PRISMA JOY/PRISMA JOY;2008.0;Condutor;Ileso;61.0;Masculino;1.0;0.0;0.0;0.0;-5,7710445;-35,26616981;SPRF-RN;DEL02-RN;UOP01-DEL02-RN
341609.0;762900.0;2021-02-19;sexta-feira;09:30:00;RN;101.0;85;NATAL;Sim;Condutor deixou de manter distância do veículo da frente;2;Tombamento;Com Vítimas Feridas;Pleno dia;Crescente;Sol;Dupla;Ponte;Sim;613371.0;Motocicleta;HONDA/XRE 300/XRE 300;2016.0;Condutor;Lesões Leves;32.0;Masculino;0.0;1.0;0.0;0.0;-5,777664;-35,24937;SPRF-RN;DEL02-RN;UOP01-DEL02-RN
341609.0;762901.0;2021-02-19;sexta-feira;09:30:00;RN;101.0;85;NATAL;Sim;Condutor deixou de manter distância do veículo da frente;2;Tombamento;Com Vítimas Feridas;Pleno dia;Crescente;Sol;Dupla;Ponte;Sim;613372.0;Automóvel;Não Informado/Não Informado/Não Informado;0.0;Condutor;Não Informado;;Não Informado;0.0;0.0;0.0;0.0;-5,777664;-35,24937;SPRF-RN;DEL02-RN;UOP01-DEL02-RN
341609.0;762900.0;2021-02-19;sexta-feira;09:30:00;RN;101.0;85;NATAL;Sim;Condutor deixou de manter distância do veículo da frente;1;Colisão traseira;Com Vítimas Feridas;Pleno dia;Crescente;Sol;Dupla;Ponte;Sim;613371.0;Motocicleta;HONDA/XRE 300/XRE 300;2016.0;Condutor;Lesões Leves;32.0;Masculino;0.0;1.0;0.0;0.0;-5,777664;-35,24937;SPRF-RN;DEL02-RN;UOP01-DEL02-RN
341609.0;762901.0;2021-02-19;sexta-feira;09:30:00;RN;101.0;85;NATAL;Sim;Condutor deixou de manter distância do veículo da frente;1;Colisão traseira;Com Vítimas Feridas;Pleno dia;Crescente;Sol;Dupla;Ponte;Sim;613372.0;Automóvel;Não Informado/Não Informado/Não Informado;0.0;Condutor;Não Informado;;Não Informado;0.0;0.0;0.0;0.0;-5,777664;-35,24937;SPRF-RN;DEL02-RN;UOP01-DEL02-RN
342563.0;763224.0;2021-02-23;terça-feira;07:40:00;RN;101.0;97,5;NATAL;Sim;Condutor deixou de manter distância do veículo da frente;1;Colisão traseira;Com Vítimas Feridas;Pleno dia;Crescente;Sol;Múltipla;Reta;Sim;615191.0;Motocicleta;HONDA/CG 125 FAN KS/CG 125 FAN KS;2013.0;Condutor;Lesões Leves;37.0;Masculino;0.0;1.0;0.0;0.0;-5,86098916;-35,21434665;SPRF-RN;DEL01-RN;UOP01-DEL01-RN
342563.0;763225.0;2021-02-23;terça-feira;07:40:00;RN;101.0;97,5;NATAL;Sim;Condutor deixou de manter distância do veículo da frente;1;Colisão traseira;Com Vítimas Feridas;Pleno dia;Crescente;Sol;Múltipla;Reta;Sim;615192.0;Caminhonete;VW/SAVEIRO CS ST MB/SAVEIRO CS ST MB;2014.0;Condutor;Ileso;31.0;Masculino;1.0;0.0;0.0;0.0;-5,86098916;-35,21434665;SPRF-RN;DEL01-RN;UOP01-DEL01-RN
342850.0;765426.0;2021-02-25;quinta-feira;15:45:00;RN;101.0;97;NATAL;Sim;Reação tardia ou ineficiente do condutor;1;Colisão traseira;Com Vítimas Feridas;Pleno dia;Crescente;Céu Claro;Dupla;Aclive;Sim;617077.0;Caminhão;Não Informado/Não Informado/Não Informado;0.0;Condutor;Ileso;;Masculino;1.0;0.0;0.0;0.0;-5,85758898;-35,21271205;SPRF-RN;DEL01-RN;UOP01-DEL01-RN
342850.0;765396.0;2021-02-25;quinta-feira;15:45:00;RN;101.0;97;NATAL;Sim;Reação tardia ou ineficiente do condutor;1;Colisão traseira;Com Vítimas Feridas;Pleno dia;Crescente;Céu Claro;Dupla;Aclive;Sim;615834.0;Automóvel;FIAT/UNO MILLE ELECTRONI/UNO MILLE ELECTRONI;1994.0;Passageiro;Lesões Leves;42.0;Feminino;0.0;1.0;0.0;0.0;-5,85758898;-35,21271205;SPRF-RN;DEL01-RN;UOP01-DEL01-RN
342850.0;765395.0;2021-02-25;quinta-feira;15:45:00;RN;101.0;97;NATAL;Sim;Reação tardia ou ineficiente do condutor;1;Colisão traseira;Com Vítimas Feridas;Pleno dia;Crescente;Céu Claro;Dupla;Aclive;Sim;615834.0;Automóvel;FIAT/UNO MILLE ELECTRONI/UNO MILLE ELECTRONI;1994.0;Condutor;Ileso;32.0;Masculino;1.0;0.0;0.0;0.0;-5,85758898;-35,21271205;SPRF-RN;DEL01-RN;UOP01-DEL01-RN
342850.0;765398.0;2021-02-25;quinta-feira;15:45:00;RN;101.0;97;NATAL;Sim;Reação tardia ou ineficiente do condutor;1;Colisão traseira;Com Vítimas Feridas;Pleno dia;Crescente;Céu Claro;Dupla;Aclive;Sim;615835.0;Automóvel;HONDA/CIVIC LXL/CIVIC LXL;2012.0;Condutor;Ileso;69.0;Masculino;1.0;0.0;0.0;0.0;-5,85758898;-35,21271205;SPRF-RN;DEL01-RN;UOP01-DEL01-RN
343111.0;764482.0;2021-02-26;sexta-feira;19:50:00;RN;101.0;84,5;NATAL;Não;Pista Escorregadia;3;Queda de ocupante de veículo;Com Vítimas Feridas;Plena Noite;Crescente;Garoa/Chuvisco;Dupla;Reta;Sim;616207.0;Motocicleta;HONDA/CG 160 FAN/CG 160 FAN;2020.0;Condutor;Lesões Leves;29.0;Masculino;0.0;1.0;0.0;0.0;-5,774175;-35,2578;SPRF-RN;DEL02-RN;UOP01-DEL02-RN
343111.0;764484.0;2021-02-26;sexta-feira;19:50:00;RN;101.0;84,5;NATAL;Não;Pista Escorregadia;3;Queda de ocupante de veículo;Com Vítimas Feridas;Plena Noite;Crescente;Garoa/Chuvisco;Dupla;Reta;Sim;616208.0;Automóvel;VW/POLO SEDAN 2.0 COMFOR/POLO SEDAN 2.0 COMFOR;2010.0;Condutor;Ileso;42.0;Masculino;1.0;0.0;0.0;0.0;-5,774175;-35,2578;SPRF-RN;DEL02-RN;UOP01-DEL02-RN
343111.0;764482.0;2021-02-26;sexta-feira;19:50:00;RN;101.0;84,5;NATAL;Sim;Condutor deixou de manter distância do veículo da frente;3;Queda de ocupante de veículo;Com Vítimas Feridas;Plena Noite;Crescente;Garoa/Chuvisco;Dupla;Reta;Sim;616207.0;Motocicleta;HONDA/CG 160 FAN/CG 160 FAN;2020.0;Condutor;Lesões Leves;29.0;Masculino;0.0;1.0;0.0;0.0;-5,774175;-35,2578;SPRF-RN;DEL02-RN;UOP01-DEL02-RN
343111.0;764484.0;2021-02-26;sexta-feira;19:50:00;RN;101.0;84,5;NATAL;Sim;Condutor deixou de manter distância do veículo da frente;3;Queda de ocupante de veículo;Com Vítimas Feridas;Plena Noite;Crescente;Garoa/Chuvisco;Dupla;Reta;Sim;616208.0;Automóvel;VW/POLO SEDAN 2.0 COMFOR/POLO SEDAN 2.0 COMFOR;2010.0;Condutor;Ileso;42.0;Masculino;1.0;0.0;0.0;0.0;-5,774175;-35,2578;SPRF-RN;DEL02-RN;UOP01-DEL02-RN
343111.0;764482.0;2021-02-26;sexta-feira;19:50:00;RN;101.0;84,5;NATAL;Não;Pista Escorregadia;2;Tombamento;Com Vítimas Feridas;Plena Noite;Crescente;Garoa/Chuvisco;Dupla;Reta;Sim;616207.0;Motocicleta;HONDA/CG 160 FAN/CG 160 FAN;2020.0;Condutor;Lesões Leves;29.0;Masculino;0.0;1.0;0.0;0.0;-5,774175;-35,2578;SPRF-RN;DEL02-RN;UOP01-DEL02-RN
343111.0;764484.0;2021-02-26;sexta-feira;19:50:00;RN;101.0;84,5;NATAL;Não;Pista Escorregadia;2;Tombamento;Com Vítimas Feridas;Plena Noite;Crescente;Garoa/Chuvisco;Dupla;Reta;Sim;616208.0;Automóvel;VW/POLO SEDAN 2.0 COMFOR/POLO SEDAN 2.0 COMFOR;2010.0;Condutor;Ileso;42.0;Masculino;1.0;0.0;0.0;0.0;-5,774175;-35,2578;SPRF-RN;DEL02-RN;UOP01-DEL02-RN
343111.0;764482.0;2021-02-26;sexta-feira;19:50:00;RN;101.0;84,5;NATAL;Sim;Condutor deixou de manter distância do veículo da frente;2;Tombamento;Com Vítimas Feridas;Plena Noite;Crescente;Garoa/Chuvisco;Dupla;Reta;Sim;616207.0;Motocicleta;HONDA/CG 160 FAN/CG 160 FAN;2020.0;Condutor;Lesões Leves;29.0;Masculino;0.0;1.0;0.0;0.0;-5,774175;-35,2578;SPRF-RN;DEL02-RN;UOP01-DEL02-RN
343111.0;764484.0;2021-02-26;sexta-feira;19:50:00;RN;101.0;84,5;NATAL;Sim;Condutor deixou de manter distância do veículo da frente;2;Tombamento;Com Vítimas Feridas;Plena Noite;Crescente;Garoa/Chuvisco;Dupla;Reta;Sim;616208.0;Automóvel;VW/POLO SEDAN 2.0 COMFOR/POLO SEDAN 2.0 COMFOR;2010.0;Condutor;Ileso;42.0;Masculino;1.0;0.0;0.0;0.0;-5,774175;-35,2578;SPRF-RN;DEL02-RN;UOP01-DEL02-RN