id;pesid;data_inversa;dia_semana;horario;uf;br;km;municipio;causa_principal;causa_acidente;ordem_tipo_acidente;tipo_acidente;classificacao_acidente;fase_dia;sentido_via;condicao_metereologica;tipo_pista;tracado_via;uso_solo;id_veiculo;tipo_veiculo;marca;ano_fabricacao_veiculo;tipo_envolvido;estado_fisico;idade;sexo;ilesos;feridos_leves;feridos_graves;mortos;latitude;longitude;regional;delegacia;uop
353967.0;788564.0;2021-04-26;segunda-feira;07:42:00;RN;101.0;85,7;NATAL;Sim;Reação tardia ou ineficiente do condutor;1;Colisão traseira;Com Vítimas Feridas;Pleno dia;Crescente;Céu Claro;Dupla;Ponte;Sim;637024.0;Automóvel;I/CHEVROLET CLASSIC LS/CHEVROLET CLASSIC LS;2014.0;Condutor;Ileso;25.0;Masculino;1.0;0.0;0.0;0.0;-5,777664;-35,24937;SPRF-RN;DEL02-RN;UOP01-DEL02-RN
353967.0;788568.0;2021-04-26;segunda-feira;07:42:00;RN;101.0;85,7;NATAL;Sim;Reação tardia ou ineficiente do condutor;1;Colisão traseira;Com Vítimas Feridas;Pleno dia;Crescente;Céu Claro;Dupla;Ponte;Sim;637024.0;Automóvel;I/CHEVROLET CLASSIC LS/CHEVROLET CLASSIC LS;2014.0;Passageiro;Ileso;45.0;Feminino;1.0;0.0;0.0;0.0;-5,777664;-35,24937;SPRF-RN;DEL02-RN;UOP01-DEL02-RN
353967.0;788566.0;2021-04-26;segunda-feira;07:42:00;RN;101.0;85,7;NATAL;Sim;Reação tardia ou ineficiente do condutor;1;Colisão traseira;Com Vítimas Feridas;Pleno dia;Crescente;Céu Claro;Dupla;Ponte;Sim;637024.0;Automóvel;I/CHEVROLET CLASSIC LS/CHEVROLET CLASSIC LS;2014.0;Passageiro;Ileso;18.0;Masculino;1.0;0.0;0.0;0.0;-5,777664;-35,24937;SPRF-RN;DEL02-RN;UOP01-DEL02-RN
353967.0;788565.0;2021-04-26;segunda-feira;07:42:00;RN;101.0;85,7;NATAL;Sim;Reação tardia ou ineficiente do condutor;1;Colisão traseira;Com Vítimas Feridas;Pleno dia;Crescente;Céu Claro;Dupla;Ponte;Sim;637025.0;Motocicleta;HONDA/XRE 300 P/XRE 300 P;2015.0;Condutor;Lesões Leves;46.0;Masculino;0.0;1.0;0.0;0.0;-5,777664;-35,24937;SPRF-RN;DEL02-RN;UOP01-DEL02-RN
354162.0;789098.0;2021-04-27;terça-feira;09:38:00;RN;101.0;99;NATAL;Sim;Acessar a via sem observar a presença dos outros veículos;1;Colisão traseira;Com Vítimas Feridas;Pleno dia;Decrescente;Céu Claro;Simples;Reta;Sim;637427.0;Motocicleta;HONDA/CG 160 TITAN EX/CG 160 TITAN EX;2016.0;Condutor;Ileso;32.0;Masculino;1.0;0.0;0.0;0.0;-5,87359183;-35,22063023;SPRF-RN;DEL01-RN;UOP01-DEL01-RN
354162.0;789099.0;2021-04-27;terça-feira;09:38:00;RN;101.0;99;NATAL;Sim;Acessar a via sem observar a presença dos outros veículos;1;Colisão traseira;Com Vítimas Feridas;Pleno dia;Decrescente;Céu Claro;Simples;Reta;Sim;637427.0;Motocicleta;HONDA/CG 160 TITAN EX/CG 160 TITAN EX;2016.0;Passageiro;Lesões Leves;26.0;Feminino;0.0;1.0;0.0;0.0;-5,87359183;-35,22063023;SPRF-RN;DEL01-RN;UOP01-DEL01-RN
354162.0;789100.0;2021-04-27;terça-feira;09:38:00;RN;101.0;99;NATAL;Sim;Acessar a via sem observar a presença dos outros veículos;1;Colisão traseira;Com Vítimas Feridas;Pleno dia;Decrescente;Céu Claro;Simples;Reta;Sim;637428.0;Caminhonete;I/KIA UK2500 HD SC/KIA UK2500 HD SC;2011.0;Condutor;Ileso;27.0;Masculino;1.0;0.0;0.0;0.0;-5,87359183;-35,22063023;SPRF-RN;DEL01-RN;UOP01-DEL01-RN
354566.0;790080.0;2021-04-29;quinta-feira;18:15:00;RN;226.0;8;NATAL;Sim;Iluminação deficiente;1;Atropelamento de Pedestre;Com Vítimas Feridas;Plena Noite;Decrescente;Céu Claro;Simples;Reta;Sim;638198.0;Motocicleta;HONDA//;0.0;Condutor;Ileso;;Masculino;1.0;0.0;0.0;0.0;-5,83583319;-35,28030896;SPRF-RN;DEL01-RN;UOP02-DEL01-RN
354566.0;790081.0;2021-04-29;quinta-feira;18:15:00;RN;226.0;8;NATAL;Sim;Iluminação deficiente;1;Atropelamento de Pedestre;Com Vítimas Feridas;Plena Noite;Decrescente;Céu Claro;Simples;Reta;Sim;;;NA/NA/NA;;Pedestre;Lesões Leves;33.0;Masculino;0.0;1.0;0.0;0.0;-5,83583319;-35,28030896;SPRF-RN;DEL01-RN;UOP02-DEL01-RN
355510.0;792227.0;2021-05-04;terça-feira;06:25:00;RN;101.0;95,7;NATAL;Sim;Condutor deixou de manter distância do veículo da frente;1;Colisão traseira;Com Vítimas Feridas;Pleno dia;Decrescente;Chuva;Múltipla;Reta;Sim;640044.0;Automóvel;FIAT/PUNTO ATTRACTIVE/PUNTO ATTRACTIVE;2016.0;Condutor;Ileso;51.0;Masculino;1.0;0.0;0.0;0.0;-5,84076841;-35,21035949;SPRF-RN;DEL01-RN;UOP01-DEL01-RN
355510.0;792228.0;2021-05-04;terça-feira;06:25:00;RN;101.0;95,7;NATAL;Sim;Condutor deixou de manter distância do veículo da frente;1;Colisão traseira;Com Vítimas Feridas;Pleno dia;Decrescente;Chuva;Múltipla;Reta;Sim;640231.0;Motocicleta;HONDA/NXR160 BROS ESD/NXR160 BROS ESD;2015.0;Condutor;Lesões Graves;27.0;Masculino;0.0;0.0;1.0;0.0;-5,84076841;-35,21035949;SPRF-RN;DEL01-RN;UOP01-DEL01-RN
356077.0;795453.0;2021-05-07;sexta-feira;07:15:00;RN;101.0;96,9;NATAL;Sim;Condutor deixou de manter distância do veículo da frente;1;Colisão traseira;Com Vítimas Feridas;Pleno dia;Decrescente;Sol;Dupla;Reta;Sim;641565.0;Motocicleta;YAMAHA/FAZER YS250/FAZER YS250;2014.0;Condutor;Lesões Leves;26.0;Masculino;0.0;1.0;0.0;0.0;-5,84949622;-35,20890752;SPRF-RN;DEL01-RN;UOP01-DEL01-RN
356077.0;795460.0;2021-05-07;sexta-feira;07:15:00;RN;101.0;96,9;NATAL;Sim;Condutor deixou de manter distância do veículo da frente;1;Colisão traseira;Com Vítimas Feridas;Pleno dia;Decrescente;Sol;Dupla;Reta;Sim;641566.0;Automóvel;HONDA/FIT LX FLEX/FIT LX FLEX;2012.0;Condutor;Ileso;65.0;Feminino;1.0;0.0;0.0;0.0;-5,84949622;-35,20890752;SPRF-RN;DEL01-RN;UOP01-DEL01-RN
356341.0;793962.0;2021-05-08;sábado;08:20:00;RN;101.0;77,7;NATAL;Não;Acessar a via sem observar a presença dos outros veículos;2;Queda de ocupante de veículo;Com Vítimas Feridas;Pleno dia;Decrescente;Céu Claro;Dupla;"Reta;Retorno Regulamentado;Interseção de Vias";Não;641678.0;Automóvel;RENAULT/LOGAN EXP 16 SCE/LOGAN EXP 16 SCE;2017.0;Condutor;Ileso;41.0;Masculino;1.0;0.0;0.0;0.0;-5,73553831;-35,29076815;SPRF-RN;DEL02-RN;UOP01-DEL02-RN
356341.0;793965.0;2021-05-08;sábado;08:20:00;RN;101.0;77,7;NATAL;Não;Acessar a via sem observar a presença dos outros veículos;2;Queda de ocupante de veículo;Com Vítimas Feridas;Pleno dia;Decrescente;Céu Claro;Dupla;"Reta;Retorno Regulamentado;Interseção de Vias";Não;641679.0;Motocicleta;YAMAHA/XTZ150 CROSSER S/XTZ150 CROSSER S;2020.0;Passageiro;Lesões Graves;24.0;Feminino;0.0;0.0;1.0;0.0;-5,73553831;-35,29076815;SPRF-RN;DEL02-RN;UOP01-DEL02-RN
356341.0;793964.0;2021-05-08;sábado;08:20:00;RN;101.0;77,7;NATAL;Não;Acessar a via sem observar a presença dos outros veículos;2;Queda de ocupante de veículo;Com Vítimas Feridas;Pleno dia;Decrescente;Céu Claro;Dupla;"Reta;Retorno Regulamentado;Interseção de Vias";Não;641679.0;Motocicleta;YAMAHA/XTZ150 CROSSER S/XTZ150 CROSSER S;2020.0;Condutor;Lesões Leves;29.0;Masculino;0.0;1.0;0.0;0.0;-5,73553831;-35,29076815;SPRF-RN;DEL02-RN;UOP01-DEL02-RN
356341.0;793962.0;2021-05-08;sábado;08:20:00;RN;101.0;77,7;NATAL;Sim;Ingestão de álcool pelo condutor;2;Queda de ocupante de veículo;Com Vítimas Feridas;Pleno dia;Decrescente;Céu Claro;Dupla;"Reta;Retorno Regulamentado;Interseção de Vias";Não;641678.0;Automóvel;RENAULT/LOGAN EXP 16 SCE/LOGAN EXP 16 SCE;2017.0;Condutor;Ileso;41.0;Masculino;1.0;0.0;0.0;0.0;-5,73553831;-35,29076815;SPRF-RN;DEL02-RN;UOP01-DEL02-RN
356341.0;793965.0;2021-05-08;sábado;08:20:00;RN;101.0;77,7;NATAL;Sim;Ingestão de álcool pelo condutor;2;Queda de ocupante de veículo;Com Vítimas Feridas;Pleno dia;Decrescente;Céu Claro;Dupla;"Reta;Retorno Regulamentado;Interseção de Vias";Não;641679.0;Motocicleta;YAMAHA/XTZ150 CROSSER S/XTZ150 CROSSER S;2020.0;Passageiro;Lesões Graves;24.0;Feminino;0.0;0.0;1.0;0.0;-5,73553831;-35,29076815;SPRF-RN;DEL02-RN;UOP01-DEL02-RN
356341.0;793964.0;2021-05-08;sábado;08:20:00;RN;101.0;77,7;NATAL;Sim;Ingestão de álcool pelo condutor;2;Queda de ocupante de veículo;Com Vítimas Feridas;Pleno dia;Decrescente;Céu Claro;Dupla;"Reta;Retorno Regulamentado;Interseção de Vias";Não;641679.0;Motocicleta;YAMAHA/XTZ150 CROSSER S/XTZ150 CROSSER S;2020.0;Condutor;Lesões Leves;29.0;Masculino;0.0;1.0;0.0;0.0;-5,73553831;-35,29076815;SPRF-RN;DEL02-RN;UOP01-DEL02-RN
356341.0;793962.0;2021-05-08;sábado;08:20:00;RN;101.0;77,7;NATAL;Não;Acessar a via sem observar a presença dos outros veículos;1;Colisão transversal;Com Vítimas Feridas;Pleno dia;Decrescente;Céu Claro;Dupla;"Reta;Retorno Regulamentado;Interseção de Vias";Não;641678.0;Automóvel;RENAULT/LOGAN EXP 16 SCE/LOGAN EXP 16 SCE;2017.0;Condutor;Ileso;41.0;Masculino;1.0;0.0;0.0;0.0;-5,73553831;-35,29076815;SPRF-RN;DEL02-RN;UOP01-DEL02-RN
356341.0;793965.0;2021-05-08;sábado;08:20:00;RN;101.0;77,7;NATAL;Não;Acessar a via sem observar a presença dos outros veículos;1;Colisão transversal;Com Vítimas Feridas;Pleno dia;Decrescente;Céu Claro;Dupla;"Reta;Retorno Regulamentado;Interseção de Vias";Não;641679.0;Motocicleta;YAMAHA/XTZ150 CROSSER S/XTZ150 CROSSER S;2020.0;Passageiro;Lesões Graves;24.0;Feminino;0.0;0.0;1.0;0.0;-5,73553831;-35,29076815;SPRF-RN;DEL02-RN;UOP01-DEL02-RN
356341.0;793964.0;2021-05-08;sábado;08:20:00;RN;101.0;77,7;NATAL;Não;Acessar a via sem observar a presença dos outros veículos;1;Colisão transversal;Com Vítimas Feridas;Pleno dia;Decrescente;Céu Claro;Dupla;"Reta;Retorno Regulamentado;Interseção de Vias";Não;641679.0;Motocicleta;YAMAHA/XTZ150 CROSSER S/XTZ150 CROSSER S;2020.0;Condutor;Lesões Leves;29.0;Masculino;0.0;1.0;0.0;0.0;-5,73553831;-35,29076815;SPRF-RN;DEL02-RN;UOP01-DEL02-RN
356341.0;793962.0;2021-05-08;sábado;08:20:00;RN;101.0;77,7;NATAL;Sim;Ingestão de álcool pelo condutor;1;Colisão transversal;Com Vítimas Feridas;Pleno dia;Decrescente;Céu Claro;Dupla;"Reta;Retorno Regulamentado;Interseção de Vias";Não;641678.0;Automóvel;RENAULT/LOGAN EXP 16 SCE/LOGAN EXP 16 SCE;2017.0;Condutor;Ileso;41.0;Masculino;1.0;0.0;0.0;0.0;-5,73553831;-35,29076815;SPRF-RN;DEL02-RN;UOP01-DEL02-RN
356341.0;793965.0;2021-05-08;sábado;08:20:00;RN;101.0;77,7;NATAL;Sim;Ingestão de álcool pelo condutor;1;Colisão transversal;Com Vítimas Feridas;Pleno dia;Decrescente;Céu Claro;Dupla;"Reta;Retorno Regulamentado;Interseção de Vias";Não;641679.0;Motocicleta;YAMAHA/XTZ150 CROSSER S/XTZ150 CROSSER S;2020.0;Passageiro;Lesões Graves;24.0;Feminino;0.0;0.0;1.0;0.0;-5,73553831;-35,29076815;SPRF-RN;DEL02-RN;UOP01-DEL02-RN
356341.0;793964.0;2021-05-08;sábado;08:20:00;RN;101.0;77,7;NATAL;Sim;Ingestão de álcool pelo condutor;1;Colisão transversal;Com Vítimas Feridas;Pleno dia;Decrescente;Céu Claro;Dupla;"Reta;Retorno Regulamentado;Interseção de Vias";Não;641679.0;Motocicleta;YAMAHA/XTZ150 CROSSER S/XTZ150 CROSSER S;2020.0;Condutor;Lesões Leves;29.0;Masculino;0.0;1.0;0.0;0.0;-5,73553831;-35,29076815;SPRF-RN;DEL02-RN;UOP01-DEL02-RN
356603.0;794357.0;2021-05-09;domingo;12:30:00;RN;101.0;77,6;NATAL;Sim;Desrespeitar a preferência no cruzamento;1;Colisão transversal;Sem Vítimas;Pleno dia;Decrescente;Céu Claro;Dupla;Reta;Sim;642149.0;Automóvel;GM/CELTA 4P SPIRIT/CELTA 4P SPIRIT;2010.0;Condutor;Ileso;46.0;Masculino;1.0;0.0;0.0;0.0;-5,73180495;-35,29112135;SPRF-RN;DEL02-RN;UOP01-DEL02-RN
356603.0;794355.0;2021-05-09;domingo;12:30:00;RN;101.0;77,6;NATAL;Sim;Desrespeitar a preferência no cruzamento;1;Colisão transversal;Sem Vítimas;Pleno dia;Decrescente;Céu Claro;Dupla;Reta;Sim;642148.0;Motocicleta;YAMAHA/YBR125 FACTOR K1/YBR125 FACTOR K1;2014.0;Condutor;Não Informado;;Não Informado;0.0;0.0;0.0;0.0;-5,73180495;-35,29112135;SPRF-RN;DEL02-RN;UOP01-DEL02-RN
357202.0;795946.0;2021-05-12;quarta-feira;07:50:00;RN;101.0;85;NATAL;Não;Condutor deixou de manter distância do veículo da frente;6;Queda de ocupante de veículo;Com Vítimas Feridas;Pleno dia;Crescente;Céu Claro;Dupla;Declive;Sim;643363.0;Motocicleta;HONDA/POP100/POP100;2008.0;Condutor;Lesões Leves;28.0;Masculino;0.0;1.0;0.0;0.0;-5,777664;-35,24937;SPRF-RN;DEL02-RN;UOP01-DEL02-RN
357202.0;795948.0;2021-05-12;quarta-feira;07:50:00;RN;101.0;85;NATAL;Não;Condutor deixou de manter distância do veículo da frente;6;Queda de ocupante de veículo;Com Vítimas Feridas;Pleno dia;Crescente;Céu Claro;Dupla;Declive;Sim;643364.0;Motocicleta;HONDA/CG 125 FAN KS/CG 125 FAN KS;2010.0;Passageiro;Lesões Leves;26.0;Feminino;0.0;1.0;0.0;0.0;-5,777664;-35,24937;SPRF-RN;DEL02-RN;UOP01-DEL02-RN
357202.0;795947.0;2021-05-12;quarta-feira;07:50:00;RN;101.0;85;NATAL;Não;Condutor deixou de manter distância do veículo da frente;6;Queda de ocupante de veículo;Com Vítimas Feridas;Pleno dia;Crescente;Céu Claro;Dupla;Declive;Sim;643364.0;Motocicleta;HONDA/CG 125 FAN KS/CG 125 FAN KS;2010.0;Condutor;Lesões Leves;31.0;Masculino;0.0;1.0;0.0;0.0;-5,777664;-35,24937;SPRF-RN;DEL02-RN;UOP01-DEL02-RN
357202.0;795949.0;2021-05-12;quarta-feira;07:50:00;RN;101.0;85;NATAL;Não;Condutor deixou de manter distância do veículo da frente;6;Queda de ocupante de veículo;Com Vítimas Feridas;Pleno dia;Crescente;Céu Claro;Dupla;Declive;Sim;643365.0;Automóvel;CHEVROLET/CLASSIC LS/CLASSIC LS;2013.0;Condutor;Ileso;40.0;Masculino;1.0;0.0;0.0;0.0;-5,777664;-35,24937;SPRF-RN;DEL02-RN;UOP01-DEL02-RN
357202.0;795946.0;2021-05-12;quarta-feira;07:50:00;RN;101.0;85;NATAL;Não;Trafegar com motocicleta (ou similar) entre as faixas;6;Queda de ocupante de veículo;Com Vítimas Feridas;Pleno dia;Crescente;Céu Claro;Dupla;Declive;Sim;643363.0;Motocicleta;HONDA/POP100/POP100;2008.0;Condutor;Lesões Leves;28.0;Masculino;0.0;1.0;0.0;0.0;-5,777664;-35,24937;SPRF-RN;DEL02-RN;UOP01-DEL02-RN
357202.0;795948.0;2021-05-12;quarta-feira;07:50:00;RN;101.0;85;NATAL;Não;Trafegar com motocicleta (ou similar) entre as faixas;6;Queda de ocupante de veículo;Com Vítimas Feridas;Pleno dia;Crescente;Céu Claro;Dupla;Declive;Sim;643364.0;Motocicleta;HONDA/CG 125 FAN KS/CG 125 FAN KS;2010.0;Passageiro;Lesões Leves;26.0;Feminino;0.0;1.0;0.0;0.0;-5,777664;-35,24937;SPRF-RN;DEL02-RN;UOP01-DEL02-RN
357202.0;795947.0;2021-05-12;quarta-feira;07:50:00;RN;101.0;85;NATAL;Não;Trafegar com motocicleta (ou similar) entre as faixas;6;Queda de ocupante de veículo;Com Vítimas Feridas;Pleno dia;Crescente;Céu Claro;Dupla;Declive;Sim;643364.0;Motocicleta;HONDA/CG 125 FAN KS/CG 125 FAN KS;2010.0;Condutor;Lesões Leves;31.0;Masculino;0.0;1.0;0.0;0.0;-5,777664;-35,24937;SPRF-RN;DEL02-RN;UOP01-DEL02-RN
357202.0;795949.0;2021-05-12;quarta-feira;07:50:00;RN;101.0;85;NATAL;Não;Trafegar com motocicleta (ou similar) entre as faixas;6;Queda de ocupante de veículo;Com Vítimas Feridas;Pleno dia;Crescente;Céu Claro;Dupla;Declive;Sim;643365.0;Automóvel;CHEVROLET/CLASSIC LS/CLASSIC LS;2013.0;Condutor;Ileso;40.0;Masculino;1.0;0.0;0.0;0.0;-5,777664;-35,24937;SPRF-RN;DEL02-RN;UOP01-DEL02-RN
357202.0;795946.0;2021-05-12;quarta-feira;07:50:00;RN;101.0;85;NATAL;Sim;Manobra de mudança de faixa;6;Queda de ocupante de veículo;Com Vítimas Feridas;Pleno dia;Crescente;Céu Claro;Dupla;Declive;Sim;643363.0;Motocicleta;HONDA/POP100/POP100;2008.0;Condutor;Lesões Leves;28.0;Masculino;0.0;1.0;0.0;0.0;-5,777664;-35,24937;SPRF-RN;DEL02-RN;UOP01-DEL02-RN
357202.0;795948.0;2021-05-12;quarta-feira;07:50:00;RN;101.0;85;NATAL;Sim;Manobra de mudança de faixa;6;Queda de ocupante de veículo;Com Vítimas Feridas;Pleno dia;Crescente;Céu Claro;Dupla;Declive;Sim;643364.0;Motocicleta;HONDA/CG 125 FAN KS/CG 125 FAN KS;2010.0;Passageiro;Lesões Leves;26.0;Feminino;0.0;1.0;0.0;0.0;-5,777664;-35,24937;SPRF-RN;DEL02-RN;UOP01-DEL02-RN
357202.0;795947.0;2021-05-12;quarta-feira;07:50:00;RN;101.0;85;NATAL;Sim;Manobra de mudança de faixa;6;Queda de ocupante de veículo;Com Vítimas Feridas;Pleno dia;Crescente;Céu Claro;Dupla;Declive;Sim;643364.0;Motocicleta;HONDA/CG 125 FAN KS/CG 125 FAN KS;2010.0;Condutor;Lesões Leves;31.0;Masculino;0.0;1.0;0.0;0.0;-5,777664;-35,24937;SPRF-RN;DEL02-RN;UOP01-DEL02-RN
357202.0;795949.0;2021-05-12;quarta-feira;07:50:00;RN;101.0;85;NATAL;Sim;Manobra de mudança de faixa;6;Queda de ocupante de veículo;Com Vítimas Feridas;Pleno dia;Crescente;Céu Claro;Dupla;Declive;Sim;643365.0;Automóvel;CHEVROLET/CLASSIC LS/CLASSIC LS;2013.0;Condutor;Ileso;40.0;Masculino;1.0;0.0;0.0;0.0;-5,777664;-35,24937;SPRF-RN;DEL02-RN;UOP01-DEL02-RN
357202.0;795946.0;2021-05-12;quarta-feira;07:50:00;RN;101.0;85;NATAL;Não;Condutor deixou de manter distância do veículo da frente;5;Tombamento;Com Vítimas Feridas;Pleno dia;Crescente;Céu Claro;Dupla;Declive;Sim;643363.0;Motocicleta;HONDA/POP100/POP100;2008.0;Condutor;Lesões Leves;28.0;Masculino;0.0;1.0;0.0;0.0;-5,777664;-35,24937;SPRF-RN;DEL02-RN;UOP01-DEL02-RN
357202.0;795948.0;2021-05-12;quarta-feira;07:50:00;RN;101.0;85;NATAL;Não;Condutor deixou de manter distância do veículo da frente;5;Tombamento;Com Vítimas Feridas;Pleno dia;Crescente;Céu Claro;Dupla;Declive;Sim;643364.0;Motocicleta;HONDA/CG 125 FAN KS/CG 125 FAN KS;2010.0;Passageiro;Lesões Leves;26.0;Feminino;0.0;1.0;0.0;0.0;-5,777664;-35,24937;SPRF-RN;DEL02-RN;UOP01-DEL02-RN
357202.0;795947.0;2021-05-12;quarta-feira;07:50:00;RN;101.0;85;NATAL;Não;Condutor deixou de manter distância do veículo da frente;5;Tombamento;Com Vítimas Feridas;Pleno dia;Crescente;Céu Claro;Dupla;Declive;Sim;643364.0;Motocicleta;HONDA/CG 125 FAN KS/CG 125 FAN KS;2010.0;Condutor;Lesões Leves;31.0;Masculino;0.0;1.0;0.0;0.0;-5,777664;-35,24937;SPRF-RN;DEL02-RN;UOP01-DEL02-RN
357202.0;795949.0;2021-05-12;quarta-feira;07:50:00;RN;101.0;85;NATAL;Não;Condutor deixou de manter distância do veículo da frente;5;Tombamento;Com Vítimas Feridas;Pleno dia;Crescente;Céu Claro;Dupla;Declive;Sim;643365.0;Automóvel;CHEVROLET/CLASSIC LS/CLASSIC LS;2013.0;Condutor;Ileso;40.0;Masculino;1.0;0.0;0.0;0.0;-5,777664;-35,24937;SPRF-RN;DEL02-RN;UOP01-DEL02-RN
357202.0;795946.0;2021-05-12;quarta-feira;07:50:00;RN;101.0;85;NATAL;Não;Trafegar com motocicleta (ou similar) entre as faixas;5;Tombamento;Com Vítimas Feridas;Pleno dia;Crescente;Céu Claro;Dupla;Declive;Sim;643363.0;Motocicleta;HONDA/POP100/POP100;2008.0;Condutor;Lesões Leves;28.0;Masculino;0.0;1.0;0.0;0.0;-5,777664;-35,24937;SPRF-RN;DEL02-RN;UOP01-DEL02-RN
357202.0;795948.0;2021-05-12;quarta-feira;07:50:00;RN;101.0;85;NATAL;Não;Trafegar com motocicleta (ou similar) entre as faixas;5;Tombamento;Com Vítimas Feridas;Pleno dia;Crescente;Céu Claro;Dupla;Declive;Sim;643364.0;Motocicleta;HONDA/CG 125 FAN KS/CG 125 FAN KS;2010.0;Passageiro;Lesões Leves;26.0;Feminino;0.0;1.0;0.0;0.0;-5,777664;-35,24937;SPRF-RN;DEL02-RN;UOP01-DEL02-RN
357202.0;795947.0;2021-05-12;quarta-feira;07:50:00;RN;101.0;85;NATAL;Não;Trafegar com motocicleta (ou similar) entre as faixas;5;Tombamento;Com Vítimas Feridas;Pleno dia;Crescente;Céu Claro;Dupla;Declive;Sim;643364.0;Motocicleta;HONDA/CG 125 FAN KS/CG 125 FAN KS;2010.0;Condutor;Lesões Leves;31.0;Masculino;0.0;1.0;0.0;0.0;-5,777664;-35,24937;SPRF-RN;DEL02-RN;UOP01-DEL02-RN
357202.0;795949.0;2021-05-12;quarta-feira;07:50:00;RN;101.0;85;NATAL;Não;Trafegar com motocicleta (ou similar) entre as faixas;5;Tombamento;Com Vítimas Feridas;Pleno dia;Crescente;Céu Claro;Dupla;Declive;Sim;643365.0;Automóvel;CHEVROLET/CLASSIC LS/CLASSIC LS;2013.0;Condutor;Ileso;40.0;Masculino;1.0;0.0;0.0;0.0;-5,777664;-35,24937;SPRF-RN;DEL02-RN;UOP01-DEL02-RN
357202.0;795946.0;2021-05-12;quarta-feira;07:50:00;RN;101.0;85;NATAL;Sim;Manobra de mudança de faixa;5;Tombamento;Com Vítimas Feridas;Pleno dia;Crescente;Céu Claro;Dupla;Declive;Sim;643363.0;Motocicleta;HONDA/POP100/POP100;2008.0;Condutor;Lesões Leves;28.0;Masculino;0.0;1.0;0.0;0.0;-5,777664;-35,24937;SPRF-RN;DEL02-RN;UOP01-DEL02-RN
357202.0;795948.0;2021-05-12;quarta-feira;07:50:00;RN;101.0;85;NATAL;Sim;Manobra de mudança de faixa;5;Tombamento;Com Vítimas Feridas;Pleno dia;Crescente;Céu Claro;Dupla;Declive;Sim;643364.0;Motocicleta;HONDA/CG 125 FAN KS/CG 125 FAN KS;2010.0;Passageiro;Lesões Leves;26.0;Feminino;0.0;1.0;0.0;0.0;-5,777664;-35,24937;SPRF-RN;DEL02-RN;UOP01-DEL02-RN
357202.0;795947.0;2021-05-12;quarta-feira;07:50:00;RN;101.0;85;NATAL;Sim;Manobra de mudança de faixa;5;Tombamento;Com Vítimas Feridas;Pleno dia;Crescente;Céu Claro;Dupla;Declive;Sim;643364.0;Motocicleta;HONDA/CG 125 FAN KS/CG 125 FAN KS;2010.0;Condutor;Lesões Leves;31.0;Masculino;0.0;1.0;0.0;0.0;-5,777664;-35,24937;SPRF-RN;DEL02-RN;UOP01-DEL02-RN
357202.0;795949.0;2021-05-12;quarta-feira;07:50:00;RN;101.0;85;NATAL;Sim;Manobra de mudança de faixa;5;Tombamento;Com Vítimas Feridas;Pleno dia;Crescente;Céu Claro;Dupla;Declive;Sim;643365.0;Automóvel;CHEVROLET/CLASSIC LS/CLASSIC LS;2013.0;Condutor;Ileso;40.0;Masculino;1.0;0.0;0.0;0.0;-5,777664;-35,24937;SPRF-RN;DEL02-RN;UOP01-DEL02-RN
357202.0;795946.0;2021-05-12;quarta-feira;07:50:00;RN;101.0;85;NATAL;Não;Condutor deixou de manter distância do veículo da frente;4;Colisão traseira;Com Vítimas Feridas;Pleno dia;Crescente;Céu Claro;Dupla;Declive;Sim;643363.0;Motocicleta;HONDA/POP100/POP100;2008.0;Condutor;Lesões Leves;28.0;Masculino;0.0;1.0;0.0;0.0;-5,777664;-35,24937;SPRF-RN;DEL02-RN;UOP01-DEL02-RN
357202.0;795948.0;2021-05-12;quarta-feira;07:50:00;RN;101.0;85;NATAL;Não;Condutor deixou de manter distância do veículo da frente;4;Colisão traseira;Com Vítimas Feridas;Pleno dia;Crescente;Céu Claro;Dupla;Declive;Sim;643364.0;Motocicleta;HONDA/CG 125 FAN KS/CG 125 FAN KS;2010.0;Passageiro;Lesões Leves;26.0;Feminino;0.0;1.0;0.0;0.0;-5,777664;-35,24937;SPRF-RN;DEL02-RN;UOP01-DEL02-RN
357202.0;795947.0;2021-05-12;quarta-feira;07:50:00;RN;101.0;85;NATAL;Não;Condutor deixou de manter distância do veículo da frente;4;Colisão traseira;Com Vítimas Feridas;Pleno dia;Crescente;Céu Claro;Dupla;Declive;Sim;643364.0;Motocicleta;HONDA/CG 125 FAN KS/CG 125 FAN KS;2010.0;Condutor;Lesões Leves;31.0;Masculino;0.0;1.0;0.0;0.0;-5,777664;-35,24937;SPRF-RN;DEL02-RN;UOP01-DEL02-RN
357202.0;795949.0;2021-05-12;quarta-feira;07:50:00;RN;101.0;85;NATAL;Não;Condutor deixou de manter distância do veículo da frente;4;Colisão traseira;Com Vítimas Feridas;Pleno dia;Crescente;Céu Claro;Dupla;Declive;Sim;643365.0;Automóvel;CHEVROLET/CLASSIC LS/CLASSIC LS;2013.0;Condutor;Ileso;40.0;Masculino;1.0;0.0;0.0;0.0;-5,777664;-35,24937;SPRF-RN;DEL02-RN;UOP01-DEL02-RN