id;pesid;data_inversa;dia_semana;horario;uf;br;km;municipio;causa_principal;causa_acidente;ordem_tipo_acidente;tipo_acidente;classificacao_acidente;fase_dia;sentido_via;condicao_metereologica;tipo_pista;tracado_via;uso_solo;id_veiculo;tipo_veiculo;marca;ano_fabricacao_veiculo;tipo_envolvido;estado_fisico;idade;sexo;ilesos;feridos_leves;feridos_graves;mortos;latitude;longitude;regional;delegacia;uop
361320.0;805237.0;2021-06-01;terça-feira;07:55:00;RN;101.0;97;NATAL;Sim;Condutor deixou de manter distância do veículo da frente;1;Colisão traseira;Sem Vítimas;Pleno dia;Decrescente;Sol;Dupla;Aclive;Sim;651232.0;Motocicleta;HONDA/CG 160 TITAN S/CG 160 TITAN S;2020.0;Condutor;Ileso;71.0;Masculino;1.0;0.0;0.0;0.0;-5,85758898;-35,21271205;SPRF-RN;DEL01-RN;UOP01-DEL01-RN
361320.0;805226.0;2021-06-01;terça-feira;07:55:00;RN;101.0;97;NATAL;Sim;Condutor deixou de manter distância do veículo da frente;1;Colisão traseira;Sem Vítimas;Pleno dia;Decrescente;Sol;Dupla;Aclive;Sim;651231.0;Caminhonete;IVECO/DAILY MARIMAR AMB/DAILY MARIMAR AMB;2017.0;Condutor;Ileso;40.0;Masculino;1.0;0.0;0.0;0.0;-5,85758898;-35,21271205;SPRF-RN;DEL01-RN;UOP01-DEL01-RN
361805.0;806127.0;2021-06-03;quinta-feira;16:00:00;RN;101.0;97;NATAL;Sim;Ausência de reação do condutor;2;Tombamento;Com Vítimas Feridas;Pleno dia;Crescente;Sol;Múltipla;Reta;Sim;652164.0;Motocicleta;DAFRA/SPEED 150/SPEED 150;2008.0;Condutor;Lesões Graves;45.0;Masculino;0.0;0.0;1.0;0.0;-5,8575205;-35,21293044;SPRF-RN;DEL01-RN;UOP01-DEL01-RN
361805.0;806128.0;2021-06-03;quinta-feira;16:00:00;RN;101.0;97;NATAL;Sim;Ausência de reação do condutor;2;Tombamento;Com Vítimas Feridas;Pleno dia;Crescente;Sol;Múltipla;Reta;Sim;652164.0;Motocicleta;DAFRA/SPEED 150/SPEED 150;2008.0;Passageiro;Lesões Graves;36.0;Feminino;0.0;0.0;1.0;0.0;-5,8575205;-35,21293044;SPRF-RN;DEL01-RN;UOP01-DEL01-RN
361805.0;807577.0;2021-06-03;quinta-feira;16:00:00;RN;101.0;97;NATAL;Sim;Ausência de reação do condutor;2;Tombamento;Com Vítimas Feridas;Pleno dia;Crescente;Sol;Múltipla;Reta;Sim;653311.0;Automóvel;Não Informado/Não Informado/Não Informado;0.0;Condutor;Não Informado;;Não Informado;0.0;0.0;0.0;0.0;-5,8575205;-35,21293044;SPRF-RN;DEL01-RN;UOP01-DEL01-RN
361805.0;806127.0;2021-06-03;quinta-feira;16:00:00;RN;101.0;97;NATAL;Sim;Ausência de reação do condutor;1;Colisão lateral mesmo sentido;Com Vítimas Feridas;Pleno dia;Crescente;Sol;Múltipla;Reta;Sim;652164.0;Motocicleta;DAFRA/SPEED 150/SPEED 150;2008.0;Condutor;Lesões Graves;45.0;Masculino;0.0;0.0;1.0;0.0;-5,8575205;-35,21293044;SPRF-RN;DEL01-RN;UOP01-DEL01-RN
361805.0;806128.0;2021-06-03;quinta-feira;16:00:00;RN;101.0;97;NATAL;Sim;Ausência de reação do condutor;1;Colisão lateral mesmo sentido;Com Vítimas Feridas;Pleno dia;Crescente;Sol;Múltipla;Reta;Sim;652164.0;Motocicleta;DAFRA/SPEED 150/SPEED 150;2008.0;Passageiro;Lesões Graves;36.0;Feminino;0.0;0.0;1.0;0.0;-5,8575205;-35,21293044;SPRF-RN;DEL01-RN;UOP01-DEL01-RN
361805.0;807577.0;2021-06-03;quinta-feira;16:00:00;RN;101.0;97;NATAL;Sim;Ausência de reação do condutor;1;Colisão lateral mesmo sentido;Com Vítimas Feridas;Pleno dia;Crescente;Sol;Múltipla;Reta;Sim;653311.0;Automóvel;Não Informado/Não Informado/Não Informado;0.0;Condutor;Não Informado;;Não Informado;0.0;0.0;0.0;0.0;-5,8575205;-35,21293044;SPRF-RN;DEL01-RN;UOP01-DEL01-RN
361821.0;808585.0;2021-06-03;quinta-feira;17:25:00;RN;101.0;95,8;NATAL;Sim;Manobra de mudança de faixa;1;Colisão lateral mesmo sentido;Com Vítimas Feridas;Anoitecer;Crescente;Vento;Múltipla;Reta;Sim;654207.0;Automóvel;Não Informado/Não Informado/Não Informado;0.0;Condutor;Ileso;;Masculino;1.0;0.0;0.0;0.0;-5,84076841;-35,21035949;SPRF-RN;DEL01-RN;UOP01-DEL01-RN
361821.0;808583.0;2021-06-03;quinta-feira;17:25:00;RN;101.0;95,8;NATAL;Sim;Manobra de mudança de faixa;1;Colisão lateral mesmo sentido;Com Vítimas Feridas;Anoitecer;Crescente;Vento;Múltipla;Reta;Sim;652178.0;Motocicleta;YAMAHA/XTZ150 CROSSER E/XTZ150 CROSSER E;2017.0;Condutor;Lesões Leves;28.0;Masculino;0.0;1.0;0.0;0.0;-5,84076841;-35,21035949;SPRF-RN;DEL01-RN;UOP01-DEL01-RN
362169.0;808699.0;2021-06-05;sábado;12:20:00;RN;101.0;94;NATAL;Sim;Condutor deixou de manter distância do veículo da frente;1;Colisão traseira;Com Vítimas Feridas;Pleno dia;Decrescente;Céu Claro;Múltipla;Interseção de Vias;Sim;654280.0;Motocicleta;HONDA/CG 150 FAN ESI/CG 150 FAN ESI;2012.0;Condutor;Lesões Leves;40.0;Masculino;0.0;1.0;0.0;0.0;-5,828957;-35,210853;SPRF-RN;DEL01-RN;UOP01-DEL01-RN
362259.0;808651.0;2021-06-05;sábado;20:00:00;RN;101.0;94,6;NATAL;Sim;Manobra de mudança de faixa;1;Colisão com objeto;Com Vítimas Feridas;Plena Noite;Crescente;Vento;Múltipla;Reta;Sim;652976.0;Motocicleta;HONDA/NXR150 BROS KS/NXR150 BROS KS;2009.0;Passageiro;Lesões Graves;30.0;Feminino;0.0;0.0;1.0;0.0;-5,83176615;-35,21191342;SPRF-RN;DEL01-RN;UOP01-DEL01-RN
362259.0;808650.0;2021-06-05;sábado;20:00:00;RN;101.0;94,6;NATAL;Sim;Manobra de mudança de faixa;1;Colisão com objeto;Com Vítimas Feridas;Plena Noite;Crescente;Vento;Múltipla;Reta;Sim;652976.0;Motocicleta;HONDA/NXR150 BROS KS/NXR150 BROS KS;2009.0;Condutor;Lesões Graves;35.0;Masculino;0.0;0.0;1.0;0.0;-5,83176615;-35,21191342;SPRF-RN;DEL01-RN;UOP01-DEL01-RN
362307.0;808991.0;2021-06-06;domingo;00:00:00;RN;101.0;96;NATAL;Sim;Demais falhas mecânicas ou elétricas;1;Queda de ocupante de veículo;Com Vítimas Feridas;Plena Noite;Decrescente;Céu Claro;Dupla;Reta;Sim;653023.0;Motocicleta;HONDA/CG150 FAN ESDI/CG150 FAN ESDI;2013.0;Condutor;Lesões Leves;23.0;Masculino;0.0;1.0;0.0;0.0;-5,84949622;-35,20890752;SPRF-RN;DEL01-RN;UOP01-DEL01-RN
362446.0;809459.0;2021-06-06;domingo;17:30:00;RN;101.0;96,9;NATAL;Sim;Ingestão de álcool pelo condutor;1;Saída de leito carroçável;Com Vítimas Feridas;Pleno dia;Decrescente;Céu Claro;Múltipla;Reta;Sim;653246.0;Automóvel;FORD/KA SE 1.0 HA B/KA SE 1.0 HA B;2016.0;Passageiro;Lesões Leves;28.0;Feminino;0.0;1.0;0.0;0.0;-5,84949622;-35,20890752;SPRF-RN;DEL01-RN;UOP01-DEL01-RN
362446.0;809457.0;2021-06-06;domingo;17:30:00;RN;101.0;96,9;NATAL;Sim;Ingestão de álcool pelo condutor;1;Saída de leito carroçável;Com Vítimas Feridas;Pleno dia;Decrescente;Céu Claro;Múltipla;Reta;Sim;653246.0;Automóvel;FORD/KA SE 1.0 HA B/KA SE 1.0 HA B;2016.0;Condutor;Lesões Leves;32.0;Feminino;0.0;1.0;0.0;0.0;-5,84949622;-35,20890752;SPRF-RN;DEL01-RN;UOP01-DEL01-RN
362877.0;808455.0;2021-06-08;terça-feira;16:40:00;RN;101.0;99;NATAL;Sim;Condutor deixou de manter distância do veículo da frente;1;Colisão traseira;Sem Vítimas;Anoitecer;Crescente;Céu Claro;Dupla;Reta;Sim;654092.0;Automóvel;CHEV/PRISMA 1.4MT LT/PRISMA 1.4MT LT;2019.0;Condutor;Ileso;18.0;Masculino;1.0;0.0;0.0;0.0;-5,87359183;-35,22063023;SPRF-RN;DEL01-RN;UOP01-DEL01-RN
362877.0;808456.0;2021-06-08;terça-feira;16:40:00;RN;101.0;99;NATAL;Sim;Condutor deixou de manter distância do veículo da frente;1;Colisão traseira;Sem Vítimas;Anoitecer;Crescente;Céu Claro;Dupla;Reta;Sim;654093.0;Automóvel;RENAULT/KWID ZEN 10MT/KWID ZEN 10MT;2017.0;Condutor;Ileso;24.0;Masculino;1.0;0.0;0.0;0.0;-5,87359183;-35,22063023;SPRF-RN;DEL01-RN;UOP01-DEL01-RN
362964.0;810356.0;2021-06-09;quarta-feira;03:45:00;RN;101.0;85;NATAL;Sim;Reação tardia ou ineficiente do condutor;1;Colisão com objeto;Sem Vítimas;Plena Noite;Crescente;Céu Claro;Dupla;Ponte;Sim;654174.0;Caminhonete;HYUNDAI/HR HDB/HR HDB;2020.0;Condutor;Não Informado;;Não Informado;0.0;0.0;0.0;0.0;-5,777664;-35,24937;SPRF-RN;DEL02-RN;UOP01-DEL02-RN
363568.0;809989.0;2021-06-11;sexta-feira;23:00:00;RN;101.0;84,5;NATAL;Sim;Pedestre cruzava a pista fora da faixa;1;Atropelamento de Pedestre;Com Vítimas Feridas;Plena Noite;Decrescente;Céu Claro;Dupla;Reta;Sim;655378.0;Motocicleta;Não Informado/Não Informado/Não Informado;0.0;Condutor;Não Informado;;Não Informado;0.0;0.0;0.0;0.0;-5,774175;-35,2578;SPRF-RN;DEL02-RN;UOP01-DEL02-RN
363568.0;809988.0;2021-06-11;sexta-feira;23:00:00;RN;101.0;84,5;NATAL;Sim;Pedestre cruzava a pista fora da faixa;1;Atropelamento de Pedestre;Com Vítimas Feridas;Plena Noite;Decrescente;Céu Claro;Dupla;Reta;Sim;;;NA/NA/NA;;Pedestre;Lesões Graves;;Masculino;0.0;0.0;1.0;0.0;-5,774175;-35,2578;SPRF-RN;DEL02-RN;UOP01-DEL02-RN
363842.0;812658.0;2021-06-13;domingo;06:50:00;RN;101.0;93,6;NATAL;Sim;Trafegar com motocicleta (ou similar) entre as faixas;1;Colisão lateral mesmo sentido;Com Vítimas Feridas;Pleno dia;Decrescente;Céu Claro;Dupla;"Curva;Aclive";Sim;656241.0;Ônibus;MARCOPOLO/VOLARE WL ON/VOLARE WL ON;2015.0;Condutor;Ileso;36.0;Masculino;1.0;0.0;0.0;0.0;-5,82309126;-35,20879637;SPRF-RN;DEL01-RN;UOP01-DEL01-RN
363842.0;812665.0;2021-06-13;domingo;06:50:00;RN;101.0;93,6;NATAL;Sim;Trafegar com motocicleta (ou similar) entre as faixas;1;Colisão lateral mesmo sentido;Com Vítimas Feridas;Pleno dia;Decrescente;Céu Claro;Dupla;"Curva;Aclive";Sim;656242.0;Motocicleta;HONDA/CB250F TWISTER CBS/CB250F TWISTER CBS;2018.0;Passageiro;Lesões Graves;20.0;Feminino;0.0;0.0;1.0;0.0;-5,82309126;-35,20879637;SPRF-RN;DEL01-RN;UOP01-DEL01-RN
363842.0;812660.0;2021-06-13;domingo;06:50:00;RN;101.0;93,6;NATAL;Sim;Trafegar com motocicleta (ou similar) entre as faixas;1;Colisão lateral mesmo sentido;Com Vítimas Feridas;Pleno dia;Decrescente;Céu Claro;Dupla;"Curva;Aclive";Sim;656242.0;Motocicleta;HONDA/CB250F TWISTER CBS/CB250F TWISTER CBS;2018.0;Condutor;Lesões Leves;25.0;Masculino;0.0;1.0;0.0;0.0;-5,82309126;-35,20879637;SPRF-RN;DEL01-RN;UOP01-DEL01-RN
363991.0;812686.0;2021-06-13;domingo;20:40:00;RN;304.0;94,4;NATAL;Sim;Manobra de mudança de faixa;1;Colisão transversal;Com Vítimas Feridas;Plena Noite;Crescente;Céu Claro;Múltipla;Reta;Sim;656277.0;Camioneta;JEEP/COMPASS LIMITED F H/COMPASS LIMITED F H;2018.0;Condutor;Ileso;33.0;Feminino;1.0;0.0;0.0;0.0;-5,83646022;-35,21210524;SPRF-RN;DEL04-RN;UOP01-DEL04-RN
363991.0;812682.0;2021-06-13;domingo;20:40:00;RN;304.0;94,4;NATAL;Sim;Manobra de mudança de faixa;1;Colisão transversal;Com Vítimas Feridas;Plena Noite;Crescente;Céu Claro;Múltipla;Reta;Sim;656276.0;Motocicleta;YAMAHA/XTZ150 CROSSER Z/XTZ150 CROSSER Z;2018.0;Condutor;Lesões Leves;28.0;Masculino;0.0;1.0;0.0;0.0;-5,83646022;-35,21210524;SPRF-RN;DEL04-RN;UOP01-DEL04-RN
364163.0;811238.0;2021-06-14;segunda-feira;13:30:00;RN;101.0;83,9;NATAL;Sim;Reação tardia ou ineficiente do condutor;1;Colisão traseira;Com Vítimas Feridas;Pleno dia;Decrescente;Céu Claro;Dupla;Reta;Sim;656463.0;Automóvel;CHEVROLET/COBALT 1.8 LTZ/COBALT 1.8 LTZ;2012.0;Condutor;Ileso;44.0;Masculino;1.0;0.0;0.0;0.0;-5,7710445;-35,26616981;SPRF-RN;DEL02-RN;UOP01-DEL02-RN
364163.0;811242.0;2021-06-14;segunda-feira;13:30:00;RN;101.0;83,9;NATAL;Sim;Reação tardia ou ineficiente do condutor;1;Colisão traseira;Com Vítimas Feridas;Pleno dia;Decrescente;Céu Claro;Dupla;Reta;Sim;656574.0;Ciclomotor;I/WUYANG/WUYANG;0.0;Condutor;Lesões Leves;27.0;Masculino;0.0;1.0;0.0;0.0;-5,7710445;-35,26616981;SPRF-RN;DEL02-RN;UOP01-DEL02-RN
364163.0;811249.0;2021-06-14;segunda-feira;13:30:00;RN;101.0;83,9;NATAL;Sim;Reação tardia ou ineficiente do condutor;1;Colisão traseira;Com Vítimas Feridas;Pleno dia;Decrescente;Céu Claro;Dupla;Reta;Sim;656574.0;Ciclomotor;I/WUYANG/WUYANG;0.0;Passageiro;Lesões Leves;27.0;Feminino;0.0;1.0;0.0;0.0;-5,7710445;-35,26616981;SPRF-RN;DEL02-RN;UOP01-DEL02-RN
364231.0;811476.0;2021-06-14;segunda-feira;20:26:00;RN;101.0;94;NATAL;Sim;Acessar a via sem observar a presença dos outros veículos;1;Atropelamento de Pedestre;Com Vítimas Feridas;Plena Noite;Decrescente;Céu Claro;Dupla;Reta;Sim;656648.0;Automóvel;I/NISSAN SENTRA 20 FLEX/NISSAN SENTRA 20 FLEX;2009.0;Condutor;Ileso;29.0;Masculino;1.0;0.0;0.0;0.0;-5,83176615;-35,21191342;SPRF-RN;DEL01-RN;UOP01-DEL01-RN
364231.0;811479.0;2021-06-14;segunda-feira;20:26:00;RN;101.0;94;NATAL;Sim;Acessar a via sem observar a presença dos outros veículos;1;Atropelamento de Pedestre;Com Vítimas Feridas;Plena Noite;Decrescente;Céu Claro;Dupla;Reta;Sim;;;NA/NA/NA;;Pedestre;Lesões Graves;;Masculino;0.0;0.0;1.0;0.0;-5,83176615;-35,21191342;SPRF-RN;DEL01-RN;UOP01-DEL01-RN
364628.0;814542.0;2021-06-17;quinta-feira;09:30:00;RN;101.0;93,6;NATAL;Sim;Condutor deixou de manter distância do veículo da frente;1;Colisão traseira;Sem Vítimas;Pleno dia;Decrescente;Céu Claro;Dupla;Reta;Sim;657643.0;Automóvel;FIAT/UNO MILLE EX/UNO MILLE EX;1999.0;Condutor;Ileso;20.0;Masculino;1.0;0.0;0.0;0.0;-5,82309126;-35,20879637;SPRF-RN;DEL01-RN;UOP01-DEL01-RN
364628.0;814544.0;2021-06-17;quinta-feira;09:30:00;RN;101.0;93,6;NATAL;Sim;Condutor deixou de manter distância do veículo da frente;1;Colisão traseira;Sem Vítimas;Pleno dia;Decrescente;Céu Claro;Dupla;Reta;Sim;657644.0;Automóvel;HONDA/CIVIC LXR/CIVIC LXR;2014.0;Condutor;Ileso;34.0;Masculino;1.0;0.0;0.0;0.0;-5,82309126;-35,20879637;SPRF-RN;DEL01-RN;UOP01-DEL01-RN
364644.0;814270.0;2021-06-17;quinta-feira;11:10:00;RN;101.0;96,8;NATAL;Sim;Acessar a via sem observar a presença dos outros veículos;1;Colisão traseira;Com Vítimas Feridas;Pleno dia;Crescente;Céu Claro;Múltipla;Reta;Sim;657635.0;Automóvel;TOYOTA/ETIOS HB X VSC AT/ETIOS HB X VSC AT;2018.0;Condutor;Ileso;70.0;Feminino;1.0;0.0;0.0;0.0;-5,8534328;-35,21123528;SPRF-RN;DEL01-RN;UOP01-DEL01-RN
364644.0;814271.0;2021-06-17;quinta-feira;11:10:00;RN;101.0;96,8;NATAL;Sim;Acessar a via sem observar a presença dos outros veículos;1;Colisão traseira;Com Vítimas Feridas;Pleno dia;Crescente;Céu Claro;Múltipla;Reta;Sim;657636.0;Motocicleta;KASINSKI/COMET 250R/COMET 250R;2010.0;Condutor;Lesões Leves;22.0;Masculino;0.0;1.0;0.0;0.0;-5,8534328;-35,21123528;SPRF-RN;DEL01-RN;UOP01-DEL01-RN
364826.0;815623.0;2021-06-18;sexta-feira;10:35:00;RN;101.0;94;NATAL;Sim;Acessar a via sem observar a presença dos outros veículos;1;Colisão lateral mesmo sentido;Com Vítimas Feridas;Pleno dia;Decrescente;Sol;Múltipla;Reta;Sim;658185.0;Automóvel;HYUNDAI/HB20 10M SENSE/HB20 10M SENSE;2020.0;Condutor;Ileso;46.0;Feminino;1.0;0.0;0.0;0.0;-5,83176615;-35,21191342;SPRF-RN;DEL01-RN;UOP01-DEL01-RN
364826.0;815626.0;2021-06-18;sexta-feira;10:35:00;RN;101.0;94;NATAL;Sim;Acessar a via sem observar a presença dos outros veículos;1;Colisão lateral mesmo sentido;Com Vítimas Feridas;Pleno dia;Decrescente;Sol;Múltipla;Reta;Sim;658186.0;Motocicleta;YAMAHA/XTZ150 CROSSER S/XTZ150 CROSSER S;2018.0;Condutor;Lesões Leves;25.0;Masculino;0.0;1.0;0.0;0.0;-5,83176615;-35,21191342;SPRF-RN;DEL01-RN;UOP01-DEL01-RN
364842.0;813025.0;2021-06-18;sexta-feira;12:05:00;RN;101.0;83,9;NATAL;Sim;Entrada inopinada do pedestre;1;Atropelamento de Pedestre;Sem Vítimas;Pleno dia;Crescente;Céu Claro;Dupla;Reta;Sim;657957.0;Automóvel;VW/NOVO VOYAGE TL MBV/NOVO VOYAGE TL MBV;2017.0;Condutor;Ileso;49.0;Masculino;1.0;0.0;0.0;0.0;-5,7710445;-35,26616981;SPRF-RN;DEL02-RN;UOP01-DEL02-RN
364842.0;813026.0;2021-06-18;sexta-feira;12:05:00;RN;101.0;83,9;NATAL;Sim;Entrada inopinada do pedestre;1;Atropelamento de Pedestre;Sem Vítimas;Pleno dia;Crescente;Céu Claro;Dupla;Reta;Sim;;;NA/NA/NA;;Pedestre;Não Informado;;Não Informado;0.0;0.0;0.0;0.0;-5,7710445;-35,26616981;SPRF-RN;DEL02-RN;UOP01-DEL02-RN
365194.0;813646.0;2021-06-19;sábado;20:00:00;RN;101.0;96,4;NATAL;Sim;Velocidade Incompatível;1;Capotamento;Com Vítimas Feridas;Plena Noite;Crescente;Céu Claro;Dupla;Reta;Sim;658554.0;Automóvel;VW/GOL 1.0/GOL 1.0;2011.0;Condutor;Ileso;24.0;Masculino;1.0;0.0;0.0;0.0;-5,84949622;-35,20890752;SPRF-RN;DEL01-RN;UOP01-DEL01-RN
365194.0;813650.0;2021-06-19;sábado;20:00:00;RN;101.0;96,4;NATAL;Sim;Velocidade Incompatível;1;Capotamento;Com Vítimas Feridas;Plena Noite;Crescente;Céu Claro;Dupla;Reta;Sim;658554.0;Automóvel;VW/GOL 1.0/GOL 1.0;2011.0;Passageiro;Lesões Graves;19.0;Masculino;0.0;0.0;1.0;0.0;-5,84949622;-35,20890752;SPRF-RN;DEL01-RN;UOP01-DEL01-RN
365194.0;813648.0;2021-06-19;sábado;20:00:00;RN;101.0;96,4;NATAL;Sim;Velocidade Incompatível;1;Capotamento;Com Vítimas Feridas;Plena Noite;Crescente;Céu Claro;Dupla;Reta;Sim;658554.0;Automóvel;VW/GOL 1.0/GOL 1.0;2011.0;Passageiro;Lesões Leves;18.0;Feminino;0.0;1.0;0.0;0.0;-5,84949622;-35,20890752;SPRF-RN;DEL01-RN;UOP01-DEL01-RN
365326.0;815309.0;2021-06-20;domingo;11:53:00;RN;304.0;97;NATAL;Sim;Condutor deixou de manter distância do veículo da frente;2;Tombamento;Com Vítimas Feridas;Pleno dia;Decrescente;Céu Claro;Múltipla;Reta;Sim;658793.0;Automóvel;FORD/FIESTA/FIESTA;0.0;Condutor;Ileso;;Masculino;1.0;0.0;0.0;0.0;-5,85477758;-35,2114284;SPRF-RN;DEL04-RN;UOP01-DEL04-RN
365326.0;815310.0;2021-06-20;domingo;11:53:00;RN;304.0;97;NATAL;Sim;Condutor deixou de manter distância do veículo da frente;2;Tombamento;Com Vítimas Feridas;Pleno dia;Decrescente;Céu Claro;Múltipla;Reta;Sim;658794.0;Motocicleta;HONDA/NC 750X/NC 750X;2015.0;Condutor;Lesões Leves;52.0;Masculino;0.0;1.0;0.0;0.0;-5,85477758;-35,2114284;SPRF-RN;DEL04-RN;UOP01-DEL04-RN
365326.0;815309.0;2021-06-20;domingo;11:53:00;RN;304.0;97;NATAL;Sim;Condutor deixou de manter distância do veículo da frente;1;Colisão traseira;Com Vítimas Feridas;Pleno dia;Decrescente;Céu Claro;Múltipla;Reta;Sim;658793.0;Automóvel;FORD/FIESTA/FIESTA;0.0;Condutor;Ileso;;Masculino;1.0;0.0;0.0;0.0;-5,85477758;-35,2114284;SPRF-RN;DEL04-RN;UOP01-DEL04-RN
365326.0;815310.0;2021-06-20;domingo;11:53:00;RN;304.0;97;NATAL;Sim;Condutor deixou de manter distância do veículo da frente;1;Colisão traseira;Com Vítimas Feridas;Pleno dia;Decrescente;Céu Claro;Múltipla;Reta;Sim;658794.0;Motocicleta;HONDA/NC 750X/NC 750X;2015.0;Condutor;Lesões Leves;52.0;Masculino;0.0;1.0;0.0;0.0;-5,85477758;-35,2114284;SPRF-RN;DEL04-RN;UOP01-DEL04-RN
365506.0;814364.0;2021-06-21;segunda-feira;08:00:00;RN;101.0;94;NATAL;Sim;Condutor deixou de manter distância do veículo da frente;1;Colisão traseira;Com Vítimas Feridas;Pleno dia;Crescente;Céu Claro;Múltipla;Reta;Sim;659176.0;Motocicleta;YAMAHA/FAZER YS250 LE/FAZER YS250 LE;2007.0;Condutor;Lesões Leves;53.0;Masculino;0.0;1.0;0.0;0.0;-5,83244282;-35,21222636;SPRF-RN;DEL01-RN;UOP01-DEL01-RN
365506.0;814357.0;2021-06-21;segunda-feira;08:00:00;RN;101.0;94;NATAL;Sim;Condutor deixou de manter distância do veículo da frente;1;Colisão traseira;Com Vítimas Feridas;Pleno dia;Crescente;Céu Claro;Múltipla;Reta;Sim;659172.0;Automóvel;HYUNDAI/HB20S 1.6A COMF/HB20S 1.6A COMF;2016.0;Condutor;Ileso;31.0;Feminino;1.0;0.0;0.0;0.0;-5,83244282;-35,21222636;SPRF-RN;DEL01-RN;UOP01-DEL01-RN
365785.0;816779.0;2021-06-22;terça-feira;18:20:00;RN;101.0;82,4;NATAL;Sim;Condutor deixou de manter distância do veículo da frente;1;Colisão traseira;Com Vítimas Feridas;Plena Noite;Decrescente;Céu Claro;Dupla;Reta;Sim;659657.0;Motoneta;HONDA/PCX 150 SPORT ABS/PCX 150 SPORT ABS;2020.0;Condutor;Lesões Leves;48.0;Feminino;0.0;1.0;0.0;0.0;-5,76791511;-35,27456305;SPRF-RN;DEL02-RN;UOP01-DEL02-RN
365785.0;816778.0;2021-06-22;terça-feira;18:20:00;RN;101.0;82,4;NATAL;Sim;Condutor deixou de manter distância do veículo da frente;1;Colisão traseira;Com Vítimas Feridas;Plena Noite;Decrescente;Céu Claro;Dupla;Reta;Sim;659656.0;Caminhonete;FIAT/TORO FREEDOM AT9 D4/TORO FREEDOM AT9 D4;2020.0;Condutor;Ileso;54.0;Masculino;1.0;0.0;0.0;0.0;-5,76791511;-35,27456305;SPRF-RN;DEL02-RN;UOP01-DEL02-RN
366498.0;818121.0;2021-06-26;sábado;05:50:00;RN;226.0;0;NATAL;Sim;Ingestão de álcool pelo condutor;1;Colisão traseira;Sem Vítimas;Amanhecer;Crescente;Céu Claro;Simples;Reta;Sim;662346.0;Automóvel;VW/FUSCA 1300 L/FUSCA 1300 L;1977.0;Condutor;Ileso;40.0;Masculino;1.0;0.0;0.0;0.0;-5,800019;-35,238174;SPRF-RN;DEL01-RN;UOP02-DEL01-RN
366498.0;818124.0;2021-06-26;sábado;05:50:00;RN;226.0;0;NATAL;Sim;Ingestão de álcool pelo condutor;1;Colisão traseira;Sem Vítimas;Amanhecer;Crescente;Céu Claro;Simples;Reta;Sim;662347.0;Automóvel;HYUNDAI/HB20 1.6A COMF/HB20 1.6A COMF;2019.0;Condutor;Ileso;32.0;Feminino;1.0;0.0;0.0;0.0;-5,800019;-35,238174;SPRF-RN;DEL01-RN;UOP02-DEL01-RN
366498.0;818129.0;2021-06-26;sábado;05:50:00;RN;226.0;0;NATAL;Sim;Ingestão de álcool pelo condutor;1;Colisão traseira;Sem Vítimas;Amanhecer;Crescente;Céu Claro;Simples;Reta;Sim;662347.0;Automóvel;HYUNDAI/HB20 1.6A COMF/HB20 1.6A COMF;2019.0;Passageiro;Ileso;32.0;Masculino;1.0;0.0;0.0;0.0;-5,800019;-35,238174;SPRF-RN;DEL01-RN;UOP02-DEL01-RN
366542.0;817324.0;2021-06-26;sábado;11:00:00;RN;101.0;78,7;NATAL;Sim;Desrespeitar a preferência no cruzamento;1;Colisão transversal;Com Vítimas Feridas;Pleno dia;Crescente;Céu Claro;Dupla;Retorno Regulamentado;Sim;661113.0;Outros;Não Informado/Não Informado/Não Informado;0.0;Condutor;Não Informado;;Não Informado;0.0;0.0;0.0;0.0;-5,74071896;-35,29021064;SPRF-RN;DEL02-RN;UOP01-DEL02-RN
366542.0;817313.0;2021-06-26;sábado;11:00:00;RN;101.0;78,7;NATAL;Sim;Desrespeitar a preferência no cruzamento;1;Colisão transversal;Com Vítimas Feridas;Pleno dia;Crescente;Céu Claro;Dupla;Retorno Regulamentado;Sim;661755.0;Bicicleta;Não Informado/Não Informado/Não Informado;0.0;Condutor;Lesões Leves;58.0;Feminino;0.0;1.0;0.0;0.0;-5,74071896;-35,29021064;SPRF-RN;DEL02-RN;UOP01-DEL02-RN
367165.0;818120.0;2021-06-29;terça-feira;08:25:00;RN;226.0;3,6;NATAL;Sim;Acessar a via sem observar a presença dos outros veículos;1;Colisão transversal;Com Vítimas Feridas;Pleno dia;Crescente;Céu Claro;Simples;Curva;Sim;662339.0;Automóvel;FIAT/PALIO ESSENCE 1.6/PALIO ESSENCE 1.6;2010.0;Condutor;Ileso;71.0;Masculino;1.0;0.0;0.0;0.0;-5,82085671;-35,25187091;SPRF-RN;DEL01-RN;UOP02-DEL01-RN
367165.0;818122.0;2021-06-29;terça-feira;08:25:00;RN;226.0;3,6;NATAL;Sim;Acessar a via sem observar a presença dos outros veículos;1;Colisão transversal;Com Vítimas Feridas;Pleno dia;Crescente;Céu Claro;Simples;Curva;Sim;662339.0;Automóvel;FIAT/PALIO ESSENCE 1.6/PALIO ESSENCE 1.6;2010.0;Passageiro;Ileso;59.0;Feminino;1.0;0.0;0.0;0.0;-5,82085671;-35,25187091;SPRF-RN;DEL01-RN;UOP02-DEL01-RN