id;pesid;data_inversa;dia_semana;horario;uf;br;km;municipio;causa_principal;causa_acidente;ordem_tipo_acidente;tipo_acidente;classificacao_acidente;fase_dia;sentido_via;condicao_metereologica;tipo_pista;tracado_via;uso_solo;id_veiculo;tipo_veiculo;marca;ano_fabricacao_veiculo;tipo_envolvido;estado_fisico;idade;sexo;ilesos;feridos_leves;feridos_graves;mortos;latitude;longitude;regional;delegacia;uop
367165.0;818126.0;2021-06-29;terça-feira;08:25:00;RN;226.0;3,6;NATAL;Sim;Acessar a via sem observar a presença dos outros veículos;1;Colisão transversal;Com Vítimas Feridas;Pleno dia;Crescente;Céu Claro;Simples;Curva;Sim;662340.0;Bicicleta;Não Informado/Não Informado/Não Informado;0.0;Condutor;Lesões Graves;49.0;Masculino;0.0;0.0;1.0;0.0;-5,82085671;-35,25187091;SPRF-RN;DEL01-RN;UOP02-DEL01-RN
367395.0;818685.0;2021-06-30;quarta-feira;15:45:00;RN;101.0;84,7;NATAL;Não;Chuva;3;Queda de ocupante de veículo;Com Vítimas Feridas;Pleno dia;Decrescente;Chuva;Dupla;Reta;Sim;662779.0;Motocicleta;HONDA/NXR160 BROS ESDD/NXR160 BROS ESDD;2020.0;Condutor;Lesões Leves;29.0;Masculino;0.0;1.0;0.0;0.0;-5,774175;-35,2578;SPRF-RN;DEL02-RN;UOP01-DEL02-RN
367395.0;818686.0;2021-06-30;quarta-feira;15:45:00;RN;101.0;84,7;NATAL;Não;Chuva;3;Queda de ocupante de veículo;Com Vítimas Feridas;Pleno dia;Decrescente;Chuva;Dupla;Reta;Sim;662780.0;Automóvel;FIAT/UNO VIVACE 1.0/UNO VIVACE 1.0;2012.0;Condutor;Ileso;35.0;Feminino;1.0;0.0;0.0;0.0;-5,774175;-35,2578;SPRF-RN;DEL02-RN;UOP01-DEL02-RN
367395.0;818685.0;2021-06-30;quarta-feira;15:45:00;RN;101.0;84,7;NATAL;Sim;Manobra de mudança de faixa;3;Queda de ocupante de veículo;Com Vítimas Feridas;Pleno dia;Decrescente;Chuva;Dupla;Reta;Sim;662779.0;Motocicleta;HONDA/NXR160 BROS ESDD/NXR160 BROS ESDD;2020.0;Condutor;Lesões Leves;29.0;Masculino;0.0;1.0;0.0;0.0;-5,774175;-35,2578;SPRF-RN;DEL02-RN;UOP01-DEL02-RN
367395.0;818686.0;2021-06-30;quarta-feira;15:45:00;RN;101.0;84,7;NATAL;Sim;Manobra de mudança de faixa;3;Queda de ocupante de veículo;Com Vítimas Feridas;Pleno dia;Decrescente;Chuva;Dupla;Reta;Sim;662780.0;Automóvel;FIAT/UNO VIVACE 1.0/UNO VIVACE 1.0;2012.0;Condutor;Ileso;35.0;Feminino;1.0;0.0;0.0;0.0;-5,774175;-35,2578;SPRF-RN;DEL02-RN;UOP01-DEL02-RN
367395.0;818685.0;2021-06-30;quarta-feira;15:45:00;RN;101.0;84,7;NATAL;Não;Chuva;2;Tombamento;Com Vítimas Feridas;Pleno dia;Decrescente;Chuva;Dupla;Reta;Sim;662779.0;Motocicleta;HONDA/NXR160 BROS ESDD/NXR160 BROS ESDD;2020.0;Condutor;Lesões Leves;29.0;Masculino;0.0;1.0;0.0;0.0;-5,774175;-35,2578;SPRF-RN;DEL02-RN;UOP01-DEL02-RN
367395.0;818686.0;2021-06-30;quarta-feira;15:45:00;RN;101.0;84,7;NATAL;Não;Chuva;2;Tombamento;Com Vítimas Feridas;Pleno dia;Decrescente;Chuva;Dupla;Reta;Sim;662780.0;Automóvel;FIAT/UNO VIVACE 1.0/UNO VIVACE 1.0;2012.0;Condutor;Ileso;35.0;Feminino;1.0;0.0;0.0;0.0;-5,774175;-35,2578;SPRF-RN;DEL02-RN;UOP01-DEL02-RN
367395.0;818685.0;2021-06-30;quarta-feira;15:45:00;RN;101.0;84,7;NATAL;Sim;Manobra de mudança de faixa;2;Tombamento;Com Vítimas Feridas;Pleno dia;Decrescente;Chuva;Dupla;Reta;Sim;662779.0;Motocicleta;HONDA/NXR160 BROS ESDD/NXR160 BROS ESDD;2020.0;Condutor;Lesões Leves;29.0;Masculino;0.0;1.0;0.0;0.0;-5,774175;-35,2578;SPRF-RN;DEL02-RN;UOP01-DEL02-RN
367395.0;818686.0;2021-06-30;quarta-feira;15:45:00;RN;101.0;84,7;NATAL;Sim;Manobra de mudança de faixa;2;Tombamento;Com Vítimas Feridas;Pleno dia;Decrescente;Chuva;Dupla;Reta;Sim;662780.0;Automóvel;FIAT/UNO VIVACE 1.0/UNO VIVACE 1.0;2012.0;Condutor;Ileso;35.0;Feminino;1.0;0.0;0.0;0.0;-5,774175;-35,2578;SPRF-RN;DEL02-RN;UOP01-DEL02-RN
367395.0;818685.0;2021-06-30;quarta-feira;15:45:00;RN;101.0;84,7;NATAL;Não;Chuva;1;Colisão lateral mesmo sentido;Com Vítimas Feridas;Pleno dia;Decrescente;Chuva;Dupla;Reta;Sim;662779.0;Motocicleta;HONDA/NXR160 BROS ESDD/NXR160 BROS ESDD;2020.0;Condutor;Lesões Leves;29.0;Masculino;0.0;1.0;0.0;0.0;-5,774175;-35,2578;SPRF-RN;DEL02-RN;UOP01-DEL02-RN
367395.0;818686.0;2021-06-30;quarta-feira;15:45:00;RN;101.0;84,7;NATAL;Não;Chuva;1;Colisão lateral mesmo sentido;Com Vítimas Feridas;Pleno dia;Decrescente;Chuva;Dupla;Reta;Sim;662780.0;Automóvel;FIAT/UNO VIVACE 1.0/UNO VIVACE 1.0;2012.0;Condutor;Ileso;35.0;Feminino;1.0;0.0;0.0;0.0;-5,774175;-35,2578;SPRF-RN;DEL02-RN;UOP01-DEL02-RN
367395.0;818685.0;2021-06-30;quarta-feira;15:45:00;RN;101.0;84,7;NATAL;Sim;Manobra de mudança de faixa;1;Colisão lateral mesmo sentido;Com Vítimas Feridas;Pleno dia;Decrescente;Chuva;Dupla;Reta;Sim;662779.0;Motocicleta;HONDA/NXR160 BROS ESDD/NXR160 BROS ESDD;2020.0;Condutor;Lesões Leves;29.0;Masculino;0.0;1.0;0.0;0.0;-5,774175;-35,2578;SPRF-RN;DEL02-RN;UOP01-DEL02-RN
367395.0;818686.0;2021-06-30;quarta-feira;15:45:00;RN;101.0;84,7;NATAL;Sim;Manobra de mudança de faixa;1;Colisão lateral mesmo sentido;Com Vítimas Feridas;Pleno dia;Decrescente;Chuva;Dupla;Reta;Sim;662780.0;Automóvel;FIAT/UNO VIVACE 1.0/UNO VIVACE 1.0;2012.0;Condutor;Ileso;35.0;Feminino;1.0;0.0;0.0;0.0;-5,774175;-35,2578;SPRF-RN;DEL02-RN;UOP01-DEL02-RN
368156.0;820117.0;2021-07-03;sábado;22:20:00;RN;226.0;4,3;NATAL;Sim;Acessar a via sem observar a presença dos outros veículos;2;Tombamento;Com Vítimas Feridas;Plena Noite;Decrescente;Nublado;Simples;Curva;Não;664187.0;Automóvel;VW/NOVO GOL TL MCV/NOVO GOL TL MCV;2017.0;Condutor;Ileso;32.0;Feminino;1.0;0.0;0.0;0.0;-5,81958019;-35,25969486;SPRF-RN;DEL01-RN;UOP02-DEL01-RN
368156.0;820119.0;2021-07-03;sábado;22:20:00;RN;226.0;4,3;NATAL;Sim;Acessar a via sem observar a presença dos outros veículos;2;Tombamento;Com Vítimas Feridas;Plena Noite;Decrescente;Nublado;Simples;Curva;Não;664187.0;Automóvel;VW/NOVO GOL TL MCV/NOVO GOL TL MCV;2017.0;Passageiro;Ileso;37.0;Feminino;1.0;0.0;0.0;0.0;-5,81958019;-35,25969486;SPRF-RN;DEL01-RN;UOP02-DEL01-RN
368156.0;820120.0;2021-07-03;sábado;22:20:00;RN;226.0;4,3;NATAL;Sim;Acessar a via sem observar a presença dos outros veículos;2;Tombamento;Com Vítimas Feridas;Plena Noite;Decrescente;Nublado;Simples;Curva;Não;664188.0;Motocicleta;HONDA/CG 125 FAN KS/CG 125 FAN KS;2012.0;Condutor;Lesões Leves;24.0;Masculino;0.0;1.0;0.0;0.0;-5,81958019;-35,25969486;SPRF-RN;DEL01-RN;UOP02-DEL01-RN
368156.0;820121.0;2021-07-03;sábado;22:20:00;RN;226.0;4,3;NATAL;Sim;Acessar a via sem observar a presença dos outros veículos;2;Tombamento;Com Vítimas Feridas;Plena Noite;Decrescente;Nublado;Simples;Curva;Não;664188.0;Motocicleta;HONDA/CG 125 FAN KS/CG 125 FAN KS;2012.0;Passageiro;Lesões Leves;25.0;Feminino;0.0;1.0;0.0;0.0;-5,81958019;-35,25969486;SPRF-RN;DEL01-RN;UOP02-DEL01-RN
368156.0;820117.0;2021-07-03;sábado;22:20:00;RN;226.0;4,3;NATAL;Sim;Acessar a via sem observar a presença dos outros veículos;1;Colisão transversal;Com Vítimas Feridas;Plena Noite;Decrescente;Nublado;Simples;Curva;Não;664187.0;Automóvel;VW/NOVO GOL TL MCV/NOVO GOL TL MCV;2017.0;Condutor;Ileso;32.0;Feminino;1.0;0.0;0.0;0.0;-5,81958019;-35,25969486;SPRF-RN;DEL01-RN;UOP02-DEL01-RN
368156.0;820119.0;2021-07-03;sábado;22:20:00;RN;226.0;4,3;NATAL;Sim;Acessar a via sem observar a presença dos outros veículos;1;Colisão transversal;Com Vítimas Feridas;Plena Noite;Decrescente;Nublado;Simples;Curva;Não;664187.0;Automóvel;VW/NOVO GOL TL MCV/NOVO GOL TL MCV;2017.0;Passageiro;Ileso;37.0;Feminino;1.0;0.0;0.0;0.0;-5,81958019;-35,25969486;SPRF-RN;DEL01-RN;UOP02-DEL01-RN
368156.0;820120.0;2021-07-03;sábado;22:20:00;RN;226.0;4,3;NATAL;Sim;Acessar a via sem observar a presença dos outros veículos;1;Colisão transversal;Com Vítimas Feridas;Plena Noite;Decrescente;Nublado;Simples;Curva;Não;664188.0;Motocicleta;HONDA/CG 125 FAN KS/CG 125 FAN KS;2012.0;Condutor;Lesões Leves;24.0;Masculino;0.0;1.0;0.0;0.0;-5,81958019;-35,25969486;SPRF-RN;DEL01-RN;UOP02-DEL01-RN
368156.0;820121.0;2021-07-03;sábado;22:20:00;RN;226.0;4,3;NATAL;Sim;Acessar a via sem observar a presença dos outros veículos;1;Colisão transversal;Com Vítimas Feridas;Plena Noite;Decrescente;Nublado;Simples;Curva;Não;664188.0;Motocicleta;HONDA/CG 125 FAN KS/CG 125 FAN KS;2012.0;Passageiro;Lesões Leves;25.0;Feminino;0.0;1.0;0.0;0.0;-5,81958019;-35,25969486;SPRF-RN;DEL01-RN;UOP02-DEL01-RN
368429.0;822761.0;2021-07-05;segunda-feira;05:55:00;RN;101.0;84;NATAL;Sim;Ingestão de álcool e/ou substâncias psicoativas pelo pedestre;1;Colisão com objeto;Sem Vítimas;Amanhecer;Decrescente;Céu Claro;Dupla;Reta;Sim;666008.0;Automóvel;FIAT/PALIO EX/PALIO EX;1999.0;Condutor;Ileso;32.0;Masculino;1.0;0.0;0.0;0.0;-5,774175;-35,2578;SPRF-RN;DEL02-RN;UOP01-DEL02-RN
368576.0;821112.0;2021-07-05;segunda-feira;17:30:00;RN;101.0;83,7;NATAL;Sim;Velocidade Incompatível;1;Atropelamento de Pedestre;Com Vítimas Feridas;Anoitecer;Crescente;Céu Claro;Dupla;Reta;Sim;665097.0;Motocicleta;YAMAHA/FACTOR YBR125 K/FACTOR YBR125 K;2012.0;Condutor;Lesões Leves;20.0;Masculino;0.0;1.0;0.0;0.0;-5,7710445;-35,26616981;SPRF-RN;DEL02-RN;UOP01-DEL02-RN
368576.0;821113.0;2021-07-05;segunda-feira;17:30:00;RN;101.0;83,7;NATAL;Sim;Velocidade Incompatível;1;Atropelamento de Pedestre;Com Vítimas Feridas;Anoitecer;Crescente;Céu Claro;Dupla;Reta;Sim;665097.0;Motocicleta;YAMAHA/FACTOR YBR125 K/FACTOR YBR125 K;2012.0;Passageiro;Lesões Leves;14.0;Feminino;0.0;1.0;0.0;0.0;-5,7710445;-35,26616981;SPRF-RN;DEL02-RN;UOP01-DEL02-RN
368576.0;821114.0;2021-07-05;segunda-feira;17:30:00;RN;101.0;83,7;NATAL;Sim;Velocidade Incompatível;1;Atropelamento de Pedestre;Com Vítimas Feridas;Anoitecer;Crescente;Céu Claro;Dupla;Reta;Sim;;;NA/NA/NA;;Pedestre;Lesões Leves;30.0;Feminino;0.0;1.0;0.0;0.0;-5,7710445;-35,26616981;SPRF-RN;DEL02-RN;UOP01-DEL02-RN
368679.0;825682.0;2021-07-06;terça-feira;09:30:00;RN;226.0;1,7;NATAL;Sim;Manobra de mudança de faixa;1;Colisão transversal;Sem Vítimas;Pleno dia;Decrescente;Céu Claro;Simples;Reta;Sim;665388.0;Motocicleta;HONDA/CG 125 FAN KS/CG 125 FAN KS;2011.0;Condutor;Ileso;;Masculino;1.0;0.0;0.0;0.0;-5,80642132;-35,24167278;SPRF-RN;DEL01-RN;UOP02-DEL01-RN
368679.0;825680.0;2021-07-06;terça-feira;09:30:00;RN;226.0;1,7;NATAL;Sim;Manobra de mudança de faixa;1;Colisão transversal;Sem Vítimas;Pleno dia;Decrescente;Céu Claro;Simples;Reta;Sim;665387.0;Automóvel;FIAT/SIENA ESSENCE 1.6/SIENA ESSENCE 1.6;2014.0;Condutor;Ileso;46.0;Masculino;1.0;0.0;0.0;0.0;-5,80642132;-35,24167278;SPRF-RN;DEL01-RN;UOP02-DEL01-RN
368679.0;825692.0;2021-07-06;terça-feira;09:30:00;RN;226.0;1,7;NATAL;Sim;Manobra de mudança de faixa;1;Colisão transversal;Sem Vítimas;Pleno dia;Decrescente;Céu Claro;Simples;Reta;Sim;;;NA/NA/NA;;Testemunha;Não Informado;;Não Informado;0.0;0.0;0.0;0.0;-5,80642132;-35,24167278;SPRF-RN;DEL01-RN;UOP02-DEL01-RN
368925.0;824312.0;2021-07-07;quarta-feira;08:55:00;RN;101.0;94,7;NATAL;Sim;Condutor deixou de manter distância do veículo da frente;1;Colisão traseira;Com Vítimas Feridas;Pleno dia;Decrescente;Céu Claro;Dupla;Reta;Sim;667788.0;Automóvel;Não Informado/Não Informado/Não Informado;0.0;Condutor;Não Informado;;Não Informado;0.0;0.0;0.0;0.0;-5,83176615;-35,21191342;SPRF-RN;DEL01-RN;UOP01-DEL01-RN
368925.0;824306.0;2021-07-07;quarta-feira;08:55:00;RN;101.0;94,7;NATAL;Sim;Condutor deixou de manter distância do veículo da frente;1;Colisão traseira;Com Vítimas Feridas;Pleno dia;Decrescente;Céu Claro;Dupla;Reta;Sim;665880.0;Motocicleta;YAMAHA/FACTOR YBR125 K/FACTOR YBR125 K;2010.0;Condutor;Lesões Leves;24.0;Masculino;0.0;1.0;0.0;0.0;-5,83176615;-35,21191342;SPRF-RN;DEL01-RN;UOP01-DEL01-RN
368925.0;824307.0;2021-07-07;quarta-feira;08:55:00;RN;101.0;94,7;NATAL;Sim;Condutor deixou de manter distância do veículo da frente;1;Colisão traseira;Com Vítimas Feridas;Pleno dia;Decrescente;Céu Claro;Dupla;Reta;Sim;665880.0;Motocicleta;YAMAHA/FACTOR YBR125 K/FACTOR YBR125 K;2010.0;Passageiro;Lesões Leves;20.0;Feminino;0.0;1.0;0.0;0.0;-5,83176615;-35,21191342;SPRF-RN;DEL01-RN;UOP01-DEL01-RN
369195.0;824972.0;2021-07-08;quinta-feira;16:30:00;RN;304.0;94;NATAL;Sim;Condutor deixou de manter distância do veículo da frente;1;Colisão traseira;Sem Vítimas;Pleno dia;Crescente;Céu Claro;Múltipla;Reta;Sim;666290.0;Automóvel;FORD/FIESTA HA 1.6L SE/FIESTA HA 1.6L SE;2014.0;Condutor;Ileso;27.0;Masculino;1.0;0.0;0.0;0.0;-5,82767387;-35,21038283;SPRF-RN;DEL04-RN;UOP01-DEL04-RN
369195.0;824974.0;2021-07-08;quinta-feira;16:30:00;RN;304.0;94;NATAL;Sim;Condutor deixou de manter distância do veículo da frente;1;Colisão traseira;Sem Vítimas;Pleno dia;Crescente;Céu Claro;Múltipla;Reta;Sim;666291.0;Utilitário;CHEV/TRAILBLAZER LTZ AG4/TRAILBLAZER LTZ AG4;2013.0;Condutor;Ileso;39.0;Masculino;1.0;0.0;0.0;0.0;-5,82767387;-35,21038283;SPRF-RN;DEL04-RN;UOP01-DEL04-RN
369195.0;824976.0;2021-07-08;quinta-feira;16:30:00;RN;304.0;94;NATAL;Sim;Condutor deixou de manter distância do veículo da frente;1;Colisão traseira;Sem Vítimas;Pleno dia;Crescente;Céu Claro;Múltipla;Reta;Sim;666291.0;Utilitário;CHEV/TRAILBLAZER LTZ AG4/TRAILBLAZER LTZ AG4;2013.0;Passageiro;Ileso;33.0;Masculino;1.0;0.0;0.0;0.0;-5,82767387;-35,21038283;SPRF-RN;DEL04-RN;UOP01-DEL04-RN
369274.0;824403.0;2021-07-09;sexta-feira;01:10:00;RN;101.0;94;NATAL;Sim;Ingestão de álcool pelo condutor;1;Tombamento;Com Vítimas Feridas;Plena Noite;Decrescente;Céu Claro;Dupla;Reta;Sim;666345.0;Motocicleta;HONDA/POP100/POP100;2010.0;Condutor;Lesões Leves;30.0;Feminino;0.0;1.0;0.0;0.0;-5,83176615;-35,21191342;SPRF-RN;DEL01-RN;UOP01-DEL01-RN
369326.0;823170.0;2021-07-09;sexta-feira;09:00:00;RN;101.0;98;NATAL;Sim;Condutor deixou de manter distância do veículo da frente;1;Colisão traseira;Com Vítimas Feridas;Pleno dia;Decrescente;Sol;Dupla;Reta;Sim;666715.0;Motocicleta;BMW/G310 R/G310 R;2020.0;Condutor;Lesões Leves;28.0;Masculino;0.0;1.0;0.0;0.0;-5,86567888;-35,21651625;SPRF-RN;DEL01-RN;UOP01-DEL01-RN
369326.0;823171.0;2021-07-09;sexta-feira;09:00:00;RN;101.0;98;NATAL;Sim;Condutor deixou de manter distância do veículo da frente;1;Colisão traseira;Com Vítimas Feridas;Pleno dia;Decrescente;Sol;Dupla;Reta;Sim;666716.0;Automóvel;CHEVROLET/ONIX 10MT JOYE/ONIX 10MT JOYE;2017.0;Condutor;Ileso;32.0;Feminino;1.0;0.0;0.0;0.0;-5,86567888;-35,21651625;SPRF-RN;DEL01-RN;UOP01-DEL01-RN
369432.0;823353.0;2021-07-09;sexta-feira;17:40:00;RN;101.0;78,4;NATAL;Sim;Demais falhas mecânicas ou elétricas;1;Tombamento;Com Vítimas Feridas;Anoitecer;Crescente;Céu Claro;Dupla;Reta;Não;666731.0;Motocicleta;HONDA/CG 125 FAN KS/CG 125 FAN KS;2012.0;Condutor;Ileso;56.0;Masculino;1.0;0.0;0.0;0.0;-5,74071896;-35,29021064;SPRF-RN;DEL02-RN;UOP01-DEL02-RN
369432.0;823355.0;2021-07-09;sexta-feira;17:40:00;RN;101.0;78,4;NATAL;Sim;Demais falhas mecânicas ou elétricas;1;Tombamento;Com Vítimas Feridas;Anoitecer;Crescente;Céu Claro;Dupla;Reta;Não;666731.0;Motocicleta;HONDA/CG 125 FAN KS/CG 125 FAN KS;2012.0;Passageiro;Lesões Leves;25.0;Feminino;0.0;1.0;0.0;0.0;-5,74071896;-35,29021064;SPRF-RN;DEL02-RN;UOP01-DEL02-RN
370079.0;824374.0;2021-07-12;segunda-feira;06:25:00;RN;101.0;83,7;NATAL;Sim;Área urbana sem a presença de local apropriado para a travessia de pedestres;3;Tombamento;Com Vítimas Feridas;Pleno dia;Crescente;Nevoeiro/Neblina;Múltipla;Reta;Sim;667858.0;Motocicleta;HONDA/NXR150 BROS ES/NXR150 BROS ES;2014.0;Condutor;Lesões Leves;31.0;Masculino;0.0;1.0;0.0;0.0;-5,7710445;-35,26616981;SPRF-RN;DEL02-RN;UOP01-DEL02-RN
370079.0;824376.0;2021-07-12;segunda-feira;06:25:00;RN;101.0;83,7;NATAL;Sim;Área urbana sem a presença de local apropriado para a travessia de pedestres;3;Tombamento;Com Vítimas Feridas;Pleno dia;Crescente;Nevoeiro/Neblina;Múltipla;Reta;Sim;667858.0;Motocicleta;HONDA/NXR150 BROS ES/NXR150 BROS ES;2014.0;Passageiro;Lesões Leves;29.0;Feminino;0.0;1.0;0.0;0.0;-5,7710445;-35,26616981;SPRF-RN;DEL02-RN;UOP01-DEL02-RN
370079.0;824375.0;2021-07-12;segunda-feira;06:25:00;RN;101.0;83,7;NATAL;Sim;Área urbana sem a presença de local apropriado para a travessia de pedestres;3;Tombamento;Com Vítimas Feridas;Pleno dia;Crescente;Nevoeiro/Neblina;Múltipla;Reta;Sim;;;NA/NA/NA;;Pedestre;Lesões Leves;68.0;Feminino;0.0;1.0;0.0;0.0;-5,7710445;-35,26616981;SPRF-RN;DEL02-RN;UOP01-DEL02-RN
370079.0;824374.0;2021-07-12;segunda-feira;06:25:00;RN;101.0;83,7;NATAL;Sim;Área urbana sem a presença de local apropriado para a travessia de pedestres;2;Queda de ocupante de veículo;Com Vítimas Feridas;Pleno dia;Crescente;Nevoeiro/Neblina;Múltipla;Reta;Sim;667858.0;Motocicleta;HONDA/NXR150 BROS ES/NXR150 BROS ES;2014.0;Condutor;Lesões Leves;31.0;Masculino;0.0;1.0;0.0;0.0;-5,7710445;-35,26616981;SPRF-RN;DEL02-RN;UOP01-DEL02-RN
370079.0;824376.0;2021-07-12;segunda-feira;06:25:00;RN;101.0;83,7;NATAL;Sim;Área urbana sem a presença de local apropriado para a travessia de pedestres;2;Queda de ocupante de veículo;Com Vítimas Feridas;Pleno dia;Crescente;Nevoeiro/Neblina;Múltipla;Reta;Sim;667858.0;Motocicleta;HONDA/NXR150 BROS ES/NXR150 BROS ES;2014.0;Passageiro;Lesões Leves;29.0;Feminino;0.0;1.0;0.0;0.0;-5,7710445;-35,26616981;SPRF-RN;DEL02-RN;UOP01-DEL02-RN
370079.0;824375.0;2021-07-12;segunda-feira;06:25:00;RN;101.0;83,7;NATAL;Sim;Área urbana sem a presença de local apropriado para a travessia de pedestres;2;Queda de ocupante de veículo;Com Vítimas Feridas;Pleno dia;Crescente;Nevoeiro/Neblina;Múltipla;Reta;Sim;;;NA/NA/NA;;Pedestre;Lesões Leves;68.0;Feminino;0.0;1.0;0.0;0.0;-5,7710445;-35,26616981;SPRF-RN;DEL02-RN;UOP01-DEL02-RN
370079.0;824374.0;2021-07-12;segunda-feira;06:25:00;RN;101.0;83,7;NATAL;Sim;Área urbana sem a presença de local apropriado para a travessia de pedestres;1;Atropelamento de Pedestre;Com Vítimas Feridas;Pleno dia;Crescente;Nevoeiro/Neblina;Múltipla;Reta;Sim;667858.0;Motocicleta;HONDA/NXR150 BROS ES/NXR150 BROS ES;2014.0;Condutor;Lesões Leves;31.0;Masculino;0.0;1.0;0.0;0.0;-5,7710445;-35,26616981;SPRF-RN;DEL02-RN;UOP01-DEL02-RN
370079.0;824376.0;2021-07-12;segunda-feira;06:25:00;RN;101.0;83,7;NATAL;Sim;Área urbana sem a presença de local apropriado para a travessia de pedestres;1;Atropelamento de Pedestre;Com Vítimas Feridas;Pleno dia;Crescente;Nevoeiro/Neblina;Múltipla;Reta;Sim;667858.0;Motocicleta;HONDA/NXR150 BROS ES/NXR150 BROS ES;2014.0;Passageiro;Lesões Leves;29.0;Feminino;0.0;1.0;0.0;0.0;-5,7710445;-35,26616981;SPRF-RN;DEL02-RN;UOP01-DEL02-RN
370079.0;824375.0;2021-07-12;segunda-feira;06:25:00;RN;101.0;83,7;NATAL;Sim;Área urbana sem a presença de local apropriado para a travessia de pedestres;1;Atropelamento de Pedestre;Com Vítimas Feridas;Pleno dia;Crescente;Nevoeiro/Neblina;Múltipla;Reta;Sim;;;NA/NA/NA;;Pedestre;Lesões Leves;68.0;Feminino;0.0;1.0;0.0;0.0;-5,7710445;-35,26616981;SPRF-RN;DEL02-RN;UOP01-DEL02-RN
370264.0;828021.0;2021-07-12;segunda-feira;19:30:00;RN;101.0;97;NATAL;Sim;Reação tardia ou ineficiente do condutor;1;Queda de ocupante de veículo;Com Vítimas Feridas;Plena Noite;Crescente;Céu Claro;Múltipla;Reta;Sim;668293.0;Motocicleta;Não Informado/Não Informado/Não Informado;0.0;Condutor;Lesões Leves;25.0;Masculino;0.0;1.0;0.0;0.0;-5,85758898;-35,21271205;SPRF-RN;DEL01-RN;UOP01-DEL01-RN
370349.0;825395.0;2021-07-13;terça-feira;11:20:00;RN;101.0;81;NATAL;Sim;Desrespeitar a preferência no cruzamento;2;Queda de ocupante de veículo;Com Vítimas Feridas;Pleno dia;Decrescente;Céu Claro;Dupla;Rotatória;Sim;668458.0;Motocicleta;YAMAHA/YBR125I FACTOR ED/YBR125I FACTOR ED;2019.0;Condutor;Lesões Leves;35.0;Masculino;0.0;1.0;0.0;0.0;-5,76469466;-35,28295988;SPRF-RN;DEL02-RN;UOP01-DEL02-RN
370349.0;825394.0;2021-07-13;terça-feira;11:20:00;RN;101.0;81;NATAL;Sim;Desrespeitar a preferência no cruzamento;2;Queda de ocupante de veículo;Com Vítimas Feridas;Pleno dia;Decrescente;Céu Claro;Dupla;Rotatória;Sim;668457.0;Motocicleta;YAMAHA/FAZER YS250/FAZER YS250;2006.0;Condutor;Lesões Leves;26.0;Masculino;0.0;1.0;0.0;0.0;-5,76469466;-35,28295988;SPRF-RN;DEL02-RN;UOP01-DEL02-RN
370349.0;825395.0;2021-07-13;terça-feira;11:20:00;RN;101.0;81;NATAL;Sim;Desrespeitar a preferência no cruzamento;1;Colisão transversal;Com Vítimas Feridas;Pleno dia;Decrescente;Céu Claro;Dupla;Rotatória;Sim;668458.0;Motocicleta;YAMAHA/YBR125I FACTOR ED/YBR125I FACTOR ED;2019.0;Condutor;Lesões Leves;35.0;Masculino;0.0;1.0;0.0;0.0;-5,76469466;-35,28295988;SPRF-RN;DEL02-RN;UOP01-DEL02-RN
370349.0;825394.0;2021-07-13;terça-feira;11:20:00;RN;101.0;81;NATAL;Sim;Desrespeitar a preferência no cruzamento;1;Colisão transversal;Com Vítimas Feridas;Pleno dia;Decrescente;Céu Claro;Dupla;Rotatória;Sim;668457.0;Motocicleta;YAMAHA/FAZER YS250/FAZER YS250;2006.0;Condutor;Lesões Leves;26.0;Masculino;0.0;1.0;0.0;0.0;-5,76469466;-35,28295988;SPRF-RN;DEL02-RN;UOP01-DEL02-RN
370527.0;826632.0;2021-07-14;quarta-feira;11:25:00;RN;226.0;3;NATAL;Não;Acesso irregular;1;Colisão transversal;Com Vítimas Feridas;Pleno dia;Crescente;Céu Claro;Simples;Reta;Sim;669472.0;Ciclomotor;I/BASHAN JONNY HYPE 50/BASHAN JONNY HYPE 50;2011.0;Condutor;Lesões Leves;73.0;Masculino;0.0;1.0;0.0;0.0;-5,82085671;-35,25187091;SPRF-RN;DEL01-RN;UOP02-DEL01-RN
370527.0;826636.0;2021-07-14;quarta-feira;11:25:00;RN;226.0;3;NATAL;Não;Acesso irregular;1;Colisão transversal;Com Vítimas Feridas;Pleno dia;Crescente;Céu Claro;Simples;Reta;Sim;669473.0;Automóvel;VW/NOVO GOL 1.0/NOVO GOL 1.0;2012.0;Condutor;Ileso;32.0;Masculino;1.0;0.0;0.0;0.0;-5,82085671;-35,25187091;SPRF-RN;DEL01-RN;UOP02-DEL01-RN
370527.0;826632.0;2021-07-14;quarta-feira;11:25:00;RN;226.0;3;NATAL;Sim;Acessar a via sem observar a presença dos outros veículos;1;Colisão transversal;Com Vítimas Feridas;Pleno dia;Crescente;Céu Claro;Simples;Reta;Sim;669472.0;Ciclomotor;I/BASHAN JONNY HYPE 50/BASHAN JONNY HYPE 50;2011.0;Condutor;Lesões Leves;73.0;Masculino;0.0;1.0;0.0;0.0;-5,82085671;-35,25187091;SPRF-RN;DEL01-RN;UOP02-DEL01-RN