id;pesid;data_inversa;dia_semana;horario;uf;br;km;municipio;causa_principal;causa_acidente;ordem_tipo_acidente;tipo_acidente;classificacao_acidente;fase_dia;sentido_via;condicao_metereologica;tipo_pista;tracado_via;uso_solo;id_veiculo;tipo_veiculo;marca;ano_fabricacao_veiculo;tipo_envolvido;estado_fisico;idade;sexo;ilesos;feridos_leves;feridos_graves;mortos;latitude;longitude;regional;delegacia;uop
370527.0;826636.0;2021-07-14;quarta-feira;11:25:00;RN;226.0;3;NATAL;Sim;Acessar a via sem observar a presença dos outros veículos;1;Colisão transversal;Com Vítimas Feridas;Pleno dia;Crescente;Céu Claro;Simples;Reta;Sim;669473.0;Automóvel;VW/NOVO GOL 1.0/NOVO GOL 1.0;2012.0;Condutor;Ileso;32.0;Masculino;1.0;0.0;0.0;0.0;-5,82085671;-35,25187091;SPRF-RN;DEL01-RN;UOP02-DEL01-RN
371141.0;827408.0;2021-07-17;sábado;07:40:00;RN;101.0;83,5;NATAL;Sim;Condutor deixou de manter distância do veículo da frente;1;Colisão traseira;Com Vítimas Feridas;Pleno dia;Crescente;Nublado;Dupla;Reta;Sim;670150.0;Motocicleta;HONDA/CG 160 FAN/CG 160 FAN;2019.0;Condutor;Lesões Leves;22.0;Masculino;0.0;1.0;0.0;0.0;-5,774175;-35,2578;SPRF-RN;DEL02-RN;UOP01-DEL02-RN
371141.0;827406.0;2021-07-17;sábado;07:40:00;RN;101.0;83,5;NATAL;Sim;Condutor deixou de manter distância do veículo da frente;1;Colisão traseira;Com Vítimas Feridas;Pleno dia;Crescente;Nublado;Dupla;Reta;Sim;670149.0;Automóvel;FORD/FIESTA SEDAN1.6FLEX/FIESTA SEDAN1.6FLEX;2013.0;Condutor;Ileso;40.0;Masculino;1.0;0.0;0.0;0.0;-5,774175;-35,2578;SPRF-RN;DEL02-RN;UOP01-DEL02-RN
371186.0;827547.0;2021-07-17;sábado;12:55:00;RN;101.0;78,6;NATAL;Sim;Reação tardia ou ineficiente do condutor;1;Colisão transversal;Com Vítimas Feridas;Pleno dia;Decrescente;Chuva;Dupla;Interseção de Vias;Sim;670078.0;Ônibus;M.BENZ/INDUSCAR FOZ O LO/INDUSCAR FOZ O LO;2007.0;Condutor;Ileso;52.0;Masculino;1.0;0.0;0.0;0.0;-5,74614445;-35,28963273;SPRF-RN;DEL02-RN;UOP01-DEL02-RN
371186.0;827548.0;2021-07-17;sábado;12:55:00;RN;101.0;78,6;NATAL;Sim;Reação tardia ou ineficiente do condutor;1;Colisão transversal;Com Vítimas Feridas;Pleno dia;Decrescente;Chuva;Dupla;Interseção de Vias;Sim;670079.0;Motocicleta;HONDA/CG 125 FAN KS/CG 125 FAN KS;2014.0;Condutor;Lesões Graves;32.0;Masculino;0.0;0.0;1.0;0.0;-5,74614445;-35,28963273;SPRF-RN;DEL02-RN;UOP01-DEL02-RN
371356.0;827666.0;2021-07-18;domingo;06:50:00;RN;101.0;74;NATAL;Sim;Acessar a via sem observar a presença dos outros veículos;3;Queda de ocupante de veículo;Com Vítimas Feridas;Pleno dia;Decrescente;Nublado;Simples;Declive;Não;670413.0;Motocicleta;HONDA/CG 125 FAN KS/CG 125 FAN KS;2012.0;Condutor;Lesões Graves;42.0;Masculino;0.0;0.0;1.0;0.0;-5,71406254;-35,27232767;SPRF-RN;DEL02-RN;UOP01-DEL02-RN
371356.0;827667.0;2021-07-18;domingo;06:50:00;RN;101.0;74;NATAL;Sim;Acessar a via sem observar a presença dos outros veículos;3;Queda de ocupante de veículo;Com Vítimas Feridas;Pleno dia;Decrescente;Nublado;Simples;Declive;Não;670413.0;Motocicleta;HONDA/CG 125 FAN KS/CG 125 FAN KS;2012.0;Passageiro;Lesões Graves;35.0;Feminino;0.0;0.0;1.0;0.0;-5,71406254;-35,27232767;SPRF-RN;DEL02-RN;UOP01-DEL02-RN
371356.0;827662.0;2021-07-18;domingo;06:50:00;RN;101.0;74;NATAL;Sim;Acessar a via sem observar a presença dos outros veículos;3;Queda de ocupante de veículo;Com Vítimas Feridas;Pleno dia;Decrescente;Nublado;Simples;Declive;Não;670412.0;Automóvel;FIAT/UNO VIVACE 1.0/UNO VIVACE 1.0;0.0;Condutor;Ileso;;Masculino;1.0;0.0;0.0;0.0;-5,71406254;-35,27232767;SPRF-RN;DEL02-RN;UOP01-DEL02-RN
371356.0;827666.0;2021-07-18;domingo;06:50:00;RN;101.0;74;NATAL;Sim;Acessar a via sem observar a presença dos outros veículos;2;Tombamento;Com Vítimas Feridas;Pleno dia;Decrescente;Nublado;Simples;Declive;Não;670413.0;Motocicleta;HONDA/CG 125 FAN KS/CG 125 FAN KS;2012.0;Condutor;Lesões Graves;42.0;Masculino;0.0;0.0;1.0;0.0;-5,71406254;-35,27232767;SPRF-RN;DEL02-RN;UOP01-DEL02-RN
371356.0;827667.0;2021-07-18;domingo;06:50:00;RN;101.0;74;NATAL;Sim;Acessar a via sem observar a presença dos outros veículos;2;Tombamento;Com Vítimas Feridas;Pleno dia;Decrescente;Nublado;Simples;Declive;Não;670413.0;Motocicleta;HONDA/CG 125 FAN KS/CG 125 FAN KS;2012.0;Passageiro;Lesões Graves;35.0;Feminino;0.0;0.0;1.0;0.0;-5,71406254;-35,27232767;SPRF-RN;DEL02-RN;UOP01-DEL02-RN
371356.0;827662.0;2021-07-18;domingo;06:50:00;RN;101.0;74;NATAL;Sim;Acessar a via sem observar a presença dos outros veículos;2;Tombamento;Com Vítimas Feridas;Pleno dia;Decrescente;Nublado;Simples;Declive;Não;670412.0;Automóvel;FIAT/UNO VIVACE 1.0/UNO VIVACE 1.0;0.0;Condutor;Ileso;;Masculino;1.0;0.0;0.0;0.0;-5,71406254;-35,27232767;SPRF-RN;DEL02-RN;UOP01-DEL02-RN
371356.0;827666.0;2021-07-18;domingo;06:50:00;RN;101.0;74;NATAL;Sim;Acessar a via sem observar a presença dos outros veículos;1;Colisão lateral mesmo sentido;Com Vítimas Feridas;Pleno dia;Decrescente;Nublado;Simples;Declive;Não;670413.0;Motocicleta;HONDA/CG 125 FAN KS/CG 125 FAN KS;2012.0;Condutor;Lesões Graves;42.0;Masculino;0.0;0.0;1.0;0.0;-5,71406254;-35,27232767;SPRF-RN;DEL02-RN;UOP01-DEL02-RN
371356.0;827667.0;2021-07-18;domingo;06:50:00;RN;101.0;74;NATAL;Sim;Acessar a via sem observar a presença dos outros veículos;1;Colisão lateral mesmo sentido;Com Vítimas Feridas;Pleno dia;Decrescente;Nublado;Simples;Declive;Não;670413.0;Motocicleta;HONDA/CG 125 FAN KS/CG 125 FAN KS;2012.0;Passageiro;Lesões Graves;35.0;Feminino;0.0;0.0;1.0;0.0;-5,71406254;-35,27232767;SPRF-RN;DEL02-RN;UOP01-DEL02-RN
371356.0;827662.0;2021-07-18;domingo;06:50:00;RN;101.0;74;NATAL;Sim;Acessar a via sem observar a presença dos outros veículos;1;Colisão lateral mesmo sentido;Com Vítimas Feridas;Pleno dia;Decrescente;Nublado;Simples;Declive;Não;670412.0;Automóvel;FIAT/UNO VIVACE 1.0/UNO VIVACE 1.0;0.0;Condutor;Ileso;;Masculino;1.0;0.0;0.0;0.0;-5,71406254;-35,27232767;SPRF-RN;DEL02-RN;UOP01-DEL02-RN
371865.0;828872.0;2021-07-20;terça-feira;19:00:00;RN;101.0;83,2;NATAL;Sim;Trafegar com motocicleta (ou similar) entre as faixas;1;Colisão lateral mesmo sentido;Com Vítimas Feridas;Plena Noite;Decrescente;Céu Claro;Dupla;Reta;Sim;671373.0;Motocicleta;JTA/SUZUKI EN125 YES/SUZUKI EN125 YES;2010.0;Condutor;Lesões Leves;44.0;Masculino;0.0;1.0;0.0;0.0;-5,7710445;-35,26616981;SPRF-RN;DEL02-RN;UOP01-DEL02-RN
371865.0;828915.0;2021-07-20;terça-feira;19:00:00;RN;101.0;83,2;NATAL;Sim;Trafegar com motocicleta (ou similar) entre as faixas;1;Colisão lateral mesmo sentido;Com Vítimas Feridas;Plena Noite;Decrescente;Céu Claro;Dupla;Reta;Sim;671373.0;Motocicleta;JTA/SUZUKI EN125 YES/SUZUKI EN125 YES;2010.0;Passageiro;Lesões Graves;19.0;Masculino;0.0;0.0;1.0;0.0;-5,7710445;-35,26616981;SPRF-RN;DEL02-RN;UOP01-DEL02-RN
371947.0;829250.0;2021-07-21;quarta-feira;08:10:00;RN;101.0;97,9;NATAL;Sim;Manobra de mudança de faixa;1;Colisão traseira;Com Vítimas Feridas;Pleno dia;Decrescente;Nevoeiro/Neblina;Múltipla;Reta;Sim;671664.0;Automóvel;GM/PRISMA MAXX/PRISMA MAXX;2009.0;Condutor;Ileso;45.0;Masculino;1.0;0.0;0.0;0.0;-5,8630063;-35,21529078;SPRF-RN;DEL01-RN;UOP01-DEL01-RN
371947.0;830349.0;2021-07-21;quarta-feira;08:10:00;RN;101.0;97,9;NATAL;Sim;Manobra de mudança de faixa;1;Colisão traseira;Com Vítimas Feridas;Pleno dia;Decrescente;Nevoeiro/Neblina;Múltipla;Reta;Sim;671663.0;Motocicleta;HONDA/CBX 250 TWISTER/CBX 250 TWISTER;2007.0;Passageiro;Lesões Leves;35.0;Feminino;0.0;1.0;0.0;0.0;-5,8630063;-35,21529078;SPRF-RN;DEL01-RN;UOP01-DEL01-RN
371947.0;829249.0;2021-07-21;quarta-feira;08:10:00;RN;101.0;97,9;NATAL;Sim;Manobra de mudança de faixa;1;Colisão traseira;Com Vítimas Feridas;Pleno dia;Decrescente;Nevoeiro/Neblina;Múltipla;Reta;Sim;671663.0;Motocicleta;HONDA/CBX 250 TWISTER/CBX 250 TWISTER;2007.0;Condutor;Lesões Leves;33.0;Masculino;0.0;1.0;0.0;0.0;-5,8630063;-35,21529078;SPRF-RN;DEL01-RN;UOP01-DEL01-RN
372431.0;832009.0;2021-07-23;sexta-feira;20:30:00;RN;101.0;82,6;NATAL;Sim;Ingestão de álcool pelo condutor;1;Colisão transversal;Com Vítimas Feridas;Plena Noite;Decrescente;Chuva;Dupla;Reta;Sim;672598.0;Motocicleta;HONDA/CG 125 FAN KS/CG 125 FAN KS;2011.0;Condutor;Lesões Leves;43.0;Masculino;0.0;1.0;0.0;0.0;-5,76791511;-35,27456305;SPRF-RN;DEL02-RN;UOP01-DEL02-RN
372431.0;832012.0;2021-07-23;sexta-feira;20:30:00;RN;101.0;82,6;NATAL;Sim;Ingestão de álcool pelo condutor;1;Colisão transversal;Com Vítimas Feridas;Plena Noite;Decrescente;Chuva;Dupla;Reta;Sim;672598.0;Motocicleta;HONDA/CG 125 FAN KS/CG 125 FAN KS;2011.0;Passageiro;Lesões Leves;38.0;Feminino;0.0;1.0;0.0;0.0;-5,76791511;-35,27456305;SPRF-RN;DEL02-RN;UOP01-DEL02-RN
372431.0;832016.0;2021-07-23;sexta-feira;20:30:00;RN;101.0;82,6;NATAL;Sim;Ingestão de álcool pelo condutor;1;Colisão transversal;Com Vítimas Feridas;Plena Noite;Decrescente;Chuva;Dupla;Reta;Sim;672599.0;Automóvel;FIAT/UNO MILLE SX/UNO MILLE SX;1996.0;Condutor;Ileso;32.0;Masculino;1.0;0.0;0.0;0.0;-5,76791511;-35,27456305;SPRF-RN;DEL02-RN;UOP01-DEL02-RN
373492.0;834256.0;2021-07-28;quarta-feira;23:50:00;RN;101.0;95,7;NATAL;Sim;Transitar na contramão;1;Colisão frontal;Sem Vítimas;Plena Noite;Crescente;Céu Claro;Múltipla;Aclive;Sim;674551.0;Automóvel;I/HONDA ACCORD LX/HONDA ACCORD LX;2007.0;Condutor;Ileso;41.0;Masculino;1.0;0.0;0.0;0.0;-5,846364;-35,208718;SPRF-RN;DEL01-RN;UOP01-DEL01-RN
373492.0;834257.0;2021-07-28;quarta-feira;23:50:00;RN;101.0;95,7;NATAL;Sim;Transitar na contramão;1;Colisão frontal;Sem Vítimas;Plena Noite;Crescente;Céu Claro;Múltipla;Aclive;Sim;674552.0;Caminhonete;I/TOYOTA HILUX CD4X4 SRV/TOYOTA HILUX CD4X4 SRV;2012.0;Condutor;Ileso;71.0;Masculino;1.0;0.0;0.0;0.0;-5,846364;-35,208718;SPRF-RN;DEL01-RN;UOP01-DEL01-RN
373622.0;833171.0;2021-07-29;quinta-feira;17:40:00;RN;101.0;79;NATAL;Sim;Condutor deixou de manter distância do veículo da frente;3;Queda de ocupante de veículo;Com Vítimas Feridas;Anoitecer;Crescente;Céu Claro;Dupla;Reta;Não;674851.0;Ciclomotor;I/TRAXX JL50Q 8/TRAXX JL50Q 8;2012.0;Condutor;Lesões Graves;48.0;Feminino;0.0;0.0;1.0;0.0;-5,747865;-35,28957;SPRF-RN;DEL02-RN;UOP01-DEL02-RN
373622.0;833172.0;2021-07-29;quinta-feira;17:40:00;RN;101.0;79;NATAL;Sim;Condutor deixou de manter distância do veículo da frente;3;Queda de ocupante de veículo;Com Vítimas Feridas;Anoitecer;Crescente;Céu Claro;Dupla;Reta;Não;674851.0;Ciclomotor;I/TRAXX JL50Q 8/TRAXX JL50Q 8;2012.0;Passageiro;Lesões Leves;21.0;Feminino;0.0;1.0;0.0;0.0;-5,747865;-35,28957;SPRF-RN;DEL02-RN;UOP01-DEL02-RN
373622.0;833173.0;2021-07-29;quinta-feira;17:40:00;RN;101.0;79;NATAL;Sim;Condutor deixou de manter distância do veículo da frente;3;Queda de ocupante de veículo;Com Vítimas Feridas;Anoitecer;Crescente;Céu Claro;Dupla;Reta;Não;674852.0;Caminhonete;I/FORD RANGER XLSCD4A22C/FORD RANGER XLSCD4A22C;2020.0;Condutor;Ileso;36.0;Masculino;1.0;0.0;0.0;0.0;-5,747865;-35,28957;SPRF-RN;DEL02-RN;UOP01-DEL02-RN
373622.0;833171.0;2021-07-29;quinta-feira;17:40:00;RN;101.0;79;NATAL;Sim;Condutor deixou de manter distância do veículo da frente;2;Tombamento;Com Vítimas Feridas;Anoitecer;Crescente;Céu Claro;Dupla;Reta;Não;674851.0;Ciclomotor;I/TRAXX JL50Q 8/TRAXX JL50Q 8;2012.0;Condutor;Lesões Graves;48.0;Feminino;0.0;0.0;1.0;0.0;-5,747865;-35,28957;SPRF-RN;DEL02-RN;UOP01-DEL02-RN
373622.0;833172.0;2021-07-29;quinta-feira;17:40:00;RN;101.0;79;NATAL;Sim;Condutor deixou de manter distância do veículo da frente;2;Tombamento;Com Vítimas Feridas;Anoitecer;Crescente;Céu Claro;Dupla;Reta;Não;674851.0;Ciclomotor;I/TRAXX JL50Q 8/TRAXX JL50Q 8;2012.0;Passageiro;Lesões Leves;21.0;Feminino;0.0;1.0;0.0;0.0;-5,747865;-35,28957;SPRF-RN;DEL02-RN;UOP01-DEL02-RN
373622.0;833173.0;2021-07-29;quinta-feira;17:40:00;RN;101.0;79;NATAL;Sim;Condutor deixou de manter distância do veículo da frente;2;Tombamento;Com Vítimas Feridas;Anoitecer;Crescente;Céu Claro;Dupla;Reta;Não;674852.0;Caminhonete;I/FORD RANGER XLSCD4A22C/FORD RANGER XLSCD4A22C;2020.0;Condutor;Ileso;36.0;Masculino;1.0;0.0;0.0;0.0;-5,747865;-35,28957;SPRF-RN;DEL02-RN;UOP01-DEL02-RN
373622.0;833171.0;2021-07-29;quinta-feira;17:40:00;RN;101.0;79;NATAL;Sim;Condutor deixou de manter distância do veículo da frente;1;Colisão traseira;Com Vítimas Feridas;Anoitecer;Crescente;Céu Claro;Dupla;Reta;Não;674851.0;Ciclomotor;I/TRAXX JL50Q 8/TRAXX JL50Q 8;2012.0;Condutor;Lesões Graves;48.0;Feminino;0.0;0.0;1.0;0.0;-5,747865;-35,28957;SPRF-RN;DEL02-RN;UOP01-DEL02-RN
373622.0;833172.0;2021-07-29;quinta-feira;17:40:00;RN;101.0;79;NATAL;Sim;Condutor deixou de manter distância do veículo da frente;1;Colisão traseira;Com Vítimas Feridas;Anoitecer;Crescente;Céu Claro;Dupla;Reta;Não;674851.0;Ciclomotor;I/TRAXX JL50Q 8/TRAXX JL50Q 8;2012.0;Passageiro;Lesões Leves;21.0;Feminino;0.0;1.0;0.0;0.0;-5,747865;-35,28957;SPRF-RN;DEL02-RN;UOP01-DEL02-RN
373622.0;833173.0;2021-07-29;quinta-feira;17:40:00;RN;101.0;79;NATAL;Sim;Condutor deixou de manter distância do veículo da frente;1;Colisão traseira;Com Vítimas Feridas;Anoitecer;Crescente;Céu Claro;Dupla;Reta;Não;674852.0;Caminhonete;I/FORD RANGER XLSCD4A22C/FORD RANGER XLSCD4A22C;2020.0;Condutor;Ileso;36.0;Masculino;1.0;0.0;0.0;0.0;-5,747865;-35,28957;SPRF-RN;DEL02-RN;UOP01-DEL02-RN
373873.0;833672.0;2021-07-30;sexta-feira;18:10:00;RN;101.0;80;NATAL;Sim;Condutor deixou de manter distância do veículo da frente;1;Colisão traseira;Com Vítimas Feridas;Plena Noite;Decrescente;Céu Claro;Dupla;Reta;Não;675287.0;Utilitário;I/GM TRACKER 2.0/GM TRACKER 2.0;2007.0;Condutor;Ileso;25.0;Masculino;1.0;0.0;0.0;0.0;-5,75852229;-35,28806121;SPRF-RN;DEL02-RN;UOP01-DEL02-RN
373873.0;833675.0;2021-07-30;sexta-feira;18:10:00;RN;101.0;80;NATAL;Sim;Condutor deixou de manter distância do veículo da frente;1;Colisão traseira;Com Vítimas Feridas;Plena Noite;Decrescente;Céu Claro;Dupla;Reta;Não;675288.0;Motocicleta;HONDA/POP 110I/POP 110I;2018.0;Condutor;Lesões Leves;31.0;Masculino;0.0;1.0;0.0;0.0;-5,75852229;-35,28806121;SPRF-RN;DEL02-RN;UOP01-DEL02-RN
373903.0;833795.0;2021-07-30;sexta-feira;19:35:00;RN;101.0;99;NATAL;Sim;Condutor deixou de manter distância do veículo da frente;1;Colisão traseira;Sem Vítimas;Plena Noite;Crescente;Céu Claro;Múltipla;Curva;Sim;675346.0;Ônibus;MARCOPOLO/VOLARE V8 ON/VOLARE V8 ON;2008.0;Condutor;Ileso;56.0;Masculino;1.0;0.0;0.0;0.0;-5,87359183;-35,22063023;SPRF-RN;DEL01-RN;UOP01-DEL01-RN
373903.0;833798.0;2021-07-30;sexta-feira;19:35:00;RN;101.0;99;NATAL;Sim;Condutor deixou de manter distância do veículo da frente;1;Colisão traseira;Sem Vítimas;Plena Noite;Crescente;Céu Claro;Múltipla;Curva;Sim;675347.0;Motocicleta;HONDA/CG 125 FAN KS/CG 125 FAN KS;2014.0;Condutor;Ileso;23.0;Masculino;1.0;0.0;0.0;0.0;-5,87359183;-35,22063023;SPRF-RN;DEL01-RN;UOP01-DEL01-RN
373903.0;833799.0;2021-07-30;sexta-feira;19:35:00;RN;101.0;99;NATAL;Sim;Condutor deixou de manter distância do veículo da frente;1;Colisão traseira;Sem Vítimas;Plena Noite;Crescente;Céu Claro;Múltipla;Curva;Sim;;;NA/NA/NA;;Testemunha;Não Informado;;Não Informado;0.0;0.0;0.0;0.0;-5,87359183;-35,22063023;SPRF-RN;DEL01-RN;UOP01-DEL01-RN
374239.0;834286.0;2021-06-02;quarta-feira;08:45:00;RN;101.0;85;NATAL;Sim;Velocidade Incompatível;1;Colisão traseira;Com Vítimas Feridas;Pleno dia;Crescente;Céu Claro;Dupla;Curva;Sim;675965.0;Automóvel;VW/POLO CL AD/POLO CL AD;2018.0;Condutor;Ileso;45.0;Masculino;1.0;0.0;0.0;0.0;-5,777664;-35,24937;SPRF-RN;DEL02-RN;UOP01-DEL02-RN
374239.0;834287.0;2021-06-02;quarta-feira;08:45:00;RN;101.0;85;NATAL;Sim;Velocidade Incompatível;1;Colisão traseira;Com Vítimas Feridas;Pleno dia;Crescente;Céu Claro;Dupla;Curva;Sim;675966.0;Motocicleta;YAMAHA/XTZ150 CROSSER ED/XTZ150 CROSSER ED;2014.0;Condutor;Lesões Graves;;Masculino;0.0;0.0;1.0;0.0;-5,777664;-35,24937;SPRF-RN;DEL02-RN;UOP01-DEL02-RN
374253.0;834310.0;2021-01-01;sexta-feira;17:40:00;RN;101.0;78,4;NATAL;Sim;Manobra de mudança de faixa;1;Capotamento;Com Vítimas Feridas;Anoitecer;Decrescente;Céu Claro;Dupla;Reta;Sim;675980.0;Automóvel;HONDA/CITY LX FLEX/CITY LX FLEX;2012.0;Condutor;Lesões Graves;34.0;Masculino;0.0;0.0;1.0;0.0;-5,74071896;-35,29021064;SPRF-RN;DEL02-RN;UOP01-DEL02-RN
374255.0;834334.0;2021-08-01;domingo;12:30:00;RN;101.0;96,2;NATAL;Sim;Condutor deixou de manter distância do veículo da frente;2;Queda de ocupante de veículo;Com Vítimas Feridas;Pleno dia;Decrescente;Céu Claro;Dupla;Interseção de Vias;Sim;675998.0;Automóvel;I/HYUNDAI ELANTRA GLS/HYUNDAI ELANTRA GLS;2012.0;Condutor;Ileso;22.0;Feminino;1.0;0.0;0.0;0.0;-5,84949622;-35,20890752;SPRF-RN;DEL01-RN;UOP01-DEL01-RN
374255.0;834335.0;2021-08-01;domingo;12:30:00;RN;101.0;96,2;NATAL;Sim;Condutor deixou de manter distância do veículo da frente;2;Queda de ocupante de veículo;Com Vítimas Feridas;Pleno dia;Decrescente;Céu Claro;Dupla;Interseção de Vias;Sim;675999.0;Motocicleta;YAMAHA/YS150 FAZER SED/YS150 FAZER SED;2020.0;Condutor;Lesões Leves;21.0;Masculino;0.0;1.0;0.0;0.0;-5,84949622;-35,20890752;SPRF-RN;DEL01-RN;UOP01-DEL01-RN
374255.0;834336.0;2021-08-01;domingo;12:30:00;RN;101.0;96,2;NATAL;Sim;Condutor deixou de manter distância do veículo da frente;2;Queda de ocupante de veículo;Com Vítimas Feridas;Pleno dia;Decrescente;Céu Claro;Dupla;Interseção de Vias;Sim;675999.0;Motocicleta;YAMAHA/YS150 FAZER SED/YS150 FAZER SED;2020.0;Passageiro;Lesões Leves;19.0;Feminino;0.0;1.0;0.0;0.0;-5,84949622;-35,20890752;SPRF-RN;DEL01-RN;UOP01-DEL01-RN
374255.0;834334.0;2021-08-01;domingo;12:30:00;RN;101.0;96,2;NATAL;Sim;Condutor deixou de manter distância do veículo da frente;1;Colisão traseira;Com Vítimas Feridas;Pleno dia;Decrescente;Céu Claro;Dupla;Interseção de Vias;Sim;675998.0;Automóvel;I/HYUNDAI ELANTRA GLS/HYUNDAI ELANTRA GLS;2012.0;Condutor;Ileso;22.0;Feminino;1.0;0.0;0.0;0.0;-5,84949622;-35,20890752;SPRF-RN;DEL01-RN;UOP01-DEL01-RN
374255.0;834335.0;2021-08-01;domingo;12:30:00;RN;101.0;96,2;NATAL;Sim;Condutor deixou de manter distância do veículo da frente;1;Colisão traseira;Com Vítimas Feridas;Pleno dia;Decrescente;Céu Claro;Dupla;Interseção de Vias;Sim;675999.0;Motocicleta;YAMAHA/YS150 FAZER SED/YS150 FAZER SED;2020.0;Condutor;Lesões Leves;21.0;Masculino;0.0;1.0;0.0;0.0;-5,84949622;-35,20890752;SPRF-RN;DEL01-RN;UOP01-DEL01-RN
374255.0;834336.0;2021-08-01;domingo;12:30:00;RN;101.0;96,2;NATAL;Sim;Condutor deixou de manter distância do veículo da frente;1;Colisão traseira;Com Vítimas Feridas;Pleno dia;Decrescente;Céu Claro;Dupla;Interseção de Vias;Sim;675999.0;Motocicleta;YAMAHA/YS150 FAZER SED/YS150 FAZER SED;2020.0;Passageiro;Lesões Leves;19.0;Feminino;0.0;1.0;0.0;0.0;-5,84949622;-35,20890752;SPRF-RN;DEL01-RN;UOP01-DEL01-RN
374492.0;838173.0;2021-08-02;segunda-feira;12:50:00;RN;101.0;96;NATAL;Sim;Manobra de mudança de faixa;2;Tombamento;Com Vítimas Feridas;Pleno dia;Crescente;Nublado;Múltipla;Reta;Sim;679289.0;Motocicleta;HONDA/CG 160 START/CG 160 START;2020.0;Condutor;Lesões Leves;64.0;Masculino;0.0;1.0;0.0;0.0;-5,84949622;-35,20890752;SPRF-RN;DEL01-RN;UOP01-DEL01-RN
374492.0;838175.0;2021-08-02;segunda-feira;12:50:00;RN;101.0;96;NATAL;Sim;Manobra de mudança de faixa;2;Tombamento;Com Vítimas Feridas;Pleno dia;Crescente;Nublado;Múltipla;Reta;Sim;679289.0;Motocicleta;HONDA/CG 160 START/CG 160 START;2020.0;Passageiro;Lesões Graves;67.0;Feminino;0.0;0.0;1.0;0.0;-5,84949622;-35,20890752;SPRF-RN;DEL01-RN;UOP01-DEL01-RN
374492.0;838170.0;2021-08-02;segunda-feira;12:50:00;RN;101.0;96;NATAL;Sim;Manobra de mudança de faixa;2;Tombamento;Com Vítimas Feridas;Pleno dia;Crescente;Nublado;Múltipla;Reta;Sim;676637.0;Caminhonete;VW/SAVEIRO 1.8/SAVEIRO 1.8;2008.0;Condutor;Ileso;37.0;Feminino;1.0;0.0;0.0;0.0;-5,84949622;-35,20890752;SPRF-RN;DEL01-RN;UOP01-DEL01-RN
374492.0;838173.0;2021-08-02;segunda-feira;12:50:00;RN;101.0;96;NATAL;Sim;Manobra de mudança de faixa;1;Colisão lateral mesmo sentido;Com Vítimas Feridas;Pleno dia;Crescente;Nublado;Múltipla;Reta;Sim;679289.0;Motocicleta;HONDA/CG 160 START/CG 160 START;2020.0;Condutor;Lesões Leves;64.0;Masculino;0.0;1.0;0.0;0.0;-5,84949622;-35,20890752;SPRF-RN;DEL01-RN;UOP01-DEL01-RN
374492.0;838175.0;2021-08-02;segunda-feira;12:50:00;RN;101.0;96;NATAL;Sim;Manobra de mudança de faixa;1;Colisão lateral mesmo sentido;Com Vítimas Feridas;Pleno dia;Crescente;Nublado;Múltipla;Reta;Sim;679289.0;Motocicleta;HONDA/CG 160 START/CG 160 START;2020.0;Passageiro;Lesões Graves;67.0;Feminino;0.0;0.0;1.0;0.0;-5,84949622;-35,20890752;SPRF-RN;DEL01-RN;UOP01-DEL01-RN
374492.0;838170.0;2021-08-02;segunda-feira;12:50:00;RN;101.0;96;NATAL;Sim;Manobra de mudança de faixa;1;Colisão lateral mesmo sentido;Com Vítimas Feridas;Pleno dia;Crescente;Nublado;Múltipla;Reta;Sim;676637.0;Caminhonete;VW/SAVEIRO 1.8/SAVEIRO 1.8;2008.0;Condutor;Ileso;37.0;Feminino;1.0;0.0;0.0;0.0;-5,84949622;-35,20890752;SPRF-RN;DEL01-RN;UOP01-DEL01-RN
374848.0;835795.0;2021-08-04;quarta-feira;16:05:00;RN;101.0;85;NATAL;Sim;Condutor deixou de manter distância do veículo da frente;1;Colisão traseira;Com Vítimas Feridas;Pleno dia;Decrescente;Céu Claro;Dupla;Ponte;Sim;677163.0;Automóvel;CHEVROLET/ONIX 1.4MT LT/ONIX 1.4MT LT;2017.0;Condutor;Ileso;39.0;Feminino;1.0;0.0;0.0;0.0;-5,7797588;-35,24832672;SPRF-RN;DEL02-RN;UOP01-DEL02-RN
374848.0;835848.0;2021-08-04;quarta-feira;16:05:00;RN;101.0;85;NATAL;Sim;Condutor deixou de manter distância do veículo da frente;1;Colisão traseira;Com Vítimas Feridas;Pleno dia;Decrescente;Céu Claro;Dupla;Ponte;Sim;677164.0;Motocicleta;HONDA/CG 125 FAN KS/CG 125 FAN KS;2009.0;Passageiro;Lesões Leves;40.0;Feminino;0.0;1.0;0.0;0.0;-5,7797588;-35,24832672;SPRF-RN;DEL02-RN;UOP01-DEL02-RN