id;pesid;data_inversa;dia_semana;horario;uf;br;km;municipio;causa_principal;causa_acidente;ordem_tipo_acidente;tipo_acidente;classificacao_acidente;fase_dia;sentido_via;condicao_metereologica;tipo_pista;tracado_via;uso_solo;id_veiculo;tipo_veiculo;marca;ano_fabricacao_veiculo;tipo_envolvido;estado_fisico;idade;sexo;ilesos;feridos_leves;feridos_graves;mortos;latitude;longitude;regional;delegacia;uop
374848.0;835796.0;2021-08-04;quarta-feira;16:05:00;RN;101.0;85;NATAL;Sim;Condutor deixou de manter distância do veículo da frente;1;Colisão traseira;Com Vítimas Feridas;Pleno dia;Decrescente;Céu Claro;Dupla;Ponte;Sim;677164.0;Motocicleta;HONDA/CG 125 FAN KS/CG 125 FAN KS;2009.0;Condutor;Lesões Graves;40.0;Masculino;0.0;0.0;1.0;0.0;-5,7797588;-35,24832672;SPRF-RN;DEL02-RN;UOP01-DEL02-RN
374967.0;836135.0;2021-08-05;quinta-feira;07:02:00;RN;101.0;95;NATAL;Sim;Condutor deixou de manter distância do veículo da frente;1;Queda de ocupante de veículo;Sem Vítimas;Pleno dia;Decrescente;Céu Claro;Simples;Reta;Sim;677440.0;Motocicleta;YAMAHA/YS150 FAZER SED/YS150 FAZER SED;2019.0;Condutor;Ileso;28.0;Feminino;1.0;0.0;0.0;0.0;-5,84076841;-35,21035949;SPRF-RN;DEL01-RN;UOP01-DEL01-RN
375025.0;836532.0;2021-08-05;quinta-feira;13:20:00;RN;304.0;95;NATAL;Sim;Acesso irregular;1;Colisão transversal;Com Vítimas Feridas;Pleno dia;Crescente;Sol;Múltipla;Retorno Regulamentado;Sim;677725.0;Utilitário;I/TOYOTA HILUX SWDMDA4JD/TOYOTA HILUX SWDMDA4JD;2020.0;Condutor;Ileso;39.0;Masculino;1.0;0.0;0.0;0.0;-5,8369793;-35,2118537;SPRF-RN;DEL04-RN;UOP01-DEL04-RN
375025.0;836533.0;2021-08-05;quinta-feira;13:20:00;RN;304.0;95;NATAL;Sim;Acesso irregular;1;Colisão transversal;Com Vítimas Feridas;Pleno dia;Crescente;Sol;Múltipla;Retorno Regulamentado;Sim;677726.0;Motocicleta;HONDA/CG 160 START/CG 160 START;2018.0;Condutor;Lesões Leves;27.0;Masculino;0.0;1.0;0.0;0.0;-5,8369793;-35,2118537;SPRF-RN;DEL04-RN;UOP01-DEL04-RN
375220.0;836961.0;2021-08-06;sexta-feira;12:32:00;RN;101.0;96;NATAL;Sim;Mal súbito do condutor;1;Colisão traseira;Sem Vítimas;Pleno dia;Crescente;Céu Claro;Simples;Reta;Sim;677940.0;Caminhonete;I/TOYOTA HILUX CD4X4 SRV/TOYOTA HILUX CD4X4 SRV;2013.0;Condutor;Ileso;52.0;Masculino;1.0;0.0;0.0;0.0;-5,8533746;-35,21110838;SPRF-RN;DEL01-RN;UOP01-DEL01-RN
375220.0;836966.0;2021-08-06;sexta-feira;12:32:00;RN;101.0;96;NATAL;Sim;Mal súbito do condutor;1;Colisão traseira;Sem Vítimas;Pleno dia;Crescente;Céu Claro;Simples;Reta;Sim;677941.0;Automóvel;FORD/KA SE 1.0 SD B/KA SE 1.0 SD B;2017.0;Condutor;Ileso;32.0;Masculino;1.0;0.0;0.0;0.0;-5,8533746;-35,21110838;SPRF-RN;DEL01-RN;UOP01-DEL01-RN
375220.0;836969.0;2021-08-06;sexta-feira;12:32:00;RN;101.0;96;NATAL;Sim;Mal súbito do condutor;1;Colisão traseira;Sem Vítimas;Pleno dia;Crescente;Céu Claro;Simples;Reta;Sim;677942.0;Automóvel;TOYOTA/COROLLA GLI FLEX/COROLLA GLI FLEX;2012.0;Condutor;Ileso;77.0;Masculino;1.0;0.0;0.0;0.0;-5,8533746;-35,21110838;SPRF-RN;DEL01-RN;UOP01-DEL01-RN
375280.0;838187.0;2021-08-06;sexta-feira;17:10:00;RN;226.0;2;NATAL;Sim;Acessar a via sem observar a presença dos outros veículos;1;Colisão transversal;Com Vítimas Feridas;Anoitecer;Crescente;Céu Claro;Simples;Reta;Sim;678482.0;Motocicleta;YAMAHA/YBR150 FACTOR ED/YBR150 FACTOR ED;2017.0;Condutor;Lesões Leves;38.0;Masculino;0.0;1.0;0.0;0.0;-5,8163064;-35,24915284;SPRF-RN;DEL01-RN;UOP02-DEL01-RN
375280.0;838186.0;2021-08-06;sexta-feira;17:10:00;RN;226.0;2;NATAL;Sim;Acessar a via sem observar a presença dos outros veículos;1;Colisão transversal;Com Vítimas Feridas;Anoitecer;Crescente;Céu Claro;Simples;Reta;Sim;678481.0;Automóvel;TOYOTA/ETIOS SD XLS/ETIOS SD XLS;2013.0;Condutor;Ileso;26.0;Masculino;1.0;0.0;0.0;0.0;-5,8163064;-35,24915284;SPRF-RN;DEL01-RN;UOP02-DEL01-RN
375725.0;837714.0;2021-08-08;domingo;09:40:00;RN;101.0;76,1;NATAL;Sim;Reação tardia ou ineficiente do condutor;1;Colisão traseira;Com Vítimas Fatais;Pleno dia;Decrescente;Nublado;Dupla;Reta;Não;678925.0;Automóvel;HONDA/CIVIC LX/CIVIC LX;2004.0;Condutor;Óbito;32.0;Masculino;0.0;0.0;0.0;1.0;-5,72603024;-35,28461489;SPRF-RN;DEL02-RN;UOP01-DEL02-RN
375725.0;837744.0;2021-08-08;domingo;09:40:00;RN;101.0;76,1;NATAL;Sim;Reação tardia ou ineficiente do condutor;1;Colisão traseira;Com Vítimas Fatais;Pleno dia;Decrescente;Nublado;Dupla;Reta;Não;678926.0;Automóvel;VW/GOL 1.0 GIV/GOL 1.0 GIV;2011.0;Passageiro;Ileso;47.0;Feminino;1.0;0.0;0.0;0.0;-5,72603024;-35,28461489;SPRF-RN;DEL02-RN;UOP01-DEL02-RN
375725.0;837745.0;2021-08-08;domingo;09:40:00;RN;101.0;76,1;NATAL;Sim;Reação tardia ou ineficiente do condutor;1;Colisão traseira;Com Vítimas Fatais;Pleno dia;Decrescente;Nublado;Dupla;Reta;Não;678926.0;Automóvel;VW/GOL 1.0 GIV/GOL 1.0 GIV;2011.0;Passageiro;Ileso;9.0;Feminino;1.0;0.0;0.0;0.0;-5,72603024;-35,28461489;SPRF-RN;DEL02-RN;UOP01-DEL02-RN
375725.0;837747.0;2021-08-08;domingo;09:40:00;RN;101.0;76,1;NATAL;Sim;Reação tardia ou ineficiente do condutor;1;Colisão traseira;Com Vítimas Fatais;Pleno dia;Decrescente;Nublado;Dupla;Reta;Não;678926.0;Automóvel;VW/GOL 1.0 GIV/GOL 1.0 GIV;2011.0;Passageiro;Ileso;47.0;Feminino;1.0;0.0;0.0;0.0;-5,72603024;-35,28461489;SPRF-RN;DEL02-RN;UOP01-DEL02-RN
375725.0;837749.0;2021-08-08;domingo;09:40:00;RN;101.0;76,1;NATAL;Sim;Reação tardia ou ineficiente do condutor;1;Colisão traseira;Com Vítimas Fatais;Pleno dia;Decrescente;Nublado;Dupla;Reta;Não;678926.0;Automóvel;VW/GOL 1.0 GIV/GOL 1.0 GIV;2011.0;Passageiro;Ileso;20.0;Masculino;1.0;0.0;0.0;0.0;-5,72603024;-35,28461489;SPRF-RN;DEL02-RN;UOP01-DEL02-RN
375725.0;837740.0;2021-08-08;domingo;09:40:00;RN;101.0;76,1;NATAL;Sim;Reação tardia ou ineficiente do condutor;1;Colisão traseira;Com Vítimas Fatais;Pleno dia;Decrescente;Nublado;Dupla;Reta;Não;678926.0;Automóvel;VW/GOL 1.0 GIV/GOL 1.0 GIV;2011.0;Condutor;Ileso;48.0;Masculino;1.0;0.0;0.0;0.0;-5,72603024;-35,28461489;SPRF-RN;DEL02-RN;UOP01-DEL02-RN
376171.0;838613.0;2021-06-26;sábado;18:00:00;RN;226.0;4;NATAL;Sim;Acessar a via sem observar a presença dos outros veículos;1;Colisão transversal;Com Vítimas Feridas;Plena Noite;Crescente;Céu Claro;Simples;Reta;Sim;679702.0;Motocicleta;HONDA/CG150 FAN ESDI/CG150 FAN ESDI;2013.0;Condutor;Lesões Leves;51.0;Masculino;0.0;1.0;0.0;0.0;-5,81958019;-35,25969486;SPRF-RN;DEL01-RN;UOP02-DEL01-RN
376171.0;838612.0;2021-06-26;sábado;18:00:00;RN;226.0;4;NATAL;Sim;Acessar a via sem observar a presença dos outros veículos;1;Colisão transversal;Com Vítimas Feridas;Plena Noite;Crescente;Céu Claro;Simples;Reta;Sim;679701.0;Motocicleta;YAMAHA/FACTOR YBR125 K/FACTOR YBR125 K;2012.0;Condutor;Lesões Leves;24.0;Masculino;0.0;1.0;0.0;0.0;-5,81958019;-35,25969486;SPRF-RN;DEL01-RN;UOP02-DEL01-RN
376423.0;840995.0;2021-08-11;quarta-feira;10:10:00;RN;101.0;84,6;NATAL;Não;Trafegar com motocicleta (ou similar) entre as faixas;1;Tombamento;Com Vítimas Feridas;Pleno dia;Decrescente;Garoa/Chuvisco;Simples;Reta;Sim;680530.0;Motocicleta;HONDA/CG150 FAN ESDI/CG150 FAN ESDI;2013.0;Condutor;Lesões Leves;36.0;Masculino;0.0;1.0;0.0;0.0;-5,774175;-35,2578;SPRF-RN;DEL02-RN;UOP01-DEL02-RN
376423.0;840995.0;2021-08-11;quarta-feira;10:10:00;RN;101.0;84,6;NATAL;Não;Reação tardia ou ineficiente do condutor;1;Tombamento;Com Vítimas Feridas;Pleno dia;Decrescente;Garoa/Chuvisco;Simples;Reta;Sim;680530.0;Motocicleta;HONDA/CG150 FAN ESDI/CG150 FAN ESDI;2013.0;Condutor;Lesões Leves;36.0;Masculino;0.0;1.0;0.0;0.0;-5,774175;-35,2578;SPRF-RN;DEL02-RN;UOP01-DEL02-RN
376423.0;840995.0;2021-08-11;quarta-feira;10:10:00;RN;101.0;84,6;NATAL;Não;Pista Escorregadia;1;Tombamento;Com Vítimas Feridas;Pleno dia;Decrescente;Garoa/Chuvisco;Simples;Reta;Sim;680530.0;Motocicleta;HONDA/CG150 FAN ESDI/CG150 FAN ESDI;2013.0;Condutor;Lesões Leves;36.0;Masculino;0.0;1.0;0.0;0.0;-5,774175;-35,2578;SPRF-RN;DEL02-RN;UOP01-DEL02-RN
376423.0;840995.0;2021-08-11;quarta-feira;10:10:00;RN;101.0;84,6;NATAL;Não;Pista esburacada;1;Tombamento;Com Vítimas Feridas;Pleno dia;Decrescente;Garoa/Chuvisco;Simples;Reta;Sim;680530.0;Motocicleta;HONDA/CG150 FAN ESDI/CG150 FAN ESDI;2013.0;Condutor;Lesões Leves;36.0;Masculino;0.0;1.0;0.0;0.0;-5,774175;-35,2578;SPRF-RN;DEL02-RN;UOP01-DEL02-RN
376423.0;840995.0;2021-08-11;quarta-feira;10:10:00;RN;101.0;84,6;NATAL;Não;Demais falhas na via;1;Tombamento;Com Vítimas Feridas;Pleno dia;Decrescente;Garoa/Chuvisco;Simples;Reta;Sim;680530.0;Motocicleta;HONDA/CG150 FAN ESDI/CG150 FAN ESDI;2013.0;Condutor;Lesões Leves;36.0;Masculino;0.0;1.0;0.0;0.0;-5,774175;-35,2578;SPRF-RN;DEL02-RN;UOP01-DEL02-RN
376423.0;840995.0;2021-08-11;quarta-feira;10:10:00;RN;101.0;84,6;NATAL;Não;Ausência de reação do condutor;1;Tombamento;Com Vítimas Feridas;Pleno dia;Decrescente;Garoa/Chuvisco;Simples;Reta;Sim;680530.0;Motocicleta;HONDA/CG150 FAN ESDI/CG150 FAN ESDI;2013.0;Condutor;Lesões Leves;36.0;Masculino;0.0;1.0;0.0;0.0;-5,774175;-35,2578;SPRF-RN;DEL02-RN;UOP01-DEL02-RN
376423.0;840995.0;2021-08-11;quarta-feira;10:10:00;RN;101.0;84,6;NATAL;Não;Afundamento ou ondulação no pavimento;1;Tombamento;Com Vítimas Feridas;Pleno dia;Decrescente;Garoa/Chuvisco;Simples;Reta;Sim;680530.0;Motocicleta;HONDA/CG150 FAN ESDI/CG150 FAN ESDI;2013.0;Condutor;Lesões Leves;36.0;Masculino;0.0;1.0;0.0;0.0;-5,774175;-35,2578;SPRF-RN;DEL02-RN;UOP01-DEL02-RN
376423.0;840995.0;2021-08-11;quarta-feira;10:10:00;RN;101.0;84,6;NATAL;Não;Acumulo de água sobre o pavimento;1;Tombamento;Com Vítimas Feridas;Pleno dia;Decrescente;Garoa/Chuvisco;Simples;Reta;Sim;680530.0;Motocicleta;HONDA/CG150 FAN ESDI/CG150 FAN ESDI;2013.0;Condutor;Lesões Leves;36.0;Masculino;0.0;1.0;0.0;0.0;-5,774175;-35,2578;SPRF-RN;DEL02-RN;UOP01-DEL02-RN
376423.0;840995.0;2021-08-11;quarta-feira;10:10:00;RN;101.0;84,6;NATAL;Sim;Acumulo de areia ou detritos sobre o pavimento;1;Tombamento;Com Vítimas Feridas;Pleno dia;Decrescente;Garoa/Chuvisco;Simples;Reta;Sim;680530.0;Motocicleta;HONDA/CG150 FAN ESDI/CG150 FAN ESDI;2013.0;Condutor;Lesões Leves;36.0;Masculino;0.0;1.0;0.0;0.0;-5,774175;-35,2578;SPRF-RN;DEL02-RN;UOP01-DEL02-RN
376423.0;840995.0;2021-08-11;quarta-feira;10:10:00;RN;101.0;84,6;NATAL;Não;Trafegar com motocicleta (ou similar) entre as faixas;2;Queda de ocupante de veículo;Com Vítimas Feridas;Pleno dia;Decrescente;Garoa/Chuvisco;Simples;Reta;Sim;680530.0;Motocicleta;HONDA/CG150 FAN ESDI/CG150 FAN ESDI;2013.0;Condutor;Lesões Leves;36.0;Masculino;0.0;1.0;0.0;0.0;-5,774175;-35,2578;SPRF-RN;DEL02-RN;UOP01-DEL02-RN
376423.0;840995.0;2021-08-11;quarta-feira;10:10:00;RN;101.0;84,6;NATAL;Não;Reação tardia ou ineficiente do condutor;2;Queda de ocupante de veículo;Com Vítimas Feridas;Pleno dia;Decrescente;Garoa/Chuvisco;Simples;Reta;Sim;680530.0;Motocicleta;HONDA/CG150 FAN ESDI/CG150 FAN ESDI;2013.0;Condutor;Lesões Leves;36.0;Masculino;0.0;1.0;0.0;0.0;-5,774175;-35,2578;SPRF-RN;DEL02-RN;UOP01-DEL02-RN
376423.0;840995.0;2021-08-11;quarta-feira;10:10:00;RN;101.0;84,6;NATAL;Não;Pista Escorregadia;2;Queda de ocupante de veículo;Com Vítimas Feridas;Pleno dia;Decrescente;Garoa/Chuvisco;Simples;Reta;Sim;680530.0;Motocicleta;HONDA/CG150 FAN ESDI/CG150 FAN ESDI;2013.0;Condutor;Lesões Leves;36.0;Masculino;0.0;1.0;0.0;0.0;-5,774175;-35,2578;SPRF-RN;DEL02-RN;UOP01-DEL02-RN
376423.0;840995.0;2021-08-11;quarta-feira;10:10:00;RN;101.0;84,6;NATAL;Não;Pista esburacada;2;Queda de ocupante de veículo;Com Vítimas Feridas;Pleno dia;Decrescente;Garoa/Chuvisco;Simples;Reta;Sim;680530.0;Motocicleta;HONDA/CG150 FAN ESDI/CG150 FAN ESDI;2013.0;Condutor;Lesões Leves;36.0;Masculino;0.0;1.0;0.0;0.0;-5,774175;-35,2578;SPRF-RN;DEL02-RN;UOP01-DEL02-RN
376423.0;840995.0;2021-08-11;quarta-feira;10:10:00;RN;101.0;84,6;NATAL;Não;Demais falhas na via;2;Queda de ocupante de veículo;Com Vítimas Feridas;Pleno dia;Decrescente;Garoa/Chuvisco;Simples;Reta;Sim;680530.0;Motocicleta;HONDA/CG150 FAN ESDI/CG150 FAN ESDI;2013.0;Condutor;Lesões Leves;36.0;Masculino;0.0;1.0;0.0;0.0;-5,774175;-35,2578;SPRF-RN;DEL02-RN;UOP01-DEL02-RN
376423.0;840995.0;2021-08-11;quarta-feira;10:10:00;RN;101.0;84,6;NATAL;Não;Ausência de reação do condutor;2;Queda de ocupante de veículo;Com Vítimas Feridas;Pleno dia;Decrescente;Garoa/Chuvisco;Simples;Reta;Sim;680530.0;Motocicleta;HONDA/CG150 FAN ESDI/CG150 FAN ESDI;2013.0;Condutor;Lesões Leves;36.0;Masculino;0.0;1.0;0.0;0.0;-5,774175;-35,2578;SPRF-RN;DEL02-RN;UOP01-DEL02-RN
376423.0;840995.0;2021-08-11;quarta-feira;10:10:00;RN;101.0;84,6;NATAL;Não;Afundamento ou ondulação no pavimento;2;Queda de ocupante de veículo;Com Vítimas Feridas;Pleno dia;Decrescente;Garoa/Chuvisco;Simples;Reta;Sim;680530.0;Motocicleta;HONDA/CG150 FAN ESDI/CG150 FAN ESDI;2013.0;Condutor;Lesões Leves;36.0;Masculino;0.0;1.0;0.0;0.0;-5,774175;-35,2578;SPRF-RN;DEL02-RN;UOP01-DEL02-RN
376423.0;840995.0;2021-08-11;quarta-feira;10:10:00;RN;101.0;84,6;NATAL;Não;Acumulo de água sobre o pavimento;2;Queda de ocupante de veículo;Com Vítimas Feridas;Pleno dia;Decrescente;Garoa/Chuvisco;Simples;Reta;Sim;680530.0;Motocicleta;HONDA/CG150 FAN ESDI/CG150 FAN ESDI;2013.0;Condutor;Lesões Leves;36.0;Masculino;0.0;1.0;0.0;0.0;-5,774175;-35,2578;SPRF-RN;DEL02-RN;UOP01-DEL02-RN
376423.0;840995.0;2021-08-11;quarta-feira;10:10:00;RN;101.0;84,6;NATAL;Sim;Acumulo de areia ou detritos sobre o pavimento;2;Queda de ocupante de veículo;Com Vítimas Feridas;Pleno dia;Decrescente;Garoa/Chuvisco;Simples;Reta;Sim;680530.0;Motocicleta;HONDA/CG150 FAN ESDI/CG150 FAN ESDI;2013.0;Condutor;Lesões Leves;36.0;Masculino;0.0;1.0;0.0;0.0;-5,774175;-35,2578;SPRF-RN;DEL02-RN;UOP01-DEL02-RN
376502.0;839473.0;2021-08-11;quarta-feira;17:55:00;RN;226.0;5;NATAL;Sim;Reação tardia ou ineficiente do condutor;1;Engavetamento;Sem Vítimas;Plena Noite;Decrescente;Céu Claro;Simples;Reta;Não;680379.0;Automóvel;FIAT/SIENA EL FLEX/SIENA EL FLEX;2010.0;Condutor;Ileso;73.0;Masculino;1.0;0.0;0.0;0.0;-5,82090114;-35,26828435;SPRF-RN;DEL01-RN;UOP02-DEL01-RN
376502.0;839478.0;2021-08-11;quarta-feira;17:55:00;RN;226.0;5;NATAL;Sim;Reação tardia ou ineficiente do condutor;1;Engavetamento;Sem Vítimas;Plena Noite;Decrescente;Céu Claro;Simples;Reta;Não;680381.0;Utilitário;CHEV/TRAILBLAZER LT D4A/TRAILBLAZER LT D4A;2018.0;Condutor;Ileso;53.0;Masculino;1.0;0.0;0.0;0.0;-5,82090114;-35,26828435;SPRF-RN;DEL01-RN;UOP02-DEL01-RN
376502.0;839476.0;2021-08-11;quarta-feira;17:55:00;RN;226.0;5;NATAL;Sim;Reação tardia ou ineficiente do condutor;1;Engavetamento;Sem Vítimas;Plena Noite;Decrescente;Céu Claro;Simples;Reta;Não;680380.0;Motocicleta;HONDA/CG150 FAN ESDI/CG150 FAN ESDI;2014.0;Condutor;Ileso;24.0;Masculino;1.0;0.0;0.0;0.0;-5,82090114;-35,26828435;SPRF-RN;DEL01-RN;UOP02-DEL01-RN
376524.0;841823.0;2021-08-11;quarta-feira;17:50:00;RN;226.0;5,6;NATAL;Sim;Animais na Pista;1;Atropelamento de Animal;Com Vítimas Feridas;Anoitecer;Crescente;Céu Claro;Simples;Reta;Não;681110.0;Motocicleta;HONDA/NXR150 BROS ESD/NXR150 BROS ESD;2007.0;Condutor;Lesões Leves;53.0;Masculino;0.0;1.0;0.0;0.0;-5,820667;-35,274424;SPRF-RN;DEL01-RN;UOP02-DEL01-RN
376717.0;840180.0;2021-08-12;quinta-feira;22:20:00;RN;101.0;74;NATAL;Sim;Animais na Pista;2;Queda de ocupante de veículo;Com Vítimas Feridas;Plena Noite;Decrescente;Céu Claro;Simples;Reta;Não;680854.0;Motocicleta;YAMAHA/FAZER YS250/FAZER YS250;2012.0;Condutor;Lesões Leves;33.0;Masculino;0.0;1.0;0.0;0.0;-5,71406254;-35,27232767;SPRF-RN;DEL02-RN;UOP01-DEL02-RN
376717.0;840181.0;2021-08-12;quinta-feira;22:20:00;RN;101.0;74;NATAL;Sim;Animais na Pista;2;Queda de ocupante de veículo;Com Vítimas Feridas;Plena Noite;Decrescente;Céu Claro;Simples;Reta;Não;680854.0;Motocicleta;YAMAHA/FAZER YS250/FAZER YS250;2012.0;Passageiro;Lesões Leves;31.0;Feminino;0.0;1.0;0.0;0.0;-5,71406254;-35,27232767;SPRF-RN;DEL02-RN;UOP01-DEL02-RN
376717.0;840180.0;2021-08-12;quinta-feira;22:20:00;RN;101.0;74;NATAL;Sim;Animais na Pista;1;Atropelamento de Animal;Com Vítimas Feridas;Plena Noite;Decrescente;Céu Claro;Simples;Reta;Não;680854.0;Motocicleta;YAMAHA/FAZER YS250/FAZER YS250;2012.0;Condutor;Lesões Leves;33.0;Masculino;0.0;1.0;0.0;0.0;-5,71406254;-35,27232767;SPRF-RN;DEL02-RN;UOP01-DEL02-RN
376717.0;840181.0;2021-08-12;quinta-feira;22:20:00;RN;101.0;74;NATAL;Sim;Animais na Pista;1;Atropelamento de Animal;Com Vítimas Feridas;Plena Noite;Decrescente;Céu Claro;Simples;Reta;Não;680854.0;Motocicleta;YAMAHA/FAZER YS250/FAZER YS250;2012.0;Passageiro;Lesões Leves;31.0;Feminino;0.0;1.0;0.0;0.0;-5,71406254;-35,27232767;SPRF-RN;DEL02-RN;UOP01-DEL02-RN
376851.0;841797.0;2021-08-13;sexta-feira;14:00:00;RN;;;NATAL;Sim;Reação tardia ou ineficiente do condutor;1;Colisão traseira;Sem Vítimas;Pleno dia;Não Informado;Céu Claro;Simples;Reta;Sim;682304.0;Automóvel;I/RENAULT FLUENCE DYN20M/RENAULT FLUENCE DYN20M;2015.0;Condutor;Ileso;36.0;Masculino;1.0;0.0;0.0;0.0;-5,8145157;-35,2176253;SPRF-RN;DEL01-RN;
376851.0;841799.0;2021-08-13;sexta-feira;14:00:00;RN;;;NATAL;Sim;Reação tardia ou ineficiente do condutor;1;Colisão traseira;Sem Vítimas;Pleno dia;Não Informado;Céu Claro;Simples;Reta;Sim;682305.0;Automóvel;I/RENAULT FLUENCE DYN20M/RENAULT FLUENCE DYN20M;2015.0;Condutor;Ileso;43.0;Masculino;1.0;0.0;0.0;0.0;-5,8145157;-35,2176253;SPRF-RN;DEL01-RN;
377193.0;842840.0;2021-08-15;domingo;03:50:00;RN;101.0;96,7;NATAL;Sim;Ausência de reação do condutor;3;Queda de ocupante de veículo;Com Vítimas Feridas;Plena Noite;Crescente;Nublado;Múltipla;Reta;Sim;681765.0;Motocicleta;HONDA/CB 300R/CB 300R;2009.0;Condutor;Lesões Graves;29.0;Masculino;0.0;0.0;1.0;0.0;-5,84949622;-35,20890752;SPRF-RN;DEL01-RN;UOP01-DEL01-RN
377193.0;842840.0;2021-08-15;domingo;03:50:00;RN;101.0;96,7;NATAL;Sim;Ausência de reação do condutor;2;Colisão com objeto;Com Vítimas Feridas;Plena Noite;Crescente;Nublado;Múltipla;Reta;Sim;681765.0;Motocicleta;HONDA/CB 300R/CB 300R;2009.0;Condutor;Lesões Graves;29.0;Masculino;0.0;0.0;1.0;0.0;-5,84949622;-35,20890752;SPRF-RN;DEL01-RN;UOP01-DEL01-RN
377193.0;842840.0;2021-08-15;domingo;03:50:00;RN;101.0;96,7;NATAL;Sim;Ausência de reação do condutor;1;Saída de leito carroçável;Com Vítimas Feridas;Plena Noite;Crescente;Nublado;Múltipla;Reta;Sim;681765.0;Motocicleta;HONDA/CB 300R/CB 300R;2009.0;Condutor;Lesões Graves;29.0;Masculino;0.0;0.0;1.0;0.0;-5,84949622;-35,20890752;SPRF-RN;DEL01-RN;UOP01-DEL01-RN
377267.0;843248.0;2021-08-15;domingo;12:44:00;RN;101.0;94;NATAL;Sim;Acessar a via sem observar a presença dos outros veículos;2;Tombamento;Com Vítimas Feridas;Pleno dia;Decrescente;Céu Claro;Dupla;Reta;Sim;681878.0;Utilitário;I/TOYOTA HILUXSW4 SRV4X4/TOYOTA HILUXSW4 SRV4X4;2006.0;Condutor;Ileso;57.0;Masculino;1.0;0.0;0.0;0.0;-5,83176615;-35,21191342;SPRF-RN;DEL01-RN;UOP01-DEL01-RN
377267.0;843249.0;2021-08-15;domingo;12:44:00;RN;101.0;94;NATAL;Sim;Acessar a via sem observar a presença dos outros veículos;2;Tombamento;Com Vítimas Feridas;Pleno dia;Decrescente;Céu Claro;Dupla;Reta;Sim;681879.0;Motocicleta;YAMAHA/XTZ150 CROSSER ED/XTZ150 CROSSER ED;2017.0;Condutor;Lesões Leves;31.0;Masculino;0.0;1.0;0.0;0.0;-5,83176615;-35,21191342;SPRF-RN;DEL01-RN;UOP01-DEL01-RN
377267.0;843248.0;2021-08-15;domingo;12:44:00;RN;101.0;94;NATAL;Sim;Acessar a via sem observar a presença dos outros veículos;1;Colisão lateral mesmo sentido;Com Vítimas Feridas;Pleno dia;Decrescente;Céu Claro;Dupla;Reta;Sim;681878.0;Utilitário;I/TOYOTA HILUXSW4 SRV4X4/TOYOTA HILUXSW4 SRV4X4;2006.0;Condutor;Ileso;57.0;Masculino;1.0;0.0;0.0;0.0;-5,83176615;-35,21191342;SPRF-RN;DEL01-RN;UOP01-DEL01-RN
377267.0;843249.0;2021-08-15;domingo;12:44:00;RN;101.0;94;NATAL;Sim;Acessar a via sem observar a presença dos outros veículos;1;Colisão lateral mesmo sentido;Com Vítimas Feridas;Pleno dia;Decrescente;Céu Claro;Dupla;Reta;Sim;681879.0;Motocicleta;YAMAHA/XTZ150 CROSSER ED/XTZ150 CROSSER ED;2017.0;Condutor;Lesões Leves;31.0;Masculino;0.0;1.0;0.0;0.0;-5,83176615;-35,21191342;SPRF-RN;DEL01-RN;UOP01-DEL01-RN
377436.0;841590.0;2021-07-19;segunda-feira;06:50:00;RN;101.0;96,3;NATAL;Sim;Condutor deixou de manter distância do veículo da frente;1;Colisão traseira;Com Vítimas Feridas;Pleno dia;Decrescente;Céu Claro;Múltipla;Reta;Sim;682151.0;Motocicleta;Não Informado/Não Informado/Não Informado;0.0;Condutor;Lesões Leves;26.0;Masculino;0.0;1.0;0.0;0.0;-5,84949622;-35,20890752;SPRF-RN;DEL01-RN;UOP01-DEL01-RN
377436.0;841608.0;2021-07-19;segunda-feira;06:50:00;RN;101.0;96,3;NATAL;Sim;Condutor deixou de manter distância do veículo da frente;1;Colisão traseira;Com Vítimas Feridas;Pleno dia;Decrescente;Céu Claro;Múltipla;Reta;Sim;682159.0;Automóvel;Não Informado/Não Informado/Não Informado;0.0;Condutor;Não Informado;;Não Informado;0.0;0.0;0.0;0.0;-5,84949622;-35,20890752;SPRF-RN;DEL01-RN;UOP01-DEL01-RN
377600.0;842160.0;2021-08-17;terça-feira;07:35:00;RN;101.0;94;NATAL;Sim;Acessar a via sem observar a presença dos outros veículos;1;Colisão transversal;Sem Vítimas;Pleno dia;Crescente;Céu Claro;Dupla;Reta;Sim;682559.0;Automóvel;CHEVROLET/ONIX 1.0MT LT/ONIX 1.0MT LT;2018.0;Condutor;Ileso;53.0;Masculino;1.0;0.0;0.0;0.0;-5,83176615;-35,21191342;SPRF-RN;DEL01-RN;UOP01-DEL01-RN
377782.0;845722.0;2021-08-18;quarta-feira;08:00:00;RN;101.0;94;NATAL;Sim;Condutor deixou de manter distância do veículo da frente;2;Tombamento;Com Vítimas Feridas;Pleno dia;Decrescente;Céu Claro;Múltipla;Reta;Sim;683194.0;Motoneta;HONDA/PCX 150/PCX 150;2016.0;Condutor;Lesões Leves;31.0;Feminino;0.0;1.0;0.0;0.0;-5,83176615;-35,21191342;SPRF-RN;DEL01-RN;UOP01-DEL01-RN
377782.0;845725.0;2021-08-18;quarta-feira;08:00:00;RN;101.0;94;NATAL;Sim;Condutor deixou de manter distância do veículo da frente;2;Tombamento;Com Vítimas Feridas;Pleno dia;Decrescente;Céu Claro;Múltipla;Reta;Sim;683195.0;Automóvel;HYUNDAI/HB20 1.0M COMFOR/HB20 1.0M COMFOR;2018.0;Condutor;Ileso;28.0;Masculino;1.0;0.0;0.0;0.0;-5,83176615;-35,21191342;SPRF-RN;DEL01-RN;UOP01-DEL01-RN