id;pesid;data_inversa;dia_semana;horario;uf;br;km;municipio;causa_principal;causa_acidente;ordem_tipo_acidente;tipo_acidente;classificacao_acidente;fase_dia;sentido_via;condicao_metereologica;tipo_pista;tracado_via;uso_solo;id_veiculo;tipo_veiculo;marca;ano_fabricacao_veiculo;tipo_envolvido;estado_fisico;idade;sexo;ilesos;feridos_leves;feridos_graves;mortos;latitude;longitude;regional;delegacia;uop
377782.0;845722.0;2021-08-18;quarta-feira;08:00:00;RN;101.0;94;NATAL;Sim;Condutor deixou de manter distância do veículo da frente;1;Colisão traseira;Com Vítimas Feridas;Pleno dia;Decrescente;Céu Claro;Múltipla;Reta;Sim;683194.0;Motoneta;HONDA/PCX 150/PCX 150;2016.0;Condutor;Lesões Leves;31.0;Feminino;0.0;1.0;0.0;0.0;-5,83176615;-35,21191342;SPRF-RN;DEL01-RN;UOP01-DEL01-RN
377782.0;845725.0;2021-08-18;quarta-feira;08:00:00;RN;101.0;94;NATAL;Sim;Condutor deixou de manter distância do veículo da frente;1;Colisão traseira;Com Vítimas Feridas;Pleno dia;Decrescente;Céu Claro;Múltipla;Reta;Sim;683195.0;Automóvel;HYUNDAI/HB20 1.0M COMFOR/HB20 1.0M COMFOR;2018.0;Condutor;Ileso;28.0;Masculino;1.0;0.0;0.0;0.0;-5,83176615;-35,21191342;SPRF-RN;DEL01-RN;UOP01-DEL01-RN
377884.0;845019.0;2021-08-18;quarta-feira;19:00:00;RN;101.0;77,4;NATAL;Não;Demais falhas na via;3;Queda de ocupante de veículo;Com Vítimas Feridas;Plena Noite;Decrescente;Céu Claro;Dupla;Retorno Regulamentado;Sim;683187.0;Motocicleta;HONDA/CG 150 FAN ESI/CG 150 FAN ESI;2012.0;Condutor;Lesões Leves;36.0;Masculino;0.0;1.0;0.0;0.0;-5,73555139;-35,29095708;SPRF-RN;DEL02-RN;UOP01-DEL02-RN
377884.0;845013.0;2021-08-18;quarta-feira;19:00:00;RN;101.0;77,4;NATAL;Não;Demais falhas na via;3;Queda de ocupante de veículo;Com Vítimas Feridas;Plena Noite;Decrescente;Céu Claro;Dupla;Retorno Regulamentado;Sim;683186.0;Motocicleta;HONDA/CG 125 FAN KS/CG 125 FAN KS;2011.0;Condutor;Lesões Leves;22.0;Masculino;0.0;1.0;0.0;0.0;-5,73555139;-35,29095708;SPRF-RN;DEL02-RN;UOP01-DEL02-RN
377884.0;845015.0;2021-08-18;quarta-feira;19:00:00;RN;101.0;77,4;NATAL;Não;Demais falhas na via;3;Queda de ocupante de veículo;Com Vítimas Feridas;Plena Noite;Decrescente;Céu Claro;Dupla;Retorno Regulamentado;Sim;683186.0;Motocicleta;HONDA/CG 125 FAN KS/CG 125 FAN KS;2011.0;Passageiro;Lesões Leves;30.0;Masculino;0.0;1.0;0.0;0.0;-5,73555139;-35,29095708;SPRF-RN;DEL02-RN;UOP01-DEL02-RN
377884.0;845019.0;2021-08-18;quarta-feira;19:00:00;RN;101.0;77,4;NATAL;Não;Acessar a via sem observar a presença dos outros veículos;3;Queda de ocupante de veículo;Com Vítimas Feridas;Plena Noite;Decrescente;Céu Claro;Dupla;Retorno Regulamentado;Sim;683187.0;Motocicleta;HONDA/CG 150 FAN ESI/CG 150 FAN ESI;2012.0;Condutor;Lesões Leves;36.0;Masculino;0.0;1.0;0.0;0.0;-5,73555139;-35,29095708;SPRF-RN;DEL02-RN;UOP01-DEL02-RN
377884.0;845013.0;2021-08-18;quarta-feira;19:00:00;RN;101.0;77,4;NATAL;Não;Acessar a via sem observar a presença dos outros veículos;3;Queda de ocupante de veículo;Com Vítimas Feridas;Plena Noite;Decrescente;Céu Claro;Dupla;Retorno Regulamentado;Sim;683186.0;Motocicleta;HONDA/CG 125 FAN KS/CG 125 FAN KS;2011.0;Condutor;Lesões Leves;22.0;Masculino;0.0;1.0;0.0;0.0;-5,73555139;-35,29095708;SPRF-RN;DEL02-RN;UOP01-DEL02-RN
377884.0;845015.0;2021-08-18;quarta-feira;19:00:00;RN;101.0;77,4;NATAL;Não;Acessar a via sem observar a presença dos outros veículos;3;Queda de ocupante de veículo;Com Vítimas Feridas;Plena Noite;Decrescente;Céu Claro;Dupla;Retorno Regulamentado;Sim;683186.0;Motocicleta;HONDA/CG 125 FAN KS/CG 125 FAN KS;2011.0;Passageiro;Lesões Leves;30.0;Masculino;0.0;1.0;0.0;0.0;-5,73555139;-35,29095708;SPRF-RN;DEL02-RN;UOP01-DEL02-RN
377884.0;845019.0;2021-08-18;quarta-feira;19:00:00;RN;101.0;77,4;NATAL;Sim;Acesso irregular;3;Queda de ocupante de veículo;Com Vítimas Feridas;Plena Noite;Decrescente;Céu Claro;Dupla;Retorno Regulamentado;Sim;683187.0;Motocicleta;HONDA/CG 150 FAN ESI/CG 150 FAN ESI;2012.0;Condutor;Lesões Leves;36.0;Masculino;0.0;1.0;0.0;0.0;-5,73555139;-35,29095708;SPRF-RN;DEL02-RN;UOP01-DEL02-RN
377884.0;845013.0;2021-08-18;quarta-feira;19:00:00;RN;101.0;77,4;NATAL;Sim;Acesso irregular;3;Queda de ocupante de veículo;Com Vítimas Feridas;Plena Noite;Decrescente;Céu Claro;Dupla;Retorno Regulamentado;Sim;683186.0;Motocicleta;HONDA/CG 125 FAN KS/CG 125 FAN KS;2011.0;Condutor;Lesões Leves;22.0;Masculino;0.0;1.0;0.0;0.0;-5,73555139;-35,29095708;SPRF-RN;DEL02-RN;UOP01-DEL02-RN
377884.0;845015.0;2021-08-18;quarta-feira;19:00:00;RN;101.0;77,4;NATAL;Sim;Acesso irregular;3;Queda de ocupante de veículo;Com Vítimas Feridas;Plena Noite;Decrescente;Céu Claro;Dupla;Retorno Regulamentado;Sim;683186.0;Motocicleta;HONDA/CG 125 FAN KS/CG 125 FAN KS;2011.0;Passageiro;Lesões Leves;30.0;Masculino;0.0;1.0;0.0;0.0;-5,73555139;-35,29095708;SPRF-RN;DEL02-RN;UOP01-DEL02-RN
377884.0;845019.0;2021-08-18;quarta-feira;19:00:00;RN;101.0;77,4;NATAL;Não;Demais falhas na via;2;Tombamento;Com Vítimas Feridas;Plena Noite;Decrescente;Céu Claro;Dupla;Retorno Regulamentado;Sim;683187.0;Motocicleta;HONDA/CG 150 FAN ESI/CG 150 FAN ESI;2012.0;Condutor;Lesões Leves;36.0;Masculino;0.0;1.0;0.0;0.0;-5,73555139;-35,29095708;SPRF-RN;DEL02-RN;UOP01-DEL02-RN
377884.0;845013.0;2021-08-18;quarta-feira;19:00:00;RN;101.0;77,4;NATAL;Não;Demais falhas na via;2;Tombamento;Com Vítimas Feridas;Plena Noite;Decrescente;Céu Claro;Dupla;Retorno Regulamentado;Sim;683186.0;Motocicleta;HONDA/CG 125 FAN KS/CG 125 FAN KS;2011.0;Condutor;Lesões Leves;22.0;Masculino;0.0;1.0;0.0;0.0;-5,73555139;-35,29095708;SPRF-RN;DEL02-RN;UOP01-DEL02-RN
377884.0;845015.0;2021-08-18;quarta-feira;19:00:00;RN;101.0;77,4;NATAL;Não;Demais falhas na via;2;Tombamento;Com Vítimas Feridas;Plena Noite;Decrescente;Céu Claro;Dupla;Retorno Regulamentado;Sim;683186.0;Motocicleta;HONDA/CG 125 FAN KS/CG 125 FAN KS;2011.0;Passageiro;Lesões Leves;30.0;Masculino;0.0;1.0;0.0;0.0;-5,73555139;-35,29095708;SPRF-RN;DEL02-RN;UOP01-DEL02-RN
377884.0;845019.0;2021-08-18;quarta-feira;19:00:00;RN;101.0;77,4;NATAL;Não;Acessar a via sem observar a presença dos outros veículos;2;Tombamento;Com Vítimas Feridas;Plena Noite;Decrescente;Céu Claro;Dupla;Retorno Regulamentado;Sim;683187.0;Motocicleta;HONDA/CG 150 FAN ESI/CG 150 FAN ESI;2012.0;Condutor;Lesões Leves;36.0;Masculino;0.0;1.0;0.0;0.0;-5,73555139;-35,29095708;SPRF-RN;DEL02-RN;UOP01-DEL02-RN
377884.0;845013.0;2021-08-18;quarta-feira;19:00:00;RN;101.0;77,4;NATAL;Não;Acessar a via sem observar a presença dos outros veículos;2;Tombamento;Com Vítimas Feridas;Plena Noite;Decrescente;Céu Claro;Dupla;Retorno Regulamentado;Sim;683186.0;Motocicleta;HONDA/CG 125 FAN KS/CG 125 FAN KS;2011.0;Condutor;Lesões Leves;22.0;Masculino;0.0;1.0;0.0;0.0;-5,73555139;-35,29095708;SPRF-RN;DEL02-RN;UOP01-DEL02-RN
377884.0;845015.0;2021-08-18;quarta-feira;19:00:00;RN;101.0;77,4;NATAL;Não;Acessar a via sem observar a presença dos outros veículos;2;Tombamento;Com Vítimas Feridas;Plena Noite;Decrescente;Céu Claro;Dupla;Retorno Regulamentado;Sim;683186.0;Motocicleta;HONDA/CG 125 FAN KS/CG 125 FAN KS;2011.0;Passageiro;Lesões Leves;30.0;Masculino;0.0;1.0;0.0;0.0;-5,73555139;-35,29095708;SPRF-RN;DEL02-RN;UOP01-DEL02-RN
377884.0;845019.0;2021-08-18;quarta-feira;19:00:00;RN;101.0;77,4;NATAL;Sim;Acesso irregular;2;Tombamento;Com Vítimas Feridas;Plena Noite;Decrescente;Céu Claro;Dupla;Retorno Regulamentado;Sim;683187.0;Motocicleta;HONDA/CG 150 FAN ESI/CG 150 FAN ESI;2012.0;Condutor;Lesões Leves;36.0;Masculino;0.0;1.0;0.0;0.0;-5,73555139;-35,29095708;SPRF-RN;DEL02-RN;UOP01-DEL02-RN
377884.0;845013.0;2021-08-18;quarta-feira;19:00:00;RN;101.0;77,4;NATAL;Sim;Acesso irregular;2;Tombamento;Com Vítimas Feridas;Plena Noite;Decrescente;Céu Claro;Dupla;Retorno Regulamentado;Sim;683186.0;Motocicleta;HONDA/CG 125 FAN KS/CG 125 FAN KS;2011.0;Condutor;Lesões Leves;22.0;Masculino;0.0;1.0;0.0;0.0;-5,73555139;-35,29095708;SPRF-RN;DEL02-RN;UOP01-DEL02-RN
377884.0;845015.0;2021-08-18;quarta-feira;19:00:00;RN;101.0;77,4;NATAL;Sim;Acesso irregular;2;Tombamento;Com Vítimas Feridas;Plena Noite;Decrescente;Céu Claro;Dupla;Retorno Regulamentado;Sim;683186.0;Motocicleta;HONDA/CG 125 FAN KS/CG 125 FAN KS;2011.0;Passageiro;Lesões Leves;30.0;Masculino;0.0;1.0;0.0;0.0;-5,73555139;-35,29095708;SPRF-RN;DEL02-RN;UOP01-DEL02-RN
377884.0;845019.0;2021-08-18;quarta-feira;19:00:00;RN;101.0;77,4;NATAL;Não;Demais falhas na via;1;Colisão transversal;Com Vítimas Feridas;Plena Noite;Decrescente;Céu Claro;Dupla;Retorno Regulamentado;Sim;683187.0;Motocicleta;HONDA/CG 150 FAN ESI/CG 150 FAN ESI;2012.0;Condutor;Lesões Leves;36.0;Masculino;0.0;1.0;0.0;0.0;-5,73555139;-35,29095708;SPRF-RN;DEL02-RN;UOP01-DEL02-RN
377884.0;845013.0;2021-08-18;quarta-feira;19:00:00;RN;101.0;77,4;NATAL;Não;Demais falhas na via;1;Colisão transversal;Com Vítimas Feridas;Plena Noite;Decrescente;Céu Claro;Dupla;Retorno Regulamentado;Sim;683186.0;Motocicleta;HONDA/CG 125 FAN KS/CG 125 FAN KS;2011.0;Condutor;Lesões Leves;22.0;Masculino;0.0;1.0;0.0;0.0;-5,73555139;-35,29095708;SPRF-RN;DEL02-RN;UOP01-DEL02-RN
377884.0;845015.0;2021-08-18;quarta-feira;19:00:00;RN;101.0;77,4;NATAL;Não;Demais falhas na via;1;Colisão transversal;Com Vítimas Feridas;Plena Noite;Decrescente;Céu Claro;Dupla;Retorno Regulamentado;Sim;683186.0;Motocicleta;HONDA/CG 125 FAN KS/CG 125 FAN KS;2011.0;Passageiro;Lesões Leves;30.0;Masculino;0.0;1.0;0.0;0.0;-5,73555139;-35,29095708;SPRF-RN;DEL02-RN;UOP01-DEL02-RN
377884.0;845019.0;2021-08-18;quarta-feira;19:00:00;RN;101.0;77,4;NATAL;Não;Acessar a via sem observar a presença dos outros veículos;1;Colisão transversal;Com Vítimas Feridas;Plena Noite;Decrescente;Céu Claro;Dupla;Retorno Regulamentado;Sim;683187.0;Motocicleta;HONDA/CG 150 FAN ESI/CG 150 FAN ESI;2012.0;Condutor;Lesões Leves;36.0;Masculino;0.0;1.0;0.0;0.0;-5,73555139;-35,29095708;SPRF-RN;DEL02-RN;UOP01-DEL02-RN
377884.0;845013.0;2021-08-18;quarta-feira;19:00:00;RN;101.0;77,4;NATAL;Não;Acessar a via sem observar a presença dos outros veículos;1;Colisão transversal;Com Vítimas Feridas;Plena Noite;Decrescente;Céu Claro;Dupla;Retorno Regulamentado;Sim;683186.0;Motocicleta;HONDA/CG 125 FAN KS/CG 125 FAN KS;2011.0;Condutor;Lesões Leves;22.0;Masculino;0.0;1.0;0.0;0.0;-5,73555139;-35,29095708;SPRF-RN;DEL02-RN;UOP01-DEL02-RN
377884.0;845015.0;2021-08-18;quarta-feira;19:00:00;RN;101.0;77,4;NATAL;Não;Acessar a via sem observar a presença dos outros veículos;1;Colisão transversal;Com Vítimas Feridas;Plena Noite;Decrescente;Céu Claro;Dupla;Retorno Regulamentado;Sim;683186.0;Motocicleta;HONDA/CG 125 FAN KS/CG 125 FAN KS;2011.0;Passageiro;Lesões Leves;30.0;Masculino;0.0;1.0;0.0;0.0;-5,73555139;-35,29095708;SPRF-RN;DEL02-RN;UOP01-DEL02-RN
377884.0;845019.0;2021-08-18;quarta-feira;19:00:00;RN;101.0;77,4;NATAL;Sim;Acesso irregular;1;Colisão transversal;Com Vítimas Feridas;Plena Noite;Decrescente;Céu Claro;Dupla;Retorno Regulamentado;Sim;683187.0;Motocicleta;HONDA/CG 150 FAN ESI/CG 150 FAN ESI;2012.0;Condutor;Lesões Leves;36.0;Masculino;0.0;1.0;0.0;0.0;-5,73555139;-35,29095708;SPRF-RN;DEL02-RN;UOP01-DEL02-RN
377884.0;845013.0;2021-08-18;quarta-feira;19:00:00;RN;101.0;77,4;NATAL;Sim;Acesso irregular;1;Colisão transversal;Com Vítimas Feridas;Plena Noite;Decrescente;Céu Claro;Dupla;Retorno Regulamentado;Sim;683186.0;Motocicleta;HONDA/CG 125 FAN KS/CG 125 FAN KS;2011.0;Condutor;Lesões Leves;22.0;Masculino;0.0;1.0;0.0;0.0;-5,73555139;-35,29095708;SPRF-RN;DEL02-RN;UOP01-DEL02-RN
377884.0;845015.0;2021-08-18;quarta-feira;19:00:00;RN;101.0;77,4;NATAL;Sim;Acesso irregular;1;Colisão transversal;Com Vítimas Feridas;Plena Noite;Decrescente;Céu Claro;Dupla;Retorno Regulamentado;Sim;683186.0;Motocicleta;HONDA/CG 125 FAN KS/CG 125 FAN KS;2011.0;Passageiro;Lesões Leves;30.0;Masculino;0.0;1.0;0.0;0.0;-5,73555139;-35,29095708;SPRF-RN;DEL02-RN;UOP01-DEL02-RN
379258.0;847879.0;2021-08-25;quarta-feira;13:50:00;RN;101.0;98;NATAL;Sim;Condutor deixou de manter distância do veículo da frente;1;Colisão traseira;Com Vítimas Feridas;Pleno dia;Decrescente;Sol;Múltipla;Reta;Sim;685709.0;Motocicleta;HONDA/CG 150 FAN ESI/CG 150 FAN ESI;2009.0;Passageiro;Lesões Graves;43.0;Feminino;0.0;0.0;1.0;0.0;-5,86567888;-35,21651625;SPRF-RN;DEL01-RN;UOP01-DEL01-RN
379258.0;847878.0;2021-08-25;quarta-feira;13:50:00;RN;101.0;98;NATAL;Sim;Condutor deixou de manter distância do veículo da frente;1;Colisão traseira;Com Vítimas Feridas;Pleno dia;Decrescente;Sol;Múltipla;Reta;Sim;685709.0;Motocicleta;HONDA/CG 150 FAN ESI/CG 150 FAN ESI;2009.0;Condutor;Lesões Graves;41.0;Masculino;0.0;0.0;1.0;0.0;-5,86567888;-35,21651625;SPRF-RN;DEL01-RN;UOP01-DEL01-RN
379258.0;847880.0;2021-08-25;quarta-feira;13:50:00;RN;101.0;98;NATAL;Sim;Condutor deixou de manter distância do veículo da frente;1;Colisão traseira;Com Vítimas Feridas;Pleno dia;Decrescente;Sol;Múltipla;Reta;Sim;685710.0;Automóvel;VW/GOL 1.0L MC4/GOL 1.0L MC4;2019.0;Condutor;Ileso;57.0;Masculino;1.0;0.0;0.0;0.0;-5,86567888;-35,21651625;SPRF-RN;DEL01-RN;UOP01-DEL01-RN
379620.0;846762.0;2021-08-27;sexta-feira;13:40:00;RN;101.0;96;NATAL;Sim;Condutor deixou de manter distância do veículo da frente;1;Colisão transversal;Com Vítimas Feridas;Pleno dia;Decrescente;Céu Claro;Dupla;Reta;Sim;686450.0;Motocicleta;HONDA/NX 200/NX 200;2000.0;Condutor;Lesões Leves;35.0;Masculino;0.0;1.0;0.0;0.0;-5,84949622;-35,20890752;SPRF-RN;DEL01-RN;UOP01-DEL01-RN
379668.0;847500.0;2021-08-27;sexta-feira;18:30:00;RN;101.0;94;NATAL;Sim;Condutor deixou de manter distância do veículo da frente;1;Colisão traseira;Com Vítimas Feridas;Plena Noite;Crescente;Céu Claro;Múltipla;Curva;Sim;687154.0;Motocicleta;HONDA/CG 160 START/CG 160 START;2019.0;Condutor;Lesões Leves;49.0;Masculino;0.0;1.0;0.0;0.0;-5,8263977;-35,21108508;SPRF-RN;DEL01-RN;UOP01-DEL01-RN
379668.0;847501.0;2021-08-27;sexta-feira;18:30:00;RN;101.0;94;NATAL;Sim;Condutor deixou de manter distância do veículo da frente;1;Colisão traseira;Com Vítimas Feridas;Plena Noite;Crescente;Céu Claro;Múltipla;Curva;Sim;687155.0;Automóvel;PEUGEOT/206 SOLEIL/206 SOLEIL;2003.0;Condutor;Ileso;32.0;Masculino;1.0;0.0;0.0;0.0;-5,8263977;-35,21108508;SPRF-RN;DEL01-RN;UOP01-DEL01-RN
379726.0;848225.0;2021-08-28;sábado;03:10:00;RN;101.0;95;NATAL;Sim;Condutor usando celular;1;Colisão com objeto;Com Vítimas Feridas;Plena Noite;Decrescente;Céu Claro;Múltipla;Reta;Sim;687803.0;Automóvel;GM/PRISMA MAXX/PRISMA MAXX;2010.0;Condutor;Lesões Leves;24.0;Feminino;0.0;1.0;0.0;0.0;-5,84076841;-35,21035949;SPRF-RN;DEL01-RN;UOP01-DEL01-RN
379726.0;848226.0;2021-08-28;sábado;03:10:00;RN;101.0;95;NATAL;Sim;Condutor usando celular;1;Colisão com objeto;Com Vítimas Feridas;Plena Noite;Decrescente;Céu Claro;Múltipla;Reta;Sim;687803.0;Automóvel;GM/PRISMA MAXX/PRISMA MAXX;2010.0;Passageiro;Lesões Leves;24.0;Masculino;0.0;1.0;0.0;0.0;-5,84076841;-35,21035949;SPRF-RN;DEL01-RN;UOP01-DEL01-RN
379731.0;848524.0;2021-08-28;sábado;04:19:00;RN;101.0;94;NATAL;Sim;Ausência de reação do condutor;1;Saída de leito carroçável;Sem Vítimas;Plena Noite;Crescente;Céu Claro;Dupla;Curva;Sim;686653.0;Utilitário;I/MMC PAJERO HPE 3.2 D/MMC PAJERO HPE 3.2 D;2013.0;Condutor;Ileso;45.0;Masculino;1.0;0.0;0.0;0.0;-5,82889044;-35,2111119;SPRF-RN;DEL01-RN;UOP01-DEL01-RN
379731.0;848524.0;2021-08-28;sábado;04:19:00;RN;101.0;94;NATAL;Não;Ingestão de álcool pelo condutor;1;Saída de leito carroçável;Sem Vítimas;Plena Noite;Crescente;Céu Claro;Dupla;Curva;Sim;686653.0;Utilitário;I/MMC PAJERO HPE 3.2 D/MMC PAJERO HPE 3.2 D;2013.0;Condutor;Ileso;45.0;Masculino;1.0;0.0;0.0;0.0;-5,82889044;-35,2111119;SPRF-RN;DEL01-RN;UOP01-DEL01-RN
380358.0;852260.0;2021-08-30;segunda-feira;19:10:00;RN;101.0;79;NATAL;Sim;Transitar na contramão;3;Queda de ocupante de veículo;Com Vítimas Feridas;Plena Noite;Decrescente;Céu Claro;Dupla;Reta;Sim;687863.0;Bicicleta;Não Informado/Não Informado/Não Informado;0.0;Condutor;Lesões Graves;;Masculino;0.0;0.0;1.0;0.0;-5,74962896;-35,28918369;SPRF-RN;DEL02-RN;UOP01-DEL02-RN
380358.0;852259.0;2021-08-30;segunda-feira;19:10:00;RN;101.0;79;NATAL;Sim;Transitar na contramão;3;Queda de ocupante de veículo;Com Vítimas Feridas;Plena Noite;Decrescente;Céu Claro;Dupla;Reta;Sim;687862.0;Caminhão;FORD/CARGO 1119/CARGO 1119;2018.0;Condutor;Ileso;38.0;Masculino;1.0;0.0;0.0;0.0;-5,74962896;-35,28918369;SPRF-RN;DEL02-RN;UOP01-DEL02-RN
380358.0;852260.0;2021-08-30;segunda-feira;19:10:00;RN;101.0;79;NATAL;Sim;Transitar na contramão;2;Tombamento;Com Vítimas Feridas;Plena Noite;Decrescente;Céu Claro;Dupla;Reta;Sim;687863.0;Bicicleta;Não Informado/Não Informado/Não Informado;0.0;Condutor;Lesões Graves;;Masculino;0.0;0.0;1.0;0.0;-5,74962896;-35,28918369;SPRF-RN;DEL02-RN;UOP01-DEL02-RN
380358.0;852259.0;2021-08-30;segunda-feira;19:10:00;RN;101.0;79;NATAL;Sim;Transitar na contramão;2;Tombamento;Com Vítimas Feridas;Plena Noite;Decrescente;Céu Claro;Dupla;Reta;Sim;687862.0;Caminhão;FORD/CARGO 1119/CARGO 1119;2018.0;Condutor;Ileso;38.0;Masculino;1.0;0.0;0.0;0.0;-5,74962896;-35,28918369;SPRF-RN;DEL02-RN;UOP01-DEL02-RN
380358.0;852260.0;2021-08-30;segunda-feira;19:10:00;RN;101.0;79;NATAL;Sim;Transitar na contramão;1;Colisão frontal;Com Vítimas Feridas;Plena Noite;Decrescente;Céu Claro;Dupla;Reta;Sim;687863.0;Bicicleta;Não Informado/Não Informado/Não Informado;0.0;Condutor;Lesões Graves;;Masculino;0.0;0.0;1.0;0.0;-5,74962896;-35,28918369;SPRF-RN;DEL02-RN;UOP01-DEL02-RN
380358.0;852259.0;2021-08-30;segunda-feira;19:10:00;RN;101.0;79;NATAL;Sim;Transitar na contramão;1;Colisão frontal;Com Vítimas Feridas;Plena Noite;Decrescente;Céu Claro;Dupla;Reta;Sim;687862.0;Caminhão;FORD/CARGO 1119/CARGO 1119;2018.0;Condutor;Ileso;38.0;Masculino;1.0;0.0;0.0;0.0;-5,74962896;-35,28918369;SPRF-RN;DEL02-RN;UOP01-DEL02-RN
380556.0;848813.0;2021-08-31;terça-feira;19:54:00;RN;101.0;77,9;NATAL;Sim;Animais na Pista;1;Atropelamento de Animal;Sem Vítimas;Plena Noite;Decrescente;Céu Claro;Dupla;Reta;Sim;688232.0;Automóvel;VW/VOYAGE TL MB/VOYAGE TL MB;2015.0;Condutor;Ileso;45.0;Masculino;1.0;0.0;0.0;0.0;-5,73180495;-35,29112135;SPRF-RN;DEL02-RN;UOP01-DEL02-RN
380630.0;853068.0;2021-09-01;quarta-feira;06:25:00;RN;101.0;95,9;NATAL;Sim;Condutor deixou de manter distância do veículo da frente;1;Colisão traseira;Sem Vítimas;Pleno dia;Decrescente;Garoa/Chuvisco;Múltipla;Reta;Sim;688660.0;Ônibus;M.BENZ/MPOLO SENIOR ON/MPOLO SENIOR ON;2010.0;Condutor;Ileso;38.0;Masculino;1.0;0.0;0.0;0.0;-5,84639932;-35,20828485;SPRF-RN;DEL01-RN;UOP01-DEL01-RN
380630.0;853071.0;2021-09-01;quarta-feira;06:25:00;RN;101.0;95,9;NATAL;Sim;Condutor deixou de manter distância do veículo da frente;1;Colisão traseira;Sem Vítimas;Pleno dia;Decrescente;Garoa/Chuvisco;Múltipla;Reta;Sim;688661.0;Motocicleta;HONDA/CG 125 FAN ES/CG 125 FAN ES;2010.0;Condutor;Ileso;35.0;Masculino;1.0;0.0;0.0;0.0;-5,84639932;-35,20828485;SPRF-RN;DEL01-RN;UOP01-DEL01-RN
380675.0;849130.0;2021-09-01;quarta-feira;11:20:00;RN;101.0;83,9;NATAL;Sim;Manobra de mudança de faixa;3;Queda de ocupante de veículo;Com Vítimas Feridas;Pleno dia;Decrescente;Céu Claro;Dupla;Reta;Sim;688450.0;Motocicleta;HONDA/NXR150 BROS ES/NXR150 BROS ES;2012.0;Condutor;Lesões Leves;52.0;Masculino;0.0;1.0;0.0;0.0;-5,7710445;-35,26616981;SPRF-RN;DEL02-RN;UOP01-DEL02-RN
380675.0;849131.0;2021-09-01;quarta-feira;11:20:00;RN;101.0;83,9;NATAL;Sim;Manobra de mudança de faixa;3;Queda de ocupante de veículo;Com Vítimas Feridas;Pleno dia;Decrescente;Céu Claro;Dupla;Reta;Sim;688451.0;Caminhão;VW/17.250 E-TRATOR/17.250 E-TRATOR;2006.0;Condutor;Ileso;47.0;Masculino;1.0;0.0;0.0;0.0;-5,7710445;-35,26616981;SPRF-RN;DEL02-RN;UOP01-DEL02-RN
380675.0;849130.0;2021-09-01;quarta-feira;11:20:00;RN;101.0;83,9;NATAL;Sim;Manobra de mudança de faixa;2;Tombamento;Com Vítimas Feridas;Pleno dia;Decrescente;Céu Claro;Dupla;Reta;Sim;688450.0;Motocicleta;HONDA/NXR150 BROS ES/NXR150 BROS ES;2012.0;Condutor;Lesões Leves;52.0;Masculino;0.0;1.0;0.0;0.0;-5,7710445;-35,26616981;SPRF-RN;DEL02-RN;UOP01-DEL02-RN
380675.0;849131.0;2021-09-01;quarta-feira;11:20:00;RN;101.0;83,9;NATAL;Sim;Manobra de mudança de faixa;2;Tombamento;Com Vítimas Feridas;Pleno dia;Decrescente;Céu Claro;Dupla;Reta;Sim;688451.0;Caminhão;VW/17.250 E-TRATOR/17.250 E-TRATOR;2006.0;Condutor;Ileso;47.0;Masculino;1.0;0.0;0.0;0.0;-5,7710445;-35,26616981;SPRF-RN;DEL02-RN;UOP01-DEL02-RN
380675.0;849130.0;2021-09-01;quarta-feira;11:20:00;RN;101.0;83,9;NATAL;Sim;Manobra de mudança de faixa;1;Colisão lateral mesmo sentido;Com Vítimas Feridas;Pleno dia;Decrescente;Céu Claro;Dupla;Reta;Sim;688450.0;Motocicleta;HONDA/NXR150 BROS ES/NXR150 BROS ES;2012.0;Condutor;Lesões Leves;52.0;Masculino;0.0;1.0;0.0;0.0;-5,7710445;-35,26616981;SPRF-RN;DEL02-RN;UOP01-DEL02-RN
380675.0;849131.0;2021-09-01;quarta-feira;11:20:00;RN;101.0;83,9;NATAL;Sim;Manobra de mudança de faixa;1;Colisão lateral mesmo sentido;Com Vítimas Feridas;Pleno dia;Decrescente;Céu Claro;Dupla;Reta;Sim;688451.0;Caminhão;VW/17.250 E-TRATOR/17.250 E-TRATOR;2006.0;Condutor;Ileso;47.0;Masculino;1.0;0.0;0.0;0.0;-5,7710445;-35,26616981;SPRF-RN;DEL02-RN;UOP01-DEL02-RN
380678.0;849100.0;2021-09-01;quarta-feira;11:35:00;RN;101.0;82;NATAL;Sim;Pedestre cruzava a pista fora da faixa;3;Queda de ocupante de veículo;Com Vítimas Feridas;Pleno dia;Decrescente;Céu Claro;Dupla;Reta;Sim;688436.0;Motocicleta;YAMAHA/XTZ150 CROSSER ED/XTZ150 CROSSER ED;2017.0;Condutor;Lesões Leves;28.0;Masculino;0.0;1.0;0.0;0.0;-5,76791511;-35,27456305;SPRF-RN;DEL02-RN;UOP01-DEL02-RN
380678.0;849103.0;2021-09-01;quarta-feira;11:35:00;RN;101.0;82;NATAL;Sim;Pedestre cruzava a pista fora da faixa;3;Queda de ocupante de veículo;Com Vítimas Feridas;Pleno dia;Decrescente;Céu Claro;Dupla;Reta;Sim;;;NA/NA/NA;;Pedestre;Lesões Leves;73.0;Feminino;0.0;1.0;0.0;0.0;-5,76791511;-35,27456305;SPRF-RN;DEL02-RN;UOP01-DEL02-RN