id;pesid;data_inversa;dia_semana;horario;uf;br;km;municipio;causa_principal;causa_acidente;ordem_tipo_acidente;tipo_acidente;classificacao_acidente;fase_dia;sentido_via;condicao_metereologica;tipo_pista;tracado_via;uso_solo;id_veiculo;tipo_veiculo;marca;ano_fabricacao_veiculo;tipo_envolvido;estado_fisico;idade;sexo;ilesos;feridos_leves;feridos_graves;mortos;latitude;longitude;regional;delegacia;uop
383288.0;855150.0;2021-09-13;segunda-feira;11:45:00;RN;101.0;82,1;NATAL;Sim;Manobra de mudança de faixa;1;Engavetamento;Com Vítimas Feridas;Pleno dia;Decrescente;Nublado;Dupla;Reta;Sim;693218.0;Automóvel;GM/ZAFIRA COMFORT/ZAFIRA COMFORT;2008.0;Condutor;Ileso;40.0;Masculino;1.0;0.0;0.0;0.0;-5,76791511;-35,27456305;SPRF-RN;DEL02-RN;UOP01-DEL02-RN
383288.0;855151.0;2021-09-13;segunda-feira;11:45:00;RN;101.0;82,1;NATAL;Sim;Manobra de mudança de faixa;1;Engavetamento;Com Vítimas Feridas;Pleno dia;Decrescente;Nublado;Dupla;Reta;Sim;693219.0;Motocicleta;HONDA/CG 125 FAN KS/CG 125 FAN KS;2010.0;Condutor;Ileso;34.0;Masculino;1.0;0.0;0.0;0.0;-5,76791511;-35,27456305;SPRF-RN;DEL02-RN;UOP01-DEL02-RN
383691.0;856001.0;2021-09-15;quarta-feira;17:20:00;RN;226.0;2;NATAL;Sim;Acessar a via sem observar a presença dos outros veículos;1;Colisão transversal;Com Vítimas Feridas;Anoitecer;Decrescente;Chuva;Simples;Em Obras;Sim;693994.0;Automóvel;I/NISSAN VERSA 16SV FLEX/NISSAN VERSA 16SV FLEX;2011.0;Condutor;Ileso;35.0;Masculino;1.0;0.0;0.0;0.0;-5,81364934;-35,2466547;SPRF-RN;DEL01-RN;UOP02-DEL01-RN
383691.0;856002.0;2021-09-15;quarta-feira;17:20:00;RN;226.0;2;NATAL;Sim;Acessar a via sem observar a presença dos outros veículos;1;Colisão transversal;Com Vítimas Feridas;Anoitecer;Decrescente;Chuva;Simples;Em Obras;Sim;693995.0;Automóvel;GM/CELTA 4P LIFE/CELTA 4P LIFE;2009.0;Condutor;Lesões Leves;38.0;Masculino;0.0;1.0;0.0;0.0;-5,81364934;-35,2466547;SPRF-RN;DEL01-RN;UOP02-DEL01-RN
383691.0;857950.0;2021-09-15;quarta-feira;17:20:00;RN;226.0;2;NATAL;Sim;Acessar a via sem observar a presença dos outros veículos;1;Colisão transversal;Com Vítimas Feridas;Anoitecer;Decrescente;Chuva;Simples;Em Obras;Sim;693995.0;Automóvel;GM/CELTA 4P LIFE/CELTA 4P LIFE;2009.0;Passageiro;Ileso;43.0;Feminino;1.0;0.0;0.0;0.0;-5,81364934;-35,2466547;SPRF-RN;DEL01-RN;UOP02-DEL01-RN
383691.0;856004.0;2021-09-15;quarta-feira;17:20:00;RN;226.0;2;NATAL;Sim;Acessar a via sem observar a presença dos outros veículos;1;Colisão transversal;Com Vítimas Feridas;Anoitecer;Decrescente;Chuva;Simples;Em Obras;Sim;693996.0;Micro-ônibus;MARCOPOLO/VOLARE A5 MO/VOLARE A5 MO;2005.0;Condutor;Ileso;40.0;Masculino;1.0;0.0;0.0;0.0;-5,81364934;-35,2466547;SPRF-RN;DEL01-RN;UOP02-DEL01-RN
383821.0;858137.0;2021-09-16;quinta-feira;09:00:00;RN;226.0;4,6;NATAL;Não;Acessar a via sem observar a presença dos outros veículos;2;Queda de ocupante de veículo;Com Vítimas Feridas;Pleno dia;Crescente;Céu Claro;Simples;Reta;Sim;694405.0;Bicicleta;Não Informado/Não Informado/Não Informado;0.0;Condutor;Lesões Graves;65.0;Masculino;0.0;0.0;1.0;0.0;-5,81958318;-35,26544994;SPRF-RN;DEL01-RN;UOP02-DEL01-RN
383821.0;858129.0;2021-09-16;quinta-feira;09:00:00;RN;226.0;4,6;NATAL;Não;Acessar a via sem observar a presença dos outros veículos;2;Queda de ocupante de veículo;Com Vítimas Feridas;Pleno dia;Crescente;Céu Claro;Simples;Reta;Sim;694404.0;Caminhão;VW/8.150/8.150;2003.0;Condutor;Ileso;56.0;Masculino;1.0;0.0;0.0;0.0;-5,81958318;-35,26544994;SPRF-RN;DEL01-RN;UOP02-DEL01-RN
383821.0;858137.0;2021-09-16;quinta-feira;09:00:00;RN;226.0;4,6;NATAL;Sim;Reação tardia ou ineficiente do condutor;2;Queda de ocupante de veículo;Com Vítimas Feridas;Pleno dia;Crescente;Céu Claro;Simples;Reta;Sim;694405.0;Bicicleta;Não Informado/Não Informado/Não Informado;0.0;Condutor;Lesões Graves;65.0;Masculino;0.0;0.0;1.0;0.0;-5,81958318;-35,26544994;SPRF-RN;DEL01-RN;UOP02-DEL01-RN
383821.0;858129.0;2021-09-16;quinta-feira;09:00:00;RN;226.0;4,6;NATAL;Sim;Reação tardia ou ineficiente do condutor;2;Queda de ocupante de veículo;Com Vítimas Feridas;Pleno dia;Crescente;Céu Claro;Simples;Reta;Sim;694404.0;Caminhão;VW/8.150/8.150;2003.0;Condutor;Ileso;56.0;Masculino;1.0;0.0;0.0;0.0;-5,81958318;-35,26544994;SPRF-RN;DEL01-RN;UOP02-DEL01-RN
383821.0;858137.0;2021-09-16;quinta-feira;09:00:00;RN;226.0;4,6;NATAL;Não;Declive acentuado;2;Queda de ocupante de veículo;Com Vítimas Feridas;Pleno dia;Crescente;Céu Claro;Simples;Reta;Sim;694405.0;Bicicleta;Não Informado/Não Informado/Não Informado;0.0;Condutor;Lesões Graves;65.0;Masculino;0.0;0.0;1.0;0.0;-5,81958318;-35,26544994;SPRF-RN;DEL01-RN;UOP02-DEL01-RN
383821.0;858129.0;2021-09-16;quinta-feira;09:00:00;RN;226.0;4,6;NATAL;Não;Declive acentuado;2;Queda de ocupante de veículo;Com Vítimas Feridas;Pleno dia;Crescente;Céu Claro;Simples;Reta;Sim;694404.0;Caminhão;VW/8.150/8.150;2003.0;Condutor;Ileso;56.0;Masculino;1.0;0.0;0.0;0.0;-5,81958318;-35,26544994;SPRF-RN;DEL01-RN;UOP02-DEL01-RN
383821.0;858137.0;2021-09-16;quinta-feira;09:00:00;RN;226.0;4,6;NATAL;Não;Acessar a via sem observar a presença dos outros veículos;1;Colisão transversal;Com Vítimas Feridas;Pleno dia;Crescente;Céu Claro;Simples;Reta;Sim;694405.0;Bicicleta;Não Informado/Não Informado/Não Informado;0.0;Condutor;Lesões Graves;65.0;Masculino;0.0;0.0;1.0;0.0;-5,81958318;-35,26544994;SPRF-RN;DEL01-RN;UOP02-DEL01-RN
383821.0;858129.0;2021-09-16;quinta-feira;09:00:00;RN;226.0;4,6;NATAL;Não;Acessar a via sem observar a presença dos outros veículos;1;Colisão transversal;Com Vítimas Feridas;Pleno dia;Crescente;Céu Claro;Simples;Reta;Sim;694404.0;Caminhão;VW/8.150/8.150;2003.0;Condutor;Ileso;56.0;Masculino;1.0;0.0;0.0;0.0;-5,81958318;-35,26544994;SPRF-RN;DEL01-RN;UOP02-DEL01-RN
383821.0;858137.0;2021-09-16;quinta-feira;09:00:00;RN;226.0;4,6;NATAL;Sim;Reação tardia ou ineficiente do condutor;1;Colisão transversal;Com Vítimas Feridas;Pleno dia;Crescente;Céu Claro;Simples;Reta;Sim;694405.0;Bicicleta;Não Informado/Não Informado/Não Informado;0.0;Condutor;Lesões Graves;65.0;Masculino;0.0;0.0;1.0;0.0;-5,81958318;-35,26544994;SPRF-RN;DEL01-RN;UOP02-DEL01-RN
383821.0;858129.0;2021-09-16;quinta-feira;09:00:00;RN;226.0;4,6;NATAL;Sim;Reação tardia ou ineficiente do condutor;1;Colisão transversal;Com Vítimas Feridas;Pleno dia;Crescente;Céu Claro;Simples;Reta;Sim;694404.0;Caminhão;VW/8.150/8.150;2003.0;Condutor;Ileso;56.0;Masculino;1.0;0.0;0.0;0.0;-5,81958318;-35,26544994;SPRF-RN;DEL01-RN;UOP02-DEL01-RN
383821.0;858137.0;2021-09-16;quinta-feira;09:00:00;RN;226.0;4,6;NATAL;Não;Declive acentuado;1;Colisão transversal;Com Vítimas Feridas;Pleno dia;Crescente;Céu Claro;Simples;Reta;Sim;694405.0;Bicicleta;Não Informado/Não Informado/Não Informado;0.0;Condutor;Lesões Graves;65.0;Masculino;0.0;0.0;1.0;0.0;-5,81958318;-35,26544994;SPRF-RN;DEL01-RN;UOP02-DEL01-RN
383821.0;858129.0;2021-09-16;quinta-feira;09:00:00;RN;226.0;4,6;NATAL;Não;Declive acentuado;1;Colisão transversal;Com Vítimas Feridas;Pleno dia;Crescente;Céu Claro;Simples;Reta;Sim;694404.0;Caminhão;VW/8.150/8.150;2003.0;Condutor;Ileso;56.0;Masculino;1.0;0.0;0.0;0.0;-5,81958318;-35,26544994;SPRF-RN;DEL01-RN;UOP02-DEL01-RN
384808.0;858518.0;2021-09-20;segunda-feira;20:10:00;RN;101.0;83;NATAL;Sim;Transitar na contramão;2;Queda de ocupante de veículo;Com Vítimas Feridas;Plena Noite;Decrescente;Céu Claro;Dupla;Interseção de Vias;Sim;696134.0;Bicicleta;Não Informado/Não Informado/Não Informado;0.0;Condutor;Lesões Leves;29.0;Masculino;0.0;1.0;0.0;0.0;-5,7710445;-35,26616981;SPRF-RN;DEL02-RN;UOP01-DEL02-RN
384808.0;858515.0;2021-09-20;segunda-feira;20:10:00;RN;101.0;83;NATAL;Sim;Transitar na contramão;2;Queda de ocupante de veículo;Com Vítimas Feridas;Plena Noite;Decrescente;Céu Claro;Dupla;Interseção de Vias;Sim;696033.0;Motocicleta;YAMAHA/YS150 FAZER SED/YS150 FAZER SED;2013.0;Condutor;Lesões Leves;22.0;Masculino;0.0;1.0;0.0;0.0;-5,7710445;-35,26616981;SPRF-RN;DEL02-RN;UOP01-DEL02-RN
384808.0;858516.0;2021-09-20;segunda-feira;20:10:00;RN;101.0;83;NATAL;Sim;Transitar na contramão;2;Queda de ocupante de veículo;Com Vítimas Feridas;Plena Noite;Decrescente;Céu Claro;Dupla;Interseção de Vias;Sim;696033.0;Motocicleta;YAMAHA/YS150 FAZER SED/YS150 FAZER SED;2013.0;Passageiro;Lesões Leves;23.0;Feminino;0.0;1.0;0.0;0.0;-5,7710445;-35,26616981;SPRF-RN;DEL02-RN;UOP01-DEL02-RN
384808.0;858518.0;2021-09-20;segunda-feira;20:10:00;RN;101.0;83;NATAL;Sim;Transitar na contramão;1;Colisão frontal;Com Vítimas Feridas;Plena Noite;Decrescente;Céu Claro;Dupla;Interseção de Vias;Sim;696134.0;Bicicleta;Não Informado/Não Informado/Não Informado;0.0;Condutor;Lesões Leves;29.0;Masculino;0.0;1.0;0.0;0.0;-5,7710445;-35,26616981;SPRF-RN;DEL02-RN;UOP01-DEL02-RN
384808.0;858515.0;2021-09-20;segunda-feira;20:10:00;RN;101.0;83;NATAL;Sim;Transitar na contramão;1;Colisão frontal;Com Vítimas Feridas;Plena Noite;Decrescente;Céu Claro;Dupla;Interseção de Vias;Sim;696033.0;Motocicleta;YAMAHA/YS150 FAZER SED/YS150 FAZER SED;2013.0;Condutor;Lesões Leves;22.0;Masculino;0.0;1.0;0.0;0.0;-5,7710445;-35,26616981;SPRF-RN;DEL02-RN;UOP01-DEL02-RN
384808.0;858516.0;2021-09-20;segunda-feira;20:10:00;RN;101.0;83;NATAL;Sim;Transitar na contramão;1;Colisão frontal;Com Vítimas Feridas;Plena Noite;Decrescente;Céu Claro;Dupla;Interseção de Vias;Sim;696033.0;Motocicleta;YAMAHA/YS150 FAZER SED/YS150 FAZER SED;2013.0;Passageiro;Lesões Leves;23.0;Feminino;0.0;1.0;0.0;0.0;-5,7710445;-35,26616981;SPRF-RN;DEL02-RN;UOP01-DEL02-RN
385009.0;861701.0;2021-09-22;quarta-feira;07:05:00;RN;101.0;97;NATAL;Sim;Manobra de mudança de faixa;2;Queda de ocupante de veículo;Com Vítimas Feridas;Pleno dia;Decrescente;Sol;Múltipla;Reta;Sim;696474.0;Bicicleta;Não Informado/Não Informado/Não Informado;0.0;Condutor;Lesões Leves;21.0;Masculino;0.0;1.0;0.0;0.0;-5,85758898;-35,21271205;SPRF-RN;DEL01-RN;UOP01-DEL01-RN
385009.0;861698.0;2021-09-22;quarta-feira;07:05:00;RN;101.0;97;NATAL;Sim;Manobra de mudança de faixa;2;Queda de ocupante de veículo;Com Vítimas Feridas;Pleno dia;Decrescente;Sol;Múltipla;Reta;Sim;696473.0;Automóvel;FIAT/MOBI LIKE/MOBI LIKE;2017.0;Condutor;Não Informado;;Não Informado;0.0;0.0;0.0;0.0;-5,85758898;-35,21271205;SPRF-RN;DEL01-RN;UOP01-DEL01-RN
385009.0;861701.0;2021-09-22;quarta-feira;07:05:00;RN;101.0;97;NATAL;Sim;Manobra de mudança de faixa;1;Colisão traseira;Com Vítimas Feridas;Pleno dia;Decrescente;Sol;Múltipla;Reta;Sim;696474.0;Bicicleta;Não Informado/Não Informado/Não Informado;0.0;Condutor;Lesões Leves;21.0;Masculino;0.0;1.0;0.0;0.0;-5,85758898;-35,21271205;SPRF-RN;DEL01-RN;UOP01-DEL01-RN
385009.0;861698.0;2021-09-22;quarta-feira;07:05:00;RN;101.0;97;NATAL;Sim;Manobra de mudança de faixa;1;Colisão traseira;Com Vítimas Feridas;Pleno dia;Decrescente;Sol;Múltipla;Reta;Sim;696473.0;Automóvel;FIAT/MOBI LIKE/MOBI LIKE;2017.0;Condutor;Não Informado;;Não Informado;0.0;0.0;0.0;0.0;-5,85758898;-35,21271205;SPRF-RN;DEL01-RN;UOP01-DEL01-RN
385461.0;860337.0;2021-09-24;sexta-feira;16:04:00;RN;101.0;98,9;NATAL;Sim;Acessar a via sem observar a presença dos outros veículos;1;Colisão traseira;Sem Vítimas;Pleno dia;Crescente;Céu Claro;Múltipla;Reta;Sim;697410.0;Automóvel;HYUNDAI/HB20STA DIAMON/HB20STA DIAMON;2021.0;Condutor;Ileso;50.0;Masculino;1.0;0.0;0.0;0.0;-5,86567888;-35,21651625;SPRF-RN;DEL01-RN;UOP01-DEL01-RN
385461.0;860338.0;2021-09-24;sexta-feira;16:04:00;RN;101.0;98,9;NATAL;Sim;Acessar a via sem observar a presença dos outros veículos;1;Colisão traseira;Sem Vítimas;Pleno dia;Crescente;Céu Claro;Múltipla;Reta;Sim;697410.0;Automóvel;HYUNDAI/HB20STA DIAMON/HB20STA DIAMON;2021.0;Passageiro;Ileso;43.0;Feminino;1.0;0.0;0.0;0.0;-5,86567888;-35,21651625;SPRF-RN;DEL01-RN;UOP01-DEL01-RN
385461.0;860339.0;2021-09-24;sexta-feira;16:04:00;RN;101.0;98,9;NATAL;Sim;Acessar a via sem observar a presença dos outros veículos;1;Colisão traseira;Sem Vítimas;Pleno dia;Crescente;Céu Claro;Múltipla;Reta;Sim;697563.0;Automóvel;FIAT/UNO MILLE ECONOMY/UNO MILLE ECONOMY;2012.0;Condutor;Ileso;34.0;Feminino;1.0;0.0;0.0;0.0;-5,86567888;-35,21651625;SPRF-RN;DEL01-RN;UOP01-DEL01-RN
386364.0;864056.0;2021-09-28;terça-feira;20:45:00;RN;101.0;97;NATAL;Sim;Demais falhas na via;1;Tombamento;Com Vítimas Feridas;Plena Noite;Crescente;Céu Claro;Dupla;Reta;Sim;699049.0;Motocicleta;HONDA/CG 125 FAN ES/CG 125 FAN ES;2011.0;Condutor;Lesões Leves;29.0;Masculino;0.0;1.0;0.0;0.0;-5,85745526;-35,21287183;SPRF-RN;DEL01-RN;UOP01-DEL01-RN
386364.0;864061.0;2021-09-28;terça-feira;20:45:00;RN;101.0;97;NATAL;Sim;Demais falhas na via;1;Tombamento;Com Vítimas Feridas;Plena Noite;Crescente;Céu Claro;Dupla;Reta;Sim;699049.0;Motocicleta;HONDA/CG 125 FAN ES/CG 125 FAN ES;2011.0;Passageiro;Lesões Leves;25.0;Masculino;0.0;1.0;0.0;0.0;-5,85745526;-35,21287183;SPRF-RN;DEL01-RN;UOP01-DEL01-RN
386417.0;862277.0;2021-09-29;quarta-feira;08:30:00;RN;101.0;95;NATAL;Sim;Manobra de mudança de faixa;3;Queda de ocupante de veículo;Com Vítimas Feridas;Pleno dia;Crescente;Céu Claro;Dupla;Viaduto;Sim;699181.0;Automóvel;GM/PRISMA MAXX/PRISMA MAXX;2009.0;Condutor;Ileso;35.0;Masculino;1.0;0.0;0.0;0.0;-5,84076841;-35,21035949;SPRF-RN;DEL01-RN;UOP01-DEL01-RN
386417.0;862284.0;2021-09-29;quarta-feira;08:30:00;RN;101.0;95;NATAL;Sim;Manobra de mudança de faixa;3;Queda de ocupante de veículo;Com Vítimas Feridas;Pleno dia;Crescente;Céu Claro;Dupla;Viaduto;Sim;699182.0;Motocicleta;YAMAHA/YBR125 FACTOR K1/YBR125 FACTOR K1;2013.0;Condutor;Lesões Leves;37.0;Masculino;0.0;1.0;0.0;0.0;-5,84076841;-35,21035949;SPRF-RN;DEL01-RN;UOP01-DEL01-RN
386417.0;862277.0;2021-09-29;quarta-feira;08:30:00;RN;101.0;95;NATAL;Sim;Manobra de mudança de faixa;2;Tombamento;Com Vítimas Feridas;Pleno dia;Crescente;Céu Claro;Dupla;Viaduto;Sim;699181.0;Automóvel;GM/PRISMA MAXX/PRISMA MAXX;2009.0;Condutor;Ileso;35.0;Masculino;1.0;0.0;0.0;0.0;-5,84076841;-35,21035949;SPRF-RN;DEL01-RN;UOP01-DEL01-RN
386417.0;862284.0;2021-09-29;quarta-feira;08:30:00;RN;101.0;95;NATAL;Sim;Manobra de mudança de faixa;2;Tombamento;Com Vítimas Feridas;Pleno dia;Crescente;Céu Claro;Dupla;Viaduto;Sim;699182.0;Motocicleta;YAMAHA/YBR125 FACTOR K1/YBR125 FACTOR K1;2013.0;Condutor;Lesões Leves;37.0;Masculino;0.0;1.0;0.0;0.0;-5,84076841;-35,21035949;SPRF-RN;DEL01-RN;UOP01-DEL01-RN
386417.0;862277.0;2021-09-29;quarta-feira;08:30:00;RN;101.0;95;NATAL;Sim;Manobra de mudança de faixa;1;Colisão lateral mesmo sentido;Com Vítimas Feridas;Pleno dia;Crescente;Céu Claro;Dupla;Viaduto;Sim;699181.0;Automóvel;GM/PRISMA MAXX/PRISMA MAXX;2009.0;Condutor;Ileso;35.0;Masculino;1.0;0.0;0.0;0.0;-5,84076841;-35,21035949;SPRF-RN;DEL01-RN;UOP01-DEL01-RN
386417.0;862284.0;2021-09-29;quarta-feira;08:30:00;RN;101.0;95;NATAL;Sim;Manobra de mudança de faixa;1;Colisão lateral mesmo sentido;Com Vítimas Feridas;Pleno dia;Crescente;Céu Claro;Dupla;Viaduto;Sim;699182.0;Motocicleta;YAMAHA/YBR125 FACTOR K1/YBR125 FACTOR K1;2013.0;Condutor;Lesões Leves;37.0;Masculino;0.0;1.0;0.0;0.0;-5,84076841;-35,21035949;SPRF-RN;DEL01-RN;UOP01-DEL01-RN
387706.0;865732.0;2021-10-05;terça-feira;09:10:00;RN;101.0;98;NATAL;Sim;Ausência de reação do condutor;1;Colisão traseira;Com Vítimas Feridas;Pleno dia;Decrescente;Céu Claro;Múltipla;Aclive;Sim;701763.0;Automóvel;PEUGEOT/208 ACTIVE/208 ACTIVE;2013.0;Condutor;Ileso;38.0;Masculino;1.0;0.0;0.0;0.0;-5,86567888;-35,21651625;SPRF-RN;DEL01-RN;UOP01-DEL01-RN
387706.0;865733.0;2021-10-05;terça-feira;09:10:00;RN;101.0;98;NATAL;Sim;Ausência de reação do condutor;1;Colisão traseira;Com Vítimas Feridas;Pleno dia;Decrescente;Céu Claro;Múltipla;Aclive;Sim;701764.0;Motocicleta;HONDA/CG 125 FAN KS/CG 125 FAN KS;2015.0;Condutor;Ileso;32.0;Masculino;1.0;0.0;0.0;0.0;-5,86567888;-35,21651625;SPRF-RN;DEL01-RN;UOP01-DEL01-RN
387706.0;865735.0;2021-10-05;terça-feira;09:10:00;RN;101.0;98;NATAL;Sim;Ausência de reação do condutor;1;Colisão traseira;Com Vítimas Feridas;Pleno dia;Decrescente;Céu Claro;Múltipla;Aclive;Sim;701764.0;Motocicleta;HONDA/CG 125 FAN KS/CG 125 FAN KS;2015.0;Passageiro;Lesões Leves;13.0;Feminino;0.0;1.0;0.0;0.0;-5,86567888;-35,21651625;SPRF-RN;DEL01-RN;UOP01-DEL01-RN
387708.0;865547.0;2021-10-05;terça-feira;08:30:00;RN;101.0;95,3;NATAL;Sim;Condutor deixou de manter distância do veículo da frente;1;Colisão traseira;Sem Vítimas;Pleno dia;Decrescente;Sol;Múltipla;Reta;Não;701673.0;Automóvel;FIAT/DOBLO ESSENCE 1.8/DOBLO ESSENCE 1.8;2014.0;Condutor;Ileso;34.0;Masculino;1.0;0.0;0.0;0.0;-5,84076841;-35,21035949;SPRF-RN;DEL01-RN;UOP01-DEL01-RN
387708.0;865722.0;2021-10-05;terça-feira;08:30:00;RN;101.0;95,3;NATAL;Sim;Condutor deixou de manter distância do veículo da frente;1;Colisão traseira;Sem Vítimas;Pleno dia;Decrescente;Sol;Múltipla;Reta;Não;701675.0;Automóvel;FIAT/MOBI LIKE/MOBI LIKE;2019.0;Condutor;Ileso;21.0;Masculino;1.0;0.0;0.0;0.0;-5,84076841;-35,21035949;SPRF-RN;DEL01-RN;UOP01-DEL01-RN
387708.0;865719.0;2021-10-05;terça-feira;08:30:00;RN;101.0;95,3;NATAL;Sim;Condutor deixou de manter distância do veículo da frente;1;Colisão traseira;Sem Vítimas;Pleno dia;Decrescente;Sol;Múltipla;Reta;Não;701674.0;Automóvel;TOYOTA/ETIOS HB X VSC MT/ETIOS HB X VSC MT;2018.0;Condutor;Ileso;42.0;Feminino;1.0;0.0;0.0;0.0;-5,84076841;-35,21035949;SPRF-RN;DEL01-RN;UOP01-DEL01-RN
387821.0;865835.0;2021-10-05;terça-feira;21:20:00;RN;101.0;96,3;NATAL;Sim;Pista esburacada;1;Tombamento;Com Vítimas Feridas;Plena Noite;Crescente;Céu Claro;Múltipla;Reta;Sim;701852.0;Motocicleta;HONDA/NXR160 BROS ESDD/NXR160 BROS ESDD;2019.0;Passageiro;Lesões Leves;30.0;Feminino;0.0;1.0;0.0;0.0;-5,84967593;-35,20940065;SPRF-RN;DEL01-RN;UOP01-DEL01-RN
387821.0;865834.0;2021-10-05;terça-feira;21:20:00;RN;101.0;96,3;NATAL;Sim;Pista esburacada;1;Tombamento;Com Vítimas Feridas;Plena Noite;Crescente;Céu Claro;Múltipla;Reta;Sim;701852.0;Motocicleta;HONDA/NXR160 BROS ESDD/NXR160 BROS ESDD;2019.0;Condutor;Lesões Leves;34.0;Masculino;0.0;1.0;0.0;0.0;-5,84967593;-35,20940065;SPRF-RN;DEL01-RN;UOP01-DEL01-RN
388071.0;866631.0;2021-10-07;quinta-feira;09:30:00;RN;101.0;83,8;NATAL;Sim;Trafegar com motocicleta (ou similar) entre as faixas;2;Queda de ocupante de veículo;Sem Vítimas;Pleno dia;Decrescente;Céu Claro;Dupla;Reta;Sim;702460.0;Caminhonete;FIAT/FIORINO/FIORINO;0.0;Condutor;Não Informado;;Não Informado;0.0;0.0;0.0;0.0;-5,7710445;-35,26616981;SPRF-RN;DEL02-RN;UOP01-DEL02-RN
388071.0;866630.0;2021-10-07;quinta-feira;09:30:00;RN;101.0;83,8;NATAL;Sim;Trafegar com motocicleta (ou similar) entre as faixas;2;Queda de ocupante de veículo;Sem Vítimas;Pleno dia;Decrescente;Céu Claro;Dupla;Reta;Sim;702268.0;Motocicleta;HONDA/CG 125I FAN/CG 125I FAN;2017.0;Condutor;Não Informado;;Não Informado;0.0;0.0;0.0;0.0;-5,7710445;-35,26616981;SPRF-RN;DEL02-RN;UOP01-DEL02-RN
388071.0;866631.0;2021-10-07;quinta-feira;09:30:00;RN;101.0;83,8;NATAL;Sim;Trafegar com motocicleta (ou similar) entre as faixas;1;Colisão traseira;Sem Vítimas;Pleno dia;Decrescente;Céu Claro;Dupla;Reta;Sim;702460.0;Caminhonete;FIAT/FIORINO/FIORINO;0.0;Condutor;Não Informado;;Não Informado;0.0;0.0;0.0;0.0;-5,7710445;-35,26616981;SPRF-RN;DEL02-RN;UOP01-DEL02-RN
388071.0;866630.0;2021-10-07;quinta-feira;09:30:00;RN;101.0;83,8;NATAL;Sim;Trafegar com motocicleta (ou similar) entre as faixas;1;Colisão traseira;Sem Vítimas;Pleno dia;Decrescente;Céu Claro;Dupla;Reta;Sim;702268.0;Motocicleta;HONDA/CG 125I FAN/CG 125I FAN;2017.0;Condutor;Não Informado;;Não Informado;0.0;0.0;0.0;0.0;-5,7710445;-35,26616981;SPRF-RN;DEL02-RN;UOP01-DEL02-RN
388283.0;866938.0;2021-10-08;sexta-feira;12:20:00;RN;101.0;96,2;NATAL;Não;Acessar a via sem observar a presença dos outros veículos;1;Colisão traseira;Sem Vítimas;Pleno dia;Crescente;Nublado;Dupla;Interseção de Vias;Sim;702687.0;Automóvel;VW/GOL 1.6L MB5/GOL 1.6L MB5;2020.0;Condutor;Ileso;49.0;Masculino;1.0;0.0;0.0;0.0;-5,84984603;-35,20946006;SPRF-RN;DEL01-RN;UOP01-DEL01-RN
388283.0;866942.0;2021-10-08;sexta-feira;12:20:00;RN;101.0;96,2;NATAL;Não;Acessar a via sem observar a presença dos outros veículos;1;Colisão traseira;Sem Vítimas;Pleno dia;Crescente;Nublado;Dupla;Interseção de Vias;Sim;702688.0;Camioneta;RENAULT/DUSTER 16 D 4X2/DUSTER 16 D 4X2;2012.0;Condutor;Ileso;65.0;Masculino;1.0;0.0;0.0;0.0;-5,84984603;-35,20946006;SPRF-RN;DEL01-RN;UOP01-DEL01-RN
388283.0;866938.0;2021-10-08;sexta-feira;12:20:00;RN;101.0;96,2;NATAL;Sim;Condutor deixou de manter distância do veículo da frente;1;Colisão traseira;Sem Vítimas;Pleno dia;Crescente;Nublado;Dupla;Interseção de Vias;Sim;702687.0;Automóvel;VW/GOL 1.6L MB5/GOL 1.6L MB5;2020.0;Condutor;Ileso;49.0;Masculino;1.0;0.0;0.0;0.0;-5,84984603;-35,20946006;SPRF-RN;DEL01-RN;UOP01-DEL01-RN
388283.0;866942.0;2021-10-08;sexta-feira;12:20:00;RN;101.0;96,2;NATAL;Sim;Condutor deixou de manter distância do veículo da frente;1;Colisão traseira;Sem Vítimas;Pleno dia;Crescente;Nublado;Dupla;Interseção de Vias;Sim;702688.0;Camioneta;RENAULT/DUSTER 16 D 4X2/DUSTER 16 D 4X2;2012.0;Condutor;Ileso;65.0;Masculino;1.0;0.0;0.0;0.0;-5,84984603;-35,20946006;SPRF-RN;DEL01-RN;UOP01-DEL01-RN
389137.0;869405.0;2021-10-11;segunda-feira;17:45:00;RN;101.0;85;NATAL;Sim;Manobra de mudança de faixa;1;Colisão lateral mesmo sentido;Com Vítimas Feridas;Plena Noite;Decrescente;Nublado;Dupla;Reta;Não;704180.0;Motocicleta;HONDA/CB250F TWISTER CBS/CB250F TWISTER CBS;2021.0;Condutor;Lesões Leves;42.0;Feminino;0.0;1.0;0.0;0.0;-5,777664;-35,24937;SPRF-RN;DEL02-RN;UOP01-DEL02-RN
389137.0;869406.0;2021-10-11;segunda-feira;17:45:00;RN;101.0;85;NATAL;Sim;Manobra de mudança de faixa;1;Colisão lateral mesmo sentido;Com Vítimas Feridas;Plena Noite;Decrescente;Nublado;Dupla;Reta;Não;704181.0;Automóvel;TOYOTA/ETIOS HB X/ETIOS HB X;2015.0;Condutor;Ileso;37.0;Masculino;1.0;0.0;0.0;0.0;-5,777664;-35,24937;SPRF-RN;DEL02-RN;UOP01-DEL02-RN