id;pesid;data_inversa;dia_semana;horario;uf;br;km;municipio;causa_principal;causa_acidente;ordem_tipo_acidente;tipo_acidente;classificacao_acidente;fase_dia;sentido_via;condicao_metereologica;tipo_pista;tracado_via;uso_solo;id_veiculo;tipo_veiculo;marca;ano_fabricacao_veiculo;tipo_envolvido;estado_fisico;idade;sexo;ilesos;feridos_leves;feridos_graves;mortos;latitude;longitude;regional;delegacia;uop
389137.0;869404.0;2021-10-11;segunda-feira;17:45:00;RN;101.0;85;NATAL;Sim;Manobra de mudança de faixa;1;Colisão lateral mesmo sentido;Com Vítimas Feridas;Plena Noite;Decrescente;Nublado;Dupla;Reta;Não;704179.0;Caminhonete;VW/NOVA SAVEIRO TL MBVS/NOVA SAVEIRO TL MBVS;2016.0;Condutor;Ileso;20.0;Masculino;1.0;0.0;0.0;0.0;-5,777664;-35,24937;SPRF-RN;DEL02-RN;UOP01-DEL02-RN
389426.0;869353.0;2021-10-13;quarta-feira;08:25:00;RN;101.0;96,9;NATAL;Sim;Condutor deixou de manter distância do veículo da frente;2;Tombamento;Com Vítimas Feridas;Pleno dia;Decrescente;Sol;Múltipla;Reta;Sim;704698.0;Motoneta;HONDA/BIZ 125/BIZ 125;2019.0;Condutor;Lesões Leves;33.0;Masculino;0.0;1.0;0.0;0.0;-5,85505508;-35,21157861;SPRF-RN;DEL01-RN;UOP01-DEL01-RN
389426.0;869354.0;2021-10-13;quarta-feira;08:25:00;RN;101.0;96,9;NATAL;Sim;Condutor deixou de manter distância do veículo da frente;2;Tombamento;Com Vítimas Feridas;Pleno dia;Decrescente;Sol;Múltipla;Reta;Sim;704698.0;Motoneta;HONDA/BIZ 125/BIZ 125;2019.0;Passageiro;Lesões Leves;25.0;Feminino;0.0;1.0;0.0;0.0;-5,85505508;-35,21157861;SPRF-RN;DEL01-RN;UOP01-DEL01-RN
389426.0;869357.0;2021-10-13;quarta-feira;08:25:00;RN;101.0;96,9;NATAL;Sim;Condutor deixou de manter distância do veículo da frente;2;Tombamento;Com Vítimas Feridas;Pleno dia;Decrescente;Sol;Múltipla;Reta;Sim;704699.0;Caminhonete;I/VW AMAROK V6 HIGH AC4/VW AMAROK V6 HIGH AC4;2019.0;Condutor;Ileso;47.0;Masculino;1.0;0.0;0.0;0.0;-5,85505508;-35,21157861;SPRF-RN;DEL01-RN;UOP01-DEL01-RN
389426.0;869353.0;2021-10-13;quarta-feira;08:25:00;RN;101.0;96,9;NATAL;Sim;Condutor deixou de manter distância do veículo da frente;1;Colisão traseira;Com Vítimas Feridas;Pleno dia;Decrescente;Sol;Múltipla;Reta;Sim;704698.0;Motoneta;HONDA/BIZ 125/BIZ 125;2019.0;Condutor;Lesões Leves;33.0;Masculino;0.0;1.0;0.0;0.0;-5,85505508;-35,21157861;SPRF-RN;DEL01-RN;UOP01-DEL01-RN
389426.0;869354.0;2021-10-13;quarta-feira;08:25:00;RN;101.0;96,9;NATAL;Sim;Condutor deixou de manter distância do veículo da frente;1;Colisão traseira;Com Vítimas Feridas;Pleno dia;Decrescente;Sol;Múltipla;Reta;Sim;704698.0;Motoneta;HONDA/BIZ 125/BIZ 125;2019.0;Passageiro;Lesões Leves;25.0;Feminino;0.0;1.0;0.0;0.0;-5,85505508;-35,21157861;SPRF-RN;DEL01-RN;UOP01-DEL01-RN
389426.0;869357.0;2021-10-13;quarta-feira;08:25:00;RN;101.0;96,9;NATAL;Sim;Condutor deixou de manter distância do veículo da frente;1;Colisão traseira;Com Vítimas Feridas;Pleno dia;Decrescente;Sol;Múltipla;Reta;Sim;704699.0;Caminhonete;I/VW AMAROK V6 HIGH AC4/VW AMAROK V6 HIGH AC4;2019.0;Condutor;Ileso;47.0;Masculino;1.0;0.0;0.0;0.0;-5,85505508;-35,21157861;SPRF-RN;DEL01-RN;UOP01-DEL01-RN
389589.0;870852.0;2021-10-14;quinta-feira;07:30:00;RN;101.0;98;NATAL;Não;Condutor deixou de manter distância do veículo da frente;2;Colisão traseira;Sem Vítimas;Pleno dia;Decrescente;Sol;Dupla;Declive;Sim;704989.0;Automóvel;FIAT/SIENA 1.4 TETRAFUEL/SIENA 1.4 TETRAFUEL;2007.0;Condutor;Ileso;24.0;Masculino;1.0;0.0;0.0;0.0;-5,86567888;-35,21651625;SPRF-RN;DEL01-RN;UOP01-DEL01-RN
389589.0;870854.0;2021-10-14;quinta-feira;07:30:00;RN;101.0;98;NATAL;Não;Condutor deixou de manter distância do veículo da frente;2;Colisão traseira;Sem Vítimas;Pleno dia;Decrescente;Sol;Dupla;Declive;Sim;704990.0;Automóvel;FORD/KA S 1.0HA B/KA S 1.0HA B;2017.0;Condutor;Ileso;27.0;Feminino;1.0;0.0;0.0;0.0;-5,86567888;-35,21651625;SPRF-RN;DEL01-RN;UOP01-DEL01-RN
389589.0;870855.0;2021-10-14;quinta-feira;07:30:00;RN;101.0;98;NATAL;Não;Condutor deixou de manter distância do veículo da frente;2;Colisão traseira;Sem Vítimas;Pleno dia;Decrescente;Sol;Dupla;Declive;Sim;704991.0;Automóvel;VW/GOL 1.0L MC4/GOL 1.0L MC4;2021.0;Condutor;Ileso;36.0;Masculino;1.0;0.0;0.0;0.0;-5,86567888;-35,21651625;SPRF-RN;DEL01-RN;UOP01-DEL01-RN
389589.0;870857.0;2021-10-14;quinta-feira;07:30:00;RN;101.0;98;NATAL;Não;Condutor deixou de manter distância do veículo da frente;2;Colisão traseira;Sem Vítimas;Pleno dia;Decrescente;Sol;Dupla;Declive;Sim;704992.0;Automóvel;VW/FOX 1.0/FOX 1.0;2009.0;Condutor;Ileso;33.0;Feminino;1.0;0.0;0.0;0.0;-5,86567888;-35,21651625;SPRF-RN;DEL01-RN;UOP01-DEL01-RN
389589.0;870852.0;2021-10-14;quinta-feira;07:30:00;RN;101.0;98;NATAL;Não;Velocidade Incompatível;2;Colisão traseira;Sem Vítimas;Pleno dia;Decrescente;Sol;Dupla;Declive;Sim;704989.0;Automóvel;FIAT/SIENA 1.4 TETRAFUEL/SIENA 1.4 TETRAFUEL;2007.0;Condutor;Ileso;24.0;Masculino;1.0;0.0;0.0;0.0;-5,86567888;-35,21651625;SPRF-RN;DEL01-RN;UOP01-DEL01-RN
389589.0;870854.0;2021-10-14;quinta-feira;07:30:00;RN;101.0;98;NATAL;Não;Velocidade Incompatível;2;Colisão traseira;Sem Vítimas;Pleno dia;Decrescente;Sol;Dupla;Declive;Sim;704990.0;Automóvel;FORD/KA S 1.0HA B/KA S 1.0HA B;2017.0;Condutor;Ileso;27.0;Feminino;1.0;0.0;0.0;0.0;-5,86567888;-35,21651625;SPRF-RN;DEL01-RN;UOP01-DEL01-RN
389589.0;870855.0;2021-10-14;quinta-feira;07:30:00;RN;101.0;98;NATAL;Não;Velocidade Incompatível;2;Colisão traseira;Sem Vítimas;Pleno dia;Decrescente;Sol;Dupla;Declive;Sim;704991.0;Automóvel;VW/GOL 1.0L MC4/GOL 1.0L MC4;2021.0;Condutor;Ileso;36.0;Masculino;1.0;0.0;0.0;0.0;-5,86567888;-35,21651625;SPRF-RN;DEL01-RN;UOP01-DEL01-RN
389589.0;870857.0;2021-10-14;quinta-feira;07:30:00;RN;101.0;98;NATAL;Não;Velocidade Incompatível;2;Colisão traseira;Sem Vítimas;Pleno dia;Decrescente;Sol;Dupla;Declive;Sim;704992.0;Automóvel;VW/FOX 1.0/FOX 1.0;2009.0;Condutor;Ileso;33.0;Feminino;1.0;0.0;0.0;0.0;-5,86567888;-35,21651625;SPRF-RN;DEL01-RN;UOP01-DEL01-RN
389589.0;870852.0;2021-10-14;quinta-feira;07:30:00;RN;101.0;98;NATAL;Não;Reação tardia ou ineficiente do condutor;2;Colisão traseira;Sem Vítimas;Pleno dia;Decrescente;Sol;Dupla;Declive;Sim;704989.0;Automóvel;FIAT/SIENA 1.4 TETRAFUEL/SIENA 1.4 TETRAFUEL;2007.0;Condutor;Ileso;24.0;Masculino;1.0;0.0;0.0;0.0;-5,86567888;-35,21651625;SPRF-RN;DEL01-RN;UOP01-DEL01-RN
389589.0;870854.0;2021-10-14;quinta-feira;07:30:00;RN;101.0;98;NATAL;Não;Reação tardia ou ineficiente do condutor;2;Colisão traseira;Sem Vítimas;Pleno dia;Decrescente;Sol;Dupla;Declive;Sim;704990.0;Automóvel;FORD/KA S 1.0HA B/KA S 1.0HA B;2017.0;Condutor;Ileso;27.0;Feminino;1.0;0.0;0.0;0.0;-5,86567888;-35,21651625;SPRF-RN;DEL01-RN;UOP01-DEL01-RN
389589.0;870855.0;2021-10-14;quinta-feira;07:30:00;RN;101.0;98;NATAL;Não;Reação tardia ou ineficiente do condutor;2;Colisão traseira;Sem Vítimas;Pleno dia;Decrescente;Sol;Dupla;Declive;Sim;704991.0;Automóvel;VW/GOL 1.0L MC4/GOL 1.0L MC4;2021.0;Condutor;Ileso;36.0;Masculino;1.0;0.0;0.0;0.0;-5,86567888;-35,21651625;SPRF-RN;DEL01-RN;UOP01-DEL01-RN
389589.0;870857.0;2021-10-14;quinta-feira;07:30:00;RN;101.0;98;NATAL;Não;Reação tardia ou ineficiente do condutor;2;Colisão traseira;Sem Vítimas;Pleno dia;Decrescente;Sol;Dupla;Declive;Sim;704992.0;Automóvel;VW/FOX 1.0/FOX 1.0;2009.0;Condutor;Ileso;33.0;Feminino;1.0;0.0;0.0;0.0;-5,86567888;-35,21651625;SPRF-RN;DEL01-RN;UOP01-DEL01-RN
389589.0;870852.0;2021-10-14;quinta-feira;07:30:00;RN;101.0;98;NATAL;Sim;Condutor Dormindo;2;Colisão traseira;Sem Vítimas;Pleno dia;Decrescente;Sol;Dupla;Declive;Sim;704989.0;Automóvel;FIAT/SIENA 1.4 TETRAFUEL/SIENA 1.4 TETRAFUEL;2007.0;Condutor;Ileso;24.0;Masculino;1.0;0.0;0.0;0.0;-5,86567888;-35,21651625;SPRF-RN;DEL01-RN;UOP01-DEL01-RN
389589.0;870854.0;2021-10-14;quinta-feira;07:30:00;RN;101.0;98;NATAL;Sim;Condutor Dormindo;2;Colisão traseira;Sem Vítimas;Pleno dia;Decrescente;Sol;Dupla;Declive;Sim;704990.0;Automóvel;FORD/KA S 1.0HA B/KA S 1.0HA B;2017.0;Condutor;Ileso;27.0;Feminino;1.0;0.0;0.0;0.0;-5,86567888;-35,21651625;SPRF-RN;DEL01-RN;UOP01-DEL01-RN
389589.0;870855.0;2021-10-14;quinta-feira;07:30:00;RN;101.0;98;NATAL;Sim;Condutor Dormindo;2;Colisão traseira;Sem Vítimas;Pleno dia;Decrescente;Sol;Dupla;Declive;Sim;704991.0;Automóvel;VW/GOL 1.0L MC4/GOL 1.0L MC4;2021.0;Condutor;Ileso;36.0;Masculino;1.0;0.0;0.0;0.0;-5,86567888;-35,21651625;SPRF-RN;DEL01-RN;UOP01-DEL01-RN
389589.0;870857.0;2021-10-14;quinta-feira;07:30:00;RN;101.0;98;NATAL;Sim;Condutor Dormindo;2;Colisão traseira;Sem Vítimas;Pleno dia;Decrescente;Sol;Dupla;Declive;Sim;704992.0;Automóvel;VW/FOX 1.0/FOX 1.0;2009.0;Condutor;Ileso;33.0;Feminino;1.0;0.0;0.0;0.0;-5,86567888;-35,21651625;SPRF-RN;DEL01-RN;UOP01-DEL01-RN
389589.0;870852.0;2021-10-14;quinta-feira;07:30:00;RN;101.0;98;NATAL;Não;Condutor deixou de manter distância do veículo da frente;1;Colisão lateral mesmo sentido;Sem Vítimas;Pleno dia;Decrescente;Sol;Dupla;Declive;Sim;704989.0;Automóvel;FIAT/SIENA 1.4 TETRAFUEL/SIENA 1.4 TETRAFUEL;2007.0;Condutor;Ileso;24.0;Masculino;1.0;0.0;0.0;0.0;-5,86567888;-35,21651625;SPRF-RN;DEL01-RN;UOP01-DEL01-RN
389589.0;870854.0;2021-10-14;quinta-feira;07:30:00;RN;101.0;98;NATAL;Não;Condutor deixou de manter distância do veículo da frente;1;Colisão lateral mesmo sentido;Sem Vítimas;Pleno dia;Decrescente;Sol;Dupla;Declive;Sim;704990.0;Automóvel;FORD/KA S 1.0HA B/KA S 1.0HA B;2017.0;Condutor;Ileso;27.0;Feminino;1.0;0.0;0.0;0.0;-5,86567888;-35,21651625;SPRF-RN;DEL01-RN;UOP01-DEL01-RN
389589.0;870855.0;2021-10-14;quinta-feira;07:30:00;RN;101.0;98;NATAL;Não;Condutor deixou de manter distância do veículo da frente;1;Colisão lateral mesmo sentido;Sem Vítimas;Pleno dia;Decrescente;Sol;Dupla;Declive;Sim;704991.0;Automóvel;VW/GOL 1.0L MC4/GOL 1.0L MC4;2021.0;Condutor;Ileso;36.0;Masculino;1.0;0.0;0.0;0.0;-5,86567888;-35,21651625;SPRF-RN;DEL01-RN;UOP01-DEL01-RN
389589.0;870857.0;2021-10-14;quinta-feira;07:30:00;RN;101.0;98;NATAL;Não;Condutor deixou de manter distância do veículo da frente;1;Colisão lateral mesmo sentido;Sem Vítimas;Pleno dia;Decrescente;Sol;Dupla;Declive;Sim;704992.0;Automóvel;VW/FOX 1.0/FOX 1.0;2009.0;Condutor;Ileso;33.0;Feminino;1.0;0.0;0.0;0.0;-5,86567888;-35,21651625;SPRF-RN;DEL01-RN;UOP01-DEL01-RN
389589.0;870852.0;2021-10-14;quinta-feira;07:30:00;RN;101.0;98;NATAL;Não;Velocidade Incompatível;1;Colisão lateral mesmo sentido;Sem Vítimas;Pleno dia;Decrescente;Sol;Dupla;Declive;Sim;704989.0;Automóvel;FIAT/SIENA 1.4 TETRAFUEL/SIENA 1.4 TETRAFUEL;2007.0;Condutor;Ileso;24.0;Masculino;1.0;0.0;0.0;0.0;-5,86567888;-35,21651625;SPRF-RN;DEL01-RN;UOP01-DEL01-RN
389589.0;870854.0;2021-10-14;quinta-feira;07:30:00;RN;101.0;98;NATAL;Não;Velocidade Incompatível;1;Colisão lateral mesmo sentido;Sem Vítimas;Pleno dia;Decrescente;Sol;Dupla;Declive;Sim;704990.0;Automóvel;FORD/KA S 1.0HA B/KA S 1.0HA B;2017.0;Condutor;Ileso;27.0;Feminino;1.0;0.0;0.0;0.0;-5,86567888;-35,21651625;SPRF-RN;DEL01-RN;UOP01-DEL01-RN
389589.0;870855.0;2021-10-14;quinta-feira;07:30:00;RN;101.0;98;NATAL;Não;Velocidade Incompatível;1;Colisão lateral mesmo sentido;Sem Vítimas;Pleno dia;Decrescente;Sol;Dupla;Declive;Sim;704991.0;Automóvel;VW/GOL 1.0L MC4/GOL 1.0L MC4;2021.0;Condutor;Ileso;36.0;Masculino;1.0;0.0;0.0;0.0;-5,86567888;-35,21651625;SPRF-RN;DEL01-RN;UOP01-DEL01-RN
389589.0;870857.0;2021-10-14;quinta-feira;07:30:00;RN;101.0;98;NATAL;Não;Velocidade Incompatível;1;Colisão lateral mesmo sentido;Sem Vítimas;Pleno dia;Decrescente;Sol;Dupla;Declive;Sim;704992.0;Automóvel;VW/FOX 1.0/FOX 1.0;2009.0;Condutor;Ileso;33.0;Feminino;1.0;0.0;0.0;0.0;-5,86567888;-35,21651625;SPRF-RN;DEL01-RN;UOP01-DEL01-RN
389589.0;870852.0;2021-10-14;quinta-feira;07:30:00;RN;101.0;98;NATAL;Não;Reação tardia ou ineficiente do condutor;1;Colisão lateral mesmo sentido;Sem Vítimas;Pleno dia;Decrescente;Sol;Dupla;Declive;Sim;704989.0;Automóvel;FIAT/SIENA 1.4 TETRAFUEL/SIENA 1.4 TETRAFUEL;2007.0;Condutor;Ileso;24.0;Masculino;1.0;0.0;0.0;0.0;-5,86567888;-35,21651625;SPRF-RN;DEL01-RN;UOP01-DEL01-RN
389589.0;870854.0;2021-10-14;quinta-feira;07:30:00;RN;101.0;98;NATAL;Não;Reação tardia ou ineficiente do condutor;1;Colisão lateral mesmo sentido;Sem Vítimas;Pleno dia;Decrescente;Sol;Dupla;Declive;Sim;704990.0;Automóvel;FORD/KA S 1.0HA B/KA S 1.0HA B;2017.0;Condutor;Ileso;27.0;Feminino;1.0;0.0;0.0;0.0;-5,86567888;-35,21651625;SPRF-RN;DEL01-RN;UOP01-DEL01-RN
389589.0;870855.0;2021-10-14;quinta-feira;07:30:00;RN;101.0;98;NATAL;Não;Reação tardia ou ineficiente do condutor;1;Colisão lateral mesmo sentido;Sem Vítimas;Pleno dia;Decrescente;Sol;Dupla;Declive;Sim;704991.0;Automóvel;VW/GOL 1.0L MC4/GOL 1.0L MC4;2021.0;Condutor;Ileso;36.0;Masculino;1.0;0.0;0.0;0.0;-5,86567888;-35,21651625;SPRF-RN;DEL01-RN;UOP01-DEL01-RN
389589.0;870857.0;2021-10-14;quinta-feira;07:30:00;RN;101.0;98;NATAL;Não;Reação tardia ou ineficiente do condutor;1;Colisão lateral mesmo sentido;Sem Vítimas;Pleno dia;Decrescente;Sol;Dupla;Declive;Sim;704992.0;Automóvel;VW/FOX 1.0/FOX 1.0;2009.0;Condutor;Ileso;33.0;Feminino;1.0;0.0;0.0;0.0;-5,86567888;-35,21651625;SPRF-RN;DEL01-RN;UOP01-DEL01-RN
389589.0;870852.0;2021-10-14;quinta-feira;07:30:00;RN;101.0;98;NATAL;Sim;Condutor Dormindo;1;Colisão lateral mesmo sentido;Sem Vítimas;Pleno dia;Decrescente;Sol;Dupla;Declive;Sim;704989.0;Automóvel;FIAT/SIENA 1.4 TETRAFUEL/SIENA 1.4 TETRAFUEL;2007.0;Condutor;Ileso;24.0;Masculino;1.0;0.0;0.0;0.0;-5,86567888;-35,21651625;SPRF-RN;DEL01-RN;UOP01-DEL01-RN
389589.0;870854.0;2021-10-14;quinta-feira;07:30:00;RN;101.0;98;NATAL;Sim;Condutor Dormindo;1;Colisão lateral mesmo sentido;Sem Vítimas;Pleno dia;Decrescente;Sol;Dupla;Declive;Sim;704990.0;Automóvel;FORD/KA S 1.0HA B/KA S 1.0HA B;2017.0;Condutor;Ileso;27.0;Feminino;1.0;0.0;0.0;0.0;-5,86567888;-35,21651625;SPRF-RN;DEL01-RN;UOP01-DEL01-RN
389589.0;870855.0;2021-10-14;quinta-feira;07:30:00;RN;101.0;98;NATAL;Sim;Condutor Dormindo;1;Colisão lateral mesmo sentido;Sem Vítimas;Pleno dia;Decrescente;Sol;Dupla;Declive;Sim;704991.0;Automóvel;VW/GOL 1.0L MC4/GOL 1.0L MC4;2021.0;Condutor;Ileso;36.0;Masculino;1.0;0.0;0.0;0.0;-5,86567888;-35,21651625;SPRF-RN;DEL01-RN;UOP01-DEL01-RN
389589.0;870857.0;2021-10-14;quinta-feira;07:30:00;RN;101.0;98;NATAL;Sim;Condutor Dormindo;1;Colisão lateral mesmo sentido;Sem Vítimas;Pleno dia;Decrescente;Sol;Dupla;Declive;Sim;704992.0;Automóvel;VW/FOX 1.0/FOX 1.0;2009.0;Condutor;Ileso;33.0;Feminino;1.0;0.0;0.0;0.0;-5,86567888;-35,21651625;SPRF-RN;DEL01-RN;UOP01-DEL01-RN
389915.0;871925.0;2021-10-15;sexta-feira;20:45:00;RN;101.0;96;NATAL;Sim;Manobra de mudança de faixa;1;Colisão lateral mesmo sentido;Com Vítimas Feridas;Plena Noite;Decrescente;Céu Claro;Dupla;Reta;Sim;705639.0;Automóvel;CHEVROLET/ONIX 1.0MT LT/ONIX 1.0MT LT;2013.0;Condutor;Lesões Leves;50.0;Masculino;0.0;1.0;0.0;0.0;-5,84949622;-35,20890752;SPRF-RN;DEL01-RN;UOP01-DEL01-RN
389915.0;871926.0;2021-10-15;sexta-feira;20:45:00;RN;101.0;96;NATAL;Sim;Manobra de mudança de faixa;1;Colisão lateral mesmo sentido;Com Vítimas Feridas;Plena Noite;Decrescente;Céu Claro;Dupla;Reta;Sim;705640.0;Caminhão;M.BENZ/ATEGO 1719/ATEGO 1719;2014.0;Condutor;Ileso;45.0;Masculino;1.0;0.0;0.0;0.0;-5,84949622;-35,20890752;SPRF-RN;DEL01-RN;UOP01-DEL01-RN
390334.0;871544.0;2021-10-17;domingo;20:10:00;RN;101.0;93,7;NATAL;Não;Avarias e/ou desgaste excessivo no pneu;2;Tombamento;Com Vítimas Fatais;Plena Noite;Decrescente;Céu Claro;Dupla;Viaduto;Sim;706411.0;Motocicleta;YAMAHA/FACTOR YBR125 K/FACTOR YBR125 K;2012.0;Condutor;Óbito;36.0;Masculino;0.0;0.0;0.0;1.0;-5,82677127;-35,21006584;SPRF-RN;DEL01-RN;UOP01-DEL01-RN
390334.0;871544.0;2021-10-17;domingo;20:10:00;RN;101.0;93,7;NATAL;Sim;Velocidade Incompatível;2;Tombamento;Com Vítimas Fatais;Plena Noite;Decrescente;Céu Claro;Dupla;Viaduto;Sim;706411.0;Motocicleta;YAMAHA/FACTOR YBR125 K/FACTOR YBR125 K;2012.0;Condutor;Óbito;36.0;Masculino;0.0;0.0;0.0;1.0;-5,82677127;-35,21006584;SPRF-RN;DEL01-RN;UOP01-DEL01-RN
390334.0;871544.0;2021-10-17;domingo;20:10:00;RN;101.0;93,7;NATAL;Não;Avarias e/ou desgaste excessivo no pneu;1;Colisão com objeto;Com Vítimas Fatais;Plena Noite;Decrescente;Céu Claro;Dupla;Viaduto;Sim;706411.0;Motocicleta;YAMAHA/FACTOR YBR125 K/FACTOR YBR125 K;2012.0;Condutor;Óbito;36.0;Masculino;0.0;0.0;0.0;1.0;-5,82677127;-35,21006584;SPRF-RN;DEL01-RN;UOP01-DEL01-RN
390334.0;871544.0;2021-10-17;domingo;20:10:00;RN;101.0;93,7;NATAL;Sim;Velocidade Incompatível;1;Colisão com objeto;Com Vítimas Fatais;Plena Noite;Decrescente;Céu Claro;Dupla;Viaduto;Sim;706411.0;Motocicleta;YAMAHA/FACTOR YBR125 K/FACTOR YBR125 K;2012.0;Condutor;Óbito;36.0;Masculino;0.0;0.0;0.0;1.0;-5,82677127;-35,21006584;SPRF-RN;DEL01-RN;UOP01-DEL01-RN
390450.0;872072.0;2021-10-18;segunda-feira;11:15:00;RN;101.0;94;NATAL;Sim;Condutor deixou de manter distância do veículo da frente;1;Colisão traseira;Com Vítimas Feridas;Pleno dia;Decrescente;Céu Claro;Dupla;Reta;Sim;706702.0;Motocicleta;HONDA/POP 110I/POP 110I;2021.0;Condutor;Lesões Leves;29.0;Feminino;0.0;1.0;0.0;0.0;-5,83176615;-35,21191342;SPRF-RN;DEL01-RN;UOP01-DEL01-RN
390450.0;872073.0;2021-10-18;segunda-feira;11:15:00;RN;101.0;94;NATAL;Sim;Condutor deixou de manter distância do veículo da frente;1;Colisão traseira;Com Vítimas Feridas;Pleno dia;Decrescente;Céu Claro;Dupla;Reta;Sim;706811.0;Utilitário;JEEP/COMPASS LONGITUDE D/COMPASS LONGITUDE D;2020.0;Condutor;Ileso;62.0;Masculino;1.0;0.0;0.0;0.0;-5,83176615;-35,21191342;SPRF-RN;DEL01-RN;UOP01-DEL01-RN
390961.0;873143.0;2021-10-21;quinta-feira;07:50:00;RN;226.0;0,6;NATAL;Sim;Animais na Pista;1;Atropelamento de Animal;Com Vítimas Feridas;Pleno dia;Crescente;Sol;Dupla;Reta;Sim;707548.0;Motocicleta;HONDA/NXR160 BROS ESDD/NXR160 BROS ESDD;2016.0;Condutor;Lesões Leves;40.0;Masculino;0.0;1.0;0.0;0.0;-5,800019;-35,238174;SPRF-RN;DEL01-RN;UOP02-DEL01-RN
390983.0;873118.0;2021-10-21;quinta-feira;11:30:00;RN;226.0;2;NATAL;Sim;Transitar na contramão;1;Colisão frontal;Com Vítimas Feridas;Pleno dia;Decrescente;Céu Claro;Simples;Reta;Sim;707698.0;Motocicleta;Não Informado/Não Informado/Não Informado;0.0;Condutor;Lesões Graves;20.0;Masculino;0.0;0.0;1.0;0.0;-5,81593282;-35,2489919;SPRF-RN;DEL01-RN;UOP02-DEL01-RN
390983.0;873116.0;2021-10-21;quinta-feira;11:30:00;RN;226.0;2;NATAL;Sim;Transitar na contramão;1;Colisão frontal;Com Vítimas Feridas;Pleno dia;Decrescente;Céu Claro;Simples;Reta;Sim;707692.0;Automóvel;CHEVROLET/PRISMA 1.4L LT/PRISMA 1.4L LT;2012.0;Condutor;Não Informado;;Não Informado;0.0;0.0;0.0;0.0;-5,81593282;-35,2489919;SPRF-RN;DEL01-RN;UOP02-DEL01-RN
391996.0;875060.0;2021-10-26;terça-feira;07:25:00;RN;101.0;83,9;NATAL;Sim;Condutor deixou de manter distância do veículo da frente;3;Queda de ocupante de veículo;Com Vítimas Feridas;Pleno dia;Crescente;Nevoeiro/Neblina;Dupla;Reta;Sim;709450.0;Motocicleta;YAMAHA/YBR125 FACTOR K/YBR125 FACTOR K;2013.0;Condutor;Ileso;29.0;Masculino;1.0;0.0;0.0;0.0;-5,7710445;-35,26616981;SPRF-RN;DEL02-RN;UOP01-DEL02-RN
391996.0;875061.0;2021-10-26;terça-feira;07:25:00;RN;101.0;83,9;NATAL;Sim;Condutor deixou de manter distância do veículo da frente;3;Queda de ocupante de veículo;Com Vítimas Feridas;Pleno dia;Crescente;Nevoeiro/Neblina;Dupla;Reta;Sim;709450.0;Motocicleta;YAMAHA/YBR125 FACTOR K/YBR125 FACTOR K;2013.0;Passageiro;Lesões Leves;57.0;Feminino;0.0;1.0;0.0;0.0;-5,7710445;-35,26616981;SPRF-RN;DEL02-RN;UOP01-DEL02-RN
391996.0;875063.0;2021-10-26;terça-feira;07:25:00;RN;101.0;83,9;NATAL;Sim;Condutor deixou de manter distância do veículo da frente;3;Queda de ocupante de veículo;Com Vítimas Feridas;Pleno dia;Crescente;Nevoeiro/Neblina;Dupla;Reta;Sim;709451.0;Motocicleta;HONDA/NXR150 BROS ES/NXR150 BROS ES;2012.0;Condutor;Lesões Graves;33.0;Masculino;0.0;0.0;1.0;0.0;-5,7710445;-35,26616981;SPRF-RN;DEL02-RN;UOP01-DEL02-RN
391996.0;875060.0;2021-10-26;terça-feira;07:25:00;RN;101.0;83,9;NATAL;Sim;Condutor deixou de manter distância do veículo da frente;2;Tombamento;Com Vítimas Feridas;Pleno dia;Crescente;Nevoeiro/Neblina;Dupla;Reta;Sim;709450.0;Motocicleta;YAMAHA/YBR125 FACTOR K/YBR125 FACTOR K;2013.0;Condutor;Ileso;29.0;Masculino;1.0;0.0;0.0;0.0;-5,7710445;-35,26616981;SPRF-RN;DEL02-RN;UOP01-DEL02-RN
391996.0;875061.0;2021-10-26;terça-feira;07:25:00;RN;101.0;83,9;NATAL;Sim;Condutor deixou de manter distância do veículo da frente;2;Tombamento;Com Vítimas Feridas;Pleno dia;Crescente;Nevoeiro/Neblina;Dupla;Reta;Sim;709450.0;Motocicleta;YAMAHA/YBR125 FACTOR K/YBR125 FACTOR K;2013.0;Passageiro;Lesões Leves;57.0;Feminino;0.0;1.0;0.0;0.0;-5,7710445;-35,26616981;SPRF-RN;DEL02-RN;UOP01-DEL02-RN
391996.0;875063.0;2021-10-26;terça-feira;07:25:00;RN;101.0;83,9;NATAL;Sim;Condutor deixou de manter distância do veículo da frente;2;Tombamento;Com Vítimas Feridas;Pleno dia;Crescente;Nevoeiro/Neblina;Dupla;Reta;Sim;709451.0;Motocicleta;HONDA/NXR150 BROS ES/NXR150 BROS ES;2012.0;Condutor;Lesões Graves;33.0;Masculino;0.0;0.0;1.0;0.0;-5,7710445;-35,26616981;SPRF-RN;DEL02-RN;UOP01-DEL02-RN
391996.0;875060.0;2021-10-26;terça-feira;07:25:00;RN;101.0;83,9;NATAL;Sim;Condutor deixou de manter distância do veículo da frente;1;Colisão traseira;Com Vítimas Feridas;Pleno dia;Crescente;Nevoeiro/Neblina;Dupla;Reta;Sim;709450.0;Motocicleta;YAMAHA/YBR125 FACTOR K/YBR125 FACTOR K;2013.0;Condutor;Ileso;29.0;Masculino;1.0;0.0;0.0;0.0;-5,7710445;-35,26616981;SPRF-RN;DEL02-RN;UOP01-DEL02-RN
391996.0;875061.0;2021-10-26;terça-feira;07:25:00;RN;101.0;83,9;NATAL;Sim;Condutor deixou de manter distância do veículo da frente;1;Colisão traseira;Com Vítimas Feridas;Pleno dia;Crescente;Nevoeiro/Neblina;Dupla;Reta;Sim;709450.0;Motocicleta;YAMAHA/YBR125 FACTOR K/YBR125 FACTOR K;2013.0;Passageiro;Lesões Leves;57.0;Feminino;0.0;1.0;0.0;0.0;-5,7710445;-35,26616981;SPRF-RN;DEL02-RN;UOP01-DEL02-RN