id;pesid;data_inversa;dia_semana;horario;uf;br;km;municipio;causa_principal;causa_acidente;ordem_tipo_acidente;tipo_acidente;classificacao_acidente;fase_dia;sentido_via;condicao_metereologica;tipo_pista;tracado_via;uso_solo;id_veiculo;tipo_veiculo;marca;ano_fabricacao_veiculo;tipo_envolvido;estado_fisico;idade;sexo;ilesos;feridos_leves;feridos_graves;mortos;latitude;longitude;regional;delegacia;uop
391996.0;875063.0;2021-10-26;terça-feira;07:25:00;RN;101.0;83,9;NATAL;Sim;Condutor deixou de manter distância do veículo da frente;1;Colisão traseira;Com Vítimas Feridas;Pleno dia;Crescente;Nevoeiro/Neblina;Dupla;Reta;Sim;709451.0;Motocicleta;HONDA/NXR150 BROS ES/NXR150 BROS ES;2012.0;Condutor;Lesões Graves;33.0;Masculino;0.0;0.0;1.0;0.0;-5,7710445;-35,26616981;SPRF-RN;DEL02-RN;UOP01-DEL02-RN
392084.0;876003.0;2021-10-26;terça-feira;16:20:00;RN;101.0;81,8;NATAL;Sim;Ingestão de álcool pelo condutor;3;Queda de ocupante de veículo;Com Vítimas Feridas;Pleno dia;Decrescente;Céu Claro;Dupla;Reta;Sim;709663.0;Automóvel;CHEV/SPIN 1.8L MT LT/SPIN 1.8L MT LT;2013.0;Condutor;Ileso;46.0;Masculino;1.0;0.0;0.0;0.0;-5,76469466;-35,28295988;SPRF-RN;DEL02-RN;UOP01-DEL02-RN
392084.0;876004.0;2021-10-26;terça-feira;16:20:00;RN;101.0;81,8;NATAL;Sim;Ingestão de álcool pelo condutor;3;Queda de ocupante de veículo;Com Vítimas Feridas;Pleno dia;Decrescente;Céu Claro;Dupla;Reta;Sim;709664.0;Motocicleta;HONDA/CB 300R/CB 300R;2010.0;Condutor;Lesões Leves;28.0;Masculino;0.0;1.0;0.0;0.0;-5,76469466;-35,28295988;SPRF-RN;DEL02-RN;UOP01-DEL02-RN
392084.0;876029.0;2021-10-26;terça-feira;16:20:00;RN;101.0;81,8;NATAL;Sim;Ingestão de álcool pelo condutor;3;Queda de ocupante de veículo;Com Vítimas Feridas;Pleno dia;Decrescente;Céu Claro;Dupla;Reta;Sim;;;NA/NA/NA;;Testemunha;Não Informado;;Não Informado;0.0;0.0;0.0;0.0;-5,76469466;-35,28295988;SPRF-RN;DEL02-RN;UOP01-DEL02-RN
392084.0;876030.0;2021-10-26;terça-feira;16:20:00;RN;101.0;81,8;NATAL;Sim;Ingestão de álcool pelo condutor;3;Queda de ocupante de veículo;Com Vítimas Feridas;Pleno dia;Decrescente;Céu Claro;Dupla;Reta;Sim;;;NA/NA/NA;;Testemunha;Não Informado;;Não Informado;0.0;0.0;0.0;0.0;-5,76469466;-35,28295988;SPRF-RN;DEL02-RN;UOP01-DEL02-RN
392084.0;876003.0;2021-10-26;terça-feira;16:20:00;RN;101.0;81,8;NATAL;Sim;Ingestão de álcool pelo condutor;2;Tombamento;Com Vítimas Feridas;Pleno dia;Decrescente;Céu Claro;Dupla;Reta;Sim;709663.0;Automóvel;CHEV/SPIN 1.8L MT LT/SPIN 1.8L MT LT;2013.0;Condutor;Ileso;46.0;Masculino;1.0;0.0;0.0;0.0;-5,76469466;-35,28295988;SPRF-RN;DEL02-RN;UOP01-DEL02-RN
392084.0;876004.0;2021-10-26;terça-feira;16:20:00;RN;101.0;81,8;NATAL;Sim;Ingestão de álcool pelo condutor;2;Tombamento;Com Vítimas Feridas;Pleno dia;Decrescente;Céu Claro;Dupla;Reta;Sim;709664.0;Motocicleta;HONDA/CB 300R/CB 300R;2010.0;Condutor;Lesões Leves;28.0;Masculino;0.0;1.0;0.0;0.0;-5,76469466;-35,28295988;SPRF-RN;DEL02-RN;UOP01-DEL02-RN
392084.0;876029.0;2021-10-26;terça-feira;16:20:00;RN;101.0;81,8;NATAL;Sim;Ingestão de álcool pelo condutor;2;Tombamento;Com Vítimas Feridas;Pleno dia;Decrescente;Céu Claro;Dupla;Reta;Sim;;;NA/NA/NA;;Testemunha;Não Informado;;Não Informado;0.0;0.0;0.0;0.0;-5,76469466;-35,28295988;SPRF-RN;DEL02-RN;UOP01-DEL02-RN
392084.0;876030.0;2021-10-26;terça-feira;16:20:00;RN;101.0;81,8;NATAL;Sim;Ingestão de álcool pelo condutor;2;Tombamento;Com Vítimas Feridas;Pleno dia;Decrescente;Céu Claro;Dupla;Reta;Sim;;;NA/NA/NA;;Testemunha;Não Informado;;Não Informado;0.0;0.0;0.0;0.0;-5,76469466;-35,28295988;SPRF-RN;DEL02-RN;UOP01-DEL02-RN
392084.0;876003.0;2021-10-26;terça-feira;16:20:00;RN;101.0;81,8;NATAL;Sim;Ingestão de álcool pelo condutor;1;Colisão traseira;Com Vítimas Feridas;Pleno dia;Decrescente;Céu Claro;Dupla;Reta;Sim;709663.0;Automóvel;CHEV/SPIN 1.8L MT LT/SPIN 1.8L MT LT;2013.0;Condutor;Ileso;46.0;Masculino;1.0;0.0;0.0;0.0;-5,76469466;-35,28295988;SPRF-RN;DEL02-RN;UOP01-DEL02-RN
392084.0;876004.0;2021-10-26;terça-feira;16:20:00;RN;101.0;81,8;NATAL;Sim;Ingestão de álcool pelo condutor;1;Colisão traseira;Com Vítimas Feridas;Pleno dia;Decrescente;Céu Claro;Dupla;Reta;Sim;709664.0;Motocicleta;HONDA/CB 300R/CB 300R;2010.0;Condutor;Lesões Leves;28.0;Masculino;0.0;1.0;0.0;0.0;-5,76469466;-35,28295988;SPRF-RN;DEL02-RN;UOP01-DEL02-RN
392084.0;876029.0;2021-10-26;terça-feira;16:20:00;RN;101.0;81,8;NATAL;Sim;Ingestão de álcool pelo condutor;1;Colisão traseira;Com Vítimas Feridas;Pleno dia;Decrescente;Céu Claro;Dupla;Reta;Sim;;;NA/NA/NA;;Testemunha;Não Informado;;Não Informado;0.0;0.0;0.0;0.0;-5,76469466;-35,28295988;SPRF-RN;DEL02-RN;UOP01-DEL02-RN
392084.0;876030.0;2021-10-26;terça-feira;16:20:00;RN;101.0;81,8;NATAL;Sim;Ingestão de álcool pelo condutor;1;Colisão traseira;Com Vítimas Feridas;Pleno dia;Decrescente;Céu Claro;Dupla;Reta;Sim;;;NA/NA/NA;;Testemunha;Não Informado;;Não Informado;0.0;0.0;0.0;0.0;-5,76469466;-35,28295988;SPRF-RN;DEL02-RN;UOP01-DEL02-RN
392092.0;875377.0;2021-10-26;terça-feira;17:40:00;RN;101.0;95,6;NATAL;Sim;Condutor deixou de manter distância do veículo da frente;1;Colisão traseira;Com Vítimas Feridas;Anoitecer;Crescente;Céu Claro;Múltipla;Reta;Sim;709658.0;Motocicleta;HONDA/CG 150 TITAN KS/CG 150 TITAN KS;2008.0;Condutor;Lesões Leves;35.0;Masculino;0.0;1.0;0.0;0.0;-5,84076841;-35,21035949;SPRF-RN;DEL01-RN;UOP01-DEL01-RN
392092.0;875378.0;2021-10-26;terça-feira;17:40:00;RN;101.0;95,6;NATAL;Sim;Condutor deixou de manter distância do veículo da frente;1;Colisão traseira;Com Vítimas Feridas;Anoitecer;Crescente;Céu Claro;Múltipla;Reta;Sim;709659.0;Automóvel;FIAT/PUNTO ATTRACTIVE/PUNTO ATTRACTIVE;2015.0;Condutor;Ileso;31.0;Feminino;1.0;0.0;0.0;0.0;-5,84076841;-35,21035949;SPRF-RN;DEL01-RN;UOP01-DEL01-RN
392250.0;875745.0;2021-10-27;quarta-feira;16:20:00;RN;101.0;95,2;NATAL;Sim;Condutor deixou de manter distância do veículo da frente;1;Colisão traseira;Com Vítimas Feridas;Pleno dia;Decrescente;Céu Claro;Múltipla;Reta;Sim;709943.0;Caminhão;I/M.BENZ SPTR TECFORM EM/M.BENZ SPTR TECFORM EM;2019.0;Condutor;Ileso;46.0;Masculino;1.0;0.0;0.0;0.0;-5,84076841;-35,21035949;SPRF-RN;DEL01-RN;UOP01-DEL01-RN
392250.0;875775.0;2021-10-27;quarta-feira;16:20:00;RN;101.0;95,2;NATAL;Sim;Condutor deixou de manter distância do veículo da frente;1;Colisão traseira;Com Vítimas Feridas;Pleno dia;Decrescente;Céu Claro;Múltipla;Reta;Sim;709944.0;Motocicleta;HONDA/NC 700X/NC 700X;2012.0;Condutor;Lesões Leves;21.0;Masculino;0.0;1.0;0.0;0.0;-5,84076841;-35,21035949;SPRF-RN;DEL01-RN;UOP01-DEL01-RN
392250.0;875776.0;2021-10-27;quarta-feira;16:20:00;RN;101.0;95,2;NATAL;Sim;Condutor deixou de manter distância do veículo da frente;1;Colisão traseira;Com Vítimas Feridas;Pleno dia;Decrescente;Céu Claro;Múltipla;Reta;Sim;709944.0;Motocicleta;HONDA/NC 700X/NC 700X;2012.0;Passageiro;Lesões Leves;21.0;Feminino;0.0;1.0;0.0;0.0;-5,84076841;-35,21035949;SPRF-RN;DEL01-RN;UOP01-DEL01-RN
392252.0;875917.0;2021-10-27;quarta-feira;16:01:00;RN;101.0;94;NATAL;Não;Acessar a via sem observar a presença dos outros veículos;1;Atropelamento de Pedestre;Com Vítimas Feridas;Pleno dia;Decrescente;Céu Claro;Múltipla;Reta;Sim;710110.0;Motocicleta;YAMAHA/XTZ 125E/XTZ 125E;2005.0;Condutor;Lesões Leves;20.0;Masculino;0.0;1.0;0.0;0.0;-5,83176615;-35,21191342;SPRF-RN;DEL01-RN;UOP01-DEL01-RN
392252.0;875910.0;2021-10-27;quarta-feira;16:01:00;RN;101.0;94;NATAL;Não;Acessar a via sem observar a presença dos outros veículos;1;Atropelamento de Pedestre;Com Vítimas Feridas;Pleno dia;Decrescente;Céu Claro;Múltipla;Reta;Sim;;;NA/NA/NA;;Pedestre;Lesões Leves;81.0;Masculino;0.0;1.0;0.0;0.0;-5,83176615;-35,21191342;SPRF-RN;DEL01-RN;UOP01-DEL01-RN
392252.0;875917.0;2021-10-27;quarta-feira;16:01:00;RN;101.0;94;NATAL;Sim;Acesso irregular;1;Atropelamento de Pedestre;Com Vítimas Feridas;Pleno dia;Decrescente;Céu Claro;Múltipla;Reta;Sim;710110.0;Motocicleta;YAMAHA/XTZ 125E/XTZ 125E;2005.0;Condutor;Lesões Leves;20.0;Masculino;0.0;1.0;0.0;0.0;-5,83176615;-35,21191342;SPRF-RN;DEL01-RN;UOP01-DEL01-RN
392252.0;875910.0;2021-10-27;quarta-feira;16:01:00;RN;101.0;94;NATAL;Sim;Acesso irregular;1;Atropelamento de Pedestre;Com Vítimas Feridas;Pleno dia;Decrescente;Céu Claro;Múltipla;Reta;Sim;;;NA/NA/NA;;Pedestre;Lesões Leves;81.0;Masculino;0.0;1.0;0.0;0.0;-5,83176615;-35,21191342;SPRF-RN;DEL01-RN;UOP01-DEL01-RN
392652.0;878856.0;2021-10-29;sexta-feira;16:10:00;RN;101.0;98;NATAL;Não;Acessar a via sem observar a presença dos outros veículos;2;Capotamento;Com Vítimas Feridas;Pleno dia;Crescente;Céu Claro;Múltipla;Interseção de Vias;Sim;711024.0;Automóvel;Não Informado/Não Informado/Não Informado;0.0;Condutor;Não Informado;;Não Informado;0.0;0.0;0.0;0.0;-5,86567888;-35,21651625;SPRF-RN;DEL01-RN;UOP01-DEL01-RN
392652.0;876915.0;2021-10-29;sexta-feira;16:10:00;RN;101.0;98;NATAL;Não;Acessar a via sem observar a presença dos outros veículos;2;Capotamento;Com Vítimas Feridas;Pleno dia;Crescente;Céu Claro;Múltipla;Interseção de Vias;Sim;710766.0;Automóvel;CHEV/PRISMA 10MT JOYE/PRISMA 10MT JOYE;2018.0;Condutor;Lesões Leves;40.0;Masculino;0.0;1.0;0.0;0.0;-5,86567888;-35,21651625;SPRF-RN;DEL01-RN;UOP01-DEL01-RN
392652.0;878856.0;2021-10-29;sexta-feira;16:10:00;RN;101.0;98;NATAL;Sim;Manobra de mudança de faixa;2;Capotamento;Com Vítimas Feridas;Pleno dia;Crescente;Céu Claro;Múltipla;Interseção de Vias;Sim;711024.0;Automóvel;Não Informado/Não Informado/Não Informado;0.0;Condutor;Não Informado;;Não Informado;0.0;0.0;0.0;0.0;-5,86567888;-35,21651625;SPRF-RN;DEL01-RN;UOP01-DEL01-RN
392652.0;876915.0;2021-10-29;sexta-feira;16:10:00;RN;101.0;98;NATAL;Sim;Manobra de mudança de faixa;2;Capotamento;Com Vítimas Feridas;Pleno dia;Crescente;Céu Claro;Múltipla;Interseção de Vias;Sim;710766.0;Automóvel;CHEV/PRISMA 10MT JOYE/PRISMA 10MT JOYE;2018.0;Condutor;Lesões Leves;40.0;Masculino;0.0;1.0;0.0;0.0;-5,86567888;-35,21651625;SPRF-RN;DEL01-RN;UOP01-DEL01-RN
392652.0;878856.0;2021-10-29;sexta-feira;16:10:00;RN;101.0;98;NATAL;Não;Acessar a via sem observar a presença dos outros veículos;1;Colisão transversal;Com Vítimas Feridas;Pleno dia;Crescente;Céu Claro;Múltipla;Interseção de Vias;Sim;711024.0;Automóvel;Não Informado/Não Informado/Não Informado;0.0;Condutor;Não Informado;;Não Informado;0.0;0.0;0.0;0.0;-5,86567888;-35,21651625;SPRF-RN;DEL01-RN;UOP01-DEL01-RN
392652.0;876915.0;2021-10-29;sexta-feira;16:10:00;RN;101.0;98;NATAL;Não;Acessar a via sem observar a presença dos outros veículos;1;Colisão transversal;Com Vítimas Feridas;Pleno dia;Crescente;Céu Claro;Múltipla;Interseção de Vias;Sim;710766.0;Automóvel;CHEV/PRISMA 10MT JOYE/PRISMA 10MT JOYE;2018.0;Condutor;Lesões Leves;40.0;Masculino;0.0;1.0;0.0;0.0;-5,86567888;-35,21651625;SPRF-RN;DEL01-RN;UOP01-DEL01-RN
392652.0;878856.0;2021-10-29;sexta-feira;16:10:00;RN;101.0;98;NATAL;Sim;Manobra de mudança de faixa;1;Colisão transversal;Com Vítimas Feridas;Pleno dia;Crescente;Céu Claro;Múltipla;Interseção de Vias;Sim;711024.0;Automóvel;Não Informado/Não Informado/Não Informado;0.0;Condutor;Não Informado;;Não Informado;0.0;0.0;0.0;0.0;-5,86567888;-35,21651625;SPRF-RN;DEL01-RN;UOP01-DEL01-RN
392652.0;876915.0;2021-10-29;sexta-feira;16:10:00;RN;101.0;98;NATAL;Sim;Manobra de mudança de faixa;1;Colisão transversal;Com Vítimas Feridas;Pleno dia;Crescente;Céu Claro;Múltipla;Interseção de Vias;Sim;710766.0;Automóvel;CHEV/PRISMA 10MT JOYE/PRISMA 10MT JOYE;2018.0;Condutor;Lesões Leves;40.0;Masculino;0.0;1.0;0.0;0.0;-5,86567888;-35,21651625;SPRF-RN;DEL01-RN;UOP01-DEL01-RN
393611.0;879067.0;2021-11-03;quarta-feira;09:00:00;RN;101.0;98;NATAL;Sim;Acumulo de óleo sobre o pavimento;1;Tombamento;Com Vítimas Feridas;Pleno dia;Decrescente;Sol;Dupla;Viaduto;Não;712763.0;Automóvel;TOYOTA/ETIOS HB XPLUS AT/ETIOS HB XPLUS AT;2019.0;Condutor;Ileso;59.0;Feminino;1.0;0.0;0.0;0.0;-5,86567888;-35,21651625;SPRF-RN;DEL01-RN;UOP01-DEL01-RN
393611.0;879066.0;2021-11-03;quarta-feira;09:00:00;RN;101.0;98;NATAL;Sim;Acumulo de óleo sobre o pavimento;1;Tombamento;Com Vítimas Feridas;Pleno dia;Decrescente;Sol;Dupla;Viaduto;Não;712758.0;Motocicleta;HONDA/XRE 300/XRE 300;2010.0;Condutor;Lesões Leves;25.0;Masculino;0.0;1.0;0.0;0.0;-5,86567888;-35,21651625;SPRF-RN;DEL01-RN;UOP01-DEL01-RN
393611.0;879068.0;2021-11-03;quarta-feira;09:00:00;RN;101.0;98;NATAL;Sim;Acumulo de óleo sobre o pavimento;1;Tombamento;Com Vítimas Feridas;Pleno dia;Decrescente;Sol;Dupla;Viaduto;Não;712764.0;Automóvel;HONDA/CITY EX CVT/CITY EX CVT;2017.0;Condutor;Ileso;75.0;Masculino;1.0;0.0;0.0;0.0;-5,86567888;-35,21651625;SPRF-RN;DEL01-RN;UOP01-DEL01-RN
393780.0;879465.0;2021-11-04;quinta-feira;09:00:00;RN;101.0;85,4;NATAL;Sim;Manobra de mudança de faixa;1;Colisão lateral mesmo sentido;Com Vítimas Feridas;Pleno dia;Crescente;Céu Claro;Dupla;Ponte;Sim;712871.0;Automóvel;VW/NOVO GOL 1.6/NOVO GOL 1.6;2013.0;Condutor;Ileso;60.0;Masculino;1.0;0.0;0.0;0.0;-5,777664;-35,24937;SPRF-RN;DEL02-RN;UOP01-DEL02-RN
393780.0;879466.0;2021-11-04;quinta-feira;09:00:00;RN;101.0;85,4;NATAL;Sim;Manobra de mudança de faixa;1;Colisão lateral mesmo sentido;Com Vítimas Feridas;Pleno dia;Crescente;Céu Claro;Dupla;Ponte;Sim;712872.0;Motocicleta;YAMAHA/YS150 FAZER ED/YS150 FAZER ED;2014.0;Condutor;Lesões Leves;35.0;Masculino;0.0;1.0;0.0;0.0;-5,777664;-35,24937;SPRF-RN;DEL02-RN;UOP01-DEL02-RN
394265.0;881711.0;2021-11-06;sábado;21:30:00;RN;101.0;95,8;NATAL;Sim;Ingestão de álcool pelo condutor;1;Colisão traseira;Sem Vítimas;Plena Noite;Decrescente;Céu Claro;Múltipla;Reta;Sim;713912.0;Automóvel;FIAT/MOBI LIKE/MOBI LIKE;2019.0;Passageiro;Ileso;27.0;Feminino;1.0;0.0;0.0;0.0;-5,8440299;-35,20896077;SPRF-RN;DEL01-RN;UOP01-DEL01-RN
394265.0;880442.0;2021-11-06;sábado;21:30:00;RN;101.0;95,8;NATAL;Sim;Ingestão de álcool pelo condutor;1;Colisão traseira;Sem Vítimas;Plena Noite;Decrescente;Céu Claro;Múltipla;Reta;Sim;713912.0;Automóvel;FIAT/MOBI LIKE/MOBI LIKE;2019.0;Condutor;Ileso;27.0;Masculino;1.0;0.0;0.0;0.0;-5,8440299;-35,20896077;SPRF-RN;DEL01-RN;UOP01-DEL01-RN
394265.0;880441.0;2021-11-06;sábado;21:30:00;RN;101.0;95,8;NATAL;Sim;Ingestão de álcool pelo condutor;1;Colisão traseira;Sem Vítimas;Plena Noite;Decrescente;Céu Claro;Múltipla;Reta;Sim;713911.0;Automóvel;NISSAN/VERSA 16 S/VERSA 16 S;2018.0;Condutor;Ileso;34.0;Masculino;1.0;0.0;0.0;0.0;-5,8440299;-35,20896077;SPRF-RN;DEL01-RN;UOP01-DEL01-RN
394274.0;880453.0;2021-11-06;sábado;21:33:00;RN;101.0;93,7;NATAL;Sim;Ingestão de álcool pelo condutor;1;Colisão com objeto;Com Vítimas Feridas;Plena Noite;Decrescente;Céu Claro;Múltipla;Reta;Não;713920.0;Automóvel;NISSAN/VERSA 16 S/VERSA 16 S;2018.0;Condutor;Lesões Leves;34.0;Masculino;0.0;1.0;0.0;0.0;-5,82646174;-35,2100873;SPRF-RN;DEL01-RN;UOP01-DEL01-RN
394389.0;880817.0;2021-11-07;domingo;11:30:00;RN;226.0;4;NATAL;Sim;Reação tardia ou ineficiente do condutor;1;Tombamento;Com Vítimas Feridas;Pleno dia;Crescente;Céu Claro;Simples;"Interseção de Vias;Reta";Sim;714005.0;Motocicleta;HONDA/CG 125 FAN KS/CG 125 FAN KS;2015.0;Condutor;Lesões Leves;22.0;Masculino;0.0;1.0;0.0;0.0;-5,81958019;-35,25969486;SPRF-RN;DEL01-RN;UOP02-DEL01-RN
394389.0;880815.0;2021-11-07;domingo;11:30:00;RN;226.0;4;NATAL;Sim;Reação tardia ou ineficiente do condutor;1;Tombamento;Com Vítimas Feridas;Pleno dia;Crescente;Céu Claro;Simples;"Interseção de Vias;Reta";Sim;714004.0;Automóvel;FIAT/PALIO EDX/PALIO EDX;1997.0;Condutor;Ileso;34.0;Masculino;1.0;0.0;0.0;0.0;-5,81958019;-35,25969486;SPRF-RN;DEL01-RN;UOP02-DEL01-RN
394469.0;880804.0;2021-11-07;domingo;22:00:00;RN;101.0;95;NATAL;Sim;Condutor Dormindo;2;Colisão com objeto;Com Vítimas Feridas;Plena Noite;Decrescente;Céu Claro;Múltipla;Reta;Sim;714189.0;Automóvel;TOYOTA/ETIOS HB XS 15/ETIOS HB XS 15;2016.0;Condutor;Lesões Leves;55.0;Feminino;0.0;1.0;0.0;0.0;-5,84076841;-35,21035949;SPRF-RN;DEL01-RN;UOP01-DEL01-RN
394469.0;880804.0;2021-11-07;domingo;22:00:00;RN;101.0;95;NATAL;Sim;Condutor Dormindo;1;Saída de leito carroçável;Com Vítimas Feridas;Plena Noite;Decrescente;Céu Claro;Múltipla;Reta;Sim;714189.0;Automóvel;TOYOTA/ETIOS HB XS 15/ETIOS HB XS 15;2016.0;Condutor;Lesões Leves;55.0;Feminino;0.0;1.0;0.0;0.0;-5,84076841;-35,21035949;SPRF-RN;DEL01-RN;UOP01-DEL01-RN
394568.0;881014.0;2021-11-08;segunda-feira;12:00:00;RN;101.0;85;NATAL;Sim;Acessar a via sem observar a presença dos outros veículos;3;Queda de ocupante de veículo;Com Vítimas Feridas;Pleno dia;Decrescente;Céu Claro;Dupla;Aclive;Sim;714333.0;Automóvel;FIAT/MOBI LIKE/MOBI LIKE;2021.0;Condutor;Ileso;26.0;Masculino;1.0;0.0;0.0;0.0;-5,777664;-35,24937;SPRF-RN;DEL02-RN;UOP01-DEL02-RN
394568.0;881015.0;2021-11-08;segunda-feira;12:00:00;RN;101.0;85;NATAL;Sim;Acessar a via sem observar a presença dos outros veículos;3;Queda de ocupante de veículo;Com Vítimas Feridas;Pleno dia;Decrescente;Céu Claro;Dupla;Aclive;Sim;714334.0;Motocicleta;YAMAHA/FACTOR YBR125 K/FACTOR YBR125 K;2010.0;Condutor;Lesões Leves;31.0;Masculino;0.0;1.0;0.0;0.0;-5,777664;-35,24937;SPRF-RN;DEL02-RN;UOP01-DEL02-RN
394568.0;881014.0;2021-11-08;segunda-feira;12:00:00;RN;101.0;85;NATAL;Sim;Acessar a via sem observar a presença dos outros veículos;2;Tombamento;Com Vítimas Feridas;Pleno dia;Decrescente;Céu Claro;Dupla;Aclive;Sim;714333.0;Automóvel;FIAT/MOBI LIKE/MOBI LIKE;2021.0;Condutor;Ileso;26.0;Masculino;1.0;0.0;0.0;0.0;-5,777664;-35,24937;SPRF-RN;DEL02-RN;UOP01-DEL02-RN
394568.0;881015.0;2021-11-08;segunda-feira;12:00:00;RN;101.0;85;NATAL;Sim;Acessar a via sem observar a presença dos outros veículos;2;Tombamento;Com Vítimas Feridas;Pleno dia;Decrescente;Céu Claro;Dupla;Aclive;Sim;714334.0;Motocicleta;YAMAHA/FACTOR YBR125 K/FACTOR YBR125 K;2010.0;Condutor;Lesões Leves;31.0;Masculino;0.0;1.0;0.0;0.0;-5,777664;-35,24937;SPRF-RN;DEL02-RN;UOP01-DEL02-RN
394568.0;881014.0;2021-11-08;segunda-feira;12:00:00;RN;101.0;85;NATAL;Sim;Acessar a via sem observar a presença dos outros veículos;1;Colisão lateral mesmo sentido;Com Vítimas Feridas;Pleno dia;Decrescente;Céu Claro;Dupla;Aclive;Sim;714333.0;Automóvel;FIAT/MOBI LIKE/MOBI LIKE;2021.0;Condutor;Ileso;26.0;Masculino;1.0;0.0;0.0;0.0;-5,777664;-35,24937;SPRF-RN;DEL02-RN;UOP01-DEL02-RN
394568.0;881015.0;2021-11-08;segunda-feira;12:00:00;RN;101.0;85;NATAL;Sim;Acessar a via sem observar a presença dos outros veículos;1;Colisão lateral mesmo sentido;Com Vítimas Feridas;Pleno dia;Decrescente;Céu Claro;Dupla;Aclive;Sim;714334.0;Motocicleta;YAMAHA/FACTOR YBR125 K/FACTOR YBR125 K;2010.0;Condutor;Lesões Leves;31.0;Masculino;0.0;1.0;0.0;0.0;-5,777664;-35,24937;SPRF-RN;DEL02-RN;UOP01-DEL02-RN
394729.0;881818.0;2021-11-09;terça-feira;08:15:00;RN;101.0;96;NATAL;Sim;Reação tardia ou ineficiente do condutor;1;Engavetamento;Sem Vítimas;Pleno dia;Decrescente;Céu Claro;Dupla;Reta;Não;714820.0;Automóvel;TOYOTA/YARIS HB XL 13 AT/YARIS HB XL 13 AT;2018.0;Condutor;Ileso;39.0;Masculino;1.0;0.0;0.0;0.0;-5,84949622;-35,20890752;SPRF-RN;DEL01-RN;UOP01-DEL01-RN
394729.0;881819.0;2021-11-09;terça-feira;08:15:00;RN;101.0;96;NATAL;Sim;Reação tardia ou ineficiente do condutor;1;Engavetamento;Sem Vítimas;Pleno dia;Decrescente;Céu Claro;Dupla;Reta;Não;714821.0;Automóvel;HYUNDAI/HB20S 1.0M COMF/HB20S 1.0M COMF;2019.0;Condutor;Ileso;32.0;Feminino;1.0;0.0;0.0;0.0;-5,84949622;-35,20890752;SPRF-RN;DEL01-RN;UOP01-DEL01-RN
394729.0;881823.0;2021-11-09;terça-feira;08:15:00;RN;101.0;96;NATAL;Sim;Reação tardia ou ineficiente do condutor;1;Engavetamento;Sem Vítimas;Pleno dia;Decrescente;Céu Claro;Dupla;Reta;Não;714824.0;Automóvel;VW/GOL 1.0L MC4/GOL 1.0L MC4;2020.0;Condutor;Ileso;40.0;Masculino;1.0;0.0;0.0;0.0;-5,84949622;-35,20890752;SPRF-RN;DEL01-RN;UOP01-DEL01-RN
394729.0;881821.0;2021-11-09;terça-feira;08:15:00;RN;101.0;96;NATAL;Sim;Reação tardia ou ineficiente do condutor;1;Engavetamento;Sem Vítimas;Pleno dia;Decrescente;Céu Claro;Dupla;Reta;Não;714823.0;Automóvel;FIAT/SIENA ATTRACTIV 1.4/SIENA ATTRACTIV 1.4;2013.0;Condutor;Ileso;60.0;Masculino;1.0;0.0;0.0;0.0;-5,84949622;-35,20890752;SPRF-RN;DEL01-RN;UOP01-DEL01-RN
394729.0;881824.0;2021-11-09;terça-feira;08:15:00;RN;101.0;96;NATAL;Sim;Reação tardia ou ineficiente do condutor;1;Engavetamento;Sem Vítimas;Pleno dia;Decrescente;Céu Claro;Dupla;Reta;Não;714825.0;Camioneta;RENAULT/DUSTER 20 D 4X2/DUSTER 20 D 4X2;2018.0;Condutor;Ileso;44.0;Masculino;1.0;0.0;0.0;0.0;-5,84949622;-35,20890752;SPRF-RN;DEL01-RN;UOP01-DEL01-RN
394729.0;881820.0;2021-11-09;terça-feira;08:15:00;RN;101.0;96;NATAL;Sim;Reação tardia ou ineficiente do condutor;1;Engavetamento;Sem Vítimas;Pleno dia;Decrescente;Céu Claro;Dupla;Reta;Não;714822.0;Automóvel;FIAT/ARGO DRIVE 1.3/ARGO DRIVE 1.3;2019.0;Condutor;Ileso;26.0;Masculino;1.0;0.0;0.0;0.0;-5,84949622;-35,20890752;SPRF-RN;DEL01-RN;UOP01-DEL01-RN
395054.0;884965.0;2021-11-11;quinta-feira;06:10:00;RN;101.0;84;NATAL;Sim;Acessar a via sem observar a presença dos outros veículos;1;Colisão transversal;Com Vítimas Feridas;Pleno dia;Crescente;Sol;Múltipla;"Reta;Interseção de Vias;Viaduto";Sim;717541.0;Motoneta;HONDA/C100 BIZ/C100 BIZ;0.0;Condutor;Ileso;;Masculino;1.0;0.0;0.0;0.0;-5,774175;-35,2578;SPRF-RN;DEL02-RN;UOP01-DEL02-RN
395054.0;884014.0;2021-11-11;quinta-feira;06:10:00;RN;101.0;84;NATAL;Sim;Acessar a via sem observar a presença dos outros veículos;1;Colisão transversal;Com Vítimas Feridas;Pleno dia;Crescente;Sol;Múltipla;"Reta;Interseção de Vias;Viaduto";Sim;715309.0;Motoneta;HONDA/BIZ 110I/BIZ 110I;2018.0;Condutor;Lesões Leves;63.0;Masculino;0.0;1.0;0.0;0.0;-5,774175;-35,2578;SPRF-RN;DEL02-RN;UOP01-DEL02-RN