id;pesid;data_inversa;dia_semana;horario;uf;br;km;municipio;causa_principal;causa_acidente;ordem_tipo_acidente;tipo_acidente;classificacao_acidente;fase_dia;sentido_via;condicao_metereologica;tipo_pista;tracado_via;uso_solo;id_veiculo;tipo_veiculo;marca;ano_fabricacao_veiculo;tipo_envolvido;estado_fisico;idade;sexo;ilesos;feridos_leves;feridos_graves;mortos;latitude;longitude;regional;delegacia;uop
395075.0;882343.0;2021-11-11;quinta-feira;09:15:00;RN;101.0;96;NATAL;Sim;Condutor deixou de manter distância do veículo da frente;1;Colisão traseira;Com Vítimas Feridas;Pleno dia;Crescente;Céu Claro;Dupla;Reta;Sim;715389.0;Motocicleta;HONDA/CG 125 FAN KS/CG 125 FAN KS;2010.0;Condutor;Lesões Leves;27.0;Masculino;0.0;1.0;0.0;0.0;-5,84949622;-35,20890752;SPRF-RN;DEL01-RN;UOP01-DEL01-RN
395075.0;882342.0;2021-11-11;quinta-feira;09:15:00;RN;101.0;96;NATAL;Sim;Condutor deixou de manter distância do veículo da frente;1;Colisão traseira;Com Vítimas Feridas;Pleno dia;Crescente;Céu Claro;Dupla;Reta;Sim;715390.0;Utilitário;JEEP/RENEGADE THAWK AT D/RENEGADE THAWK AT D;2015.0;Condutor;Ileso;34.0;Feminino;1.0;0.0;0.0;0.0;-5,84949622;-35,20890752;SPRF-RN;DEL01-RN;UOP01-DEL01-RN
395563.0;885489.0;2021-11-13;sábado;10:30:00;RN;101.0;101;NATAL;Sim;Acessar a via sem observar a presença dos outros veículos;1;Colisão transversal;Com Vítimas Feridas;Pleno dia;Crescente;Céu Claro;Múltipla;Reta;Sim;716284.0;Motocicleta;HONDA/CBX 250 TWISTER/CBX 250 TWISTER;2003.0;Passageiro;Lesões Leves;27.0;Feminino;0.0;1.0;0.0;0.0;-5,88681084;-35,23143404;SPRF-RN;DEL01-RN;UOP01-DEL01-RN
395563.0;885484.0;2021-11-13;sábado;10:30:00;RN;101.0;101;NATAL;Sim;Acessar a via sem observar a presença dos outros veículos;1;Colisão transversal;Com Vítimas Feridas;Pleno dia;Crescente;Céu Claro;Múltipla;Reta;Sim;716284.0;Motocicleta;HONDA/CBX 250 TWISTER/CBX 250 TWISTER;2003.0;Condutor;Lesões Leves;23.0;Masculino;0.0;1.0;0.0;0.0;-5,88681084;-35,23143404;SPRF-RN;DEL01-RN;UOP01-DEL01-RN
395563.0;885500.0;2021-11-13;sábado;10:30:00;RN;101.0;101;NATAL;Sim;Acessar a via sem observar a presença dos outros veículos;1;Colisão transversal;Com Vítimas Feridas;Pleno dia;Crescente;Céu Claro;Múltipla;Reta;Sim;717880.0;Automóvel;Não Informado/Não Informado/Não Informado;0.0;Condutor;Ileso;;Ignorado;1.0;0.0;0.0;0.0;-5,88681084;-35,23143404;SPRF-RN;DEL01-RN;UOP01-DEL01-RN
396767.0;888360.0;2021-11-19;sexta-feira;19:40:00;RN;226.0;4;NATAL;Sim;Conversão proibida;1;Colisão transversal;Com Vítimas Fatais;Plena Noite;Crescente;Céu Claro;Simples;Reta;Sim;718577.0;Caminhão;GM/CHEVROLET D40/CHEVROLET D40;1989.0;Condutor;Ileso;38.0;Masculino;1.0;0.0;0.0;0.0;-5,81958019;-35,25969486;SPRF-RN;DEL01-RN;UOP02-DEL01-RN
396767.0;888321.0;2021-11-19;sexta-feira;19:40:00;RN;226.0;4;NATAL;Sim;Conversão proibida;1;Colisão transversal;Com Vítimas Fatais;Plena Noite;Crescente;Céu Claro;Simples;Reta;Sim;718576.0;Automóvel;VW/NOVO GOL 1.0 CITY/NOVO GOL 1.0 CITY;2014.0;Condutor;Não Informado;;Não Informado;0.0;0.0;0.0;0.0;-5,81958019;-35,25969486;SPRF-RN;DEL01-RN;UOP02-DEL01-RN
396767.0;886364.0;2021-11-19;sexta-feira;19:40:00;RN;226.0;4;NATAL;Sim;Conversão proibida;1;Colisão transversal;Com Vítimas Fatais;Plena Noite;Crescente;Céu Claro;Simples;Reta;Sim;718576.0;Automóvel;VW/NOVO GOL 1.0 CITY/NOVO GOL 1.0 CITY;2014.0;Passageiro;Óbito;31.0;Masculino;0.0;0.0;0.0;1.0;-5,81958019;-35,25969486;SPRF-RN;DEL01-RN;UOP02-DEL01-RN
396767.0;888364.0;2021-11-19;sexta-feira;19:40:00;RN;226.0;4;NATAL;Sim;Conversão proibida;1;Colisão transversal;Com Vítimas Fatais;Plena Noite;Crescente;Céu Claro;Simples;Reta;Sim;718576.0;Automóvel;VW/NOVO GOL 1.0 CITY/NOVO GOL 1.0 CITY;2014.0;Passageiro;Lesões Leves;22.0;Feminino;0.0;1.0;0.0;0.0;-5,81958019;-35,25969486;SPRF-RN;DEL01-RN;UOP02-DEL01-RN
396767.0;888363.0;2021-11-19;sexta-feira;19:40:00;RN;226.0;4;NATAL;Sim;Conversão proibida;1;Colisão transversal;Com Vítimas Fatais;Plena Noite;Crescente;Céu Claro;Simples;Reta;Sim;718576.0;Automóvel;VW/NOVO GOL 1.0 CITY/NOVO GOL 1.0 CITY;2014.0;Passageiro;Lesões Leves;23.0;Feminino;0.0;1.0;0.0;0.0;-5,81958019;-35,25969486;SPRF-RN;DEL01-RN;UOP02-DEL01-RN
396767.0;888365.0;2021-11-19;sexta-feira;19:40:00;RN;226.0;4;NATAL;Sim;Conversão proibida;1;Colisão transversal;Com Vítimas Fatais;Plena Noite;Crescente;Céu Claro;Simples;Reta;Sim;;;NA/NA/NA;;Testemunha;Não Informado;;Não Informado;0.0;0.0;0.0;0.0;-5,81958019;-35,25969486;SPRF-RN;DEL01-RN;UOP02-DEL01-RN
397040.0;888432.0;2021-11-21;domingo;02:40:00;RN;101.0;99,4;NATAL;Sim;Ingestão de álcool pelo condutor;1;Colisão com objeto;Com Vítimas Feridas;Plena Noite;Crescente;Céu Claro;Dupla;Reta;Sim;719040.0;Motocicleta;YAMAHA/YBR150 FACTOR ED/YBR150 FACTOR ED;2017.0;Condutor;Lesões Graves;39.0;Masculino;0.0;0.0;1.0;0.0;-5,87359183;-35,22063023;SPRF-RN;DEL01-RN;UOP01-DEL01-RN
397068.0;888007.0;2021-11-21;domingo;05:10:00;RN;101.0;96,6;NATAL;Sim;Ingestão de álcool e/ou substâncias psicoativas pelo pedestre;1;Colisão traseira;Com Vítimas Feridas;Amanhecer;Decrescente;Céu Claro;Dupla;Curva;Sim;719086.0;Automóvel;FIAT/MOBI LIKE/MOBI LIKE;2019.0;Condutor;Ileso;56.0;Masculino;1.0;0.0;0.0;0.0;-5,84732787;-35,20828485;SPRF-RN;DEL01-RN;UOP01-DEL01-RN
397068.0;888004.0;2021-11-21;domingo;05:10:00;RN;101.0;96,6;NATAL;Sim;Ingestão de álcool e/ou substâncias psicoativas pelo pedestre;1;Colisão traseira;Com Vítimas Feridas;Amanhecer;Decrescente;Céu Claro;Dupla;Curva;Sim;719087.0;Bicicleta;MONARK//;0.0;Condutor;Lesões Graves;49.0;Masculino;0.0;0.0;1.0;0.0;-5,84732787;-35,20828485;SPRF-RN;DEL01-RN;UOP01-DEL01-RN
397068.0;888008.0;2021-11-21;domingo;05:10:00;RN;101.0;96,6;NATAL;Sim;Ingestão de álcool e/ou substâncias psicoativas pelo pedestre;1;Colisão traseira;Com Vítimas Feridas;Amanhecer;Decrescente;Céu Claro;Dupla;Curva;Sim;;;NA/NA/NA;;Testemunha;Não Informado;;Não Informado;0.0;0.0;0.0;0.0;-5,84732787;-35,20828485;SPRF-RN;DEL01-RN;UOP01-DEL01-RN
397352.0;889770.0;2021-11-22;segunda-feira;15:23:00;RN;101.0;99;NATAL;Sim;Condutor deixou de manter distância do veículo da frente;1;Colisão traseira;Com Vítimas Feridas;Pleno dia;Crescente;Céu Claro;Simples;Reta;Sim;719711.0;Caminhonete;FIAT/STRADA FIRE FLEX/STRADA FIRE FLEX;2009.0;Condutor;Ileso;57.0;Masculino;1.0;0.0;0.0;0.0;-5,87344078;-35,22097063;SPRF-RN;DEL01-RN;UOP01-DEL01-RN
397352.0;887676.0;2021-11-22;segunda-feira;15:23:00;RN;101.0;99;NATAL;Sim;Condutor deixou de manter distância do veículo da frente;1;Colisão traseira;Com Vítimas Feridas;Pleno dia;Crescente;Céu Claro;Simples;Reta;Sim;719710.0;Micro-ônibus;IMP/MBENZ 310D SPRINTERM/MBENZ 310D SPRINTERM;1997.0;Condutor;Ileso;39.0;Masculino;1.0;0.0;0.0;0.0;-5,87344078;-35,22097063;SPRF-RN;DEL01-RN;UOP01-DEL01-RN
397352.0;887678.0;2021-11-22;segunda-feira;15:23:00;RN;101.0;99;NATAL;Sim;Condutor deixou de manter distância do veículo da frente;1;Colisão traseira;Com Vítimas Feridas;Pleno dia;Crescente;Céu Claro;Simples;Reta;Sim;719710.0;Micro-ônibus;IMP/MBENZ 310D SPRINTERM/MBENZ 310D SPRINTERM;1997.0;Passageiro;Lesões Leves;55.0;Masculino;0.0;1.0;0.0;0.0;-5,87344078;-35,22097063;SPRF-RN;DEL01-RN;UOP01-DEL01-RN
397352.0;887677.0;2021-11-22;segunda-feira;15:23:00;RN;101.0;99;NATAL;Sim;Condutor deixou de manter distância do veículo da frente;1;Colisão traseira;Com Vítimas Feridas;Pleno dia;Crescente;Céu Claro;Simples;Reta;Sim;719710.0;Micro-ônibus;IMP/MBENZ 310D SPRINTERM/MBENZ 310D SPRINTERM;1997.0;Passageiro;Lesões Leves;47.0;Feminino;0.0;1.0;0.0;0.0;-5,87344078;-35,22097063;SPRF-RN;DEL01-RN;UOP01-DEL01-RN
397353.0;887562.0;2021-11-22;segunda-feira;15:45:00;RN;304.0;97;NATAL;Sim;Mal súbito do condutor;2;Colisão com objeto;Sem Vítimas;Pleno dia;Crescente;Céu Claro;Múltipla;Reta;Sim;719631.0;Automóvel;RENAULT/KWID INTENS 10MT/KWID INTENS 10MT;2021.0;Condutor;Ileso;65.0;Masculino;1.0;0.0;0.0;0.0;-5,86260825;-35,21550721;SPRF-RN;DEL04-RN;UOP01-DEL04-RN
397353.0;887562.0;2021-11-22;segunda-feira;15:45:00;RN;304.0;97;NATAL;Sim;Mal súbito do condutor;1;Saída de leito carroçável;Sem Vítimas;Pleno dia;Crescente;Céu Claro;Múltipla;Reta;Sim;719631.0;Automóvel;RENAULT/KWID INTENS 10MT/KWID INTENS 10MT;2021.0;Condutor;Ileso;65.0;Masculino;1.0;0.0;0.0;0.0;-5,86260825;-35,21550721;SPRF-RN;DEL04-RN;UOP01-DEL04-RN
397606.0;888629.0;2021-11-24;quarta-feira;07:50:00;RN;406.0;171,1;NATAL;Não;Reação tardia ou ineficiente do condutor;2;Queda de ocupante de veículo;Com Vítimas Feridas;Pleno dia;Decrescente;Céu Claro;Dupla;"Declive;Reta";Sim;720109.0;Motocicleta;HONDA/CG 160 START/CG 160 START;2018.0;Condutor;Lesões Leves;27.0;Masculino;0.0;1.0;0.0;0.0;-5,76172663;-35,29115323;SPRF-RN;DEL02-RN;UOP01-DEL02-RN
397606.0;888632.0;2021-11-24;quarta-feira;07:50:00;RN;406.0;171,1;NATAL;Não;Reação tardia ou ineficiente do condutor;2;Queda de ocupante de veículo;Com Vítimas Feridas;Pleno dia;Decrescente;Céu Claro;Dupla;"Declive;Reta";Sim;720110.0;Caminhonete;FIAT/FIORINO FLEX/FIORINO FLEX;2013.0;Condutor;Ileso;31.0;Masculino;1.0;0.0;0.0;0.0;-5,76172663;-35,29115323;SPRF-RN;DEL02-RN;UOP01-DEL02-RN
397606.0;888629.0;2021-11-24;quarta-feira;07:50:00;RN;406.0;171,1;NATAL;Sim;Velocidade Incompatível;2;Queda de ocupante de veículo;Com Vítimas Feridas;Pleno dia;Decrescente;Céu Claro;Dupla;"Declive;Reta";Sim;720109.0;Motocicleta;HONDA/CG 160 START/CG 160 START;2018.0;Condutor;Lesões Leves;27.0;Masculino;0.0;1.0;0.0;0.0;-5,76172663;-35,29115323;SPRF-RN;DEL02-RN;UOP01-DEL02-RN
397606.0;888632.0;2021-11-24;quarta-feira;07:50:00;RN;406.0;171,1;NATAL;Sim;Velocidade Incompatível;2;Queda de ocupante de veículo;Com Vítimas Feridas;Pleno dia;Decrescente;Céu Claro;Dupla;"Declive;Reta";Sim;720110.0;Caminhonete;FIAT/FIORINO FLEX/FIORINO FLEX;2013.0;Condutor;Ileso;31.0;Masculino;1.0;0.0;0.0;0.0;-5,76172663;-35,29115323;SPRF-RN;DEL02-RN;UOP01-DEL02-RN
397606.0;888629.0;2021-11-24;quarta-feira;07:50:00;RN;406.0;171,1;NATAL;Não;Reação tardia ou ineficiente do condutor;1;Colisão traseira;Com Vítimas Feridas;Pleno dia;Decrescente;Céu Claro;Dupla;"Declive;Reta";Sim;720109.0;Motocicleta;HONDA/CG 160 START/CG 160 START;2018.0;Condutor;Lesões Leves;27.0;Masculino;0.0;1.0;0.0;0.0;-5,76172663;-35,29115323;SPRF-RN;DEL02-RN;UOP01-DEL02-RN
397606.0;888632.0;2021-11-24;quarta-feira;07:50:00;RN;406.0;171,1;NATAL;Não;Reação tardia ou ineficiente do condutor;1;Colisão traseira;Com Vítimas Feridas;Pleno dia;Decrescente;Céu Claro;Dupla;"Declive;Reta";Sim;720110.0;Caminhonete;FIAT/FIORINO FLEX/FIORINO FLEX;2013.0;Condutor;Ileso;31.0;Masculino;1.0;0.0;0.0;0.0;-5,76172663;-35,29115323;SPRF-RN;DEL02-RN;UOP01-DEL02-RN
397606.0;888629.0;2021-11-24;quarta-feira;07:50:00;RN;406.0;171,1;NATAL;Sim;Velocidade Incompatível;1;Colisão traseira;Com Vítimas Feridas;Pleno dia;Decrescente;Céu Claro;Dupla;"Declive;Reta";Sim;720109.0;Motocicleta;HONDA/CG 160 START/CG 160 START;2018.0;Condutor;Lesões Leves;27.0;Masculino;0.0;1.0;0.0;0.0;-5,76172663;-35,29115323;SPRF-RN;DEL02-RN;UOP01-DEL02-RN
397606.0;888632.0;2021-11-24;quarta-feira;07:50:00;RN;406.0;171,1;NATAL;Sim;Velocidade Incompatível;1;Colisão traseira;Com Vítimas Feridas;Pleno dia;Decrescente;Céu Claro;Dupla;"Declive;Reta";Sim;720110.0;Caminhonete;FIAT/FIORINO FLEX/FIORINO FLEX;2013.0;Condutor;Ileso;31.0;Masculino;1.0;0.0;0.0;0.0;-5,76172663;-35,29115323;SPRF-RN;DEL02-RN;UOP01-DEL02-RN
397667.0;888411.0;2021-11-10;quarta-feira;07:15:00;RN;101.0;94,7;NATAL;Sim;Ausência de reação do condutor;1;Colisão lateral mesmo sentido;Com Vítimas Feridas;Pleno dia;Crescente;Sol;Múltipla;Reta;Sim;720212.0;Motocicleta;HONDA/XRE 300/XRE 300;2017.0;Passageiro;Lesões Leves;;Feminino;0.0;1.0;0.0;0.0;-5,8375513;-35,21169662;SPRF-RN;DEL01-RN;UOP01-DEL01-RN
397667.0;888413.0;2021-11-10;quarta-feira;07:15:00;RN;101.0;94,7;NATAL;Sim;Ausência de reação do condutor;1;Colisão lateral mesmo sentido;Com Vítimas Feridas;Pleno dia;Crescente;Sol;Múltipla;Reta;Sim;720212.0;Motocicleta;HONDA/XRE 300/XRE 300;2017.0;Condutor;Lesões Leves;;Masculino;0.0;1.0;0.0;0.0;-5,8375513;-35,21169662;SPRF-RN;DEL01-RN;UOP01-DEL01-RN
397667.0;888412.0;2021-11-10;quarta-feira;07:15:00;RN;101.0;94,7;NATAL;Sim;Ausência de reação do condutor;1;Colisão lateral mesmo sentido;Com Vítimas Feridas;Pleno dia;Crescente;Sol;Múltipla;Reta;Sim;720213.0;Automóvel;VW/NOVO GOL TRACK MCV/NOVO GOL TRACK MCV;2018.0;Condutor;Ileso;;Feminino;1.0;0.0;0.0;0.0;-5,8375513;-35,21169662;SPRF-RN;DEL01-RN;UOP01-DEL01-RN
398195.0;889648.0;2021-11-27;sábado;09:40:00;RN;101.0;85,7;NATAL;Sim;Reação tardia ou ineficiente do condutor;1;Colisão traseira;Com Vítimas Feridas;Pleno dia;Crescente;Sol;Dupla;Reta;Não;721300.0;Utilitário;I/SUZUKI G.VITARA 4WD 5P/SUZUKI G.VITARA 4WD 5P;2009.0;Condutor;Ileso;28.0;Masculino;1.0;0.0;0.0;0.0;-5,7810212;-35,24792455;SPRF-RN;DEL02-RN;UOP01-DEL02-RN
398195.0;889667.0;2021-11-27;sábado;09:40:00;RN;101.0;85,7;NATAL;Sim;Reação tardia ou ineficiente do condutor;1;Colisão traseira;Com Vítimas Feridas;Pleno dia;Crescente;Sol;Dupla;Reta;Não;721300.0;Utilitário;I/SUZUKI G.VITARA 4WD 5P/SUZUKI G.VITARA 4WD 5P;2009.0;Passageiro;Ileso;31.0;Feminino;1.0;0.0;0.0;0.0;-5,7810212;-35,24792455;SPRF-RN;DEL02-RN;UOP01-DEL02-RN
398195.0;889669.0;2021-11-27;sábado;09:40:00;RN;101.0;85,7;NATAL;Sim;Reação tardia ou ineficiente do condutor;1;Colisão traseira;Com Vítimas Feridas;Pleno dia;Crescente;Sol;Dupla;Reta;Não;721300.0;Utilitário;I/SUZUKI G.VITARA 4WD 5P/SUZUKI G.VITARA 4WD 5P;2009.0;Passageiro;Lesões Graves;30.0;Feminino;0.0;0.0;1.0;0.0;-5,7810212;-35,24792455;SPRF-RN;DEL02-RN;UOP01-DEL02-RN
398195.0;889664.0;2021-11-27;sábado;09:40:00;RN;101.0;85,7;NATAL;Sim;Reação tardia ou ineficiente do condutor;1;Colisão traseira;Com Vítimas Feridas;Pleno dia;Crescente;Sol;Dupla;Reta;Não;721301.0;Automóvel;TOYOTA/COROLLA XEI 20/COROLLA XEI 20;2021.0;Condutor;Ileso;22.0;Masculino;1.0;0.0;0.0;0.0;-5,7810212;-35,24792455;SPRF-RN;DEL02-RN;UOP01-DEL02-RN
398195.0;889746.0;2021-11-27;sábado;09:40:00;RN;101.0;85,7;NATAL;Sim;Reação tardia ou ineficiente do condutor;1;Colisão traseira;Com Vítimas Feridas;Pleno dia;Crescente;Sol;Dupla;Reta;Não;721335.0;Automóvel;Não Informado/Não Informado/Não Informado;0.0;Condutor;Não Informado;;Não Informado;0.0;0.0;0.0;0.0;-5,7810212;-35,24792455;SPRF-RN;DEL02-RN;UOP01-DEL02-RN
398299.0;889963.0;2021-11-27;sábado;20:30:00;RN;101.0;83;NATAL;Sim;Manobra de mudança de faixa;1;Colisão lateral mesmo sentido;Com Vítimas Feridas;Plena Noite;Crescente;Céu Claro;Múltipla;Reta;Sim;721523.0;Motocicleta;HONDA/CG 160 START/CG 160 START;2017.0;Passageiro;Lesões Leves;22.0;Feminino;0.0;1.0;0.0;0.0;-5,7710445;-35,26616981;SPRF-RN;DEL02-RN;UOP01-DEL02-RN
398299.0;889962.0;2021-11-27;sábado;20:30:00;RN;101.0;83;NATAL;Sim;Manobra de mudança de faixa;1;Colisão lateral mesmo sentido;Com Vítimas Feridas;Plena Noite;Crescente;Céu Claro;Múltipla;Reta;Sim;721523.0;Motocicleta;HONDA/CG 160 START/CG 160 START;2017.0;Condutor;Lesões Leves;26.0;Masculino;0.0;1.0;0.0;0.0;-5,7710445;-35,26616981;SPRF-RN;DEL02-RN;UOP01-DEL02-RN
398299.0;889961.0;2021-11-27;sábado;20:30:00;RN;101.0;83;NATAL;Sim;Manobra de mudança de faixa;1;Colisão lateral mesmo sentido;Com Vítimas Feridas;Plena Noite;Crescente;Céu Claro;Múltipla;Reta;Sim;721522.0;Caminhonete;FIAT/STRADA WORKING/STRADA WORKING;2010.0;Condutor;Ileso;41.0;Masculino;1.0;0.0;0.0;0.0;-5,7710445;-35,26616981;SPRF-RN;DEL02-RN;UOP01-DEL02-RN
398764.0;890860.0;2021-11-29;segunda-feira;23:50:00;RN;101.0;99;NATAL;Sim;Avarias e/ou desgaste excessivo no pneu;1;Queda de ocupante de veículo;Com Vítimas Feridas;Plena Noite;Crescente;Céu Claro;Múltipla;Reta;Sim;722341.0;Motocicleta;HONDA/CG 125 FAN KS/CG 125 FAN KS;2011.0;Condutor;Lesões Leves;22.0;Masculino;0.0;1.0;0.0;0.0;-5,876416;-35,223144;SPRF-RN;DEL01-RN;UOP01-DEL01-RN
398764.0;890861.0;2021-11-29;segunda-feira;23:50:00;RN;101.0;99;NATAL;Sim;Avarias e/ou desgaste excessivo no pneu;1;Queda de ocupante de veículo;Com Vítimas Feridas;Plena Noite;Crescente;Céu Claro;Múltipla;Reta;Sim;722341.0;Motocicleta;HONDA/CG 125 FAN KS/CG 125 FAN KS;2011.0;Passageiro;Lesões Leves;20.0;Feminino;0.0;1.0;0.0;0.0;-5,876416;-35,223144;SPRF-RN;DEL01-RN;UOP01-DEL01-RN
399015.0;893580.0;2021-12-01;quarta-feira;12:10:00;RN;101.0;94;NATAL;Sim;Reação tardia ou ineficiente do condutor;1;Colisão traseira;Sem Vítimas;Pleno dia;Decrescente;Céu Claro;Simples;Reta;Sim;722780.0;Automóvel;VW/GOL 1.6L MB5/GOL 1.6L MB5;2018.0;Condutor;Ileso;33.0;Feminino;1.0;0.0;0.0;0.0;-5,83176615;-35,21191342;SPRF-RN;DEL01-RN;UOP01-DEL01-RN
399015.0;893581.0;2021-12-01;quarta-feira;12:10:00;RN;101.0;94;NATAL;Sim;Reação tardia ou ineficiente do condutor;1;Colisão traseira;Sem Vítimas;Pleno dia;Decrescente;Céu Claro;Simples;Reta;Sim;722781.0;Automóvel;HYUNDAI/HB20X 16A VISION/HB20X 16A VISION;2021.0;Condutor;Ileso;64.0;Masculino;1.0;0.0;0.0;0.0;-5,83176615;-35,21191342;SPRF-RN;DEL01-RN;UOP01-DEL01-RN
399224.0;893718.0;2021-12-02;quinta-feira;16:30:00;RN;101.0;83,6;NATAL;Sim;Manobra de mudança de faixa;1;Colisão lateral mesmo sentido;Com Vítimas Feridas;Pleno dia;Decrescente;Céu Claro;Dupla;Reta;Sim;723224.0;Motocicleta;HONDA/CG 125 FAN KS/CG 125 FAN KS;2010.0;Condutor;Lesões Leves;21.0;Masculino;0.0;1.0;0.0;0.0;-5,7710445;-35,26616981;SPRF-RN;DEL02-RN;UOP01-DEL02-RN
399224.0;893722.0;2021-12-02;quinta-feira;16:30:00;RN;101.0;83,6;NATAL;Sim;Manobra de mudança de faixa;1;Colisão lateral mesmo sentido;Com Vítimas Feridas;Pleno dia;Decrescente;Céu Claro;Dupla;Reta;Sim;723225.0;Automóvel;I/KIA PICANTO EX3 1.0L/KIA PICANTO EX3 1.0L;2011.0;Condutor;Ileso;54.0;Masculino;1.0;0.0;0.0;0.0;-5,7710445;-35,26616981;SPRF-RN;DEL02-RN;UOP01-DEL02-RN
399346.0;892181.0;2021-12-03;sexta-feira;08:15:00;RN;101.0;83,1;NATAL;Sim;Condutor deixou de manter distância do veículo da frente;1;Colisão traseira;Com Vítimas Feridas;Pleno dia;Decrescente;Céu Claro;Dupla;Reta;Sim;723417.0;Motocicleta;HONDA/CG 160 START/CG 160 START;2021.0;Condutor;Lesões Graves;24.0;Masculino;0.0;0.0;1.0;0.0;-5,7710445;-35,26616981;SPRF-RN;DEL02-RN;UOP01-DEL02-RN
399346.0;892179.0;2021-12-03;sexta-feira;08:15:00;RN;101.0;83,1;NATAL;Sim;Condutor deixou de manter distância do veículo da frente;1;Colisão traseira;Com Vítimas Feridas;Pleno dia;Decrescente;Céu Claro;Dupla;Reta;Sim;723418.0;Automóvel;I/FIAT SIENA FIRE FLEX/FIAT SIENA FIRE FLEX;2009.0;Condutor;Ileso;70.0;Masculino;1.0;0.0;0.0;0.0;-5,7710445;-35,26616981;SPRF-RN;DEL02-RN;UOP01-DEL02-RN
399901.0;893347.0;2021-12-05;domingo;15:10:00;RN;101.0;83,4;NATAL;Não;Ingestão de álcool pelo condutor;3;Queda de ocupante de veículo;Com Vítimas Feridas;Pleno dia;Decrescente;Céu Claro;Dupla;Reta;Sim;724462.0;Ônibus;MARCOPOLO/VOLARE V8L ON/VOLARE V8L ON;2017.0;Condutor;Ileso;30.0;Masculino;1.0;0.0;0.0;0.0;-5,774175;-35,2578;SPRF-RN;DEL02-RN;UOP01-DEL02-RN
399901.0;893349.0;2021-12-05;domingo;15:10:00;RN;101.0;83,4;NATAL;Não;Ingestão de álcool pelo condutor;3;Queda de ocupante de veículo;Com Vítimas Feridas;Pleno dia;Decrescente;Céu Claro;Dupla;Reta;Sim;724463.0;Ciclomotor;MOTO TRAXX/JL50Q-8/JL50Q-8;2013.0;Condutor;Lesões Graves;34.0;Masculino;0.0;0.0;1.0;0.0;-5,774175;-35,2578;SPRF-RN;DEL02-RN;UOP01-DEL02-RN
399901.0;893347.0;2021-12-05;domingo;15:10:00;RN;101.0;83,4;NATAL;Sim;Ausência de reação do condutor;3;Queda de ocupante de veículo;Com Vítimas Feridas;Pleno dia;Decrescente;Céu Claro;Dupla;Reta;Sim;724462.0;Ônibus;MARCOPOLO/VOLARE V8L ON/VOLARE V8L ON;2017.0;Condutor;Ileso;30.0;Masculino;1.0;0.0;0.0;0.0;-5,774175;-35,2578;SPRF-RN;DEL02-RN;UOP01-DEL02-RN
399901.0;893349.0;2021-12-05;domingo;15:10:00;RN;101.0;83,4;NATAL;Sim;Ausência de reação do condutor;3;Queda de ocupante de veículo;Com Vítimas Feridas;Pleno dia;Decrescente;Céu Claro;Dupla;Reta;Sim;724463.0;Ciclomotor;MOTO TRAXX/JL50Q-8/JL50Q-8;2013.0;Condutor;Lesões Graves;34.0;Masculino;0.0;0.0;1.0;0.0;-5,774175;-35,2578;SPRF-RN;DEL02-RN;UOP01-DEL02-RN
399901.0;893347.0;2021-12-05;domingo;15:10:00;RN;101.0;83,4;NATAL;Não;Ingestão de álcool pelo condutor;2;Tombamento;Com Vítimas Feridas;Pleno dia;Decrescente;Céu Claro;Dupla;Reta;Sim;724462.0;Ônibus;MARCOPOLO/VOLARE V8L ON/VOLARE V8L ON;2017.0;Condutor;Ileso;30.0;Masculino;1.0;0.0;0.0;0.0;-5,774175;-35,2578;SPRF-RN;DEL02-RN;UOP01-DEL02-RN
399901.0;893349.0;2021-12-05;domingo;15:10:00;RN;101.0;83,4;NATAL;Não;Ingestão de álcool pelo condutor;2;Tombamento;Com Vítimas Feridas;Pleno dia;Decrescente;Céu Claro;Dupla;Reta;Sim;724463.0;Ciclomotor;MOTO TRAXX/JL50Q-8/JL50Q-8;2013.0;Condutor;Lesões Graves;34.0;Masculino;0.0;0.0;1.0;0.0;-5,774175;-35,2578;SPRF-RN;DEL02-RN;UOP01-DEL02-RN
399901.0;893347.0;2021-12-05;domingo;15:10:00;RN;101.0;83,4;NATAL;Sim;Ausência de reação do condutor;2;Tombamento;Com Vítimas Feridas;Pleno dia;Decrescente;Céu Claro;Dupla;Reta;Sim;724462.0;Ônibus;MARCOPOLO/VOLARE V8L ON/VOLARE V8L ON;2017.0;Condutor;Ileso;30.0;Masculino;1.0;0.0;0.0;0.0;-5,774175;-35,2578;SPRF-RN;DEL02-RN;UOP01-DEL02-RN
399901.0;893349.0;2021-12-05;domingo;15:10:00;RN;101.0;83,4;NATAL;Sim;Ausência de reação do condutor;2;Tombamento;Com Vítimas Feridas;Pleno dia;Decrescente;Céu Claro;Dupla;Reta;Sim;724463.0;Ciclomotor;MOTO TRAXX/JL50Q-8/JL50Q-8;2013.0;Condutor;Lesões Graves;34.0;Masculino;0.0;0.0;1.0;0.0;-5,774175;-35,2578;SPRF-RN;DEL02-RN;UOP01-DEL02-RN
399901.0;893347.0;2021-12-05;domingo;15:10:00;RN;101.0;83,4;NATAL;Não;Ingestão de álcool pelo condutor;1;Colisão traseira;Com Vítimas Feridas;Pleno dia;Decrescente;Céu Claro;Dupla;Reta;Sim;724462.0;Ônibus;MARCOPOLO/VOLARE V8L ON/VOLARE V8L ON;2017.0;Condutor;Ileso;30.0;Masculino;1.0;0.0;0.0;0.0;-5,774175;-35,2578;SPRF-RN;DEL02-RN;UOP01-DEL02-RN