id;pesid;data_inversa;dia_semana;horario;uf;br;km;municipio;causa_principal;causa_acidente;ordem_tipo_acidente;tipo_acidente;classificacao_acidente;fase_dia;sentido_via;condicao_metereologica;tipo_pista;tracado_via;uso_solo;id_veiculo;tipo_veiculo;marca;ano_fabricacao_veiculo;tipo_envolvido;estado_fisico;idade;sexo;ilesos;feridos_leves;feridos_graves;mortos;latitude;longitude;regional;delegacia;uop
399901.0;893349.0;2021-12-05;domingo;15:10:00;RN;101.0;83,4;NATAL;Não;Ingestão de álcool pelo condutor;1;Colisão traseira;Com Vítimas Feridas;Pleno dia;Decrescente;Céu Claro;Dupla;Reta;Sim;724463.0;Ciclomotor;MOTO TRAXX/JL50Q-8/JL50Q-8;2013.0;Condutor;Lesões Graves;34.0;Masculino;0.0;0.0;1.0;0.0;-5,774175;-35,2578;SPRF-RN;DEL02-RN;UOP01-DEL02-RN
399901.0;893347.0;2021-12-05;domingo;15:10:00;RN;101.0;83,4;NATAL;Sim;Ausência de reação do condutor;1;Colisão traseira;Com Vítimas Feridas;Pleno dia;Decrescente;Céu Claro;Dupla;Reta;Sim;724462.0;Ônibus;MARCOPOLO/VOLARE V8L ON/VOLARE V8L ON;2017.0;Condutor;Ileso;30.0;Masculino;1.0;0.0;0.0;0.0;-5,774175;-35,2578;SPRF-RN;DEL02-RN;UOP01-DEL02-RN
399901.0;893349.0;2021-12-05;domingo;15:10:00;RN;101.0;83,4;NATAL;Sim;Ausência de reação do condutor;1;Colisão traseira;Com Vítimas Feridas;Pleno dia;Decrescente;Céu Claro;Dupla;Reta;Sim;724463.0;Ciclomotor;MOTO TRAXX/JL50Q-8/JL50Q-8;2013.0;Condutor;Lesões Graves;34.0;Masculino;0.0;0.0;1.0;0.0;-5,774175;-35,2578;SPRF-RN;DEL02-RN;UOP01-DEL02-RN
399967.0;894357.0;2021-12-05;domingo;21:25:00;RN;101.0;95;NATAL;Não;Velocidade Incompatível;1;Atropelamento de Pedestre;Com Vítimas Feridas;Plena Noite;Crescente;Garoa/Chuvisco;Múltipla;Reta;Sim;724617.0;Motocicleta;HONDA/XRE 300/XRE 300;2010.0;Condutor;Ileso;23.0;Masculino;1.0;0.0;0.0;0.0;-5,84076841;-35,21035949;SPRF-RN;DEL01-RN;UOP01-DEL01-RN
399967.0;894361.0;2021-12-05;domingo;21:25:00;RN;101.0;95;NATAL;Não;Velocidade Incompatível;1;Atropelamento de Pedestre;Com Vítimas Feridas;Plena Noite;Crescente;Garoa/Chuvisco;Múltipla;Reta;Sim;;;NA/NA/NA;;Pedestre;Lesões Graves;64.0;Masculino;0.0;0.0;1.0;0.0;-5,84076841;-35,21035949;SPRF-RN;DEL01-RN;UOP01-DEL01-RN
399967.0;894357.0;2021-12-05;domingo;21:25:00;RN;101.0;95;NATAL;Sim;Acessar a via sem observar a presença dos outros veículos;1;Atropelamento de Pedestre;Com Vítimas Feridas;Plena Noite;Crescente;Garoa/Chuvisco;Múltipla;Reta;Sim;724617.0;Motocicleta;HONDA/XRE 300/XRE 300;2010.0;Condutor;Ileso;23.0;Masculino;1.0;0.0;0.0;0.0;-5,84076841;-35,21035949;SPRF-RN;DEL01-RN;UOP01-DEL01-RN
399967.0;894361.0;2021-12-05;domingo;21:25:00;RN;101.0;95;NATAL;Sim;Acessar a via sem observar a presença dos outros veículos;1;Atropelamento de Pedestre;Com Vítimas Feridas;Plena Noite;Crescente;Garoa/Chuvisco;Múltipla;Reta;Sim;;;NA/NA/NA;;Pedestre;Lesões Graves;64.0;Masculino;0.0;0.0;1.0;0.0;-5,84076841;-35,21035949;SPRF-RN;DEL01-RN;UOP01-DEL01-RN
400648.0;895806.0;2021-12-09;quinta-feira;11:05:00;RN;226.0;8;NATAL;Não;Ingestão de substâncias psicoativas pelo condutor;2;Queda de ocupante de veículo;Com Vítimas Feridas;Pleno dia;Crescente;Céu Claro;Simples;Curva;Não;726067.0;Motocicleta;YAMAHA/YBR150 FACTOR E/YBR150 FACTOR E;2016.0;Condutor;Lesões Graves;36.0;Masculino;0.0;0.0;1.0;0.0;-5,835833;-35,28031;SPRF-RN;DEL01-RN;UOP02-DEL01-RN
400648.0;895807.0;2021-12-09;quinta-feira;11:05:00;RN;226.0;8;NATAL;Não;Ingestão de substâncias psicoativas pelo condutor;2;Queda de ocupante de veículo;Com Vítimas Feridas;Pleno dia;Crescente;Céu Claro;Simples;Curva;Não;726068.0;Automóvel;FIAT/UNO MILLE FIRE/UNO MILLE FIRE;2001.0;Condutor;Ileso;29.0;Masculino;1.0;0.0;0.0;0.0;-5,835833;-35,28031;SPRF-RN;DEL01-RN;UOP02-DEL01-RN
400648.0;895806.0;2021-12-09;quinta-feira;11:05:00;RN;226.0;8;NATAL;Sim;Ultrapassagem Indevida;2;Queda de ocupante de veículo;Com Vítimas Feridas;Pleno dia;Crescente;Céu Claro;Simples;Curva;Não;726067.0;Motocicleta;YAMAHA/YBR150 FACTOR E/YBR150 FACTOR E;2016.0;Condutor;Lesões Graves;36.0;Masculino;0.0;0.0;1.0;0.0;-5,835833;-35,28031;SPRF-RN;DEL01-RN;UOP02-DEL01-RN
400648.0;895807.0;2021-12-09;quinta-feira;11:05:00;RN;226.0;8;NATAL;Sim;Ultrapassagem Indevida;2;Queda de ocupante de veículo;Com Vítimas Feridas;Pleno dia;Crescente;Céu Claro;Simples;Curva;Não;726068.0;Automóvel;FIAT/UNO MILLE FIRE/UNO MILLE FIRE;2001.0;Condutor;Ileso;29.0;Masculino;1.0;0.0;0.0;0.0;-5,835833;-35,28031;SPRF-RN;DEL01-RN;UOP02-DEL01-RN
400648.0;895806.0;2021-12-09;quinta-feira;11:05:00;RN;226.0;8;NATAL;Não;Ingestão de substâncias psicoativas pelo condutor;1;Colisão frontal;Com Vítimas Feridas;Pleno dia;Crescente;Céu Claro;Simples;Curva;Não;726067.0;Motocicleta;YAMAHA/YBR150 FACTOR E/YBR150 FACTOR E;2016.0;Condutor;Lesões Graves;36.0;Masculino;0.0;0.0;1.0;0.0;-5,835833;-35,28031;SPRF-RN;DEL01-RN;UOP02-DEL01-RN
400648.0;895807.0;2021-12-09;quinta-feira;11:05:00;RN;226.0;8;NATAL;Não;Ingestão de substâncias psicoativas pelo condutor;1;Colisão frontal;Com Vítimas Feridas;Pleno dia;Crescente;Céu Claro;Simples;Curva;Não;726068.0;Automóvel;FIAT/UNO MILLE FIRE/UNO MILLE FIRE;2001.0;Condutor;Ileso;29.0;Masculino;1.0;0.0;0.0;0.0;-5,835833;-35,28031;SPRF-RN;DEL01-RN;UOP02-DEL01-RN
400648.0;895806.0;2021-12-09;quinta-feira;11:05:00;RN;226.0;8;NATAL;Sim;Ultrapassagem Indevida;1;Colisão frontal;Com Vítimas Feridas;Pleno dia;Crescente;Céu Claro;Simples;Curva;Não;726067.0;Motocicleta;YAMAHA/YBR150 FACTOR E/YBR150 FACTOR E;2016.0;Condutor;Lesões Graves;36.0;Masculino;0.0;0.0;1.0;0.0;-5,835833;-35,28031;SPRF-RN;DEL01-RN;UOP02-DEL01-RN
400648.0;895807.0;2021-12-09;quinta-feira;11:05:00;RN;226.0;8;NATAL;Sim;Ultrapassagem Indevida;1;Colisão frontal;Com Vítimas Feridas;Pleno dia;Crescente;Céu Claro;Simples;Curva;Não;726068.0;Automóvel;FIAT/UNO MILLE FIRE/UNO MILLE FIRE;2001.0;Condutor;Ileso;29.0;Masculino;1.0;0.0;0.0;0.0;-5,835833;-35,28031;SPRF-RN;DEL01-RN;UOP02-DEL01-RN
400769.0;897024.0;2021-12-10;sexta-feira;04:20:00;RN;101.0;98;NATAL;Sim;Reação tardia ou ineficiente do condutor;1;Colisão traseira;Sem Vítimas;Amanhecer;Decrescente;Céu Claro;Dupla;Reta;Sim;726175.0;Automóvel;RENAULT/KWID ZEN 10MT/KWID ZEN 10MT;2018.0;Condutor;Ileso;85.0;Masculino;1.0;0.0;0.0;0.0;-5,865679;-35,21652;SPRF-RN;DEL01-RN;UOP01-DEL01-RN
400769.0;897031.0;2021-12-10;sexta-feira;04:20:00;RN;101.0;98;NATAL;Sim;Reação tardia ou ineficiente do condutor;1;Colisão traseira;Sem Vítimas;Amanhecer;Decrescente;Céu Claro;Dupla;Reta;Sim;727439.0;Caminhonete;HYUNDAI/HR HDB/HR HDB;2020.0;Condutor;Ileso;34.0;Masculino;1.0;0.0;0.0;0.0;-5,865679;-35,21652;SPRF-RN;DEL01-RN;UOP01-DEL01-RN
401393.0;896809.0;2021-12-12;domingo;23:30:00;RN;101.0;85;NATAL;Sim;Animais na Pista;1;Atropelamento de Animal;Com Vítimas Feridas;Plena Noite;Crescente;Céu Claro;Dupla;Reta;Sim;727235.0;Automóvel;CHEVROLET/CLASSIC LS/CLASSIC LS;2010.0;Condutor;Lesões Leves;26.0;Masculino;0.0;1.0;0.0;0.0;-5,777664;-35,24937;SPRF-RN;DEL02-RN;UOP01-DEL02-RN
401574.0;900222.0;2021-12-13;segunda-feira;19:30:00;RN;101.0;85;NATAL;Sim;Pedestre cruzava a pista fora da faixa;3;Queda de ocupante de veículo;Com Vítimas Feridas;Plena Noite;Decrescente;Céu Claro;Simples;Reta;Sim;727632.0;Motocicleta;HONDA/POP 110I/POP 110I;2019.0;Condutor;Lesões Leves;20.0;Masculino;0.0;1.0;0.0;0.0;-5,777664;-35,24937;SPRF-RN;DEL02-RN;UOP01-DEL02-RN
401574.0;900225.0;2021-12-13;segunda-feira;19:30:00;RN;101.0;85;NATAL;Sim;Pedestre cruzava a pista fora da faixa;3;Queda de ocupante de veículo;Com Vítimas Feridas;Plena Noite;Decrescente;Céu Claro;Simples;Reta;Sim;;;NA/NA/NA;;Pedestre;Lesões Graves;20.0;Feminino;0.0;0.0;1.0;0.0;-5,777664;-35,24937;SPRF-RN;DEL02-RN;UOP01-DEL02-RN
401574.0;900233.0;2021-12-13;segunda-feira;19:30:00;RN;101.0;85;NATAL;Sim;Pedestre cruzava a pista fora da faixa;3;Queda de ocupante de veículo;Com Vítimas Feridas;Plena Noite;Decrescente;Céu Claro;Simples;Reta;Sim;;;NA/NA/NA;;Pedestre;Lesões Leves;3.0;Masculino;0.0;1.0;0.0;0.0;-5,777664;-35,24937;SPRF-RN;DEL02-RN;UOP01-DEL02-RN
401574.0;900222.0;2021-12-13;segunda-feira;19:30:00;RN;101.0;85;NATAL;Não;Área urbana sem a presença de local apropriado para a travessia de pedestres;3;Queda de ocupante de veículo;Com Vítimas Feridas;Plena Noite;Decrescente;Céu Claro;Simples;Reta;Sim;727632.0;Motocicleta;HONDA/POP 110I/POP 110I;2019.0;Condutor;Lesões Leves;20.0;Masculino;0.0;1.0;0.0;0.0;-5,777664;-35,24937;SPRF-RN;DEL02-RN;UOP01-DEL02-RN
401574.0;900225.0;2021-12-13;segunda-feira;19:30:00;RN;101.0;85;NATAL;Não;Área urbana sem a presença de local apropriado para a travessia de pedestres;3;Queda de ocupante de veículo;Com Vítimas Feridas;Plena Noite;Decrescente;Céu Claro;Simples;Reta;Sim;;;NA/NA/NA;;Pedestre;Lesões Graves;20.0;Feminino;0.0;0.0;1.0;0.0;-5,777664;-35,24937;SPRF-RN;DEL02-RN;UOP01-DEL02-RN
401574.0;900233.0;2021-12-13;segunda-feira;19:30:00;RN;101.0;85;NATAL;Não;Área urbana sem a presença de local apropriado para a travessia de pedestres;3;Queda de ocupante de veículo;Com Vítimas Feridas;Plena Noite;Decrescente;Céu Claro;Simples;Reta;Sim;;;NA/NA/NA;;Pedestre;Lesões Leves;3.0;Masculino;0.0;1.0;0.0;0.0;-5,777664;-35,24937;SPRF-RN;DEL02-RN;UOP01-DEL02-RN
401574.0;900222.0;2021-12-13;segunda-feira;19:30:00;RN;101.0;85;NATAL;Sim;Pedestre cruzava a pista fora da faixa;2;Tombamento;Com Vítimas Feridas;Plena Noite;Decrescente;Céu Claro;Simples;Reta;Sim;727632.0;Motocicleta;HONDA/POP 110I/POP 110I;2019.0;Condutor;Lesões Leves;20.0;Masculino;0.0;1.0;0.0;0.0;-5,777664;-35,24937;SPRF-RN;DEL02-RN;UOP01-DEL02-RN
401574.0;900225.0;2021-12-13;segunda-feira;19:30:00;RN;101.0;85;NATAL;Sim;Pedestre cruzava a pista fora da faixa;2;Tombamento;Com Vítimas Feridas;Plena Noite;Decrescente;Céu Claro;Simples;Reta;Sim;;;NA/NA/NA;;Pedestre;Lesões Graves;20.0;Feminino;0.0;0.0;1.0;0.0;-5,777664;-35,24937;SPRF-RN;DEL02-RN;UOP01-DEL02-RN
401574.0;900233.0;2021-12-13;segunda-feira;19:30:00;RN;101.0;85;NATAL;Sim;Pedestre cruzava a pista fora da faixa;2;Tombamento;Com Vítimas Feridas;Plena Noite;Decrescente;Céu Claro;Simples;Reta;Sim;;;NA/NA/NA;;Pedestre;Lesões Leves;3.0;Masculino;0.0;1.0;0.0;0.0;-5,777664;-35,24937;SPRF-RN;DEL02-RN;UOP01-DEL02-RN
401574.0;900222.0;2021-12-13;segunda-feira;19:30:00;RN;101.0;85;NATAL;Não;Área urbana sem a presença de local apropriado para a travessia de pedestres;2;Tombamento;Com Vítimas Feridas;Plena Noite;Decrescente;Céu Claro;Simples;Reta;Sim;727632.0;Motocicleta;HONDA/POP 110I/POP 110I;2019.0;Condutor;Lesões Leves;20.0;Masculino;0.0;1.0;0.0;0.0;-5,777664;-35,24937;SPRF-RN;DEL02-RN;UOP01-DEL02-RN
401574.0;900225.0;2021-12-13;segunda-feira;19:30:00;RN;101.0;85;NATAL;Não;Área urbana sem a presença de local apropriado para a travessia de pedestres;2;Tombamento;Com Vítimas Feridas;Plena Noite;Decrescente;Céu Claro;Simples;Reta;Sim;;;NA/NA/NA;;Pedestre;Lesões Graves;20.0;Feminino;0.0;0.0;1.0;0.0;-5,777664;-35,24937;SPRF-RN;DEL02-RN;UOP01-DEL02-RN
401574.0;900233.0;2021-12-13;segunda-feira;19:30:00;RN;101.0;85;NATAL;Não;Área urbana sem a presença de local apropriado para a travessia de pedestres;2;Tombamento;Com Vítimas Feridas;Plena Noite;Decrescente;Céu Claro;Simples;Reta;Sim;;;NA/NA/NA;;Pedestre;Lesões Leves;3.0;Masculino;0.0;1.0;0.0;0.0;-5,777664;-35,24937;SPRF-RN;DEL02-RN;UOP01-DEL02-RN
401574.0;900222.0;2021-12-13;segunda-feira;19:30:00;RN;101.0;85;NATAL;Sim;Pedestre cruzava a pista fora da faixa;1;Atropelamento de Pedestre;Com Vítimas Feridas;Plena Noite;Decrescente;Céu Claro;Simples;Reta;Sim;727632.0;Motocicleta;HONDA/POP 110I/POP 110I;2019.0;Condutor;Lesões Leves;20.0;Masculino;0.0;1.0;0.0;0.0;-5,777664;-35,24937;SPRF-RN;DEL02-RN;UOP01-DEL02-RN
401574.0;900225.0;2021-12-13;segunda-feira;19:30:00;RN;101.0;85;NATAL;Sim;Pedestre cruzava a pista fora da faixa;1;Atropelamento de Pedestre;Com Vítimas Feridas;Plena Noite;Decrescente;Céu Claro;Simples;Reta;Sim;;;NA/NA/NA;;Pedestre;Lesões Graves;20.0;Feminino;0.0;0.0;1.0;0.0;-5,777664;-35,24937;SPRF-RN;DEL02-RN;UOP01-DEL02-RN
401574.0;900233.0;2021-12-13;segunda-feira;19:30:00;RN;101.0;85;NATAL;Sim;Pedestre cruzava a pista fora da faixa;1;Atropelamento de Pedestre;Com Vítimas Feridas;Plena Noite;Decrescente;Céu Claro;Simples;Reta;Sim;;;NA/NA/NA;;Pedestre;Lesões Leves;3.0;Masculino;0.0;1.0;0.0;0.0;-5,777664;-35,24937;SPRF-RN;DEL02-RN;UOP01-DEL02-RN
401574.0;900222.0;2021-12-13;segunda-feira;19:30:00;RN;101.0;85;NATAL;Não;Área urbana sem a presença de local apropriado para a travessia de pedestres;1;Atropelamento de Pedestre;Com Vítimas Feridas;Plena Noite;Decrescente;Céu Claro;Simples;Reta;Sim;727632.0;Motocicleta;HONDA/POP 110I/POP 110I;2019.0;Condutor;Lesões Leves;20.0;Masculino;0.0;1.0;0.0;0.0;-5,777664;-35,24937;SPRF-RN;DEL02-RN;UOP01-DEL02-RN
401574.0;900225.0;2021-12-13;segunda-feira;19:30:00;RN;101.0;85;NATAL;Não;Área urbana sem a presença de local apropriado para a travessia de pedestres;1;Atropelamento de Pedestre;Com Vítimas Feridas;Plena Noite;Decrescente;Céu Claro;Simples;Reta;Sim;;;NA/NA/NA;;Pedestre;Lesões Graves;20.0;Feminino;0.0;0.0;1.0;0.0;-5,777664;-35,24937;SPRF-RN;DEL02-RN;UOP01-DEL02-RN
401574.0;900233.0;2021-12-13;segunda-feira;19:30:00;RN;101.0;85;NATAL;Não;Área urbana sem a presença de local apropriado para a travessia de pedestres;1;Atropelamento de Pedestre;Com Vítimas Feridas;Plena Noite;Decrescente;Céu Claro;Simples;Reta;Sim;;;NA/NA/NA;;Pedestre;Lesões Leves;3.0;Masculino;0.0;1.0;0.0;0.0;-5,777664;-35,24937;SPRF-RN;DEL02-RN;UOP01-DEL02-RN
401603.0;899242.0;2021-12-14;terça-feira;00:12:00;RN;101.0;94;NATAL;Não;Objeto estático sobre o leito carroçável;2;Colisão com objeto;Com Vítimas Feridas;Plena Noite;Decrescente;Chuva;Simples;Curva;Sim;727619.0;Motocicleta;HONDA/CB 300R/CB 300R;2009.0;Condutor;Lesões Leves;27.0;Masculino;0.0;1.0;0.0;0.0;-5,831766;-35,21191;SPRF-RN;DEL01-RN;UOP01-DEL01-RN
401603.0;898867.0;2021-12-14;terça-feira;00:12:00;RN;101.0;94;NATAL;Não;Objeto estático sobre o leito carroçável;2;Colisão com objeto;Com Vítimas Feridas;Plena Noite;Decrescente;Chuva;Simples;Curva;Sim;727618.0;Motocicleta;HONDA/CB 300R/CB 300R;2009.0;Condutor;Lesões Leves;39.0;Masculino;0.0;1.0;0.0;0.0;-5,831766;-35,21191;SPRF-RN;DEL01-RN;UOP01-DEL01-RN
401603.0;899242.0;2021-12-14;terça-feira;00:12:00;RN;101.0;94;NATAL;Sim;Acumulo de areia ou detritos sobre o pavimento;2;Colisão com objeto;Com Vítimas Feridas;Plena Noite;Decrescente;Chuva;Simples;Curva;Sim;727619.0;Motocicleta;HONDA/CB 300R/CB 300R;2009.0;Condutor;Lesões Leves;27.0;Masculino;0.0;1.0;0.0;0.0;-5,831766;-35,21191;SPRF-RN;DEL01-RN;UOP01-DEL01-RN
401603.0;898867.0;2021-12-14;terça-feira;00:12:00;RN;101.0;94;NATAL;Sim;Acumulo de areia ou detritos sobre o pavimento;2;Colisão com objeto;Com Vítimas Feridas;Plena Noite;Decrescente;Chuva;Simples;Curva;Sim;727618.0;Motocicleta;HONDA/CB 300R/CB 300R;2009.0;Condutor;Lesões Leves;39.0;Masculino;0.0;1.0;0.0;0.0;-5,831766;-35,21191;SPRF-RN;DEL01-RN;UOP01-DEL01-RN
401603.0;899242.0;2021-12-14;terça-feira;00:12:00;RN;101.0;94;NATAL;Não;Objeto estático sobre o leito carroçável;1;Tombamento;Com Vítimas Feridas;Plena Noite;Decrescente;Chuva;Simples;Curva;Sim;727619.0;Motocicleta;HONDA/CB 300R/CB 300R;2009.0;Condutor;Lesões Leves;27.0;Masculino;0.0;1.0;0.0;0.0;-5,831766;-35,21191;SPRF-RN;DEL01-RN;UOP01-DEL01-RN
401603.0;898867.0;2021-12-14;terça-feira;00:12:00;RN;101.0;94;NATAL;Não;Objeto estático sobre o leito carroçável;1;Tombamento;Com Vítimas Feridas;Plena Noite;Decrescente;Chuva;Simples;Curva;Sim;727618.0;Motocicleta;HONDA/CB 300R/CB 300R;2009.0;Condutor;Lesões Leves;39.0;Masculino;0.0;1.0;0.0;0.0;-5,831766;-35,21191;SPRF-RN;DEL01-RN;UOP01-DEL01-RN
401603.0;899242.0;2021-12-14;terça-feira;00:12:00;RN;101.0;94;NATAL;Sim;Acumulo de areia ou detritos sobre o pavimento;1;Tombamento;Com Vítimas Feridas;Plena Noite;Decrescente;Chuva;Simples;Curva;Sim;727619.0;Motocicleta;HONDA/CB 300R/CB 300R;2009.0;Condutor;Lesões Leves;27.0;Masculino;0.0;1.0;0.0;0.0;-5,831766;-35,21191;SPRF-RN;DEL01-RN;UOP01-DEL01-RN
401603.0;898867.0;2021-12-14;terça-feira;00:12:00;RN;101.0;94;NATAL;Sim;Acumulo de areia ou detritos sobre o pavimento;1;Tombamento;Com Vítimas Feridas;Plena Noite;Decrescente;Chuva;Simples;Curva;Sim;727618.0;Motocicleta;HONDA/CB 300R/CB 300R;2009.0;Condutor;Lesões Leves;39.0;Masculino;0.0;1.0;0.0;0.0;-5,831766;-35,21191;SPRF-RN;DEL01-RN;UOP01-DEL01-RN
401818.0;897954.0;2021-12-15;quarta-feira;06:00:00;RN;226.0;5;NATAL;Sim;Ausência de reação do condutor;1;Colisão traseira;Com Vítimas Feridas;Pleno dia;Decrescente;Céu Claro;Simples;Reta;Sim;728084.0;Automóvel;HYUNDAI/HB20 1.0M COMFOR/HB20 1.0M COMFOR;2016.0;Condutor;Ileso;40.0;Feminino;1.0;0.0;0.0;0.0;-5,820901;-35,26828;SPRF-RN;DEL01-RN;UOP02-DEL01-RN
401818.0;897956.0;2021-12-15;quarta-feira;06:00:00;RN;226.0;5;NATAL;Sim;Ausência de reação do condutor;1;Colisão traseira;Com Vítimas Feridas;Pleno dia;Decrescente;Céu Claro;Simples;Reta;Sim;728085.0;Motocicleta;HONDA/CG 160 FAN/CG 160 FAN;2021.0;Condutor;Lesões Leves;39.0;Masculino;0.0;1.0;0.0;0.0;-5,820901;-35,26828;SPRF-RN;DEL01-RN;UOP02-DEL01-RN
401914.0;899813.0;2021-12-15;quarta-feira;16:45:00;RN;101.0;95,4;NATAL;Sim;Trafegar com motocicleta (ou similar) entre as faixas;1;Colisão transversal;Com Vítimas Feridas;Plena Noite;Crescente;Céu Claro;Múltipla;Reta;Sim;728303.0;Camioneta;JEEP/RENEGADE LNGTD AT/RENEGADE LNGTD AT;2020.0;Condutor;Ileso;50.0;Masculino;1.0;0.0;0.0;0.0;-5,831766;-35,21191;SPRF-RN;DEL01-RN;UOP01-DEL01-RN
401914.0;899815.0;2021-12-15;quarta-feira;16:45:00;RN;101.0;95,4;NATAL;Sim;Trafegar com motocicleta (ou similar) entre as faixas;1;Colisão transversal;Com Vítimas Feridas;Plena Noite;Crescente;Céu Claro;Múltipla;Reta;Sim;728304.0;Motocicleta;HONDA/POP 110I/POP 110I;2021.0;Condutor;Lesões Leves;19.0;Masculino;0.0;1.0;0.0;0.0;-5,831766;-35,21191;SPRF-RN;DEL01-RN;UOP01-DEL01-RN
403149.0;902562.0;2021-12-21;terça-feira;06:20:00;RN;101.0;81,4;NATAL;Não;Demais falhas na via;1;Colisão traseira;Com Vítimas Feridas;Pleno dia;Decrescente;Sol;Dupla;Reta;Sim;730446.0;Ônibus;M.BENZ/MPOLO TORINO U/MPOLO TORINO U;2011.0;Condutor;Ileso;55.0;Masculino;1.0;0.0;0.0;0.0;-5,764695;-35,28296;SPRF-RN;DEL02-RN;UOP01-DEL02-RN
403149.0;902563.0;2021-12-21;terça-feira;06:20:00;RN;101.0;81,4;NATAL;Não;Demais falhas na via;1;Colisão traseira;Com Vítimas Feridas;Pleno dia;Decrescente;Sol;Dupla;Reta;Sim;730447.0;Automóvel;GM/CELTA 2P LIFE/CELTA 2P LIFE;2004.0;Condutor;Lesões Leves;33.0;Masculino;0.0;1.0;0.0;0.0;-5,764695;-35,28296;SPRF-RN;DEL02-RN;UOP01-DEL02-RN
403149.0;902565.0;2021-12-21;terça-feira;06:20:00;RN;101.0;81,4;NATAL;Não;Demais falhas na via;1;Colisão traseira;Com Vítimas Feridas;Pleno dia;Decrescente;Sol;Dupla;Reta;Sim;730447.0;Automóvel;GM/CELTA 2P LIFE/CELTA 2P LIFE;2004.0;Passageiro;Lesões Leves;34.0;Masculino;0.0;1.0;0.0;0.0;-5,764695;-35,28296;SPRF-RN;DEL02-RN;UOP01-DEL02-RN
403149.0;902566.0;2021-12-21;terça-feira;06:20:00;RN;101.0;81,4;NATAL;Não;Demais falhas na via;1;Colisão traseira;Com Vítimas Feridas;Pleno dia;Decrescente;Sol;Dupla;Reta;Sim;730447.0;Automóvel;GM/CELTA 2P LIFE/CELTA 2P LIFE;2004.0;Passageiro;Lesões Leves;37.0;Masculino;0.0;1.0;0.0;0.0;-5,764695;-35,28296;SPRF-RN;DEL02-RN;UOP01-DEL02-RN
403149.0;902562.0;2021-12-21;terça-feira;06:20:00;RN;101.0;81,4;NATAL;Sim;Ingestão de álcool pelo condutor;1;Colisão traseira;Com Vítimas Feridas;Pleno dia;Decrescente;Sol;Dupla;Reta;Sim;730446.0;Ônibus;M.BENZ/MPOLO TORINO U/MPOLO TORINO U;2011.0;Condutor;Ileso;55.0;Masculino;1.0;0.0;0.0;0.0;-5,764695;-35,28296;SPRF-RN;DEL02-RN;UOP01-DEL02-RN
403149.0;902563.0;2021-12-21;terça-feira;06:20:00;RN;101.0;81,4;NATAL;Sim;Ingestão de álcool pelo condutor;1;Colisão traseira;Com Vítimas Feridas;Pleno dia;Decrescente;Sol;Dupla;Reta;Sim;730447.0;Automóvel;GM/CELTA 2P LIFE/CELTA 2P LIFE;2004.0;Condutor;Lesões Leves;33.0;Masculino;0.0;1.0;0.0;0.0;-5,764695;-35,28296;SPRF-RN;DEL02-RN;UOP01-DEL02-RN
403149.0;902565.0;2021-12-21;terça-feira;06:20:00;RN;101.0;81,4;NATAL;Sim;Ingestão de álcool pelo condutor;1;Colisão traseira;Com Vítimas Feridas;Pleno dia;Decrescente;Sol;Dupla;Reta;Sim;730447.0;Automóvel;GM/CELTA 2P LIFE/CELTA 2P LIFE;2004.0;Passageiro;Lesões Leves;34.0;Masculino;0.0;1.0;0.0;0.0;-5,764695;-35,28296;SPRF-RN;DEL02-RN;UOP01-DEL02-RN
403149.0;902566.0;2021-12-21;terça-feira;06:20:00;RN;101.0;81,4;NATAL;Sim;Ingestão de álcool pelo condutor;1;Colisão traseira;Com Vítimas Feridas;Pleno dia;Decrescente;Sol;Dupla;Reta;Sim;730447.0;Automóvel;GM/CELTA 2P LIFE/CELTA 2P LIFE;2004.0;Passageiro;Lesões Leves;37.0;Masculino;0.0;1.0;0.0;0.0;-5,764695;-35,28296;SPRF-RN;DEL02-RN;UOP01-DEL02-RN
403271.0;902814.0;2021-12-22;quarta-feira;01:05:00;RN;101.0;83,8;NATAL;Sim;Pedestre cruzava a pista fora da faixa;1;Atropelamento de Pedestre;Com Vítimas Fatais;Plena Noite;Decrescente;Céu Claro;Dupla;Reta;Sim;730707.0;Automóvel;Não Informado/Não Informado/Não Informado;0.0;Condutor;Ileso;;Masculino;1.0;0.0;0.0;0.0;-5,771045;-35,26617;SPRF-RN;DEL02-RN;UOP01-DEL02-RN
403271.0;902820.0;2021-12-22;quarta-feira;01:05:00;RN;101.0;83,8;NATAL;Sim;Pedestre cruzava a pista fora da faixa;1;Atropelamento de Pedestre;Com Vítimas Fatais;Plena Noite;Decrescente;Céu Claro;Dupla;Reta;Sim;;;NA/NA/NA;;Testemunha;Não Informado;;Não Informado;0.0;0.0;0.0;0.0;-5,771045;-35,26617;SPRF-RN;DEL02-RN;UOP01-DEL02-RN
403271.0;901124.0;2021-12-22;quarta-feira;01:05:00;RN;101.0;83,8;NATAL;Sim;Pedestre cruzava a pista fora da faixa;1;Atropelamento de Pedestre;Com Vítimas Fatais;Plena Noite;Decrescente;Céu Claro;Dupla;Reta;Sim;;;NA/NA/NA;;Pedestre;Óbito;;Masculino;0.0;0.0;0.0;1.0;-5,771045;-35,26617;SPRF-RN;DEL02-RN;UOP01-DEL02-RN
403341.0;903723.0;2021-12-22;quarta-feira;12:30:00;RN;101.0;97,6;NATAL;Sim;Manobra de mudança de faixa;1;Colisão lateral mesmo sentido;Sem Vítimas;Pleno dia;Decrescente;Céu Claro;Múltipla;Reta;Sim;731075.0;Automóvel;VW/UP TAKE MA/UP TAKE MA;2014.0;Condutor;Ileso;28.0;Feminino;1.0;0.0;0.0;0.0;-5,857589;-35,21271;SPRF-RN;DEL01-RN;UOP01-DEL01-RN