id;pesid;data_inversa;dia_semana;horario;uf;br;km;municipio;causa_principal;causa_acidente;ordem_tipo_acidente;tipo_acidente;classificacao_acidente;fase_dia;sentido_via;condicao_metereologica;tipo_pista;tracado_via;uso_solo;id_veiculo;tipo_veiculo;marca;ano_fabricacao_veiculo;tipo_envolvido;estado_fisico;idade;sexo;ilesos;feridos_leves;feridos_graves;mortos;latitude;longitude;regional;delegacia;uop
262902.0;586297.0;2020-01-15;quarta-feira;08:05:00;RN;101.0;97;NATAL;Sim;Falta de Atenção à Condução;1;Colisão traseira;Com Vítimas Feridas;Pleno dia;Decrescente;Sol;Múltipla;Viaduto;Sim;469153.0;Automóvel;VW/GOL 1.0/GOL 1.0;2003.0;Passageiro;Lesões Leves;8.0;Feminino;0.0;1.0;0.0;0.0;-5,85758898;-35,21271205;SPRF-RN;DEL01-RN;UOP01-DEL01-RN
262907.0;585534.0;2020-01-15;quarta-feira;08:50:00;RN;101.0;95,1;NATAL;Não;Falta de Atenção à Condução;2;Queda de ocupante de veículo;Com Vítimas Feridas;Pleno dia;Crescente;Sol;Múltipla;Reta;Sim;468974.0;Automóvel;FORD/KA/KA;2006.0;Condutor;Ileso;70.0;Masculino;1.0;0.0;0.0;0.0;-5,84076841;-35,21035949;SPRF-RN;DEL01-RN;UOP01-DEL01-RN
262907.0;585536.0;2020-01-15;quarta-feira;08:50:00;RN;101.0;95,1;NATAL;Não;Falta de Atenção à Condução;2;Queda de ocupante de veículo;Com Vítimas Feridas;Pleno dia;Crescente;Sol;Múltipla;Reta;Sim;468975.0;Motocicleta;HONDA/CG 160 START/CG 160 START;2016.0;Passageiro;Lesões Leves;42.0;Feminino;0.0;1.0;0.0;0.0;-5,84076841;-35,21035949;SPRF-RN;DEL01-RN;UOP01-DEL01-RN
262907.0;585538.0;2020-01-15;quarta-feira;08:50:00;RN;101.0;95,1;NATAL;Não;Falta de Atenção à Condução;2;Queda de ocupante de veículo;Com Vítimas Feridas;Pleno dia;Crescente;Sol;Múltipla;Reta;Sim;468975.0;Motocicleta;HONDA/CG 160 START/CG 160 START;2016.0;Condutor;Lesões Leves;20.0;Masculino;0.0;1.0;0.0;0.0;-5,84076841;-35,21035949;SPRF-RN;DEL01-RN;UOP01-DEL01-RN
262907.0;585534.0;2020-01-15;quarta-feira;08:50:00;RN;101.0;95,1;NATAL;Não;Não guardar distância de segurança;2;Queda de ocupante de veículo;Com Vítimas Feridas;Pleno dia;Crescente;Sol;Múltipla;Reta;Sim;468974.0;Automóvel;FORD/KA/KA;2006.0;Condutor;Ileso;70.0;Masculino;1.0;0.0;0.0;0.0;-5,84076841;-35,21035949;SPRF-RN;DEL01-RN;UOP01-DEL01-RN
262907.0;585536.0;2020-01-15;quarta-feira;08:50:00;RN;101.0;95,1;NATAL;Não;Não guardar distância de segurança;2;Queda de ocupante de veículo;Com Vítimas Feridas;Pleno dia;Crescente;Sol;Múltipla;Reta;Sim;468975.0;Motocicleta;HONDA/CG 160 START/CG 160 START;2016.0;Passageiro;Lesões Leves;42.0;Feminino;0.0;1.0;0.0;0.0;-5,84076841;-35,21035949;SPRF-RN;DEL01-RN;UOP01-DEL01-RN
262907.0;585538.0;2020-01-15;quarta-feira;08:50:00;RN;101.0;95,1;NATAL;Não;Não guardar distância de segurança;2;Queda de ocupante de veículo;Com Vítimas Feridas;Pleno dia;Crescente;Sol;Múltipla;Reta;Sim;468975.0;Motocicleta;HONDA/CG 160 START/CG 160 START;2016.0;Condutor;Lesões Leves;20.0;Masculino;0.0;1.0;0.0;0.0;-5,84076841;-35,21035949;SPRF-RN;DEL01-RN;UOP01-DEL01-RN
262907.0;585534.0;2020-01-15;quarta-feira;08:50:00;RN;101.0;95,1;NATAL;Sim;Sinalização da via insuficiente ou inadequada;2;Queda de ocupante de veículo;Com Vítimas Feridas;Pleno dia;Crescente;Sol;Múltipla;Reta;Sim;468974.0;Automóvel;FORD/KA/KA;2006.0;Condutor;Ileso;70.0;Masculino;1.0;0.0;0.0;0.0;-5,84076841;-35,21035949;SPRF-RN;DEL01-RN;UOP01-DEL01-RN
262907.0;585536.0;2020-01-15;quarta-feira;08:50:00;RN;101.0;95,1;NATAL;Sim;Sinalização da via insuficiente ou inadequada;2;Queda de ocupante de veículo;Com Vítimas Feridas;Pleno dia;Crescente;Sol;Múltipla;Reta;Sim;468975.0;Motocicleta;HONDA/CG 160 START/CG 160 START;2016.0;Passageiro;Lesões Leves;42.0;Feminino;0.0;1.0;0.0;0.0;-5,84076841;-35,21035949;SPRF-RN;DEL01-RN;UOP01-DEL01-RN
262907.0;585538.0;2020-01-15;quarta-feira;08:50:00;RN;101.0;95,1;NATAL;Sim;Sinalização da via insuficiente ou inadequada;2;Queda de ocupante de veículo;Com Vítimas Feridas;Pleno dia;Crescente;Sol;Múltipla;Reta;Sim;468975.0;Motocicleta;HONDA/CG 160 START/CG 160 START;2016.0;Condutor;Lesões Leves;20.0;Masculino;0.0;1.0;0.0;0.0;-5,84076841;-35,21035949;SPRF-RN;DEL01-RN;UOP01-DEL01-RN
262907.0;585534.0;2020-01-15;quarta-feira;08:50:00;RN;101.0;95,1;NATAL;Não;Falta de Atenção à Condução;1;Colisão traseira;Com Vítimas Feridas;Pleno dia;Crescente;Sol;Múltipla;Reta;Sim;468974.0;Automóvel;FORD/KA/KA;2006.0;Condutor;Ileso;70.0;Masculino;1.0;0.0;0.0;0.0;-5,84076841;-35,21035949;SPRF-RN;DEL01-RN;UOP01-DEL01-RN
262907.0;585536.0;2020-01-15;quarta-feira;08:50:00;RN;101.0;95,1;NATAL;Não;Falta de Atenção à Condução;1;Colisão traseira;Com Vítimas Feridas;Pleno dia;Crescente;Sol;Múltipla;Reta;Sim;468975.0;Motocicleta;HONDA/CG 160 START/CG 160 START;2016.0;Passageiro;Lesões Leves;42.0;Feminino;0.0;1.0;0.0;0.0;-5,84076841;-35,21035949;SPRF-RN;DEL01-RN;UOP01-DEL01-RN
262907.0;585538.0;2020-01-15;quarta-feira;08:50:00;RN;101.0;95,1;NATAL;Não;Falta de Atenção à Condução;1;Colisão traseira;Com Vítimas Feridas;Pleno dia;Crescente;Sol;Múltipla;Reta;Sim;468975.0;Motocicleta;HONDA/CG 160 START/CG 160 START;2016.0;Condutor;Lesões Leves;20.0;Masculino;0.0;1.0;0.0;0.0;-5,84076841;-35,21035949;SPRF-RN;DEL01-RN;UOP01-DEL01-RN
262907.0;585534.0;2020-01-15;quarta-feira;08:50:00;RN;101.0;95,1;NATAL;Não;Não guardar distância de segurança;1;Colisão traseira;Com Vítimas Feridas;Pleno dia;Crescente;Sol;Múltipla;Reta;Sim;468974.0;Automóvel;FORD/KA/KA;2006.0;Condutor;Ileso;70.0;Masculino;1.0;0.0;0.0;0.0;-5,84076841;-35,21035949;SPRF-RN;DEL01-RN;UOP01-DEL01-RN
262907.0;585536.0;2020-01-15;quarta-feira;08:50:00;RN;101.0;95,1;NATAL;Não;Não guardar distância de segurança;1;Colisão traseira;Com Vítimas Feridas;Pleno dia;Crescente;Sol;Múltipla;Reta;Sim;468975.0;Motocicleta;HONDA/CG 160 START/CG 160 START;2016.0;Passageiro;Lesões Leves;42.0;Feminino;0.0;1.0;0.0;0.0;-5,84076841;-35,21035949;SPRF-RN;DEL01-RN;UOP01-DEL01-RN
262907.0;585538.0;2020-01-15;quarta-feira;08:50:00;RN;101.0;95,1;NATAL;Não;Não guardar distância de segurança;1;Colisão traseira;Com Vítimas Feridas;Pleno dia;Crescente;Sol;Múltipla;Reta;Sim;468975.0;Motocicleta;HONDA/CG 160 START/CG 160 START;2016.0;Condutor;Lesões Leves;20.0;Masculino;0.0;1.0;0.0;0.0;-5,84076841;-35,21035949;SPRF-RN;DEL01-RN;UOP01-DEL01-RN
262907.0;585534.0;2020-01-15;quarta-feira;08:50:00;RN;101.0;95,1;NATAL;Sim;Sinalização da via insuficiente ou inadequada;1;Colisão traseira;Com Vítimas Feridas;Pleno dia;Crescente;Sol;Múltipla;Reta;Sim;468974.0;Automóvel;FORD/KA/KA;2006.0;Condutor;Ileso;70.0;Masculino;1.0;0.0;0.0;0.0;-5,84076841;-35,21035949;SPRF-RN;DEL01-RN;UOP01-DEL01-RN
262907.0;585536.0;2020-01-15;quarta-feira;08:50:00;RN;101.0;95,1;NATAL;Sim;Sinalização da via insuficiente ou inadequada;1;Colisão traseira;Com Vítimas Feridas;Pleno dia;Crescente;Sol;Múltipla;Reta;Sim;468975.0;Motocicleta;HONDA/CG 160 START/CG 160 START;2016.0;Passageiro;Lesões Leves;42.0;Feminino;0.0;1.0;0.0;0.0;-5,84076841;-35,21035949;SPRF-RN;DEL01-RN;UOP01-DEL01-RN
262907.0;585538.0;2020-01-15;quarta-feira;08:50:00;RN;101.0;95,1;NATAL;Sim;Sinalização da via insuficiente ou inadequada;1;Colisão traseira;Com Vítimas Feridas;Pleno dia;Crescente;Sol;Múltipla;Reta;Sim;468975.0;Motocicleta;HONDA/CG 160 START/CG 160 START;2016.0;Condutor;Lesões Leves;20.0;Masculino;0.0;1.0;0.0;0.0;-5,84076841;-35,21035949;SPRF-RN;DEL01-RN;UOP01-DEL01-RN
263010.0;585747.0;2020-01-15;quarta-feira;18:15:00;RN;101.0;80;NATAL;Sim;Falta de Atenção à Condução;1;Colisão lateral;Com Vítimas Feridas;Plena Noite;Decrescente;Céu Claro;Dupla;Rotatória;Sim;469123.0;Automóvel;VW/SANTANA/SANTANA;2002.0;Condutor;Ileso;;Ignorado;1.0;0.0;0.0;0.0;-5,76305812;-35,28709888;SPRF-RN;DEL02-RN;UOP01-DEL02-RN
263010.0;585750.0;2020-01-15;quarta-feira;18:15:00;RN;101.0;80;NATAL;Sim;Falta de Atenção à Condução;1;Colisão lateral;Com Vítimas Feridas;Plena Noite;Decrescente;Céu Claro;Dupla;Rotatória;Sim;469136.0;Ciclomotor;Não Informado/Não Informado/Não Informado;0.0;Condutor;Lesões Graves;39.0;Masculino;0.0;0.0;1.0;0.0;-5,76305812;-35,28709888;SPRF-RN;DEL02-RN;UOP01-DEL02-RN
263135.0;586002.0;2020-01-16;quinta-feira;12:55:00;RN;101.0;80,4;NATAL;Sim;Ingestão de álcool e/ou substâncias psicoativas pelo pedestre;1;Atropelamento de Pedestre;Com Vítimas Feridas;Pleno dia;Decrescente;Sol;Dupla;Reta;Sim;469335.0;Motocicleta;HONDA/CG 150 FAN ESI/CG 150 FAN ESI;2010.0;Passageiro;Lesões Leves;31.0;Feminino;0.0;1.0;0.0;0.0;-5,75852229;-35,28806121;SPRF-RN;DEL02-RN;UOP01-DEL02-RN
263135.0;585999.0;2020-01-16;quinta-feira;12:55:00;RN;101.0;80,4;NATAL;Sim;Ingestão de álcool e/ou substâncias psicoativas pelo pedestre;1;Atropelamento de Pedestre;Com Vítimas Feridas;Pleno dia;Decrescente;Sol;Dupla;Reta;Sim;469335.0;Motocicleta;HONDA/CG 150 FAN ESI/CG 150 FAN ESI;2010.0;Condutor;Lesões Graves;32.0;Masculino;0.0;0.0;1.0;0.0;-5,75852229;-35,28806121;SPRF-RN;DEL02-RN;UOP01-DEL02-RN
263135.0;586004.0;2020-01-16;quinta-feira;12:55:00;RN;101.0;80,4;NATAL;Sim;Ingestão de álcool e/ou substâncias psicoativas pelo pedestre;1;Atropelamento de Pedestre;Com Vítimas Feridas;Pleno dia;Decrescente;Sol;Dupla;Reta;Sim;;;NA/NA/NA;;Pedestre;Lesões Graves;45.0;Masculino;0.0;0.0;1.0;0.0;-5,75852229;-35,28806121;SPRF-RN;DEL02-RN;UOP01-DEL02-RN
263305.0;588607.0;2020-01-17;sexta-feira;09:00:00;RN;101.0;80,2;NATAL;Sim;Defeito na Via;1;Queda de ocupante de veículo;Com Vítimas Feridas;Pleno dia;Decrescente;Céu Claro;Dupla;Reta;Sim;469660.0;Motocicleta;HONDA/CG 160 START/CG 160 START;2018.0;Condutor;Lesões Leves;26.0;Masculino;0.0;1.0;0.0;0.0;-5,75852229;-35,28806121;SPRF-RN;DEL02-RN;UOP01-DEL02-RN
263672.0;587341.0;2020-01-18;sábado;21:45:00;RN;101.0;102;NATAL;Sim;Ingestão de Álcool;2;Colisão com objeto estático;Sem Vítimas;Plena Noite;Crescente;Céu Claro;Simples;Reta;Sim;470364.0;Automóvel;FORD/FIESTA FLEX/FIESTA FLEX;2007.0;Condutor;Ileso;46.0;Masculino;1.0;0.0;0.0;0.0;-5,89034022;-35,24894996;SPRF-RN;DEL01-RN;UOP01-DEL01-RN
263672.0;587345.0;2020-01-18;sábado;21:45:00;RN;101.0;102;NATAL;Sim;Ingestão de Álcool;2;Colisão com objeto estático;Sem Vítimas;Plena Noite;Crescente;Céu Claro;Simples;Reta;Sim;470365.0;Ônibus;MARCOPOLO/VOLARE WL ON/VOLARE WL ON;2015.0;Condutor;Ileso;36.0;Masculino;1.0;0.0;0.0;0.0;-5,89034022;-35,24894996;SPRF-RN;DEL01-RN;UOP01-DEL01-RN
263672.0;587341.0;2020-01-18;sábado;21:45:00;RN;101.0;102;NATAL;Sim;Ingestão de Álcool;1;Colisão lateral;Sem Vítimas;Plena Noite;Crescente;Céu Claro;Simples;Reta;Sim;470364.0;Automóvel;FORD/FIESTA FLEX/FIESTA FLEX;2007.0;Condutor;Ileso;46.0;Masculino;1.0;0.0;0.0;0.0;-5,89034022;-35,24894996;SPRF-RN;DEL01-RN;UOP01-DEL01-RN
263672.0;587345.0;2020-01-18;sábado;21:45:00;RN;101.0;102;NATAL;Sim;Ingestão de Álcool;1;Colisão lateral;Sem Vítimas;Plena Noite;Crescente;Céu Claro;Simples;Reta;Sim;470365.0;Ônibus;MARCOPOLO/VOLARE WL ON/VOLARE WL ON;2015.0;Condutor;Ileso;36.0;Masculino;1.0;0.0;0.0;0.0;-5,89034022;-35,24894996;SPRF-RN;DEL01-RN;UOP01-DEL01-RN
263847.0;587654.0;2020-01-19;domingo;18:00:00;RN;101.0;84,4;NATAL;Sim;Falta de Atenção à Condução;1;Colisão traseira;Sem Vítimas;Anoitecer;Crescente;Céu Claro;Dupla;Reta;Sim;470684.0;Automóvel;FIAT/SIENA ESSENCE 1.6/SIENA ESSENCE 1.6;2015.0;Condutor;Ileso;46.0;Feminino;1.0;0.0;0.0;0.0;-5,774175;-35,2578;SPRF-RN;DEL02-RN;UOP01-DEL02-RN
263847.0;587656.0;2020-01-19;domingo;18:00:00;RN;101.0;84,4;NATAL;Sim;Falta de Atenção à Condução;1;Colisão traseira;Sem Vítimas;Anoitecer;Crescente;Céu Claro;Dupla;Reta;Sim;470685.0;Caminhonete;I/TOYOTA HILUX 4CDK SRV/TOYOTA HILUX 4CDK SRV;2002.0;Condutor;Ileso;46.0;Masculino;1.0;0.0;0.0;0.0;-5,774175;-35,2578;SPRF-RN;DEL02-RN;UOP01-DEL02-RN
264510.0;591064.0;2020-01-22;quarta-feira;21:00:00;RN;101.0;96,7;NATAL;Sim;Desobediência às normas de trânsito pelo condutor;1;Colisão traseira;Com Vítimas Feridas;Plena Noite;Decrescente;Céu Claro;Dupla;Reta;Sim;471885.0;Motocicleta;HONDA/XRE 300/XRE 300;2012.0;Condutor;Ileso;25.0;Masculino;1.0;0.0;0.0;0.0;-5,85291;-35,210384;SPRF-RN;DEL01-RN;UOP01-DEL01-RN
264510.0;591067.0;2020-01-22;quarta-feira;21:00:00;RN;101.0;96,7;NATAL;Sim;Desobediência às normas de trânsito pelo condutor;1;Colisão traseira;Com Vítimas Feridas;Plena Noite;Decrescente;Céu Claro;Dupla;Reta;Sim;471886.0;Motocicleta;YAMAHA/YBR125I FACTOR ED/YBR125I FACTOR ED;2018.0;Condutor;Lesões Leves;29.0;Masculino;0.0;1.0;0.0;0.0;-5,85291;-35,210384;SPRF-RN;DEL01-RN;UOP01-DEL01-RN
264783.0;590161.0;2020-01-24;sexta-feira;06:30:00;RN;226.0;6,9;NATAL;Sim;Agressão Externa;1;Queda de ocupante de veículo;Com Vítimas Feridas;Pleno dia;Decrescente;Nublado;Simples;Reta;Sim;472436.0;Motocicleta;HONDA/CG 160 START/CG 160 START;2019.0;Condutor;Lesões Leves;68.0;Masculino;0.0;1.0;0.0;0.0;-5,82099198;-35,27688801;SPRF-RN;DEL01-RN;UOP02-DEL01-RN
265643.0;592323.0;2020-01-28;terça-feira;11:30:00;RN;101.0;85,5;NATAL;Sim;Falta de Atenção à Condução;1;Colisão lateral;Sem Vítimas;Pleno dia;Crescente;Céu Claro;Dupla;Reta;Sim;473992.0;Automóvel;VW/NOVO GOL 1.6/NOVO GOL 1.6;2012.0;Condutor;Ileso;42.0;Masculino;1.0;0.0;0.0;0.0;-5,777664;-35,24937;SPRF-RN;DEL02-RN;UOP01-DEL02-RN
265896.0;594757.0;2020-01-29;quarta-feira;19:15:00;RN;101.0;97;NATAL;Sim;Falta de Atenção à Condução;2;Tombamento;Com Vítimas Feridas;Plena Noite;Decrescente;Céu Claro;Dupla;Reta;Sim;474568.0;Motocicleta;HONDA/CB 250F TWISTER/CB 250F TWISTER;2016.0;Condutor;Lesões Leves;21.0;Masculino;0.0;1.0;0.0;0.0;-5,85758898;-35,21271205;SPRF-RN;DEL01-RN;UOP01-DEL01-RN
265896.0;595294.0;2020-01-29;quarta-feira;19:15:00;RN;101.0;97;NATAL;Sim;Falta de Atenção à Condução;2;Tombamento;Com Vítimas Feridas;Plena Noite;Decrescente;Céu Claro;Dupla;Reta;Sim;476513.0;Automóvel;Não Informado/Não Informado/Não Informado;0.0;Condutor;Não Informado;;Não Informado;0.0;0.0;0.0;0.0;-5,85758898;-35,21271205;SPRF-RN;DEL01-RN;UOP01-DEL01-RN
265896.0;594757.0;2020-01-29;quarta-feira;19:15:00;RN;101.0;97;NATAL;Sim;Falta de Atenção à Condução;1;Colisão lateral;Com Vítimas Feridas;Plena Noite;Decrescente;Céu Claro;Dupla;Reta;Sim;474568.0;Motocicleta;HONDA/CB 250F TWISTER/CB 250F TWISTER;2016.0;Condutor;Lesões Leves;21.0;Masculino;0.0;1.0;0.0;0.0;-5,85758898;-35,21271205;SPRF-RN;DEL01-RN;UOP01-DEL01-RN
265896.0;595294.0;2020-01-29;quarta-feira;19:15:00;RN;101.0;97;NATAL;Sim;Falta de Atenção à Condução;1;Colisão lateral;Com Vítimas Feridas;Plena Noite;Decrescente;Céu Claro;Dupla;Reta;Sim;476513.0;Automóvel;Não Informado/Não Informado/Não Informado;0.0;Condutor;Não Informado;;Não Informado;0.0;0.0;0.0;0.0;-5,85758898;-35,21271205;SPRF-RN;DEL01-RN;UOP01-DEL01-RN
265966.0;594778.0;2020-01-30;quinta-feira;08:10:00;RN;101.0;98;NATAL;Sim;Falta de Atenção à Condução;1;Colisão traseira;Sem Vítimas;Pleno dia;Decrescente;Céu Claro;Múltipla;Reta;Sim;474599.0;Automóvel;FORD/FIESTA/FIESTA;0.0;Condutor;Não Informado;;Não Informado;0.0;0.0;0.0;0.0;-5,86567888;-35,21651625;SPRF-RN;DEL01-RN;UOP01-DEL01-RN
265966.0;594779.0;2020-01-30;quinta-feira;08:10:00;RN;101.0;98;NATAL;Sim;Falta de Atenção à Condução;1;Colisão traseira;Sem Vítimas;Pleno dia;Decrescente;Céu Claro;Múltipla;Reta;Sim;474600.0;Caminhonete;VW/NOVA SAVEIRO RB MBVS/NOVA SAVEIRO RB MBVS;2018.0;Condutor;Ileso;54.0;Masculino;1.0;0.0;0.0;0.0;-5,86567888;-35,21651625;SPRF-RN;DEL01-RN;UOP01-DEL01-RN
265986.0;593192.0;2020-01-30;quinta-feira;11:45:00;RN;101.0;94;NATAL;Sim;Falta de Atenção à Condução;1;Colisão lateral;Com Vítimas Feridas;Pleno dia;Crescente;Céu Claro;Dupla;Reta;Sim;474765.0;Motocicleta;HONDA/CG150 FAN ESDI/CG150 FAN ESDI;2015.0;Condutor;Lesões Leves;33.0;Masculino;0.0;1.0;0.0;0.0;-5,83176615;-35,21191342;SPRF-RN;DEL01-RN;UOP01-DEL01-RN
266315.0;597163.0;2020-02-01;sábado;02:25:00;RN;101.0;96;NATAL;Sim;Ingestão de Álcool;1;Colisão frontal;Com Vítimas Feridas;Plena Noite;Decrescente;Céu Claro;Dupla;Reta;Não;475261.0;Automóvel;FORD/KA FLEX/KA FLEX;2008.0;Condutor;Lesões Leves;32.0;Masculino;0.0;1.0;0.0;0.0;-5,84949622;-35,20890752;SPRF-RN;DEL01-RN;UOP01-DEL01-RN
266315.0;597172.0;2020-02-01;sábado;02:25:00;RN;101.0;96;NATAL;Sim;Ingestão de Álcool;1;Colisão frontal;Com Vítimas Feridas;Plena Noite;Decrescente;Céu Claro;Dupla;Reta;Não;475262.0;Automóvel;RENAULT/SANDERO AUTH 10/SANDERO AUTH 10;2015.0;Condutor;Ileso;34.0;Masculino;1.0;0.0;0.0;0.0;-5,84949622;-35,20890752;SPRF-RN;DEL01-RN;UOP01-DEL01-RN
266315.0;597173.0;2020-02-01;sábado;02:25:00;RN;101.0;96;NATAL;Sim;Ingestão de Álcool;1;Colisão frontal;Com Vítimas Feridas;Plena Noite;Decrescente;Céu Claro;Dupla;Reta;Não;475262.0;Automóvel;RENAULT/SANDERO AUTH 10/SANDERO AUTH 10;2015.0;Passageiro;Lesões Leves;51.0;Feminino;0.0;1.0;0.0;0.0;-5,84949622;-35,20890752;SPRF-RN;DEL01-RN;UOP01-DEL01-RN
266829.0;594758.0;2020-02-03;segunda-feira;08:25:00;RN;101.0;95,2;NATAL;Sim;Falta de Atenção à Condução;1;Colisão traseira;Com Vítimas Feridas;Pleno dia;Decrescente;Sol;Dupla;Reta;Sim;476109.0;Motocicleta;YAMAHA/MT07 ABS/MT07 ABS;2015.0;Condutor;Lesões Leves;38.0;Masculino;0.0;1.0;0.0;0.0;-5,84076841;-35,21035949;SPRF-RN;DEL01-RN;UOP01-DEL01-RN
266829.0;594761.0;2020-02-03;segunda-feira;08:25:00;RN;101.0;95,2;NATAL;Sim;Falta de Atenção à Condução;1;Colisão traseira;Com Vítimas Feridas;Pleno dia;Decrescente;Sol;Dupla;Reta;Sim;476110.0;Automóvel;I/VW SPACEFOX SPORT.GII/VW SPACEFOX SPORT.GII;2010.0;Condutor;Ileso;39.0;Masculino;1.0;0.0;0.0;0.0;-5,84076841;-35,21035949;SPRF-RN;DEL01-RN;UOP01-DEL01-RN
266902.0;595050.0;2020-02-03;segunda-feira;15:20:00;RN;101.0;72,9;NATAL;Sim;Velocidade Incompatível;1;Colisão com objeto estático;Com Vítimas Feridas;Pleno dia;Decrescente;Céu Claro;Simples;Curva;Não;476283.0;Motocicleta;YAMAHA/YBR 125K/YBR 125K;2006.0;Condutor;Lesões Leves;31.0;Masculino;0.0;1.0;0.0;0.0;-5,69866248;-35,26316835;SPRF-RN;DEL02-RN;UOP01-DEL02-RN
267008.0;595288.0;2020-02-04;terça-feira;07:30:00;RN;101.0;96;NATAL;Sim;Falta de Atenção à Condução;1;Colisão traseira;Com Vítimas Feridas;Pleno dia;Decrescente;Céu Claro;Múltipla;Reta;Não;476502.0;Automóvel;CHEVROLET/CELTA 1.0L LT/CELTA 1.0L LT;2012.0;Condutor;Ileso;34.0;Masculino;1.0;0.0;0.0;0.0;-5,84949622;-35,20890752;SPRF-RN;DEL01-RN;UOP01-DEL01-RN
267008.0;595292.0;2020-02-04;terça-feira;07:30:00;RN;101.0;96;NATAL;Sim;Falta de Atenção à Condução;1;Colisão traseira;Com Vítimas Feridas;Pleno dia;Decrescente;Céu Claro;Múltipla;Reta;Não;476510.0;Motocicleta;HONDA/CG150 TITAN MIX KS/CG150 TITAN MIX KS;2010.0;Condutor;Lesões Leves;23.0;Masculino;0.0;1.0;0.0;0.0;-5,84949622;-35,20890752;SPRF-RN;DEL01-RN;UOP01-DEL01-RN
267008.0;595290.0;2020-02-04;terça-feira;07:30:00;RN;101.0;96;NATAL;Sim;Falta de Atenção à Condução;1;Colisão traseira;Com Vítimas Feridas;Pleno dia;Decrescente;Céu Claro;Múltipla;Reta;Não;476503.0;Caminhonete;I/VW AMAROK CD 4X4 TREND/VW AMAROK CD 4X4 TREND;2010.0;Condutor;Ileso;28.0;Feminino;1.0;0.0;0.0;0.0;-5,84949622;-35,20890752;SPRF-RN;DEL01-RN;UOP01-DEL01-RN
267690.0;597049.0;2020-02-07;sexta-feira;07:00:00;RN;101.0;85,5;NATAL;Sim;Não guardar distância de segurança;1;Colisão traseira;Com Vítimas Feridas;Pleno dia;Decrescente;Céu Claro;Dupla;Reta;Sim;477708.0;Camioneta;VW/KOMBI/KOMBI;2012.0;Condutor;Ileso;55.0;Masculino;1.0;0.0;0.0;0.0;-5,777664;-35,24937;SPRF-RN;DEL02-RN;UOP01-DEL02-RN
267690.0;597051.0;2020-02-07;sexta-feira;07:00:00;RN;101.0;85,5;NATAL;Sim;Não guardar distância de segurança;1;Colisão traseira;Com Vítimas Feridas;Pleno dia;Decrescente;Céu Claro;Dupla;Reta;Sim;477709.0;Motocicleta;HONDA/CG 125 FAN KS/CG 125 FAN KS;0.0;Condutor;Lesões Leves;38.0;Masculino;0.0;1.0;0.0;0.0;-5,777664;-35,24937;SPRF-RN;DEL02-RN;UOP01-DEL02-RN
267782.0;597063.0;2020-02-07;sexta-feira;14:20:00;RN;101.0;97,3;NATAL;Não;Não guardar distância de segurança;1;Colisão traseira;Sem Vítimas;Pleno dia;Decrescente;Céu Claro;Dupla;Viaduto;Sim;477798.0;Automóvel;I/RENAULT CLIO EXP1016VH/RENAULT CLIO EXP1016VH;2015.0;Condutor;Ileso;66.0;Feminino;1.0;0.0;0.0;0.0;-5,85758898;-35,21271205;SPRF-RN;DEL01-RN;UOP01-DEL01-RN
267782.0;597064.0;2020-02-07;sexta-feira;14:20:00;RN;101.0;97,3;NATAL;Não;Não guardar distância de segurança;1;Colisão traseira;Sem Vítimas;Pleno dia;Decrescente;Céu Claro;Dupla;Viaduto;Sim;477799.0;Caminhonete;I/FORD RANGER XLTCD4A32C/FORD RANGER XLTCD4A32C;2018.0;Condutor;Ileso;37.0;Masculino;1.0;0.0;0.0;0.0;-5,85758898;-35,21271205;SPRF-RN;DEL01-RN;UOP01-DEL01-RN
267782.0;597067.0;2020-02-07;sexta-feira;14:20:00;RN;101.0;97,3;NATAL;Não;Não guardar distância de segurança;1;Colisão traseira;Sem Vítimas;Pleno dia;Decrescente;Céu Claro;Dupla;Viaduto;Sim;477800.0;Automóvel;CHEV/ONIX 10TAT PR1/ONIX 10TAT PR1;2019.0;Condutor;Ileso;23.0;Masculino;1.0;0.0;0.0;0.0;-5,85758898;-35,21271205;SPRF-RN;DEL01-RN;UOP01-DEL01-RN
267782.0;597068.0;2020-02-07;sexta-feira;14:20:00;RN;101.0;97,3;NATAL;Não;Não guardar distância de segurança;1;Colisão traseira;Sem Vítimas;Pleno dia;Decrescente;Céu Claro;Dupla;Viaduto;Sim;477801.0;Automóvel;HYUNDAI/HB20S 1.6A STYL/HB20S 1.6A STYL;2019.0;Condutor;Ileso;71.0;Masculino;1.0;0.0;0.0;0.0;-5,85758898;-35,21271205;SPRF-RN;DEL01-RN;UOP01-DEL01-RN
267782.0;597063.0;2020-02-07;sexta-feira;14:20:00;RN;101.0;97,3;NATAL;Sim;Falta de Atenção à Condução;1;Colisão traseira;Sem Vítimas;Pleno dia;Decrescente;Céu Claro;Dupla;Viaduto;Sim;477798.0;Automóvel;I/RENAULT CLIO EXP1016VH/RENAULT CLIO EXP1016VH;2015.0;Condutor;Ileso;66.0;Feminino;1.0;0.0;0.0;0.0;-5,85758898;-35,21271205;SPRF-RN;DEL01-RN;UOP01-DEL01-RN
267782.0;597064.0;2020-02-07;sexta-feira;14:20:00;RN;101.0;97,3;NATAL;Sim;Falta de Atenção à Condução;1;Colisão traseira;Sem Vítimas;Pleno dia;Decrescente;Céu Claro;Dupla;Viaduto;Sim;477799.0;Caminhonete;I/FORD RANGER XLTCD4A32C/FORD RANGER XLTCD4A32C;2018.0;Condutor;Ileso;37.0;Masculino;1.0;0.0;0.0;0.0;-5,85758898;-35,21271205;SPRF-RN;DEL01-RN;UOP01-DEL01-RN