id;pesid;data_inversa;dia_semana;horario;uf;br;km;municipio;causa_principal;causa_acidente;ordem_tipo_acidente;tipo_acidente;classificacao_acidente;fase_dia;sentido_via;condicao_metereologica;tipo_pista;tracado_via;uso_solo;id_veiculo;tipo_veiculo;marca;ano_fabricacao_veiculo;tipo_envolvido;estado_fisico;idade;sexo;ilesos;feridos_leves;feridos_graves;mortos;latitude;longitude;regional;delegacia;uop
279965.0;624427.0;2020-04-15;quarta-feira;18:50:00;RN;101.0;96;NATAL;Sim;Falta de Atenção à Condução;2;Queda de ocupante de veículo;Com Vítimas Feridas;Plena Noite;Decrescente;Nublado;Dupla;Reta;Sim;499841.0;Motocicleta;HONDA/CG 125 FAN/CG 125 FAN;2008.0;Passageiro;Lesões Leves;17.0;Feminino;0.0;1.0;0.0;0.0;-5,84949622;-35,20890752;SPRF-RN;DEL01-RN;UOP01-DEL01-RN
279965.0;624426.0;2020-04-15;quarta-feira;18:50:00;RN;101.0;96;NATAL;Sim;Falta de Atenção à Condução;2;Queda de ocupante de veículo;Com Vítimas Feridas;Plena Noite;Decrescente;Nublado;Dupla;Reta;Sim;499841.0;Motocicleta;HONDA/CG 125 FAN/CG 125 FAN;2008.0;Condutor;Lesões Graves;20.0;Masculino;0.0;0.0;1.0;0.0;-5,84949622;-35,20890752;SPRF-RN;DEL01-RN;UOP01-DEL01-RN
279965.0;624425.0;2020-04-15;quarta-feira;18:50:00;RN;101.0;96;NATAL;Não;Velocidade Incompatível;1;Colisão traseira;Com Vítimas Feridas;Plena Noite;Decrescente;Nublado;Dupla;Reta;Sim;499840.0;Automóvel;VW/GOL 1.0/GOL 1.0;2008.0;Condutor;Ileso;40.0;Masculino;1.0;0.0;0.0;0.0;-5,84949622;-35,20890752;SPRF-RN;DEL01-RN;UOP01-DEL01-RN
279965.0;624427.0;2020-04-15;quarta-feira;18:50:00;RN;101.0;96;NATAL;Não;Velocidade Incompatível;1;Colisão traseira;Com Vítimas Feridas;Plena Noite;Decrescente;Nublado;Dupla;Reta;Sim;499841.0;Motocicleta;HONDA/CG 125 FAN/CG 125 FAN;2008.0;Passageiro;Lesões Leves;17.0;Feminino;0.0;1.0;0.0;0.0;-5,84949622;-35,20890752;SPRF-RN;DEL01-RN;UOP01-DEL01-RN
279965.0;624426.0;2020-04-15;quarta-feira;18:50:00;RN;101.0;96;NATAL;Não;Velocidade Incompatível;1;Colisão traseira;Com Vítimas Feridas;Plena Noite;Decrescente;Nublado;Dupla;Reta;Sim;499841.0;Motocicleta;HONDA/CG 125 FAN/CG 125 FAN;2008.0;Condutor;Lesões Graves;20.0;Masculino;0.0;0.0;1.0;0.0;-5,84949622;-35,20890752;SPRF-RN;DEL01-RN;UOP01-DEL01-RN
279965.0;624425.0;2020-04-15;quarta-feira;18:50:00;RN;101.0;96;NATAL;Sim;Falta de Atenção à Condução;1;Colisão traseira;Com Vítimas Feridas;Plena Noite;Decrescente;Nublado;Dupla;Reta;Sim;499840.0;Automóvel;VW/GOL 1.0/GOL 1.0;2008.0;Condutor;Ileso;40.0;Masculino;1.0;0.0;0.0;0.0;-5,84949622;-35,20890752;SPRF-RN;DEL01-RN;UOP01-DEL01-RN
279965.0;624427.0;2020-04-15;quarta-feira;18:50:00;RN;101.0;96;NATAL;Sim;Falta de Atenção à Condução;1;Colisão traseira;Com Vítimas Feridas;Plena Noite;Decrescente;Nublado;Dupla;Reta;Sim;499841.0;Motocicleta;HONDA/CG 125 FAN/CG 125 FAN;2008.0;Passageiro;Lesões Leves;17.0;Feminino;0.0;1.0;0.0;0.0;-5,84949622;-35,20890752;SPRF-RN;DEL01-RN;UOP01-DEL01-RN
279965.0;624426.0;2020-04-15;quarta-feira;18:50:00;RN;101.0;96;NATAL;Sim;Falta de Atenção à Condução;1;Colisão traseira;Com Vítimas Feridas;Plena Noite;Decrescente;Nublado;Dupla;Reta;Sim;499841.0;Motocicleta;HONDA/CG 125 FAN/CG 125 FAN;2008.0;Condutor;Lesões Graves;20.0;Masculino;0.0;0.0;1.0;0.0;-5,84949622;-35,20890752;SPRF-RN;DEL01-RN;UOP01-DEL01-RN
279976.0;624468.0;2020-04-15;quarta-feira;18:35:00;RN;101.0;96;NATAL;Sim;Condutor Dormindo;2;Colisão traseira;Com Vítimas Feridas;Plena Noite;Decrescente;Céu Claro;Dupla;Reta;Sim;499879.0;Automóvel;I/CHERY QQ3 1.1/CHERY QQ3 1.1;2011.0;Condutor;Ileso;52.0;Masculino;1.0;0.0;0.0;0.0;-5,84949622;-35,20890752;SPRF-RN;DEL01-RN;UOP01-DEL01-RN
279976.0;624469.0;2020-04-15;quarta-feira;18:35:00;RN;101.0;96;NATAL;Sim;Condutor Dormindo;2;Colisão traseira;Com Vítimas Feridas;Plena Noite;Decrescente;Céu Claro;Dupla;Reta;Sim;499880.0;Automóvel;HONDA/FIT LX FLEX/FIT LX FLEX;2007.0;Condutor;Ileso;33.0;Masculino;1.0;0.0;0.0;0.0;-5,84949622;-35,20890752;SPRF-RN;DEL01-RN;UOP01-DEL01-RN
279976.0;624470.0;2020-04-15;quarta-feira;18:35:00;RN;101.0;96;NATAL;Sim;Condutor Dormindo;2;Colisão traseira;Com Vítimas Feridas;Plena Noite;Decrescente;Céu Claro;Dupla;Reta;Sim;499880.0;Automóvel;HONDA/FIT LX FLEX/FIT LX FLEX;2007.0;Passageiro;Lesões Leves;1.0;Masculino;0.0;1.0;0.0;0.0;-5,84949622;-35,20890752;SPRF-RN;DEL01-RN;UOP01-DEL01-RN
279976.0;624468.0;2020-04-15;quarta-feira;18:35:00;RN;101.0;96;NATAL;Sim;Condutor Dormindo;1;Colisão com objeto estático;Com Vítimas Feridas;Plena Noite;Decrescente;Céu Claro;Dupla;Reta;Sim;499879.0;Automóvel;I/CHERY QQ3 1.1/CHERY QQ3 1.1;2011.0;Condutor;Ileso;52.0;Masculino;1.0;0.0;0.0;0.0;-5,84949622;-35,20890752;SPRF-RN;DEL01-RN;UOP01-DEL01-RN
279976.0;624469.0;2020-04-15;quarta-feira;18:35:00;RN;101.0;96;NATAL;Sim;Condutor Dormindo;1;Colisão com objeto estático;Com Vítimas Feridas;Plena Noite;Decrescente;Céu Claro;Dupla;Reta;Sim;499880.0;Automóvel;HONDA/FIT LX FLEX/FIT LX FLEX;2007.0;Condutor;Ileso;33.0;Masculino;1.0;0.0;0.0;0.0;-5,84949622;-35,20890752;SPRF-RN;DEL01-RN;UOP01-DEL01-RN
279976.0;624470.0;2020-04-15;quarta-feira;18:35:00;RN;101.0;96;NATAL;Sim;Condutor Dormindo;1;Colisão com objeto estático;Com Vítimas Feridas;Plena Noite;Decrescente;Céu Claro;Dupla;Reta;Sim;499880.0;Automóvel;HONDA/FIT LX FLEX/FIT LX FLEX;2007.0;Passageiro;Lesões Leves;1.0;Masculino;0.0;1.0;0.0;0.0;-5,84949622;-35,20890752;SPRF-RN;DEL01-RN;UOP01-DEL01-RN
280266.0;624979.0;2020-04-17;sexta-feira;18:50:00;RN;101.0;98;NATAL;Sim;Falta de Atenção à Condução;1;Colisão com objeto estático;Com Vítimas Feridas;Plena Noite;Crescente;Céu Claro;Múltipla;Viaduto;Sim;500343.0;Automóvel;PEUGEOT/208 ACTIVE PACK/208 ACTIVE PACK;2014.0;Condutor;Lesões Leves;34.0;Feminino;0.0;1.0;0.0;0.0;-5,86567888;-35,21651625;SPRF-RN;DEL01-RN;UOP01-DEL01-RN
280802.0;626105.0;2020-04-21;terça-feira;12:30:00;RN;101.0;96,1;NATAL;Sim;Avarias e/ou desgaste excessivo no pneu;1;Colisão com objeto estático;Com Vítimas Feridas;Pleno dia;Crescente;Garoa/Chuvisco;Múltipla;Curva;Sim;501294.0;Automóvel;TOYOTA/ETIOS HB X/ETIOS HB X;2015.0;Condutor;Lesões Leves;30.0;Feminino;0.0;1.0;0.0;0.0;-5,84835248;-35,20870328;SPRF-RN;DEL01-RN;UOP01-DEL01-RN
281646.0;628991.0;2020-04-27;segunda-feira;02:00:00;RN;101.0;83;NATAL;Sim;Velocidade Incompatível;1;Capotamento;Sem Vítimas;Plena Noite;Crescente;Chuva;Simples;Em Obras;Sim;502755.0;Caminhonete;CHEVROLET/MONTANA LS/MONTANA LS;2011.0;Condutor;Ileso;22.0;Masculino;1.0;0.0;0.0;0.0;-5,7710445;-35,26616981;SPRF-RN;DEL02-RN;UOP01-DEL02-RN
281646.0;628996.0;2020-04-27;segunda-feira;02:00:00;RN;101.0;83;NATAL;Sim;Velocidade Incompatível;1;Capotamento;Sem Vítimas;Plena Noite;Crescente;Chuva;Simples;Em Obras;Sim;502755.0;Caminhonete;CHEVROLET/MONTANA LS/MONTANA LS;2011.0;Passageiro;Ileso;41.0;Feminino;1.0;0.0;0.0;0.0;-5,7710445;-35,26616981;SPRF-RN;DEL02-RN;UOP01-DEL02-RN
281646.0;628991.0;2020-04-27;segunda-feira;02:00:00;RN;101.0;83;NATAL;Não;Ingestão de Álcool;1;Capotamento;Sem Vítimas;Plena Noite;Crescente;Chuva;Simples;Em Obras;Sim;502755.0;Caminhonete;CHEVROLET/MONTANA LS/MONTANA LS;2011.0;Condutor;Ileso;22.0;Masculino;1.0;0.0;0.0;0.0;-5,7710445;-35,26616981;SPRF-RN;DEL02-RN;UOP01-DEL02-RN
281646.0;628996.0;2020-04-27;segunda-feira;02:00:00;RN;101.0;83;NATAL;Não;Ingestão de Álcool;1;Capotamento;Sem Vítimas;Plena Noite;Crescente;Chuva;Simples;Em Obras;Sim;502755.0;Caminhonete;CHEVROLET/MONTANA LS/MONTANA LS;2011.0;Passageiro;Ileso;41.0;Feminino;1.0;0.0;0.0;0.0;-5,7710445;-35,26616981;SPRF-RN;DEL02-RN;UOP01-DEL02-RN
281977.0;631173.0;2020-04-29;quarta-feira;05:00:00;RN;101.0;97;NATAL;Sim;Agressão Externa;2;Queda de ocupante de veículo;Com Vítimas Feridas;Pleno dia;Decrescente;Céu Claro;Múltipla;Reta;Não;503396.0;Motocicleta;HONDA/CG 125I FAN/CG 125I FAN;2017.0;Condutor;Lesões Graves;24.0;Masculino;0.0;0.0;1.0;0.0;-5,85758898;-35,21271205;SPRF-RN;DEL01-RN;UOP01-DEL01-RN
281977.0;631174.0;2020-04-29;quarta-feira;05:00:00;RN;101.0;97;NATAL;Sim;Agressão Externa;2;Queda de ocupante de veículo;Com Vítimas Feridas;Pleno dia;Decrescente;Céu Claro;Múltipla;Reta;Não;503396.0;Motocicleta;HONDA/CG 125I FAN/CG 125I FAN;2017.0;Passageiro;Lesões Graves;16.0;Masculino;0.0;0.0;1.0;0.0;-5,85758898;-35,21271205;SPRF-RN;DEL01-RN;UOP01-DEL01-RN
281977.0;631173.0;2020-04-29;quarta-feira;05:00:00;RN;101.0;97;NATAL;Sim;Agressão Externa;1;Tombamento;Com Vítimas Feridas;Pleno dia;Decrescente;Céu Claro;Múltipla;Reta;Não;503396.0;Motocicleta;HONDA/CG 125I FAN/CG 125I FAN;2017.0;Condutor;Lesões Graves;24.0;Masculino;0.0;0.0;1.0;0.0;-5,85758898;-35,21271205;SPRF-RN;DEL01-RN;UOP01-DEL01-RN
281977.0;631174.0;2020-04-29;quarta-feira;05:00:00;RN;101.0;97;NATAL;Sim;Agressão Externa;1;Tombamento;Com Vítimas Feridas;Pleno dia;Decrescente;Céu Claro;Múltipla;Reta;Não;503396.0;Motocicleta;HONDA/CG 125I FAN/CG 125I FAN;2017.0;Passageiro;Lesões Graves;16.0;Masculino;0.0;0.0;1.0;0.0;-5,85758898;-35,21271205;SPRF-RN;DEL01-RN;UOP01-DEL01-RN
282038.0;631469.0;2020-04-29;quarta-feira;15:10:00;RN;101.0;96,9;NATAL;Não;Não guardar distância de segurança;1;Colisão traseira;Com Vítimas Feridas;Pleno dia;Crescente;Chuva;Simples;Interseção de Vias;Sim;505776.0;Motoneta;HONDA/BIZ 125/BIZ 125;2016.0;Condutor;Lesões Leves;29.0;Feminino;0.0;1.0;0.0;0.0;-5,84949622;-35,20890752;SPRF-RN;DEL01-RN;UOP01-DEL01-RN
282038.0;631467.0;2020-04-29;quarta-feira;15:10:00;RN;101.0;96,9;NATAL;Não;Não guardar distância de segurança;1;Colisão traseira;Com Vítimas Feridas;Pleno dia;Crescente;Chuva;Simples;Interseção de Vias;Sim;503519.0;Automóvel;GM/CORSA HATCH JOY/CORSA HATCH JOY;2007.0;Condutor;Ileso;42.0;Masculino;1.0;0.0;0.0;0.0;-5,84949622;-35,20890752;SPRF-RN;DEL01-RN;UOP01-DEL01-RN
282038.0;631469.0;2020-04-29;quarta-feira;15:10:00;RN;101.0;96,9;NATAL;Sim;Falta de Atenção à Condução;1;Colisão traseira;Com Vítimas Feridas;Pleno dia;Crescente;Chuva;Simples;Interseção de Vias;Sim;505776.0;Motoneta;HONDA/BIZ 125/BIZ 125;2016.0;Condutor;Lesões Leves;29.0;Feminino;0.0;1.0;0.0;0.0;-5,84949622;-35,20890752;SPRF-RN;DEL01-RN;UOP01-DEL01-RN
282038.0;631467.0;2020-04-29;quarta-feira;15:10:00;RN;101.0;96,9;NATAL;Sim;Falta de Atenção à Condução;1;Colisão traseira;Com Vítimas Feridas;Pleno dia;Crescente;Chuva;Simples;Interseção de Vias;Sim;503519.0;Automóvel;GM/CORSA HATCH JOY/CORSA HATCH JOY;2007.0;Condutor;Ileso;42.0;Masculino;1.0;0.0;0.0;0.0;-5,84949622;-35,20890752;SPRF-RN;DEL01-RN;UOP01-DEL01-RN
282455.0;630366.0;2020-05-02;sábado;12:50:00;RN;101.0;97,6;NATAL;Sim;Não guardar distância de segurança;1;Colisão com objeto estático;Sem Vítimas;Pleno dia;Crescente;Céu Claro;Simples;Curva;Sim;504875.0;Automóvel;CHEV/PRISMA 10MT JOYE/PRISMA 10MT JOYE;2019.0;Condutor;Ileso;58.0;Masculino;1.0;0.0;0.0;0.0;-5,85758898;-35,21271205;SPRF-RN;DEL01-RN;UOP01-DEL01-RN
282808.0;630370.0;2020-05-04;segunda-feira;15:30:00;RN;101.0;83,9;NATAL;Sim;Falta de Atenção à Condução;2;Queda de ocupante de veículo;Com Vítimas Feridas;Pleno dia;Decrescente;Céu Claro;Dupla;Em Obras;Sim;504872.0;Ciclomotor;I/BASHAN MEET 50/BASHAN MEET 50;2013.0;Condutor;Lesões Leves;32.0;Masculino;0.0;1.0;0.0;0.0;-5,7710445;-35,26616981;SPRF-RN;DEL02-RN;UOP01-DEL02-RN
282808.0;630359.0;2020-05-04;segunda-feira;15:30:00;RN;101.0;83,9;NATAL;Sim;Falta de Atenção à Condução;2;Queda de ocupante de veículo;Com Vítimas Feridas;Pleno dia;Decrescente;Céu Claro;Dupla;Em Obras;Sim;504858.0;Automóvel;VW/FOX 1.0 GII/FOX 1.0 GII;2010.0;Condutor;Ileso;30.0;Feminino;1.0;0.0;0.0;0.0;-5,7710445;-35,26616981;SPRF-RN;DEL02-RN;UOP01-DEL02-RN
282808.0;630370.0;2020-05-04;segunda-feira;15:30:00;RN;101.0;83,9;NATAL;Sim;Falta de Atenção à Condução;1;Colisão traseira;Com Vítimas Feridas;Pleno dia;Decrescente;Céu Claro;Dupla;Em Obras;Sim;504872.0;Ciclomotor;I/BASHAN MEET 50/BASHAN MEET 50;2013.0;Condutor;Lesões Leves;32.0;Masculino;0.0;1.0;0.0;0.0;-5,7710445;-35,26616981;SPRF-RN;DEL02-RN;UOP01-DEL02-RN
282808.0;630359.0;2020-05-04;segunda-feira;15:30:00;RN;101.0;83,9;NATAL;Sim;Falta de Atenção à Condução;1;Colisão traseira;Com Vítimas Feridas;Pleno dia;Decrescente;Céu Claro;Dupla;Em Obras;Sim;504858.0;Automóvel;VW/FOX 1.0 GII/FOX 1.0 GII;2010.0;Condutor;Ileso;30.0;Feminino;1.0;0.0;0.0;0.0;-5,7710445;-35,26616981;SPRF-RN;DEL02-RN;UOP01-DEL02-RN
282877.0;630602.0;2020-05-05;terça-feira;06:45:00;RN;406.0;170;NATAL;Sim;Não guardar distância de segurança;3;Queda de ocupante de veículo;Com Vítimas Feridas;Pleno dia;Crescente;Garoa/Chuvisco;Dupla;Reta;Sim;504988.0;Caminhão;M.BENZ/710/710;2011.0;Condutor;Ileso;37.0;Masculino;1.0;0.0;0.0;0.0;-5,75872063;-35,29921986;SPRF-RN;DEL02-RN;UOP01-DEL02-RN
282877.0;630598.0;2020-05-05;terça-feira;06:45:00;RN;406.0;170;NATAL;Sim;Não guardar distância de segurança;3;Queda de ocupante de veículo;Com Vítimas Feridas;Pleno dia;Crescente;Garoa/Chuvisco;Dupla;Reta;Sim;504987.0;Automóvel;FIAT/PALIO ATTRACTIV 1.4/PALIO ATTRACTIV 1.4;2014.0;Condutor;Ileso;34.0;Masculino;1.0;0.0;0.0;0.0;-5,75872063;-35,29921986;SPRF-RN;DEL02-RN;UOP01-DEL02-RN
282877.0;630595.0;2020-05-05;terça-feira;06:45:00;RN;406.0;170;NATAL;Sim;Não guardar distância de segurança;3;Queda de ocupante de veículo;Com Vítimas Feridas;Pleno dia;Crescente;Garoa/Chuvisco;Dupla;Reta;Sim;504986.0;Motocicleta;HONDA/CG 160 START/CG 160 START;2019.0;Condutor;Lesões Leves;39.0;Masculino;0.0;1.0;0.0;0.0;-5,75872063;-35,29921986;SPRF-RN;DEL02-RN;UOP01-DEL02-RN
282877.0;630600.0;2020-05-05;terça-feira;06:45:00;RN;406.0;170;NATAL;Sim;Não guardar distância de segurança;3;Queda de ocupante de veículo;Com Vítimas Feridas;Pleno dia;Crescente;Garoa/Chuvisco;Dupla;Reta;Sim;504986.0;Motocicleta;HONDA/CG 160 START/CG 160 START;2019.0;Passageiro;Lesões Leves;45.0;Feminino;0.0;1.0;0.0;0.0;-5,75872063;-35,29921986;SPRF-RN;DEL02-RN;UOP01-DEL02-RN
282877.0;630602.0;2020-05-05;terça-feira;06:45:00;RN;406.0;170;NATAL;Sim;Não guardar distância de segurança;2;Tombamento;Com Vítimas Feridas;Pleno dia;Crescente;Garoa/Chuvisco;Dupla;Reta;Sim;504988.0;Caminhão;M.BENZ/710/710;2011.0;Condutor;Ileso;37.0;Masculino;1.0;0.0;0.0;0.0;-5,75872063;-35,29921986;SPRF-RN;DEL02-RN;UOP01-DEL02-RN
282877.0;630598.0;2020-05-05;terça-feira;06:45:00;RN;406.0;170;NATAL;Sim;Não guardar distância de segurança;2;Tombamento;Com Vítimas Feridas;Pleno dia;Crescente;Garoa/Chuvisco;Dupla;Reta;Sim;504987.0;Automóvel;FIAT/PALIO ATTRACTIV 1.4/PALIO ATTRACTIV 1.4;2014.0;Condutor;Ileso;34.0;Masculino;1.0;0.0;0.0;0.0;-5,75872063;-35,29921986;SPRF-RN;DEL02-RN;UOP01-DEL02-RN
282877.0;630595.0;2020-05-05;terça-feira;06:45:00;RN;406.0;170;NATAL;Sim;Não guardar distância de segurança;2;Tombamento;Com Vítimas Feridas;Pleno dia;Crescente;Garoa/Chuvisco;Dupla;Reta;Sim;504986.0;Motocicleta;HONDA/CG 160 START/CG 160 START;2019.0;Condutor;Lesões Leves;39.0;Masculino;0.0;1.0;0.0;0.0;-5,75872063;-35,29921986;SPRF-RN;DEL02-RN;UOP01-DEL02-RN
282877.0;630600.0;2020-05-05;terça-feira;06:45:00;RN;406.0;170;NATAL;Sim;Não guardar distância de segurança;2;Tombamento;Com Vítimas Feridas;Pleno dia;Crescente;Garoa/Chuvisco;Dupla;Reta;Sim;504986.0;Motocicleta;HONDA/CG 160 START/CG 160 START;2019.0;Passageiro;Lesões Leves;45.0;Feminino;0.0;1.0;0.0;0.0;-5,75872063;-35,29921986;SPRF-RN;DEL02-RN;UOP01-DEL02-RN
282877.0;630602.0;2020-05-05;terça-feira;06:45:00;RN;406.0;170;NATAL;Sim;Não guardar distância de segurança;1;Colisão traseira;Com Vítimas Feridas;Pleno dia;Crescente;Garoa/Chuvisco;Dupla;Reta;Sim;504988.0;Caminhão;M.BENZ/710/710;2011.0;Condutor;Ileso;37.0;Masculino;1.0;0.0;0.0;0.0;-5,75872063;-35,29921986;SPRF-RN;DEL02-RN;UOP01-DEL02-RN
282877.0;630598.0;2020-05-05;terça-feira;06:45:00;RN;406.0;170;NATAL;Sim;Não guardar distância de segurança;1;Colisão traseira;Com Vítimas Feridas;Pleno dia;Crescente;Garoa/Chuvisco;Dupla;Reta;Sim;504987.0;Automóvel;FIAT/PALIO ATTRACTIV 1.4/PALIO ATTRACTIV 1.4;2014.0;Condutor;Ileso;34.0;Masculino;1.0;0.0;0.0;0.0;-5,75872063;-35,29921986;SPRF-RN;DEL02-RN;UOP01-DEL02-RN
282877.0;630595.0;2020-05-05;terça-feira;06:45:00;RN;406.0;170;NATAL;Sim;Não guardar distância de segurança;1;Colisão traseira;Com Vítimas Feridas;Pleno dia;Crescente;Garoa/Chuvisco;Dupla;Reta;Sim;504986.0;Motocicleta;HONDA/CG 160 START/CG 160 START;2019.0;Condutor;Lesões Leves;39.0;Masculino;0.0;1.0;0.0;0.0;-5,75872063;-35,29921986;SPRF-RN;DEL02-RN;UOP01-DEL02-RN
282877.0;630600.0;2020-05-05;terça-feira;06:45:00;RN;406.0;170;NATAL;Sim;Não guardar distância de segurança;1;Colisão traseira;Com Vítimas Feridas;Pleno dia;Crescente;Garoa/Chuvisco;Dupla;Reta;Sim;504986.0;Motocicleta;HONDA/CG 160 START/CG 160 START;2019.0;Passageiro;Lesões Leves;45.0;Feminino;0.0;1.0;0.0;0.0;-5,75872063;-35,29921986;SPRF-RN;DEL02-RN;UOP01-DEL02-RN
283145.0;632200.0;2020-05-06;quarta-feira;17:30:00;RN;226.0;4;NATAL;Sim;Deficiência ou não Acionamento do Sistema de Iluminação/Sinalização do Veículo;1;Colisão frontal;Com Vítimas Feridas;Anoitecer;Decrescente;Céu Claro;Simples;Interseção de Vias;Sim;505466.0;Motocicleta;HONDA/CG150 TITAN MIX KS/CG150 TITAN MIX KS;2009.0;Condutor;Lesões Graves;29.0;Masculino;0.0;0.0;1.0;0.0;-5,81958019;-35,25969486;SPRF-RN;DEL01-RN;UOP02-DEL01-RN
283145.0;632209.0;2020-05-06;quarta-feira;17:30:00;RN;226.0;4;NATAL;Sim;Deficiência ou não Acionamento do Sistema de Iluminação/Sinalização do Veículo;1;Colisão frontal;Com Vítimas Feridas;Anoitecer;Decrescente;Céu Claro;Simples;Interseção de Vias;Sim;505467.0;Automóvel;FIAT/SIENA ESSENCE 1.6/SIENA ESSENCE 1.6;2011.0;Condutor;Ileso;41.0;Masculino;1.0;0.0;0.0;0.0;-5,81958019;-35,25969486;SPRF-RN;DEL01-RN;UOP02-DEL01-RN
283287.0;631493.0;2020-05-07;quinta-feira;18:25:00;RN;101.0;99;NATAL;Sim;Desobediência às normas de trânsito pelo pedestre;2;Tombamento;Com Vítimas Feridas;Plena Noite;Decrescente;Céu Claro;Múltipla;Reta;Sim;505792.0;Motocicleta;YAMAHA/FAZER250 BLUEFLEX/FAZER250 BLUEFLEX;2016.0;Condutor;Lesões Leves;23.0;Masculino;0.0;1.0;0.0;0.0;-5,87256897;-35,21989346;SPRF-RN;DEL01-RN;UOP01-DEL01-RN
283287.0;631494.0;2020-05-07;quinta-feira;18:25:00;RN;101.0;99;NATAL;Sim;Desobediência às normas de trânsito pelo pedestre;2;Tombamento;Com Vítimas Feridas;Plena Noite;Decrescente;Céu Claro;Múltipla;Reta;Sim;;;NA/NA/NA;;Pedestre;Lesões Leves;21.0;Feminino;0.0;1.0;0.0;0.0;-5,87256897;-35,21989346;SPRF-RN;DEL01-RN;UOP01-DEL01-RN
283287.0;631493.0;2020-05-07;quinta-feira;18:25:00;RN;101.0;99;NATAL;Sim;Desobediência às normas de trânsito pelo pedestre;1;Atropelamento de Pedestre;Com Vítimas Feridas;Plena Noite;Decrescente;Céu Claro;Múltipla;Reta;Sim;505792.0;Motocicleta;YAMAHA/FAZER250 BLUEFLEX/FAZER250 BLUEFLEX;2016.0;Condutor;Lesões Leves;23.0;Masculino;0.0;1.0;0.0;0.0;-5,87256897;-35,21989346;SPRF-RN;DEL01-RN;UOP01-DEL01-RN
283287.0;631494.0;2020-05-07;quinta-feira;18:25:00;RN;101.0;99;NATAL;Sim;Desobediência às normas de trânsito pelo pedestre;1;Atropelamento de Pedestre;Com Vítimas Feridas;Plena Noite;Decrescente;Céu Claro;Múltipla;Reta;Sim;;;NA/NA/NA;;Pedestre;Lesões Leves;21.0;Feminino;0.0;1.0;0.0;0.0;-5,87256897;-35,21989346;SPRF-RN;DEL01-RN;UOP01-DEL01-RN
283416.0;633051.0;2020-05-08;sexta-feira;15:50:00;RN;101.0;79;NATAL;Sim;Desobediência às normas de trânsito pelo condutor;2;Queda de ocupante de veículo;Com Vítimas Feridas;Pleno dia;Decrescente;Céu Claro;Dupla;Interseção de Vias;Sim;505972.0;Motocicleta;HONDA/CG 125 FAN KS/CG 125 FAN KS;2011.0;Condutor;Lesões Graves;28.0;Masculino;0.0;0.0;1.0;0.0;-5,753479;-35,288737;SPRF-RN;DEL02-RN;UOP01-DEL02-RN
283416.0;633054.0;2020-05-08;sexta-feira;15:50:00;RN;101.0;79;NATAL;Sim;Desobediência às normas de trânsito pelo condutor;2;Queda de ocupante de veículo;Com Vítimas Feridas;Pleno dia;Decrescente;Céu Claro;Dupla;Interseção de Vias;Sim;505973.0;Automóvel;VW/BABY/BABY;1976.0;Condutor;Ileso;56.0;Masculino;1.0;0.0;0.0;0.0;-5,753479;-35,288737;SPRF-RN;DEL02-RN;UOP01-DEL02-RN
283416.0;633051.0;2020-05-08;sexta-feira;15:50:00;RN;101.0;79;NATAL;Sim;Desobediência às normas de trânsito pelo condutor;1;Colisão transversal;Com Vítimas Feridas;Pleno dia;Decrescente;Céu Claro;Dupla;Interseção de Vias;Sim;505972.0;Motocicleta;HONDA/CG 125 FAN KS/CG 125 FAN KS;2011.0;Condutor;Lesões Graves;28.0;Masculino;0.0;0.0;1.0;0.0;-5,753479;-35,288737;SPRF-RN;DEL02-RN;UOP01-DEL02-RN
283416.0;633054.0;2020-05-08;sexta-feira;15:50:00;RN;101.0;79;NATAL;Sim;Desobediência às normas de trânsito pelo condutor;1;Colisão transversal;Com Vítimas Feridas;Pleno dia;Decrescente;Céu Claro;Dupla;Interseção de Vias;Sim;505973.0;Automóvel;VW/BABY/BABY;1976.0;Condutor;Ileso;56.0;Masculino;1.0;0.0;0.0;0.0;-5,753479;-35,288737;SPRF-RN;DEL02-RN;UOP01-DEL02-RN
283783.0;632412.0;2020-05-10;domingo;16:45:00;RN;101.0;79,5;NATAL;Sim;Ingestão de Álcool;1;Tombamento;Com Vítimas Feridas;Anoitecer;Crescente;Céu Claro;Dupla;Reta;Sim;506637.0;Motocicleta;HONDA/CG 125 FAN/CG 125 FAN;2006.0;Condutor;Lesões Leves;41.0;Masculino;0.0;1.0;0.0;0.0;-5,74962896;-35,28918369;SPRF-RN;DEL02-RN;UOP01-DEL02-RN
284080.0;634365.0;2020-05-12;terça-feira;12:44:00;RN;226.0;2;NATAL;Sim;Falta de Atenção do Pedestre;1;Atropelamento de Pedestre;Com Vítimas Feridas;Pleno dia;Crescente;Céu Claro;Simples;Reta;Sim;507261.0;Automóvel;VW/POLO 16V/POLO 16V;2002.0;Condutor;Ileso;22.0;Masculino;1.0;0.0;0.0;0.0;-5,81364934;-35,2466547;SPRF-RN;DEL01-RN;UOP02-DEL01-RN
284080.0;634369.0;2020-05-12;terça-feira;12:44:00;RN;226.0;2;NATAL;Sim;Falta de Atenção do Pedestre;1;Atropelamento de Pedestre;Com Vítimas Feridas;Pleno dia;Crescente;Céu Claro;Simples;Reta;Sim;;;NA/NA/NA;;Pedestre;Lesões Leves;;Masculino;0.0;1.0;0.0;0.0;-5,81364934;-35,2466547;SPRF-RN;DEL01-RN;UOP02-DEL01-RN