id;pesid;data_inversa;dia_semana;horario;uf;br;km;municipio;causa_principal;causa_acidente;ordem_tipo_acidente;tipo_acidente;classificacao_acidente;fase_dia;sentido_via;condicao_metereologica;tipo_pista;tracado_via;uso_solo;id_veiculo;tipo_veiculo;marca;ano_fabricacao_veiculo;tipo_envolvido;estado_fisico;idade;sexo;ilesos;feridos_leves;feridos_graves;mortos;latitude;longitude;regional;delegacia;uop
284158.0;633182.0;2020-05-12;terça-feira;22:00:00;RN;101.0;82,1;NATAL;Sim;Falta de Atenção à Condução;1;Colisão lateral;Com Vítimas Feridas;Plena Noite;Decrescente;Céu Claro;Dupla;Reta;Sim;507257.0;Motocicleta;HONDA/CG 150 TITAN KS/CG 150 TITAN KS;2006.0;Condutor;Lesões Graves;36.0;Feminino;0.0;0.0;1.0;0.0;-5,76791511;-35,27456305;SPRF-RN;DEL02-RN;UOP01-DEL02-RN
284523.0;635447.0;2020-05-15;sexta-feira;08:45:00;RN;101.0;77,6;NATAL;Não;Falta de Atenção à Condução;1;Colisão transversal;Com Vítimas Feridas;Pleno dia;Crescente;Nublado;Dupla;Reta;Não;507985.0;Automóvel;GM/CORSA SEDAN/CORSA SEDAN;2004.0;Condutor;Ileso;41.0;Feminino;1.0;0.0;0.0;0.0;-5,73180495;-35,29112135;SPRF-RN;DEL02-RN;UOP01-DEL02-RN
284523.0;635449.0;2020-05-15;sexta-feira;08:45:00;RN;101.0;77,6;NATAL;Não;Falta de Atenção à Condução;1;Colisão transversal;Com Vítimas Feridas;Pleno dia;Crescente;Nublado;Dupla;Reta;Não;507986.0;Motocicleta;YAMAHA/YBR150 FACTOR ED/YBR150 FACTOR ED;2017.0;Condutor;Lesões Graves;28.0;Feminino;0.0;0.0;1.0;0.0;-5,73180495;-35,29112135;SPRF-RN;DEL02-RN;UOP01-DEL02-RN
284523.0;635450.0;2020-05-15;sexta-feira;08:45:00;RN;101.0;77,6;NATAL;Não;Falta de Atenção à Condução;1;Colisão transversal;Com Vítimas Feridas;Pleno dia;Crescente;Nublado;Dupla;Reta;Não;507986.0;Motocicleta;YAMAHA/YBR150 FACTOR ED/YBR150 FACTOR ED;2017.0;Passageiro;Lesões Leves;8.0;Masculino;0.0;1.0;0.0;0.0;-5,73180495;-35,29112135;SPRF-RN;DEL02-RN;UOP01-DEL02-RN
284523.0;635447.0;2020-05-15;sexta-feira;08:45:00;RN;101.0;77,6;NATAL;Sim;Desobediência às normas de trânsito pelo condutor;1;Colisão transversal;Com Vítimas Feridas;Pleno dia;Crescente;Nublado;Dupla;Reta;Não;507985.0;Automóvel;GM/CORSA SEDAN/CORSA SEDAN;2004.0;Condutor;Ileso;41.0;Feminino;1.0;0.0;0.0;0.0;-5,73180495;-35,29112135;SPRF-RN;DEL02-RN;UOP01-DEL02-RN
284523.0;635449.0;2020-05-15;sexta-feira;08:45:00;RN;101.0;77,6;NATAL;Sim;Desobediência às normas de trânsito pelo condutor;1;Colisão transversal;Com Vítimas Feridas;Pleno dia;Crescente;Nublado;Dupla;Reta;Não;507986.0;Motocicleta;YAMAHA/YBR150 FACTOR ED/YBR150 FACTOR ED;2017.0;Condutor;Lesões Graves;28.0;Feminino;0.0;0.0;1.0;0.0;-5,73180495;-35,29112135;SPRF-RN;DEL02-RN;UOP01-DEL02-RN
284523.0;635450.0;2020-05-15;sexta-feira;08:45:00;RN;101.0;77,6;NATAL;Sim;Desobediência às normas de trânsito pelo condutor;1;Colisão transversal;Com Vítimas Feridas;Pleno dia;Crescente;Nublado;Dupla;Reta;Não;507986.0;Motocicleta;YAMAHA/YBR150 FACTOR ED/YBR150 FACTOR ED;2017.0;Passageiro;Lesões Leves;8.0;Masculino;0.0;1.0;0.0;0.0;-5,73180495;-35,29112135;SPRF-RN;DEL02-RN;UOP01-DEL02-RN
284900.0;634726.0;2020-05-17;domingo;00:30:00;RN;226.0;7,6;NATAL;Sim;Falta de Atenção à Condução;1;Colisão com objeto estático;Com Vítimas Feridas;Plena Noite;Crescente;Nublado;Simples;Reta;Sim;508658.0;Automóvel;GM/CORSA WIND/CORSA WIND;1994.0;Condutor;Lesões Leves;34.0;Masculino;0.0;1.0;0.0;0.0;-5,83365557;-35,27893424;SPRF-RN;DEL01-RN;UOP02-DEL01-RN
284900.0;634728.0;2020-05-17;domingo;00:30:00;RN;226.0;7,6;NATAL;Sim;Falta de Atenção à Condução;1;Colisão com objeto estático;Com Vítimas Feridas;Plena Noite;Crescente;Nublado;Simples;Reta;Sim;;;NA/NA/NA;;Testemunha;Não Informado;;Não Informado;0.0;0.0;0.0;0.0;-5,83365557;-35,27893424;SPRF-RN;DEL01-RN;UOP02-DEL01-RN
285305.0;635689.0;2020-05-19;terça-feira;17:55:00;RN;101.0;95;NATAL;Sim;Falta de Atenção à Condução;2;Colisão transversal;Com Vítimas Feridas;Plena Noite;Crescente;Nublado;Múltipla;Reta;Sim;509467.0;Automóvel;VW/NOVO GOL TRACK MCV/NOVO GOL TRACK MCV;2017.0;Condutor;Ileso;44.0;Masculino;1.0;0.0;0.0;0.0;-5,84076841;-35,21035949;SPRF-RN;DEL01-RN;UOP01-DEL01-RN
285305.0;635691.0;2020-05-19;terça-feira;17:55:00;RN;101.0;95;NATAL;Sim;Falta de Atenção à Condução;2;Colisão transversal;Com Vítimas Feridas;Plena Noite;Crescente;Nublado;Múltipla;Reta;Sim;509468.0;Motocicleta;HONDA/CG 160 FAN/CG 160 FAN;2018.0;Condutor;Lesões Leves;30.0;Masculino;0.0;1.0;0.0;0.0;-5,84076841;-35,21035949;SPRF-RN;DEL01-RN;UOP01-DEL01-RN
285305.0;635692.0;2020-05-19;terça-feira;17:55:00;RN;101.0;95;NATAL;Sim;Falta de Atenção à Condução;2;Colisão transversal;Com Vítimas Feridas;Plena Noite;Crescente;Nublado;Múltipla;Reta;Sim;509469.0;Motocicleta;Não Informado/Não Informado/Não Informado;0.0;Condutor;Não Informado;;Não Informado;0.0;0.0;0.0;0.0;-5,84076841;-35,21035949;SPRF-RN;DEL01-RN;UOP01-DEL01-RN
285305.0;635689.0;2020-05-19;terça-feira;17:55:00;RN;101.0;95;NATAL;Sim;Falta de Atenção à Condução;1;Colisão traseira;Com Vítimas Feridas;Plena Noite;Crescente;Nublado;Múltipla;Reta;Sim;509467.0;Automóvel;VW/NOVO GOL TRACK MCV/NOVO GOL TRACK MCV;2017.0;Condutor;Ileso;44.0;Masculino;1.0;0.0;0.0;0.0;-5,84076841;-35,21035949;SPRF-RN;DEL01-RN;UOP01-DEL01-RN
285305.0;635691.0;2020-05-19;terça-feira;17:55:00;RN;101.0;95;NATAL;Sim;Falta de Atenção à Condução;1;Colisão traseira;Com Vítimas Feridas;Plena Noite;Crescente;Nublado;Múltipla;Reta;Sim;509468.0;Motocicleta;HONDA/CG 160 FAN/CG 160 FAN;2018.0;Condutor;Lesões Leves;30.0;Masculino;0.0;1.0;0.0;0.0;-5,84076841;-35,21035949;SPRF-RN;DEL01-RN;UOP01-DEL01-RN
285305.0;635692.0;2020-05-19;terça-feira;17:55:00;RN;101.0;95;NATAL;Sim;Falta de Atenção à Condução;1;Colisão traseira;Com Vítimas Feridas;Plena Noite;Crescente;Nublado;Múltipla;Reta;Sim;509469.0;Motocicleta;Não Informado/Não Informado/Não Informado;0.0;Condutor;Não Informado;;Não Informado;0.0;0.0;0.0;0.0;-5,84076841;-35,21035949;SPRF-RN;DEL01-RN;UOP01-DEL01-RN
285448.0;637283.0;2020-05-20;quarta-feira;18:15:00;RN;226.0;2;NATAL;Sim;Falta de Atenção à Condução;1;Colisão traseira;Sem Vítimas;Plena Noite;Crescente;Céu Claro;Simples;Reta;Sim;509777.0;Motocicleta;YAMAHA/YBR125 FACTOR K1/YBR125 FACTOR K1;2014.0;Condutor;Ileso;25.0;Feminino;1.0;0.0;0.0;0.0;-5,81364934;-35,2466547;SPRF-RN;DEL01-RN;UOP02-DEL01-RN
285448.0;637284.0;2020-05-20;quarta-feira;18:15:00;RN;226.0;2;NATAL;Sim;Falta de Atenção à Condução;1;Colisão traseira;Sem Vítimas;Plena Noite;Crescente;Céu Claro;Simples;Reta;Sim;509778.0;Motocicleta;HONDA/NXR160 BROS ESDD/NXR160 BROS ESDD;2019.0;Condutor;Não Informado;;Não Informado;0.0;0.0;0.0;0.0;-5,81364934;-35,2466547;SPRF-RN;DEL01-RN;UOP02-DEL01-RN
285481.0;637151.0;2020-05-20;quarta-feira;22:40:00;RN;101.0;84;NATAL;Sim;Falta de Atenção à Condução;1;Colisão com objeto estático;Com Vítimas Feridas;Plena Noite;Crescente;Chuva;Simples;Túnel;Sim;509766.0;Automóvel;TOYOTA/COROLLA XEI18FLEX/COROLLA XEI18FLEX;2009.0;Condutor;Lesões Leves;29.0;Feminino;0.0;1.0;0.0;0.0;-5,77572974;-35,2534784;SPRF-RN;DEL02-RN;UOP01-DEL02-RN
285974.0;636964.0;2020-05-23;sábado;18:00:00;RN;226.0;4,1;NATAL;Sim;Desobediência às normas de trânsito pelo condutor;1;Colisão frontal;Com Vítimas Feridas;Plena Noite;Crescente;Céu Claro;Simples;Reta;Sim;510615.0;Automóvel;FIAT/UNO ELECTRONIC/UNO ELECTRONIC;1994.0;Condutor;Lesões Graves;39.0;Masculino;0.0;0.0;1.0;0.0;-5,81958019;-35,25969486;SPRF-RN;DEL01-RN;UOP02-DEL01-RN
285974.0;636967.0;2020-05-23;sábado;18:00:00;RN;226.0;4,1;NATAL;Sim;Desobediência às normas de trânsito pelo condutor;1;Colisão frontal;Com Vítimas Feridas;Plena Noite;Crescente;Céu Claro;Simples;Reta;Sim;510616.0;Ônibus;M.BENZ/MPOLO TORINO U/MPOLO TORINO U;2011.0;Condutor;Ileso;38.0;Masculino;1.0;0.0;0.0;0.0;-5,81958019;-35,25969486;SPRF-RN;DEL01-RN;UOP02-DEL01-RN
286440.0;637904.0;2020-03-07;sábado;10:30:00;RN;101.0;85;NATAL;Sim;Ultrapassagem Indevida;1;Colisão traseira;Com Vítimas Fatais;Pleno dia;Crescente;Céu Claro;Simples;Curva;Sim;511392.0;Motocicleta;HONDA/NXR150 BROS ES/NXR150 BROS ES;2011.0;Passageiro;Lesões Leves;14.0;Feminino;0.0;1.0;0.0;0.0;-5,777664;-35,24937;SPRF-RN;DEL02-RN;UOP01-DEL02-RN
286440.0;637902.0;2020-03-07;sábado;10:30:00;RN;101.0;85;NATAL;Sim;Ultrapassagem Indevida;1;Colisão traseira;Com Vítimas Fatais;Pleno dia;Crescente;Céu Claro;Simples;Curva;Sim;511392.0;Motocicleta;HONDA/NXR150 BROS ES/NXR150 BROS ES;2011.0;Condutor;Óbito;43.0;Masculino;0.0;0.0;0.0;1.0;-5,777664;-35,24937;SPRF-RN;DEL02-RN;UOP01-DEL02-RN
286440.0;637903.0;2020-03-07;sábado;10:30:00;RN;101.0;85;NATAL;Sim;Ultrapassagem Indevida;1;Colisão traseira;Com Vítimas Fatais;Pleno dia;Crescente;Céu Claro;Simples;Curva;Sim;511393.0;Caminhão;VW/8.160 DRC 4X2/8.160 DRC 4X2;2015.0;Condutor;Ileso;36.0;Masculino;1.0;0.0;0.0;0.0;-5,777664;-35,24937;SPRF-RN;DEL02-RN;UOP01-DEL02-RN
286591.0;639906.0;2020-05-27;quarta-feira;07:00:00;RN;101.0;94;NATAL;Não;Defeito Mecânico no Veículo;1;Colisão traseira;Com Vítimas Feridas;Pleno dia;Decrescente;Céu Claro;Dupla;Reta;Sim;511797.0;Motocicleta;HONDA/CG 125 TITAN KS/CG 125 TITAN KS;2001.0;Condutor;Lesões Graves;34.0;Masculino;0.0;0.0;1.0;0.0;-5,83176615;-35,21191342;SPRF-RN;DEL01-RN;UOP01-DEL01-RN
286591.0;639908.0;2020-05-27;quarta-feira;07:00:00;RN;101.0;94;NATAL;Não;Defeito Mecânico no Veículo;1;Colisão traseira;Com Vítimas Feridas;Pleno dia;Decrescente;Céu Claro;Dupla;Reta;Sim;511798.0;Ônibus;AGRALE/MA150 NEOBUS SPEC/MA150 NEOBUS SPEC;2008.0;Condutor;Ileso;26.0;Masculino;1.0;0.0;0.0;0.0;-5,83176615;-35,21191342;SPRF-RN;DEL01-RN;UOP01-DEL01-RN
286591.0;639906.0;2020-05-27;quarta-feira;07:00:00;RN;101.0;94;NATAL;Sim;Falta de Atenção à Condução;1;Colisão traseira;Com Vítimas Feridas;Pleno dia;Decrescente;Céu Claro;Dupla;Reta;Sim;511797.0;Motocicleta;HONDA/CG 125 TITAN KS/CG 125 TITAN KS;2001.0;Condutor;Lesões Graves;34.0;Masculino;0.0;0.0;1.0;0.0;-5,83176615;-35,21191342;SPRF-RN;DEL01-RN;UOP01-DEL01-RN
286591.0;639908.0;2020-05-27;quarta-feira;07:00:00;RN;101.0;94;NATAL;Sim;Falta de Atenção à Condução;1;Colisão traseira;Com Vítimas Feridas;Pleno dia;Decrescente;Céu Claro;Dupla;Reta;Sim;511798.0;Ônibus;AGRALE/MA150 NEOBUS SPEC/MA150 NEOBUS SPEC;2008.0;Condutor;Ileso;26.0;Masculino;1.0;0.0;0.0;0.0;-5,83176615;-35,21191342;SPRF-RN;DEL01-RN;UOP01-DEL01-RN
286658.0;639805.0;2020-05-27;quarta-feira;16:10:00;RN;226.0;4,1;NATAL;Sim;Falta de Atenção à Condução;1;Colisão transversal;Com Vítimas Feridas;Pleno dia;Decrescente;Céu Claro;Simples;Reta;Sim;511885.0;Motocicleta;HONDA/NXR160 BROS ESDD/NXR160 BROS ESDD;2015.0;Condutor;Lesões Leves;35.0;Masculino;0.0;1.0;0.0;0.0;-5,81958019;-35,25969486;SPRF-RN;DEL01-RN;UOP02-DEL01-RN
286658.0;639806.0;2020-05-27;quarta-feira;16:10:00;RN;226.0;4,1;NATAL;Sim;Falta de Atenção à Condução;1;Colisão transversal;Com Vítimas Feridas;Pleno dia;Decrescente;Céu Claro;Simples;Reta;Sim;511886.0;Automóvel;FORD/KA/KA;2003.0;Condutor;Ileso;58.0;Feminino;1.0;0.0;0.0;0.0;-5,81958019;-35,25969486;SPRF-RN;DEL01-RN;UOP02-DEL01-RN
286855.0;640365.0;2020-05-28;quinta-feira;17:20:00;RN;101.0;77;NATAL;Não;Defeito na Via;1;Colisão transversal;Com Vítimas Feridas;Plena Noite;Decrescente;Céu Claro;Dupla;Interseção de Vias;Sim;512144.0;Ônibus;M.BENZ/MPOLO TORINO U/MPOLO TORINO U;2011.0;Condutor;Ileso;37.0;Masculino;1.0;0.0;0.0;0.0;-5,73552522;-35,29087099;SPRF-RN;DEL02-RN;UOP01-DEL02-RN
286855.0;638887.0;2020-05-28;quinta-feira;17:20:00;RN;101.0;77;NATAL;Não;Defeito na Via;1;Colisão transversal;Com Vítimas Feridas;Plena Noite;Decrescente;Céu Claro;Dupla;Interseção de Vias;Sim;512143.0;Automóvel;VW/PARATI/PARATI;1997.0;Condutor;Lesões Leves;46.0;Masculino;0.0;1.0;0.0;0.0;-5,73552522;-35,29087099;SPRF-RN;DEL02-RN;UOP01-DEL02-RN
286855.0;640365.0;2020-05-28;quinta-feira;17:20:00;RN;101.0;77;NATAL;Não;Falta de Atenção à Condução;1;Colisão transversal;Com Vítimas Feridas;Plena Noite;Decrescente;Céu Claro;Dupla;Interseção de Vias;Sim;512144.0;Ônibus;M.BENZ/MPOLO TORINO U/MPOLO TORINO U;2011.0;Condutor;Ileso;37.0;Masculino;1.0;0.0;0.0;0.0;-5,73552522;-35,29087099;SPRF-RN;DEL02-RN;UOP01-DEL02-RN
286855.0;638887.0;2020-05-28;quinta-feira;17:20:00;RN;101.0;77;NATAL;Não;Falta de Atenção à Condução;1;Colisão transversal;Com Vítimas Feridas;Plena Noite;Decrescente;Céu Claro;Dupla;Interseção de Vias;Sim;512143.0;Automóvel;VW/PARATI/PARATI;1997.0;Condutor;Lesões Leves;46.0;Masculino;0.0;1.0;0.0;0.0;-5,73552522;-35,29087099;SPRF-RN;DEL02-RN;UOP01-DEL02-RN
286855.0;640365.0;2020-05-28;quinta-feira;17:20:00;RN;101.0;77;NATAL;Sim;Ingestão de Álcool;1;Colisão transversal;Com Vítimas Feridas;Plena Noite;Decrescente;Céu Claro;Dupla;Interseção de Vias;Sim;512144.0;Ônibus;M.BENZ/MPOLO TORINO U/MPOLO TORINO U;2011.0;Condutor;Ileso;37.0;Masculino;1.0;0.0;0.0;0.0;-5,73552522;-35,29087099;SPRF-RN;DEL02-RN;UOP01-DEL02-RN
286855.0;638887.0;2020-05-28;quinta-feira;17:20:00;RN;101.0;77;NATAL;Sim;Ingestão de Álcool;1;Colisão transversal;Com Vítimas Feridas;Plena Noite;Decrescente;Céu Claro;Dupla;Interseção de Vias;Sim;512143.0;Automóvel;VW/PARATI/PARATI;1997.0;Condutor;Lesões Leves;46.0;Masculino;0.0;1.0;0.0;0.0;-5,73552522;-35,29087099;SPRF-RN;DEL02-RN;UOP01-DEL02-RN
288218.0;641742.0;2020-06-05;sexta-feira;07:20:00;RN;101.0;85;NATAL;Sim;Desobediência às normas de trânsito pelo condutor;1;Colisão traseira;Com Vítimas Feridas;Pleno dia;Crescente;Céu Claro;Dupla;Ponte;Não;514668.0;Ciclomotor;I/TRAXX JL50Q 2/TRAXX JL50Q 2;0.0;Condutor;Lesões Leves;52.0;Masculino;0.0;1.0;0.0;0.0;-5,78174129;-35,24775716;SPRF-RN;DEL02-RN;UOP01-DEL02-RN
288218.0;641744.0;2020-06-05;sexta-feira;07:20:00;RN;101.0;85;NATAL;Sim;Desobediência às normas de trânsito pelo condutor;1;Colisão traseira;Com Vítimas Feridas;Pleno dia;Crescente;Céu Claro;Dupla;Ponte;Não;514669.0;Motocicleta;HONDA/CG 160 START/CG 160 START;2020.0;Condutor;Ileso;28.0;Masculino;1.0;0.0;0.0;0.0;-5,78174129;-35,24775716;SPRF-RN;DEL02-RN;UOP01-DEL02-RN
288282.0;643771.0;2020-06-05;sexta-feira;16:15:00;RN;101.0;85,3;NATAL;Sim;Não guardar distância de segurança;3;Queda de ocupante de veículo;Com Vítimas Feridas;Pleno dia;Crescente;Céu Claro;Dupla;Curva;Sim;514791.0;Motocicleta;HONDA/NXR150 BROS KS/NXR150 BROS KS;2008.0;Condutor;Lesões Leves;37.0;Masculino;0.0;1.0;0.0;0.0;-5,77760259;-35,24975365;SPRF-RN;DEL02-RN;UOP01-DEL02-RN
288282.0;643776.0;2020-06-05;sexta-feira;16:15:00;RN;101.0;85,3;NATAL;Sim;Não guardar distância de segurança;3;Queda de ocupante de veículo;Com Vítimas Feridas;Pleno dia;Crescente;Céu Claro;Dupla;Curva;Sim;514792.0;Automóvel;FIAT/PALIO EX/PALIO EX;2001.0;Condutor;Ileso;24.0;Masculino;1.0;0.0;0.0;0.0;-5,77760259;-35,24975365;SPRF-RN;DEL02-RN;UOP01-DEL02-RN
288282.0;643771.0;2020-06-05;sexta-feira;16:15:00;RN;101.0;85,3;NATAL;Sim;Não guardar distância de segurança;2;Tombamento;Com Vítimas Feridas;Pleno dia;Crescente;Céu Claro;Dupla;Curva;Sim;514791.0;Motocicleta;HONDA/NXR150 BROS KS/NXR150 BROS KS;2008.0;Condutor;Lesões Leves;37.0;Masculino;0.0;1.0;0.0;0.0;-5,77760259;-35,24975365;SPRF-RN;DEL02-RN;UOP01-DEL02-RN
288282.0;643776.0;2020-06-05;sexta-feira;16:15:00;RN;101.0;85,3;NATAL;Sim;Não guardar distância de segurança;2;Tombamento;Com Vítimas Feridas;Pleno dia;Crescente;Céu Claro;Dupla;Curva;Sim;514792.0;Automóvel;FIAT/PALIO EX/PALIO EX;2001.0;Condutor;Ileso;24.0;Masculino;1.0;0.0;0.0;0.0;-5,77760259;-35,24975365;SPRF-RN;DEL02-RN;UOP01-DEL02-RN
288282.0;643771.0;2020-06-05;sexta-feira;16:15:00;RN;101.0;85,3;NATAL;Sim;Não guardar distância de segurança;1;Colisão traseira;Com Vítimas Feridas;Pleno dia;Crescente;Céu Claro;Dupla;Curva;Sim;514791.0;Motocicleta;HONDA/NXR150 BROS KS/NXR150 BROS KS;2008.0;Condutor;Lesões Leves;37.0;Masculino;0.0;1.0;0.0;0.0;-5,77760259;-35,24975365;SPRF-RN;DEL02-RN;UOP01-DEL02-RN
288282.0;643776.0;2020-06-05;sexta-feira;16:15:00;RN;101.0;85,3;NATAL;Sim;Não guardar distância de segurança;1;Colisão traseira;Com Vítimas Feridas;Pleno dia;Crescente;Céu Claro;Dupla;Curva;Sim;514792.0;Automóvel;FIAT/PALIO EX/PALIO EX;2001.0;Condutor;Ileso;24.0;Masculino;1.0;0.0;0.0;0.0;-5,77760259;-35,24975365;SPRF-RN;DEL02-RN;UOP01-DEL02-RN
288325.0;643469.0;2020-06-05;sexta-feira;18:40:00;RN;101.0;96;NATAL;Sim;Falta de Atenção à Condução;1;Colisão lateral;Com Vítimas Feridas;Plena Noite;Decrescente;Céu Claro;Múltipla;Interseção de Vias;Sim;514890.0;Motocicleta;HONDA/CG 125I FAN/CG 125I FAN;2017.0;Condutor;Lesões Leves;22.0;Masculino;0.0;1.0;0.0;0.0;-5,84949622;-35,20890752;SPRF-RN;DEL01-RN;UOP01-DEL01-RN
288325.0;643471.0;2020-06-05;sexta-feira;18:40:00;RN;101.0;96;NATAL;Sim;Falta de Atenção à Condução;1;Colisão lateral;Com Vítimas Feridas;Plena Noite;Decrescente;Céu Claro;Múltipla;Interseção de Vias;Sim;514891.0;Automóvel;CHEVROLET/ONIX 10MT JOYE/ONIX 10MT JOYE;2017.0;Condutor;Ileso;32.0;Masculino;1.0;0.0;0.0;0.0;-5,84949622;-35,20890752;SPRF-RN;DEL01-RN;UOP01-DEL01-RN
288565.0;645246.0;2020-06-06;sábado;21:45:00;RN;304.0;97;NATAL;Sim;Ingestão de Álcool;1;Colisão traseira;Sem Vítimas;Plena Noite;Crescente;Chuva;Dupla;Reta;Sim;515254.0;Automóvel;FORD/KA/KA;2007.0;Condutor;Ileso;31.0;Masculino;1.0;0.0;0.0;0.0;-5,87351983;-35,22077691;SPRF-RN;DEL04-RN;UOP01-DEL04-RN
288565.0;645245.0;2020-06-06;sábado;21:45:00;RN;304.0;97;NATAL;Sim;Ingestão de Álcool;1;Colisão traseira;Sem Vítimas;Plena Noite;Crescente;Chuva;Dupla;Reta;Sim;515253.0;Automóvel;GM/CELTA 2P LIFE/CELTA 2P LIFE;2006.0;Condutor;Ileso;;Masculino;1.0;0.0;0.0;0.0;-5,87351983;-35,22077691;SPRF-RN;DEL04-RN;UOP01-DEL04-RN
288565.0;645248.0;2020-06-06;sábado;21:45:00;RN;304.0;97;NATAL;Sim;Ingestão de Álcool;1;Colisão traseira;Sem Vítimas;Plena Noite;Crescente;Chuva;Dupla;Reta;Sim;515255.0;Automóvel;I/CHEVROLET CLASSIC LS/CHEVROLET CLASSIC LS;2015.0;Condutor;Ileso;29.0;Masculino;1.0;0.0;0.0;0.0;-5,87351983;-35,22077691;SPRF-RN;DEL04-RN;UOP01-DEL04-RN
288634.0;645173.0;2020-06-07;domingo;06:15:00;RN;101.0;98;NATAL;Sim;Ingestão de Álcool;1;Colisão com objeto estático;Com Vítimas Feridas;Pleno dia;Crescente;Chuva;Dupla;Reta;Não;515656.0;Automóvel;CHEVROLET/CELTA 1.0L LT/CELTA 1.0L LT;2012.0;Condutor;Lesões Leves;37.0;Masculino;0.0;1.0;0.0;0.0;-5,86567888;-35,21651625;SPRF-RN;DEL01-RN;UOP01-DEL01-RN
289349.0;646765.0;2020-06-10;quarta-feira;20:45:00;RN;101.0;98;NATAL;Sim;Falta de Atenção à Condução;1;Colisão traseira;Com Vítimas Feridas;Plena Noite;Decrescente;Chuva;Múltipla;Curva;Sim;516762.0;Motocicleta;HONDA/CG150 FAN ESDI/CG150 FAN ESDI;2014.0;Condutor;Lesões Leves;20.0;Masculino;0.0;1.0;0.0;0.0;-5,86567888;-35,21651625;SPRF-RN;DEL01-RN;UOP01-DEL01-RN
289349.0;646763.0;2020-06-10;quarta-feira;20:45:00;RN;101.0;98;NATAL;Sim;Falta de Atenção à Condução;1;Colisão traseira;Com Vítimas Feridas;Plena Noite;Decrescente;Chuva;Múltipla;Curva;Sim;516763.0;Automóvel;FORD/KA/KA;2004.0;Condutor;Ileso;33.0;Masculino;1.0;0.0;0.0;0.0;-5,86567888;-35,21651625;SPRF-RN;DEL01-RN;UOP01-DEL01-RN
289591.0;644502.0;2020-06-12;sexta-feira;09:20:00;RN;101.0;78,8;NATAL;Sim;Falta de Atenção à Condução;2;Queda de ocupante de veículo;Com Vítimas Feridas;Pleno dia;Decrescente;Nublado;Dupla;"Interseção de Vias;Reta";Não;517164.0;Motocicleta;YAMAHA/YBR125I FACTOR ED/YBR125I FACTOR ED;2019.0;Condutor;Lesões Graves;21.0;Masculino;0.0;0.0;1.0;0.0;-5,74071896;-35,29021064;SPRF-RN;DEL02-RN;UOP01-DEL02-RN
289591.0;644503.0;2020-06-12;sexta-feira;09:20:00;RN;101.0;78,8;NATAL;Sim;Falta de Atenção à Condução;2;Queda de ocupante de veículo;Com Vítimas Feridas;Pleno dia;Decrescente;Nublado;Dupla;"Interseção de Vias;Reta";Não;517164.0;Motocicleta;YAMAHA/YBR125I FACTOR ED/YBR125I FACTOR ED;2019.0;Passageiro;Lesões Graves;23.0;Masculino;0.0;0.0;1.0;0.0;-5,74071896;-35,29021064;SPRF-RN;DEL02-RN;UOP01-DEL02-RN
289591.0;644505.0;2020-06-12;sexta-feira;09:20:00;RN;101.0;78,8;NATAL;Sim;Falta de Atenção à Condução;2;Queda de ocupante de veículo;Com Vítimas Feridas;Pleno dia;Decrescente;Nublado;Dupla;"Interseção de Vias;Reta";Não;517165.0;Automóvel;GM/CELTA 4P LIFE/CELTA 4P LIFE;2007.0;Condutor;Ileso;64.0;Masculino;1.0;0.0;0.0;0.0;-5,74071896;-35,29021064;SPRF-RN;DEL02-RN;UOP01-DEL02-RN
289591.0;644502.0;2020-06-12;sexta-feira;09:20:00;RN;101.0;78,8;NATAL;Sim;Falta de Atenção à Condução;1;Colisão transversal;Com Vítimas Feridas;Pleno dia;Decrescente;Nublado;Dupla;"Interseção de Vias;Reta";Não;517164.0;Motocicleta;YAMAHA/YBR125I FACTOR ED/YBR125I FACTOR ED;2019.0;Condutor;Lesões Graves;21.0;Masculino;0.0;0.0;1.0;0.0;-5,74071896;-35,29021064;SPRF-RN;DEL02-RN;UOP01-DEL02-RN
289591.0;644503.0;2020-06-12;sexta-feira;09:20:00;RN;101.0;78,8;NATAL;Sim;Falta de Atenção à Condução;1;Colisão transversal;Com Vítimas Feridas;Pleno dia;Decrescente;Nublado;Dupla;"Interseção de Vias;Reta";Não;517164.0;Motocicleta;YAMAHA/YBR125I FACTOR ED/YBR125I FACTOR ED;2019.0;Passageiro;Lesões Graves;23.0;Masculino;0.0;0.0;1.0;0.0;-5,74071896;-35,29021064;SPRF-RN;DEL02-RN;UOP01-DEL02-RN
289591.0;644505.0;2020-06-12;sexta-feira;09:20:00;RN;101.0;78,8;NATAL;Sim;Falta de Atenção à Condução;1;Colisão transversal;Com Vítimas Feridas;Pleno dia;Decrescente;Nublado;Dupla;"Interseção de Vias;Reta";Não;517165.0;Automóvel;GM/CELTA 4P LIFE/CELTA 4P LIFE;2007.0;Condutor;Ileso;64.0;Masculino;1.0;0.0;0.0;0.0;-5,74071896;-35,29021064;SPRF-RN;DEL02-RN;UOP01-DEL02-RN
289896.0;644984.0;2020-06-14;domingo;00:40:00;RN;101.0;96;NATAL;Sim;Ingestão de Álcool;1;Colisão frontal;Com Vítimas Feridas;Plena Noite;Crescente;Céu Claro;Múltipla;Reta;Sim;517717.0;Automóvel;VW/GOL 1.0/GOL 1.0;2007.0;Condutor;Ileso;34.0;Masculino;1.0;0.0;0.0;0.0;-5,84949622;-35,20890752;SPRF-RN;DEL01-RN;UOP01-DEL01-RN