id;pesid;data_inversa;dia_semana;horario;uf;br;km;municipio;causa_principal;causa_acidente;ordem_tipo_acidente;tipo_acidente;classificacao_acidente;fase_dia;sentido_via;condicao_metereologica;tipo_pista;tracado_via;uso_solo;id_veiculo;tipo_veiculo;marca;ano_fabricacao_veiculo;tipo_envolvido;estado_fisico;idade;sexo;ilesos;feridos_leves;feridos_graves;mortos;latitude;longitude;regional;delegacia;uop
294050.0;660156.0;2020-07-07;terça-feira;12:08:00;RN;101.0;96;NATAL;Não;Falta de Atenção à Condução;2;Tombamento;Com Vítimas Feridas;Pleno dia;Crescente;Céu Claro;Múltipla;Reta;Sim;525450.0;Automóvel;CHEV/PRISMA 10MT JOYE/PRISMA 10MT JOYE;2017.0;Condutor;Ileso;40.0;Masculino;1.0;0.0;0.0;0.0;-5,84949622;-35,20890752;SPRF-RN;DEL01-RN;UOP01-DEL01-RN
294050.0;660155.0;2020-07-07;terça-feira;12:08:00;RN;101.0;96;NATAL;Não;Não guardar distância de segurança;2;Tombamento;Com Vítimas Feridas;Pleno dia;Crescente;Céu Claro;Múltipla;Reta;Sim;525449.0;Motocicleta;HONDA/CG 125 FAN KS/CG 125 FAN KS;2012.0;Condutor;Lesões Leves;22.0;Masculino;0.0;1.0;0.0;0.0;-5,84949622;-35,20890752;SPRF-RN;DEL01-RN;UOP01-DEL01-RN
294050.0;660156.0;2020-07-07;terça-feira;12:08:00;RN;101.0;96;NATAL;Não;Não guardar distância de segurança;2;Tombamento;Com Vítimas Feridas;Pleno dia;Crescente;Céu Claro;Múltipla;Reta;Sim;525450.0;Automóvel;CHEV/PRISMA 10MT JOYE/PRISMA 10MT JOYE;2017.0;Condutor;Ileso;40.0;Masculino;1.0;0.0;0.0;0.0;-5,84949622;-35,20890752;SPRF-RN;DEL01-RN;UOP01-DEL01-RN
294050.0;660155.0;2020-07-07;terça-feira;12:08:00;RN;101.0;96;NATAL;Sim;Desobediência às normas de trânsito pelo condutor;2;Tombamento;Com Vítimas Feridas;Pleno dia;Crescente;Céu Claro;Múltipla;Reta;Sim;525449.0;Motocicleta;HONDA/CG 125 FAN KS/CG 125 FAN KS;2012.0;Condutor;Lesões Leves;22.0;Masculino;0.0;1.0;0.0;0.0;-5,84949622;-35,20890752;SPRF-RN;DEL01-RN;UOP01-DEL01-RN
294050.0;660156.0;2020-07-07;terça-feira;12:08:00;RN;101.0;96;NATAL;Sim;Desobediência às normas de trânsito pelo condutor;2;Tombamento;Com Vítimas Feridas;Pleno dia;Crescente;Céu Claro;Múltipla;Reta;Sim;525450.0;Automóvel;CHEV/PRISMA 10MT JOYE/PRISMA 10MT JOYE;2017.0;Condutor;Ileso;40.0;Masculino;1.0;0.0;0.0;0.0;-5,84949622;-35,20890752;SPRF-RN;DEL01-RN;UOP01-DEL01-RN
294050.0;660155.0;2020-07-07;terça-feira;12:08:00;RN;101.0;96;NATAL;Não;Falta de Atenção à Condução;1;Colisão traseira;Com Vítimas Feridas;Pleno dia;Crescente;Céu Claro;Múltipla;Reta;Sim;525449.0;Motocicleta;HONDA/CG 125 FAN KS/CG 125 FAN KS;2012.0;Condutor;Lesões Leves;22.0;Masculino;0.0;1.0;0.0;0.0;-5,84949622;-35,20890752;SPRF-RN;DEL01-RN;UOP01-DEL01-RN
294050.0;660156.0;2020-07-07;terça-feira;12:08:00;RN;101.0;96;NATAL;Não;Falta de Atenção à Condução;1;Colisão traseira;Com Vítimas Feridas;Pleno dia;Crescente;Céu Claro;Múltipla;Reta;Sim;525450.0;Automóvel;CHEV/PRISMA 10MT JOYE/PRISMA 10MT JOYE;2017.0;Condutor;Ileso;40.0;Masculino;1.0;0.0;0.0;0.0;-5,84949622;-35,20890752;SPRF-RN;DEL01-RN;UOP01-DEL01-RN
294050.0;660155.0;2020-07-07;terça-feira;12:08:00;RN;101.0;96;NATAL;Não;Não guardar distância de segurança;1;Colisão traseira;Com Vítimas Feridas;Pleno dia;Crescente;Céu Claro;Múltipla;Reta;Sim;525449.0;Motocicleta;HONDA/CG 125 FAN KS/CG 125 FAN KS;2012.0;Condutor;Lesões Leves;22.0;Masculino;0.0;1.0;0.0;0.0;-5,84949622;-35,20890752;SPRF-RN;DEL01-RN;UOP01-DEL01-RN
294050.0;660156.0;2020-07-07;terça-feira;12:08:00;RN;101.0;96;NATAL;Não;Não guardar distância de segurança;1;Colisão traseira;Com Vítimas Feridas;Pleno dia;Crescente;Céu Claro;Múltipla;Reta;Sim;525450.0;Automóvel;CHEV/PRISMA 10MT JOYE/PRISMA 10MT JOYE;2017.0;Condutor;Ileso;40.0;Masculino;1.0;0.0;0.0;0.0;-5,84949622;-35,20890752;SPRF-RN;DEL01-RN;UOP01-DEL01-RN
294050.0;660155.0;2020-07-07;terça-feira;12:08:00;RN;101.0;96;NATAL;Sim;Desobediência às normas de trânsito pelo condutor;1;Colisão traseira;Com Vítimas Feridas;Pleno dia;Crescente;Céu Claro;Múltipla;Reta;Sim;525449.0;Motocicleta;HONDA/CG 125 FAN KS/CG 125 FAN KS;2012.0;Condutor;Lesões Leves;22.0;Masculino;0.0;1.0;0.0;0.0;-5,84949622;-35,20890752;SPRF-RN;DEL01-RN;UOP01-DEL01-RN
294050.0;660156.0;2020-07-07;terça-feira;12:08:00;RN;101.0;96;NATAL;Sim;Desobediência às normas de trânsito pelo condutor;1;Colisão traseira;Com Vítimas Feridas;Pleno dia;Crescente;Céu Claro;Múltipla;Reta;Sim;525450.0;Automóvel;CHEV/PRISMA 10MT JOYE/PRISMA 10MT JOYE;2017.0;Condutor;Ileso;40.0;Masculino;1.0;0.0;0.0;0.0;-5,84949622;-35,20890752;SPRF-RN;DEL01-RN;UOP01-DEL01-RN
294154.0;654046.0;2020-05-05;terça-feira;19:47:00;RN;101.0;97,1;NATAL;Sim;Falta de Atenção à Condução;2;Queda de ocupante de veículo;Com Vítimas Feridas;Plena Noite;Crescente;Céu Claro;Simples;Reta;Sim;525506.0;Automóvel;Não Informado/Não Informado/Não Informado;0.0;Condutor;Não Informado;;Não Informado;0.0;0.0;0.0;0.0;-5,853028;-35,210991;SPRF-RN;DEL01-RN;UOP01-DEL01-RN
294154.0;654047.0;2020-05-05;terça-feira;19:47:00;RN;101.0;97,1;NATAL;Sim;Falta de Atenção à Condução;2;Queda de ocupante de veículo;Com Vítimas Feridas;Plena Noite;Crescente;Céu Claro;Simples;Reta;Sim;525507.0;Bicicleta;Não Informado/Não Informado/Não Informado;0.0;Condutor;Lesões Graves;;Masculino;0.0;0.0;1.0;0.0;-5,853028;-35,210991;SPRF-RN;DEL01-RN;UOP01-DEL01-RN
294154.0;654046.0;2020-05-05;terça-feira;19:47:00;RN;101.0;97,1;NATAL;Sim;Falta de Atenção à Condução;1;Tombamento;Com Vítimas Feridas;Plena Noite;Crescente;Céu Claro;Simples;Reta;Sim;525506.0;Automóvel;Não Informado/Não Informado/Não Informado;0.0;Condutor;Não Informado;;Não Informado;0.0;0.0;0.0;0.0;-5,853028;-35,210991;SPRF-RN;DEL01-RN;UOP01-DEL01-RN
294154.0;654047.0;2020-05-05;terça-feira;19:47:00;RN;101.0;97,1;NATAL;Sim;Falta de Atenção à Condução;1;Tombamento;Com Vítimas Feridas;Plena Noite;Crescente;Céu Claro;Simples;Reta;Sim;525507.0;Bicicleta;Não Informado/Não Informado/Não Informado;0.0;Condutor;Lesões Graves;;Masculino;0.0;0.0;1.0;0.0;-5,853028;-35,210991;SPRF-RN;DEL01-RN;UOP01-DEL01-RN
294180.0;654293.0;2020-07-08;quarta-feira;07:10:00;RN;226.0;4;NATAL;Sim;Desobediência às normas de trânsito pelo condutor;1;Colisão lateral;Com Vítimas Feridas;Pleno dia;Decrescente;Sol;Simples;Reta;Sim;525682.0;Automóvel;VW/POINTER GLI 2000/POINTER GLI 2000;1995.0;Condutor;Ileso;;Masculino;1.0;0.0;0.0;0.0;-5,81958019;-35,25969486;SPRF-RN;DEL01-RN;UOP02-DEL01-RN
294180.0;654297.0;2020-07-08;quarta-feira;07:10:00;RN;226.0;4;NATAL;Sim;Desobediência às normas de trânsito pelo condutor;1;Colisão lateral;Com Vítimas Feridas;Pleno dia;Decrescente;Sol;Simples;Reta;Sim;525683.0;Motocicleta;HONDA/CG 160 START/CG 160 START;2020.0;Condutor;Lesões Leves;25.0;Masculino;0.0;1.0;0.0;0.0;-5,81958019;-35,25969486;SPRF-RN;DEL01-RN;UOP02-DEL01-RN
294277.0;656017.0;2020-07-08;quarta-feira;18:45:00;RN;101.0;77;NATAL;Sim;Falta de Atenção à Condução;2;Queda de ocupante de veículo;Com Vítimas Feridas;Plena Noite;Decrescente;Céu Claro;Dupla;Interseção de Vias;Sim;525778.0;Automóvel;Não Informado/Não Informado/Não Informado;0.0;Condutor;Não Informado;;Não Informado;0.0;0.0;0.0;0.0;-5,73180495;-35,29112135;SPRF-RN;DEL02-RN;UOP01-DEL02-RN
294277.0;654424.0;2020-07-08;quarta-feira;18:45:00;RN;101.0;77;NATAL;Sim;Falta de Atenção à Condução;2;Queda de ocupante de veículo;Com Vítimas Feridas;Plena Noite;Decrescente;Céu Claro;Dupla;Interseção de Vias;Sim;525777.0;Motocicleta;HONDA/POP100/POP100;2009.0;Condutor;Lesões Leves;38.0;Masculino;0.0;1.0;0.0;0.0;-5,73180495;-35,29112135;SPRF-RN;DEL02-RN;UOP01-DEL02-RN
294277.0;656017.0;2020-07-08;quarta-feira;18:45:00;RN;101.0;77;NATAL;Sim;Falta de Atenção à Condução;1;Colisão transversal;Com Vítimas Feridas;Plena Noite;Decrescente;Céu Claro;Dupla;Interseção de Vias;Sim;525778.0;Automóvel;Não Informado/Não Informado/Não Informado;0.0;Condutor;Não Informado;;Não Informado;0.0;0.0;0.0;0.0;-5,73180495;-35,29112135;SPRF-RN;DEL02-RN;UOP01-DEL02-RN
294277.0;654424.0;2020-07-08;quarta-feira;18:45:00;RN;101.0;77;NATAL;Sim;Falta de Atenção à Condução;1;Colisão transversal;Com Vítimas Feridas;Plena Noite;Decrescente;Céu Claro;Dupla;Interseção de Vias;Sim;525777.0;Motocicleta;HONDA/POP100/POP100;2009.0;Condutor;Lesões Leves;38.0;Masculino;0.0;1.0;0.0;0.0;-5,73180495;-35,29112135;SPRF-RN;DEL02-RN;UOP01-DEL02-RN
294287.0;654426.0;2020-07-08;quarta-feira;19:20:00;RN;101.0;81;NATAL;Sim;Desobediência às normas de trânsito pelo condutor;1;Colisão transversal;Com Vítimas Feridas;Plena Noite;Crescente;Céu Claro;Dupla;Rotatória;Sim;525779.0;Motocicleta;HONDA/CG 150 FAN ESI/CG 150 FAN ESI;2010.0;Condutor;Lesões Leves;31.0;Feminino;0.0;1.0;0.0;0.0;-5,76469466;-35,28295988;SPRF-RN;DEL02-RN;UOP01-DEL02-RN
294287.0;654428.0;2020-07-08;quarta-feira;19:20:00;RN;101.0;81;NATAL;Sim;Desobediência às normas de trânsito pelo condutor;1;Colisão transversal;Com Vítimas Feridas;Plena Noite;Crescente;Céu Claro;Dupla;Rotatória;Sim;525780.0;Automóvel;FIAT/UNO MILLE FIRE FLEX/UNO MILLE FIRE FLEX;2008.0;Condutor;Ileso;35.0;Masculino;1.0;0.0;0.0;0.0;-5,76469466;-35,28295988;SPRF-RN;DEL02-RN;UOP01-DEL02-RN
294557.0;655304.0;2020-07-10;sexta-feira;11:25:00;RN;226.0;0;NATAL;Sim;Não guardar distância de segurança;1;Colisão traseira;Com Vítimas Feridas;Pleno dia;Crescente;Céu Claro;Dupla;Reta;Sim;526678.0;Automóvel;RENAULT/LOGAN EXPR 16 M/LOGAN EXPR 16 M;2016.0;Condutor;Ileso;43.0;Masculino;1.0;0.0;0.0;0.0;-5,800019;-35,238174;SPRF-RN;DEL01-RN;UOP02-DEL01-RN
294557.0;655305.0;2020-07-10;sexta-feira;11:25:00;RN;226.0;0;NATAL;Sim;Não guardar distância de segurança;1;Colisão traseira;Com Vítimas Feridas;Pleno dia;Crescente;Céu Claro;Dupla;Reta;Sim;526679.0;Caminhonete;NISSAN/FRONTIER XE 4X4/FRONTIER XE 4X4;2012.0;Condutor;Ileso;48.0;Masculino;1.0;0.0;0.0;0.0;-5,800019;-35,238174;SPRF-RN;DEL01-RN;UOP02-DEL01-RN
294557.0;655306.0;2020-07-10;sexta-feira;11:25:00;RN;226.0;0;NATAL;Sim;Não guardar distância de segurança;1;Colisão traseira;Com Vítimas Feridas;Pleno dia;Crescente;Céu Claro;Dupla;Reta;Sim;526679.0;Caminhonete;NISSAN/FRONTIER XE 4X4/FRONTIER XE 4X4;2012.0;Passageiro;Lesões Leves;46.0;Feminino;0.0;1.0;0.0;0.0;-5,800019;-35,238174;SPRF-RN;DEL01-RN;UOP02-DEL01-RN
294791.0;655452.0;2020-07-11;sábado;14:30:00;RN;101.0;80;NATAL;Sim;Desobediência às normas de trânsito pelo condutor;1;Colisão transversal;Sem Vítimas;Pleno dia;Decrescente;Chuva;Dupla;Rotatória;Sim;526823.0;Automóvel;CHEV/SPIN 1.8L MT LTZ/SPIN 1.8L MT LTZ;2014.0;Condutor;Ileso;41.0;Masculino;1.0;0.0;0.0;0.0;-5,76308963;-35,28701305;SPRF-RN;DEL02-RN;UOP01-DEL02-RN
294791.0;655454.0;2020-07-11;sábado;14:30:00;RN;101.0;80;NATAL;Sim;Desobediência às normas de trânsito pelo condutor;1;Colisão transversal;Sem Vítimas;Pleno dia;Decrescente;Chuva;Dupla;Rotatória;Sim;526824.0;Automóvel;VW/GOL 1.6 RALLYE/GOL 1.6 RALLYE;2005.0;Condutor;Ileso;27.0;Masculino;1.0;0.0;0.0;0.0;-5,76308963;-35,28701305;SPRF-RN;DEL02-RN;UOP01-DEL02-RN
295513.0;657182.0;2020-07-15;quarta-feira;08:20:00;RN;101.0;99,1;NATAL;Sim;Falta de Atenção à Condução;1;Colisão traseira;Sem Vítimas;Pleno dia;Crescente;Céu Claro;Múltipla;Interseção de Vias;Sim;528259.0;Micro-ônibus;I/FIAT DUCATO ENGESIGEXE/FIAT DUCATO ENGESIGEXE;2018.0;Condutor;Ileso;46.0;Masculino;1.0;0.0;0.0;0.0;-5,87359183;-35,22063023;SPRF-RN;DEL01-RN;UOP01-DEL01-RN
295513.0;657183.0;2020-07-15;quarta-feira;08:20:00;RN;101.0;99,1;NATAL;Sim;Falta de Atenção à Condução;1;Colisão traseira;Sem Vítimas;Pleno dia;Crescente;Céu Claro;Múltipla;Interseção de Vias;Sim;528360.0;Automóvel;TOYOTA/ETIOS SD XLS/ETIOS SD XLS;2015.0;Condutor;Ileso;48.0;Masculino;1.0;0.0;0.0;0.0;-5,87359183;-35,22063023;SPRF-RN;DEL01-RN;UOP01-DEL01-RN
295538.0;658175.0;2020-07-15;quarta-feira;11:05:00;RN;101.0;96;NATAL;Sim;Falta de Atenção à Condução;1;Colisão traseira;Com Vítimas Feridas;Pleno dia;Decrescente;Sol;Múltipla;Reta;Sim;528254.0;Motocicleta;YAMAHA/FZ25 FAZER/FZ25 FAZER;2018.0;Condutor;Lesões Leves;28.0;Feminino;0.0;1.0;0.0;0.0;-5,84900353;-35,20871401;SPRF-RN;DEL01-RN;UOP01-DEL01-RN
295538.0;658174.0;2020-07-15;quarta-feira;11:05:00;RN;101.0;96;NATAL;Sim;Falta de Atenção à Condução;1;Colisão traseira;Com Vítimas Feridas;Pleno dia;Decrescente;Sol;Múltipla;Reta;Sim;528253.0;Automóvel;CHEV/ONIX 10TMT LTZ/ONIX 10TMT LTZ;2020.0;Condutor;Ileso;38.0;Feminino;1.0;0.0;0.0;0.0;-5,84900353;-35,20871401;SPRF-RN;DEL01-RN;UOP01-DEL01-RN
295607.0;658597.0;2020-07-15;quarta-feira;19:30:00;RN;101.0;83;NATAL;Sim;Falta de Atenção à Condução;2;Saída de leito carroçável;Com Vítimas Feridas;Plena Noite;Decrescente;Céu Claro;Dupla;Em Obras;Sim;528371.0;Motocicleta;HONDA/CG 150 TITAN ESD/CG 150 TITAN ESD;2011.0;Condutor;Lesões Leves;40.0;Feminino;0.0;1.0;0.0;0.0;-5,7710445;-35,26616981;SPRF-RN;DEL02-RN;UOP01-DEL02-RN
295607.0;658700.0;2020-07-15;quarta-feira;19:30:00;RN;101.0;83;NATAL;Sim;Falta de Atenção à Condução;2;Saída de leito carroçável;Com Vítimas Feridas;Plena Noite;Decrescente;Céu Claro;Dupla;Em Obras;Sim;528371.0;Motocicleta;HONDA/CG 150 TITAN ESD/CG 150 TITAN ESD;2011.0;Passageiro;Lesões Leves;39.0;Masculino;0.0;1.0;0.0;0.0;-5,7710445;-35,26616981;SPRF-RN;DEL02-RN;UOP01-DEL02-RN
295607.0;658605.0;2020-07-15;quarta-feira;19:30:00;RN;101.0;83;NATAL;Sim;Falta de Atenção à Condução;2;Saída de leito carroçável;Com Vítimas Feridas;Plena Noite;Decrescente;Céu Claro;Dupla;Em Obras;Sim;528372.0;Automóvel;FIAT/UNO VIVACE 1.0/UNO VIVACE 1.0;2012.0;Condutor;Ileso;65.0;Masculino;1.0;0.0;0.0;0.0;-5,7710445;-35,26616981;SPRF-RN;DEL02-RN;UOP01-DEL02-RN
295607.0;658597.0;2020-07-15;quarta-feira;19:30:00;RN;101.0;83;NATAL;Sim;Falta de Atenção à Condução;1;Colisão transversal;Com Vítimas Feridas;Plena Noite;Decrescente;Céu Claro;Dupla;Em Obras;Sim;528371.0;Motocicleta;HONDA/CG 150 TITAN ESD/CG 150 TITAN ESD;2011.0;Condutor;Lesões Leves;40.0;Feminino;0.0;1.0;0.0;0.0;-5,7710445;-35,26616981;SPRF-RN;DEL02-RN;UOP01-DEL02-RN
295607.0;658700.0;2020-07-15;quarta-feira;19:30:00;RN;101.0;83;NATAL;Sim;Falta de Atenção à Condução;1;Colisão transversal;Com Vítimas Feridas;Plena Noite;Decrescente;Céu Claro;Dupla;Em Obras;Sim;528371.0;Motocicleta;HONDA/CG 150 TITAN ESD/CG 150 TITAN ESD;2011.0;Passageiro;Lesões Leves;39.0;Masculino;0.0;1.0;0.0;0.0;-5,7710445;-35,26616981;SPRF-RN;DEL02-RN;UOP01-DEL02-RN
295607.0;658605.0;2020-07-15;quarta-feira;19:30:00;RN;101.0;83;NATAL;Sim;Falta de Atenção à Condução;1;Colisão transversal;Com Vítimas Feridas;Plena Noite;Decrescente;Céu Claro;Dupla;Em Obras;Sim;528372.0;Automóvel;FIAT/UNO VIVACE 1.0/UNO VIVACE 1.0;2012.0;Condutor;Ileso;65.0;Masculino;1.0;0.0;0.0;0.0;-5,7710445;-35,26616981;SPRF-RN;DEL02-RN;UOP01-DEL02-RN
295859.0;659939.0;2020-07-17;sexta-feira;13:05:00;RN;101.0;95;NATAL;Sim;Falta de Atenção à Condução;1;Colisão traseira;Com Vítimas Feridas;Pleno dia;Crescente;Céu Claro;Múltipla;Reta;Sim;529142.0;Motocicleta;YAMAHA/FACTOR YBR125 ED/FACTOR YBR125 ED;2010.0;Condutor;Lesões Leves;28.0;Feminino;0.0;1.0;0.0;0.0;-5,84076841;-35,21035949;SPRF-RN;DEL01-RN;UOP01-DEL01-RN
295859.0;659938.0;2020-07-17;sexta-feira;13:05:00;RN;101.0;95;NATAL;Sim;Falta de Atenção à Condução;1;Colisão traseira;Com Vítimas Feridas;Pleno dia;Crescente;Céu Claro;Múltipla;Reta;Sim;529141.0;Automóvel;HONDA/CIVIC LXR/CIVIC LXR;2013.0;Condutor;Ileso;35.0;Masculino;1.0;0.0;0.0;0.0;-5,84076841;-35,21035949;SPRF-RN;DEL01-RN;UOP01-DEL01-RN
295890.0;657929.0;2020-07-17;sexta-feira;15:30:00;RN;101.0;94,9;NATAL;Sim;Defeito Mecânico no Veículo;1;Colisão transversal;Com Vítimas Feridas;Pleno dia;Decrescente;Céu Claro;Dupla;Reta;Sim;528963.0;Motoneta;YAMAHA/NEO 125/NEO 125;2019.0;Condutor;Lesões Leves;44.0;Feminino;0.0;1.0;0.0;0.0;-5,83176615;-35,21191342;SPRF-RN;DEL01-RN;UOP01-DEL01-RN
295890.0;657932.0;2020-07-17;sexta-feira;15:30:00;RN;101.0;94,9;NATAL;Sim;Defeito Mecânico no Veículo;1;Colisão transversal;Com Vítimas Feridas;Pleno dia;Decrescente;Céu Claro;Dupla;Reta;Sim;528964.0;Caminhonete;I/HYUNDAI HR HDLWBSC/HYUNDAI HR HDLWBSC;2007.0;Condutor;Ileso;46.0;Masculino;1.0;0.0;0.0;0.0;-5,83176615;-35,21191342;SPRF-RN;DEL01-RN;UOP01-DEL01-RN
296096.0;658435.0;2020-07-18;sábado;13:00:00;RN;101.0;83,1;NATAL;Sim;Desobediência às normas de trânsito pelo condutor;2;Tombamento;Com Vítimas Feridas;Pleno dia;Decrescente;Nublado;Dupla;"Reta;Em Obras;Interseção de Vias";Sim;529350.0;Automóvel;VW/FOX CL MCV/FOX CL MCV;2017.0;Condutor;Ileso;40.0;Feminino;1.0;0.0;0.0;0.0;-5,77055164;-35,26744366;SPRF-RN;DEL02-RN;UOP01-DEL02-RN
296096.0;658434.0;2020-07-18;sábado;13:00:00;RN;101.0;83,1;NATAL;Sim;Desobediência às normas de trânsito pelo condutor;2;Tombamento;Com Vítimas Feridas;Pleno dia;Decrescente;Nublado;Dupla;"Reta;Em Obras;Interseção de Vias";Sim;529349.0;Motocicleta;HONDA/CG 125 FAN KS/CG 125 FAN KS;2013.0;Condutor;Lesões Leves;25.0;Masculino;0.0;1.0;0.0;0.0;-5,77055164;-35,26744366;SPRF-RN;DEL02-RN;UOP01-DEL02-RN
296096.0;658435.0;2020-07-18;sábado;13:00:00;RN;101.0;83,1;NATAL;Sim;Desobediência às normas de trânsito pelo condutor;1;Colisão transversal;Com Vítimas Feridas;Pleno dia;Decrescente;Nublado;Dupla;"Reta;Em Obras;Interseção de Vias";Sim;529350.0;Automóvel;VW/FOX CL MCV/FOX CL MCV;2017.0;Condutor;Ileso;40.0;Feminino;1.0;0.0;0.0;0.0;-5,77055164;-35,26744366;SPRF-RN;DEL02-RN;UOP01-DEL02-RN
296096.0;658434.0;2020-07-18;sábado;13:00:00;RN;101.0;83,1;NATAL;Sim;Desobediência às normas de trânsito pelo condutor;1;Colisão transversal;Com Vítimas Feridas;Pleno dia;Decrescente;Nublado;Dupla;"Reta;Em Obras;Interseção de Vias";Sim;529349.0;Motocicleta;HONDA/CG 125 FAN KS/CG 125 FAN KS;2013.0;Condutor;Lesões Leves;25.0;Masculino;0.0;1.0;0.0;0.0;-5,77055164;-35,26744366;SPRF-RN;DEL02-RN;UOP01-DEL02-RN
296323.0;658647.0;2020-07-19;domingo;16:15:00;RN;101.0;75;NATAL;Sim;Defeito Mecânico no Veículo;1;Atropelamento de Pedestre;Com Vítimas Feridas;Pleno dia;Decrescente;Céu Claro;Dupla;Reta;Não;529662.0;Ônibus;MARCOPOLO/VOLARE V8 ON/VOLARE V8 ON;2008.0;Condutor;Lesões Leves;40.0;Masculino;0.0;1.0;0.0;0.0;-5,721906;-35,27672;SPRF-RN;DEL02-RN;UOP01-DEL02-RN
296364.0;660213.0;2020-07-19;domingo;18:00:00;RN;101.0;97;NATAL;Sim;Ingestão de Álcool;1;Colisão traseira;Sem Vítimas;Plena Noite;Decrescente;Céu Claro;Simples;Reta;Sim;529732.0;Camioneta;HYUNDAI/TUCSON GLSB/TUCSON GLSB;2013.0;Condutor;Ileso;;Masculino;1.0;0.0;0.0;0.0;-5,85758898;-35,21271205;SPRF-RN;DEL01-RN;UOP01-DEL01-RN
296364.0;660210.0;2020-07-19;domingo;18:00:00;RN;101.0;97;NATAL;Sim;Ingestão de Álcool;1;Colisão traseira;Sem Vítimas;Plena Noite;Decrescente;Céu Claro;Simples;Reta;Sim;529731.0;Automóvel;VW/GOL TSI 1.8/GOL TSI 1.8;1996.0;Condutor;Ileso;55.0;Masculino;1.0;0.0;0.0;0.0;-5,85758898;-35,21271205;SPRF-RN;DEL01-RN;UOP01-DEL01-RN
296364.0;660215.0;2020-07-19;domingo;18:00:00;RN;101.0;97;NATAL;Sim;Ingestão de Álcool;1;Colisão traseira;Sem Vítimas;Plena Noite;Decrescente;Céu Claro;Simples;Reta;Sim;529734.0;Automóvel;VW/GOL 1.0/GOL 1.0;2011.0;Condutor;Ileso;;Masculino;1.0;0.0;0.0;0.0;-5,85758898;-35,21271205;SPRF-RN;DEL01-RN;UOP01-DEL01-RN
296364.0;660214.0;2020-07-19;domingo;18:00:00;RN;101.0;97;NATAL;Sim;Ingestão de Álcool;1;Colisão traseira;Sem Vítimas;Plena Noite;Decrescente;Céu Claro;Simples;Reta;Sim;529733.0;Automóvel;GM/PRISMA MAXX/PRISMA MAXX;2011.0;Condutor;Ileso;;Feminino;1.0;0.0;0.0;0.0;-5,85758898;-35,21271205;SPRF-RN;DEL01-RN;UOP01-DEL01-RN
296487.0;659194.0;2020-07-20;segunda-feira;08:50:00;RN;101.0;97;NATAL;Sim;Não guardar distância de segurança;1;Colisão traseira;Com Vítimas Feridas;Pleno dia;Decrescente;Nublado;Múltipla;Reta;Não;530149.0;Caminhonete;I/FORD TRANSIT 350L TA/FORD TRANSIT 350L TA;2011.0;Condutor;Ileso;53.0;Masculino;1.0;0.0;0.0;0.0;-5,85758898;-35,21271205;SPRF-RN;DEL01-RN;UOP01-DEL01-RN
296487.0;659193.0;2020-07-20;segunda-feira;08:50:00;RN;101.0;97;NATAL;Sim;Não guardar distância de segurança;1;Colisão traseira;Com Vítimas Feridas;Pleno dia;Decrescente;Nublado;Múltipla;Reta;Não;530071.0;Motocicleta;HONDA/CG 160 FAN ESDI/CG 160 FAN ESDI;2016.0;Condutor;Lesões Graves;54.0;Masculino;0.0;0.0;1.0;0.0;-5,85758898;-35,21271205;SPRF-RN;DEL01-RN;UOP01-DEL01-RN
296522.0;659078.0;2020-07-20;segunda-feira;10:45:00;RN;101.0;96,4;NATAL;Sim;Não guardar distância de segurança;1;Colisão traseira;Sem Vítimas;Pleno dia;Decrescente;Chuva;Múltipla;Reta;Sim;530040.0;Motocicleta;HONDA/NXR160 BROS ESDD/NXR160 BROS ESDD;2018.0;Condutor;Ileso;28.0;Masculino;1.0;0.0;0.0;0.0;-5,851685;-35,209908;SPRF-RN;DEL01-RN;UOP01-DEL01-RN
296522.0;659072.0;2020-07-20;segunda-feira;10:45:00;RN;101.0;96,4;NATAL;Sim;Não guardar distância de segurança;1;Colisão traseira;Sem Vítimas;Pleno dia;Decrescente;Chuva;Múltipla;Reta;Sim;530039.0;Caminhão;I/MB 415SPRINTER REV AMB/MB 415SPRINTER REV AMB;2018.0;Condutor;Ileso;34.0;Masculino;1.0;0.0;0.0;0.0;-5,851685;-35,209908;SPRF-RN;DEL01-RN;UOP01-DEL01-RN
296676.0;659511.0;2020-07-21;terça-feira;10:00:00;RN;101.0;83;NATAL;Sim;Falta de Atenção à Condução;1;Colisão lateral;Com Vítimas Feridas;Pleno dia;Crescente;Céu Claro;Dupla;Desvio Temporário;Sim;530382.0;Automóvel;Não Informado/Não Informado/Não Informado;0.0;Condutor;Não Informado;;Não Informado;0.0;0.0;0.0;0.0;-5,7710445;-35,26616981;SPRF-RN;DEL02-RN;UOP01-DEL02-RN
296676.0;659510.0;2020-07-21;terça-feira;10:00:00;RN;101.0;83;NATAL;Sim;Falta de Atenção à Condução;1;Colisão lateral;Com Vítimas Feridas;Pleno dia;Crescente;Céu Claro;Dupla;Desvio Temporário;Sim;530381.0;Motocicleta;Não Informado/Não Informado/Não Informado;0.0;Condutor;Lesões Leves;24.0;Masculino;0.0;1.0;0.0;0.0;-5,7710445;-35,26616981;SPRF-RN;DEL02-RN;UOP01-DEL02-RN
296771.0;659631.0;2020-07-21;terça-feira;19:39:00;RN;101.0;95;NATAL;Sim;Falta de Atenção à Condução;1;Colisão traseira;Com Vítimas Feridas;Plena Noite;Decrescente;Céu Claro;Simples;Reta;Sim;530488.0;Automóvel;FORD/KA FLEX/KA FLEX;2010.0;Condutor;Lesões Leves;25.0;Feminino;0.0;1.0;0.0;0.0;-5,84076841;-35,21035949;SPRF-RN;DEL01-RN;UOP01-DEL01-RN