id;pesid;data_inversa;dia_semana;horario;uf;br;km;municipio;causa_principal;causa_acidente;ordem_tipo_acidente;tipo_acidente;classificacao_acidente;fase_dia;sentido_via;condicao_metereologica;tipo_pista;tracado_via;uso_solo;id_veiculo;tipo_veiculo;marca;ano_fabricacao_veiculo;tipo_envolvido;estado_fisico;idade;sexo;ilesos;feridos_leves;feridos_graves;mortos;latitude;longitude;regional;delegacia;uop
296771.0;659634.0;2020-07-21;terça-feira;19:39:00;RN;101.0;95;NATAL;Sim;Falta de Atenção à Condução;1;Colisão traseira;Com Vítimas Feridas;Plena Noite;Decrescente;Céu Claro;Simples;Reta;Sim;530489.0;Automóvel;GM/CORSA HATCH MAXX/CORSA HATCH MAXX;2010.0;Condutor;Ileso;;Masculino;1.0;0.0;0.0;0.0;-5,84076841;-35,21035949;SPRF-RN;DEL01-RN;UOP01-DEL01-RN
297196.0;660970.0;2020-07-24;sexta-feira;14:15:00;RN;101.0;99,8;NATAL;Sim;Defeito Mecânico no Veículo;2;Queda de ocupante de veículo;Com Vítimas Feridas;Pleno dia;Crescente;Céu Claro;Múltipla;Reta;Sim;531583.0;Motocicleta;HONDA/CG150 FAN ESDI/CG150 FAN ESDI;2013.0;Condutor;Lesões Leves;41.0;Masculino;0.0;1.0;0.0;0.0;-5,87551458;-35,22227526;SPRF-RN;DEL01-RN;UOP01-DEL01-RN
297196.0;660970.0;2020-07-24;sexta-feira;14:15:00;RN;101.0;99,8;NATAL;Sim;Defeito Mecânico no Veículo;1;Tombamento;Com Vítimas Feridas;Pleno dia;Crescente;Céu Claro;Múltipla;Reta;Sim;531583.0;Motocicleta;HONDA/CG150 FAN ESDI/CG150 FAN ESDI;2013.0;Condutor;Lesões Leves;41.0;Masculino;0.0;1.0;0.0;0.0;-5,87551458;-35,22227526;SPRF-RN;DEL01-RN;UOP01-DEL01-RN
297796.0;662133.0;2020-07-27;segunda-feira;07:40:00;RN;101.0;98;NATAL;Sim;Falta de Atenção à Condução;1;Colisão traseira;Com Vítimas Feridas;Pleno dia;Decrescente;Nublado;Dupla;Reta;Sim;532472.0;Automóvel;VW/GOL 1000/GOL 1000;1996.0;Condutor;Ileso;40.0;Masculino;1.0;0.0;0.0;0.0;-5,86567888;-35,21651625;SPRF-RN;DEL01-RN;UOP01-DEL01-RN
297796.0;662131.0;2020-07-27;segunda-feira;07:40:00;RN;101.0;98;NATAL;Sim;Falta de Atenção à Condução;1;Colisão traseira;Com Vítimas Feridas;Pleno dia;Decrescente;Nublado;Dupla;Reta;Sim;532471.0;Automóvel;CITROEN/C3 EXCL 14 FLEX/C3 EXCL 14 FLEX;2010.0;Condutor;Lesões Leves;37.0;Feminino;0.0;1.0;0.0;0.0;-5,86567888;-35,21651625;SPRF-RN;DEL01-RN;UOP01-DEL01-RN
298063.0;663952.0;2020-07-28;terça-feira;18:10:00;RN;226.0;5,8;NATAL;Sim;Ultrapassagem Indevida;1;Colisão frontal;Com Vítimas Fatais;Plena Noite;Crescente;Céu Claro;Simples;Reta;Sim;532966.0;Caminhão;FORD/F4000 G/F4000 G;2007.0;Condutor;Ileso;47.0;Masculino;1.0;0.0;0.0;0.0;-5,82090114;-35,26828435;SPRF-RN;DEL01-RN;UOP02-DEL01-RN
298063.0;662551.0;2020-07-28;terça-feira;18:10:00;RN;226.0;5,8;NATAL;Sim;Ultrapassagem Indevida;1;Colisão frontal;Com Vítimas Fatais;Plena Noite;Crescente;Céu Claro;Simples;Reta;Sim;532965.0;Motocicleta;HONDA/CG 150 TITAN KS/CG 150 TITAN KS;2009.0;Condutor;Óbito;21.0;Masculino;0.0;0.0;0.0;1.0;-5,82090114;-35,26828435;SPRF-RN;DEL01-RN;UOP02-DEL01-RN
299393.0;667073.0;2020-08-04;terça-feira;11:36:00;RN;101.0;98;NATAL;Não;Não guardar distância de segurança;2;Tombamento;Com Vítimas Feridas;Pleno dia;Crescente;Céu Claro;Simples;Interseção de Vias;Sim;535363.0;Caminhonete;I/VW AMAROK V6 EXTR AC4/VW AMAROK V6 EXTR AC4;2019.0;Condutor;Ileso;58.0;Masculino;1.0;0.0;0.0;0.0;-5,85705;-35,212775;SPRF-RN;DEL01-RN;UOP01-DEL01-RN
299393.0;667076.0;2020-08-04;terça-feira;11:36:00;RN;101.0;98;NATAL;Não;Não guardar distância de segurança;2;Tombamento;Com Vítimas Feridas;Pleno dia;Crescente;Céu Claro;Simples;Interseção de Vias;Sim;535364.0;Motocicleta;HONDA/CG 125 FAN/CG 125 FAN;2008.0;Condutor;Lesões Leves;44.0;Masculino;0.0;1.0;0.0;0.0;-5,85705;-35,212775;SPRF-RN;DEL01-RN;UOP01-DEL01-RN
299393.0;667073.0;2020-08-04;terça-feira;11:36:00;RN;101.0;98;NATAL;Sim;Falta de Atenção à Condução;2;Tombamento;Com Vítimas Feridas;Pleno dia;Crescente;Céu Claro;Simples;Interseção de Vias;Sim;535363.0;Caminhonete;I/VW AMAROK V6 EXTR AC4/VW AMAROK V6 EXTR AC4;2019.0;Condutor;Ileso;58.0;Masculino;1.0;0.0;0.0;0.0;-5,85705;-35,212775;SPRF-RN;DEL01-RN;UOP01-DEL01-RN
299393.0;667076.0;2020-08-04;terça-feira;11:36:00;RN;101.0;98;NATAL;Sim;Falta de Atenção à Condução;2;Tombamento;Com Vítimas Feridas;Pleno dia;Crescente;Céu Claro;Simples;Interseção de Vias;Sim;535364.0;Motocicleta;HONDA/CG 125 FAN/CG 125 FAN;2008.0;Condutor;Lesões Leves;44.0;Masculino;0.0;1.0;0.0;0.0;-5,85705;-35,212775;SPRF-RN;DEL01-RN;UOP01-DEL01-RN
299393.0;667073.0;2020-08-04;terça-feira;11:36:00;RN;101.0;98;NATAL;Não;Não guardar distância de segurança;1;Colisão traseira;Com Vítimas Feridas;Pleno dia;Crescente;Céu Claro;Simples;Interseção de Vias;Sim;535363.0;Caminhonete;I/VW AMAROK V6 EXTR AC4/VW AMAROK V6 EXTR AC4;2019.0;Condutor;Ileso;58.0;Masculino;1.0;0.0;0.0;0.0;-5,85705;-35,212775;SPRF-RN;DEL01-RN;UOP01-DEL01-RN
299393.0;667076.0;2020-08-04;terça-feira;11:36:00;RN;101.0;98;NATAL;Não;Não guardar distância de segurança;1;Colisão traseira;Com Vítimas Feridas;Pleno dia;Crescente;Céu Claro;Simples;Interseção de Vias;Sim;535364.0;Motocicleta;HONDA/CG 125 FAN/CG 125 FAN;2008.0;Condutor;Lesões Leves;44.0;Masculino;0.0;1.0;0.0;0.0;-5,85705;-35,212775;SPRF-RN;DEL01-RN;UOP01-DEL01-RN
299393.0;667073.0;2020-08-04;terça-feira;11:36:00;RN;101.0;98;NATAL;Sim;Falta de Atenção à Condução;1;Colisão traseira;Com Vítimas Feridas;Pleno dia;Crescente;Céu Claro;Simples;Interseção de Vias;Sim;535363.0;Caminhonete;I/VW AMAROK V6 EXTR AC4/VW AMAROK V6 EXTR AC4;2019.0;Condutor;Ileso;58.0;Masculino;1.0;0.0;0.0;0.0;-5,85705;-35,212775;SPRF-RN;DEL01-RN;UOP01-DEL01-RN
299393.0;667076.0;2020-08-04;terça-feira;11:36:00;RN;101.0;98;NATAL;Sim;Falta de Atenção à Condução;1;Colisão traseira;Com Vítimas Feridas;Pleno dia;Crescente;Céu Claro;Simples;Interseção de Vias;Sim;535364.0;Motocicleta;HONDA/CG 125 FAN/CG 125 FAN;2008.0;Condutor;Lesões Leves;44.0;Masculino;0.0;1.0;0.0;0.0;-5,85705;-35,212775;SPRF-RN;DEL01-RN;UOP01-DEL01-RN
300160.0;667137.0;2020-08-08;sábado;11:10:00;RN;101.0;97,3;NATAL;Sim;Falta de Atenção à Condução;3;Queda de ocupante de veículo;Com Vítimas Feridas;Pleno dia;Decrescente;Sol;Simples;Curva;Sim;536931.0;Automóvel;VW/NOVO GOL TL MCV/NOVO GOL TL MCV;2016.0;Condutor;Ileso;28.0;Masculino;1.0;0.0;0.0;0.0;-5,8617576;-35,21437883;SPRF-RN;DEL01-RN;UOP01-DEL01-RN
300160.0;667139.0;2020-08-08;sábado;11:10:00;RN;101.0;97,3;NATAL;Sim;Falta de Atenção à Condução;3;Queda de ocupante de veículo;Com Vítimas Feridas;Pleno dia;Decrescente;Sol;Simples;Curva;Sim;536932.0;Motocicleta;YAMAHA/FACTOR YBR125 K/FACTOR YBR125 K;2008.0;Condutor;Lesões Leves;19.0;Masculino;0.0;1.0;0.0;0.0;-5,8617576;-35,21437883;SPRF-RN;DEL01-RN;UOP01-DEL01-RN
300160.0;667137.0;2020-08-08;sábado;11:10:00;RN;101.0;97,3;NATAL;Sim;Falta de Atenção à Condução;2;Tombamento;Com Vítimas Feridas;Pleno dia;Decrescente;Sol;Simples;Curva;Sim;536931.0;Automóvel;VW/NOVO GOL TL MCV/NOVO GOL TL MCV;2016.0;Condutor;Ileso;28.0;Masculino;1.0;0.0;0.0;0.0;-5,8617576;-35,21437883;SPRF-RN;DEL01-RN;UOP01-DEL01-RN
300160.0;667139.0;2020-08-08;sábado;11:10:00;RN;101.0;97,3;NATAL;Sim;Falta de Atenção à Condução;2;Tombamento;Com Vítimas Feridas;Pleno dia;Decrescente;Sol;Simples;Curva;Sim;536932.0;Motocicleta;YAMAHA/FACTOR YBR125 K/FACTOR YBR125 K;2008.0;Condutor;Lesões Leves;19.0;Masculino;0.0;1.0;0.0;0.0;-5,8617576;-35,21437883;SPRF-RN;DEL01-RN;UOP01-DEL01-RN
300160.0;667137.0;2020-08-08;sábado;11:10:00;RN;101.0;97,3;NATAL;Sim;Falta de Atenção à Condução;1;Colisão lateral;Com Vítimas Feridas;Pleno dia;Decrescente;Sol;Simples;Curva;Sim;536931.0;Automóvel;VW/NOVO GOL TL MCV/NOVO GOL TL MCV;2016.0;Condutor;Ileso;28.0;Masculino;1.0;0.0;0.0;0.0;-5,8617576;-35,21437883;SPRF-RN;DEL01-RN;UOP01-DEL01-RN
300160.0;667139.0;2020-08-08;sábado;11:10:00;RN;101.0;97,3;NATAL;Sim;Falta de Atenção à Condução;1;Colisão lateral;Com Vítimas Feridas;Pleno dia;Decrescente;Sol;Simples;Curva;Sim;536932.0;Motocicleta;YAMAHA/FACTOR YBR125 K/FACTOR YBR125 K;2008.0;Condutor;Lesões Leves;19.0;Masculino;0.0;1.0;0.0;0.0;-5,8617576;-35,21437883;SPRF-RN;DEL01-RN;UOP01-DEL01-RN
300642.0;668104.0;2020-08-10;segunda-feira;03:23:00;RN;101.0;97,5;NATAL;Não;Sinalização da via insuficiente ou inadequada;3;Colisão com objeto estático;Com Vítimas Feridas;Plena Noite;Decrescente;Céu Claro;Múltipla;Reta;Sim;537661.0;Caminhonete;CHEVROLET/S10 LTZ DD4/S10 LTZ DD4;2012.0;Condutor;Lesões Leves;35.0;Masculino;0.0;1.0;0.0;0.0;-5,860694;-35,214069;SPRF-RN;DEL01-RN;UOP01-DEL01-RN
300642.0;668089.0;2020-08-10;segunda-feira;03:23:00;RN;101.0;97,5;NATAL;Não;Sinalização da via insuficiente ou inadequada;3;Colisão com objeto estático;Com Vítimas Feridas;Plena Noite;Decrescente;Céu Claro;Múltipla;Reta;Sim;537663.0;Automóvel;VW/GOL 1.0/GOL 1.0;2009.0;Condutor;Não Informado;;Não Informado;0.0;0.0;0.0;0.0;-5,860694;-35,214069;SPRF-RN;DEL01-RN;UOP01-DEL01-RN
300642.0;668088.0;2020-08-10;segunda-feira;03:23:00;RN;101.0;97,5;NATAL;Não;Sinalização da via insuficiente ou inadequada;3;Colisão com objeto estático;Com Vítimas Feridas;Plena Noite;Decrescente;Céu Claro;Múltipla;Reta;Sim;537662.0;Automóvel;HYUNDAI/HB20 1.6A PREM/HB20 1.6A PREM;2015.0;Condutor;Não Informado;;Não Informado;0.0;0.0;0.0;0.0;-5,860694;-35,214069;SPRF-RN;DEL01-RN;UOP01-DEL01-RN
300642.0;668090.0;2020-08-10;segunda-feira;03:23:00;RN;101.0;97,5;NATAL;Não;Sinalização da via insuficiente ou inadequada;3;Colisão com objeto estático;Com Vítimas Feridas;Plena Noite;Decrescente;Céu Claro;Múltipla;Reta;Sim;537664.0;Automóvel;HYUNDAI/HB20 1.0M 1.0 M/HB20 1.0M 1.0 M;2013.0;Condutor;Não Informado;;Não Informado;0.0;0.0;0.0;0.0;-5,860694;-35,214069;SPRF-RN;DEL01-RN;UOP01-DEL01-RN
300642.0;668389.0;2020-08-10;segunda-feira;03:23:00;RN;101.0;97,5;NATAL;Não;Sinalização da via insuficiente ou inadequada;3;Colisão com objeto estático;Com Vítimas Feridas;Plena Noite;Decrescente;Céu Claro;Múltipla;Reta;Sim;;;NA/NA/NA;;Testemunha;Não Informado;;Não Informado;0.0;0.0;0.0;0.0;-5,860694;-35,214069;SPRF-RN;DEL01-RN;UOP01-DEL01-RN
300642.0;668104.0;2020-08-10;segunda-feira;03:23:00;RN;101.0;97,5;NATAL;Não;Objeto estático sobre o leito carroçável;3;Colisão com objeto estático;Com Vítimas Feridas;Plena Noite;Decrescente;Céu Claro;Múltipla;Reta;Sim;537661.0;Caminhonete;CHEVROLET/S10 LTZ DD4/S10 LTZ DD4;2012.0;Condutor;Lesões Leves;35.0;Masculino;0.0;1.0;0.0;0.0;-5,860694;-35,214069;SPRF-RN;DEL01-RN;UOP01-DEL01-RN
300642.0;668089.0;2020-08-10;segunda-feira;03:23:00;RN;101.0;97,5;NATAL;Não;Objeto estático sobre o leito carroçável;3;Colisão com objeto estático;Com Vítimas Feridas;Plena Noite;Decrescente;Céu Claro;Múltipla;Reta;Sim;537663.0;Automóvel;VW/GOL 1.0/GOL 1.0;2009.0;Condutor;Não Informado;;Não Informado;0.0;0.0;0.0;0.0;-5,860694;-35,214069;SPRF-RN;DEL01-RN;UOP01-DEL01-RN
300642.0;668088.0;2020-08-10;segunda-feira;03:23:00;RN;101.0;97,5;NATAL;Não;Objeto estático sobre o leito carroçável;3;Colisão com objeto estático;Com Vítimas Feridas;Plena Noite;Decrescente;Céu Claro;Múltipla;Reta;Sim;537662.0;Automóvel;HYUNDAI/HB20 1.6A PREM/HB20 1.6A PREM;2015.0;Condutor;Não Informado;;Não Informado;0.0;0.0;0.0;0.0;-5,860694;-35,214069;SPRF-RN;DEL01-RN;UOP01-DEL01-RN
300642.0;668090.0;2020-08-10;segunda-feira;03:23:00;RN;101.0;97,5;NATAL;Não;Objeto estático sobre o leito carroçável;3;Colisão com objeto estático;Com Vítimas Feridas;Plena Noite;Decrescente;Céu Claro;Múltipla;Reta;Sim;537664.0;Automóvel;HYUNDAI/HB20 1.0M 1.0 M/HB20 1.0M 1.0 M;2013.0;Condutor;Não Informado;;Não Informado;0.0;0.0;0.0;0.0;-5,860694;-35,214069;SPRF-RN;DEL01-RN;UOP01-DEL01-RN
300642.0;668389.0;2020-08-10;segunda-feira;03:23:00;RN;101.0;97,5;NATAL;Não;Objeto estático sobre o leito carroçável;3;Colisão com objeto estático;Com Vítimas Feridas;Plena Noite;Decrescente;Céu Claro;Múltipla;Reta;Sim;;;NA/NA/NA;;Testemunha;Não Informado;;Não Informado;0.0;0.0;0.0;0.0;-5,860694;-35,214069;SPRF-RN;DEL01-RN;UOP01-DEL01-RN
300642.0;668104.0;2020-08-10;segunda-feira;03:23:00;RN;101.0;97,5;NATAL;Sim;Ingestão de Álcool;3;Colisão com objeto estático;Com Vítimas Feridas;Plena Noite;Decrescente;Céu Claro;Múltipla;Reta;Sim;537661.0;Caminhonete;CHEVROLET/S10 LTZ DD4/S10 LTZ DD4;2012.0;Condutor;Lesões Leves;35.0;Masculino;0.0;1.0;0.0;0.0;-5,860694;-35,214069;SPRF-RN;DEL01-RN;UOP01-DEL01-RN
300642.0;668089.0;2020-08-10;segunda-feira;03:23:00;RN;101.0;97,5;NATAL;Sim;Ingestão de Álcool;3;Colisão com objeto estático;Com Vítimas Feridas;Plena Noite;Decrescente;Céu Claro;Múltipla;Reta;Sim;537663.0;Automóvel;VW/GOL 1.0/GOL 1.0;2009.0;Condutor;Não Informado;;Não Informado;0.0;0.0;0.0;0.0;-5,860694;-35,214069;SPRF-RN;DEL01-RN;UOP01-DEL01-RN
300642.0;668088.0;2020-08-10;segunda-feira;03:23:00;RN;101.0;97,5;NATAL;Sim;Ingestão de Álcool;3;Colisão com objeto estático;Com Vítimas Feridas;Plena Noite;Decrescente;Céu Claro;Múltipla;Reta;Sim;537662.0;Automóvel;HYUNDAI/HB20 1.6A PREM/HB20 1.6A PREM;2015.0;Condutor;Não Informado;;Não Informado;0.0;0.0;0.0;0.0;-5,860694;-35,214069;SPRF-RN;DEL01-RN;UOP01-DEL01-RN
300642.0;668090.0;2020-08-10;segunda-feira;03:23:00;RN;101.0;97,5;NATAL;Sim;Ingestão de Álcool;3;Colisão com objeto estático;Com Vítimas Feridas;Plena Noite;Decrescente;Céu Claro;Múltipla;Reta;Sim;537664.0;Automóvel;HYUNDAI/HB20 1.0M 1.0 M/HB20 1.0M 1.0 M;2013.0;Condutor;Não Informado;;Não Informado;0.0;0.0;0.0;0.0;-5,860694;-35,214069;SPRF-RN;DEL01-RN;UOP01-DEL01-RN
300642.0;668389.0;2020-08-10;segunda-feira;03:23:00;RN;101.0;97,5;NATAL;Sim;Ingestão de Álcool;3;Colisão com objeto estático;Com Vítimas Feridas;Plena Noite;Decrescente;Céu Claro;Múltipla;Reta;Sim;;;NA/NA/NA;;Testemunha;Não Informado;;Não Informado;0.0;0.0;0.0;0.0;-5,860694;-35,214069;SPRF-RN;DEL01-RN;UOP01-DEL01-RN
300642.0;668104.0;2020-08-10;segunda-feira;03:23:00;RN;101.0;97,5;NATAL;Não;Sinalização da via insuficiente ou inadequada;2;Saída de leito carroçável;Com Vítimas Feridas;Plena Noite;Decrescente;Céu Claro;Múltipla;Reta;Sim;537661.0;Caminhonete;CHEVROLET/S10 LTZ DD4/S10 LTZ DD4;2012.0;Condutor;Lesões Leves;35.0;Masculino;0.0;1.0;0.0;0.0;-5,860694;-35,214069;SPRF-RN;DEL01-RN;UOP01-DEL01-RN
300642.0;668089.0;2020-08-10;segunda-feira;03:23:00;RN;101.0;97,5;NATAL;Não;Sinalização da via insuficiente ou inadequada;2;Saída de leito carroçável;Com Vítimas Feridas;Plena Noite;Decrescente;Céu Claro;Múltipla;Reta;Sim;537663.0;Automóvel;VW/GOL 1.0/GOL 1.0;2009.0;Condutor;Não Informado;;Não Informado;0.0;0.0;0.0;0.0;-5,860694;-35,214069;SPRF-RN;DEL01-RN;UOP01-DEL01-RN
300642.0;668088.0;2020-08-10;segunda-feira;03:23:00;RN;101.0;97,5;NATAL;Não;Sinalização da via insuficiente ou inadequada;2;Saída de leito carroçável;Com Vítimas Feridas;Plena Noite;Decrescente;Céu Claro;Múltipla;Reta;Sim;537662.0;Automóvel;HYUNDAI/HB20 1.6A PREM/HB20 1.6A PREM;2015.0;Condutor;Não Informado;;Não Informado;0.0;0.0;0.0;0.0;-5,860694;-35,214069;SPRF-RN;DEL01-RN;UOP01-DEL01-RN
300642.0;668090.0;2020-08-10;segunda-feira;03:23:00;RN;101.0;97,5;NATAL;Não;Sinalização da via insuficiente ou inadequada;2;Saída de leito carroçável;Com Vítimas Feridas;Plena Noite;Decrescente;Céu Claro;Múltipla;Reta;Sim;537664.0;Automóvel;HYUNDAI/HB20 1.0M 1.0 M/HB20 1.0M 1.0 M;2013.0;Condutor;Não Informado;;Não Informado;0.0;0.0;0.0;0.0;-5,860694;-35,214069;SPRF-RN;DEL01-RN;UOP01-DEL01-RN
300642.0;668389.0;2020-08-10;segunda-feira;03:23:00;RN;101.0;97,5;NATAL;Não;Sinalização da via insuficiente ou inadequada;2;Saída de leito carroçável;Com Vítimas Feridas;Plena Noite;Decrescente;Céu Claro;Múltipla;Reta;Sim;;;NA/NA/NA;;Testemunha;Não Informado;;Não Informado;0.0;0.0;0.0;0.0;-5,860694;-35,214069;SPRF-RN;DEL01-RN;UOP01-DEL01-RN
300642.0;668104.0;2020-08-10;segunda-feira;03:23:00;RN;101.0;97,5;NATAL;Não;Objeto estático sobre o leito carroçável;2;Saída de leito carroçável;Com Vítimas Feridas;Plena Noite;Decrescente;Céu Claro;Múltipla;Reta;Sim;537661.0;Caminhonete;CHEVROLET/S10 LTZ DD4/S10 LTZ DD4;2012.0;Condutor;Lesões Leves;35.0;Masculino;0.0;1.0;0.0;0.0;-5,860694;-35,214069;SPRF-RN;DEL01-RN;UOP01-DEL01-RN
300642.0;668089.0;2020-08-10;segunda-feira;03:23:00;RN;101.0;97,5;NATAL;Não;Objeto estático sobre o leito carroçável;2;Saída de leito carroçável;Com Vítimas Feridas;Plena Noite;Decrescente;Céu Claro;Múltipla;Reta;Sim;537663.0;Automóvel;VW/GOL 1.0/GOL 1.0;2009.0;Condutor;Não Informado;;Não Informado;0.0;0.0;0.0;0.0;-5,860694;-35,214069;SPRF-RN;DEL01-RN;UOP01-DEL01-RN
300642.0;668088.0;2020-08-10;segunda-feira;03:23:00;RN;101.0;97,5;NATAL;Não;Objeto estático sobre o leito carroçável;2;Saída de leito carroçável;Com Vítimas Feridas;Plena Noite;Decrescente;Céu Claro;Múltipla;Reta;Sim;537662.0;Automóvel;HYUNDAI/HB20 1.6A PREM/HB20 1.6A PREM;2015.0;Condutor;Não Informado;;Não Informado;0.0;0.0;0.0;0.0;-5,860694;-35,214069;SPRF-RN;DEL01-RN;UOP01-DEL01-RN
300642.0;668090.0;2020-08-10;segunda-feira;03:23:00;RN;101.0;97,5;NATAL;Não;Objeto estático sobre o leito carroçável;2;Saída de leito carroçável;Com Vítimas Feridas;Plena Noite;Decrescente;Céu Claro;Múltipla;Reta;Sim;537664.0;Automóvel;HYUNDAI/HB20 1.0M 1.0 M/HB20 1.0M 1.0 M;2013.0;Condutor;Não Informado;;Não Informado;0.0;0.0;0.0;0.0;-5,860694;-35,214069;SPRF-RN;DEL01-RN;UOP01-DEL01-RN
300642.0;668389.0;2020-08-10;segunda-feira;03:23:00;RN;101.0;97,5;NATAL;Não;Objeto estático sobre o leito carroçável;2;Saída de leito carroçável;Com Vítimas Feridas;Plena Noite;Decrescente;Céu Claro;Múltipla;Reta;Sim;;;NA/NA/NA;;Testemunha;Não Informado;;Não Informado;0.0;0.0;0.0;0.0;-5,860694;-35,214069;SPRF-RN;DEL01-RN;UOP01-DEL01-RN
300642.0;668104.0;2020-08-10;segunda-feira;03:23:00;RN;101.0;97,5;NATAL;Sim;Ingestão de Álcool;2;Saída de leito carroçável;Com Vítimas Feridas;Plena Noite;Decrescente;Céu Claro;Múltipla;Reta;Sim;537661.0;Caminhonete;CHEVROLET/S10 LTZ DD4/S10 LTZ DD4;2012.0;Condutor;Lesões Leves;35.0;Masculino;0.0;1.0;0.0;0.0;-5,860694;-35,214069;SPRF-RN;DEL01-RN;UOP01-DEL01-RN
300642.0;668089.0;2020-08-10;segunda-feira;03:23:00;RN;101.0;97,5;NATAL;Sim;Ingestão de Álcool;2;Saída de leito carroçável;Com Vítimas Feridas;Plena Noite;Decrescente;Céu Claro;Múltipla;Reta;Sim;537663.0;Automóvel;VW/GOL 1.0/GOL 1.0;2009.0;Condutor;Não Informado;;Não Informado;0.0;0.0;0.0;0.0;-5,860694;-35,214069;SPRF-RN;DEL01-RN;UOP01-DEL01-RN
300642.0;668088.0;2020-08-10;segunda-feira;03:23:00;RN;101.0;97,5;NATAL;Sim;Ingestão de Álcool;2;Saída de leito carroçável;Com Vítimas Feridas;Plena Noite;Decrescente;Céu Claro;Múltipla;Reta;Sim;537662.0;Automóvel;HYUNDAI/HB20 1.6A PREM/HB20 1.6A PREM;2015.0;Condutor;Não Informado;;Não Informado;0.0;0.0;0.0;0.0;-5,860694;-35,214069;SPRF-RN;DEL01-RN;UOP01-DEL01-RN
300642.0;668090.0;2020-08-10;segunda-feira;03:23:00;RN;101.0;97,5;NATAL;Sim;Ingestão de Álcool;2;Saída de leito carroçável;Com Vítimas Feridas;Plena Noite;Decrescente;Céu Claro;Múltipla;Reta;Sim;537664.0;Automóvel;HYUNDAI/HB20 1.0M 1.0 M/HB20 1.0M 1.0 M;2013.0;Condutor;Não Informado;;Não Informado;0.0;0.0;0.0;0.0;-5,860694;-35,214069;SPRF-RN;DEL01-RN;UOP01-DEL01-RN
300642.0;668389.0;2020-08-10;segunda-feira;03:23:00;RN;101.0;97,5;NATAL;Sim;Ingestão de Álcool;2;Saída de leito carroçável;Com Vítimas Feridas;Plena Noite;Decrescente;Céu Claro;Múltipla;Reta;Sim;;;NA/NA/NA;;Testemunha;Não Informado;;Não Informado;0.0;0.0;0.0;0.0;-5,860694;-35,214069;SPRF-RN;DEL01-RN;UOP01-DEL01-RN
300642.0;668104.0;2020-08-10;segunda-feira;03:23:00;RN;101.0;97,5;NATAL;Não;Sinalização da via insuficiente ou inadequada;1;Colisão com objeto estático;Com Vítimas Feridas;Plena Noite;Decrescente;Céu Claro;Múltipla;Reta;Sim;537661.0;Caminhonete;CHEVROLET/S10 LTZ DD4/S10 LTZ DD4;2012.0;Condutor;Lesões Leves;35.0;Masculino;0.0;1.0;0.0;0.0;-5,860694;-35,214069;SPRF-RN;DEL01-RN;UOP01-DEL01-RN
300642.0;668089.0;2020-08-10;segunda-feira;03:23:00;RN;101.0;97,5;NATAL;Não;Sinalização da via insuficiente ou inadequada;1;Colisão com objeto estático;Com Vítimas Feridas;Plena Noite;Decrescente;Céu Claro;Múltipla;Reta;Sim;537663.0;Automóvel;VW/GOL 1.0/GOL 1.0;2009.0;Condutor;Não Informado;;Não Informado;0.0;0.0;0.0;0.0;-5,860694;-35,214069;SPRF-RN;DEL01-RN;UOP01-DEL01-RN
300642.0;668088.0;2020-08-10;segunda-feira;03:23:00;RN;101.0;97,5;NATAL;Não;Sinalização da via insuficiente ou inadequada;1;Colisão com objeto estático;Com Vítimas Feridas;Plena Noite;Decrescente;Céu Claro;Múltipla;Reta;Sim;537662.0;Automóvel;HYUNDAI/HB20 1.6A PREM/HB20 1.6A PREM;2015.0;Condutor;Não Informado;;Não Informado;0.0;0.0;0.0;0.0;-5,860694;-35,214069;SPRF-RN;DEL01-RN;UOP01-DEL01-RN
300642.0;668090.0;2020-08-10;segunda-feira;03:23:00;RN;101.0;97,5;NATAL;Não;Sinalização da via insuficiente ou inadequada;1;Colisão com objeto estático;Com Vítimas Feridas;Plena Noite;Decrescente;Céu Claro;Múltipla;Reta;Sim;537664.0;Automóvel;HYUNDAI/HB20 1.0M 1.0 M/HB20 1.0M 1.0 M;2013.0;Condutor;Não Informado;;Não Informado;0.0;0.0;0.0;0.0;-5,860694;-35,214069;SPRF-RN;DEL01-RN;UOP01-DEL01-RN
300642.0;668389.0;2020-08-10;segunda-feira;03:23:00;RN;101.0;97,5;NATAL;Não;Sinalização da via insuficiente ou inadequada;1;Colisão com objeto estático;Com Vítimas Feridas;Plena Noite;Decrescente;Céu Claro;Múltipla;Reta;Sim;;;NA/NA/NA;;Testemunha;Não Informado;;Não Informado;0.0;0.0;0.0;0.0;-5,860694;-35,214069;SPRF-RN;DEL01-RN;UOP01-DEL01-RN
300642.0;668104.0;2020-08-10;segunda-feira;03:23:00;RN;101.0;97,5;NATAL;Não;Objeto estático sobre o leito carroçável;1;Colisão com objeto estático;Com Vítimas Feridas;Plena Noite;Decrescente;Céu Claro;Múltipla;Reta;Sim;537661.0;Caminhonete;CHEVROLET/S10 LTZ DD4/S10 LTZ DD4;2012.0;Condutor;Lesões Leves;35.0;Masculino;0.0;1.0;0.0;0.0;-5,860694;-35,214069;SPRF-RN;DEL01-RN;UOP01-DEL01-RN