id;pesid;data_inversa;dia_semana;horario;uf;br;km;municipio;causa_principal;causa_acidente;ordem_tipo_acidente;tipo_acidente;classificacao_acidente;fase_dia;sentido_via;condicao_metereologica;tipo_pista;tracado_via;uso_solo;id_veiculo;tipo_veiculo;marca;ano_fabricacao_veiculo;tipo_envolvido;estado_fisico;idade;sexo;ilesos;feridos_leves;feridos_graves;mortos;latitude;longitude;regional;delegacia;uop
300642.0;668089.0;2020-08-10;segunda-feira;03:23:00;RN;101.0;97,5;NATAL;Não;Objeto estático sobre o leito carroçável;1;Colisão com objeto estático;Com Vítimas Feridas;Plena Noite;Decrescente;Céu Claro;Múltipla;Reta;Sim;537663.0;Automóvel;VW/GOL 1.0/GOL 1.0;2009.0;Condutor;Não Informado;;Não Informado;0.0;0.0;0.0;0.0;-5,860694;-35,214069;SPRF-RN;DEL01-RN;UOP01-DEL01-RN
300642.0;668088.0;2020-08-10;segunda-feira;03:23:00;RN;101.0;97,5;NATAL;Não;Objeto estático sobre o leito carroçável;1;Colisão com objeto estático;Com Vítimas Feridas;Plena Noite;Decrescente;Céu Claro;Múltipla;Reta;Sim;537662.0;Automóvel;HYUNDAI/HB20 1.6A PREM/HB20 1.6A PREM;2015.0;Condutor;Não Informado;;Não Informado;0.0;0.0;0.0;0.0;-5,860694;-35,214069;SPRF-RN;DEL01-RN;UOP01-DEL01-RN
300642.0;668090.0;2020-08-10;segunda-feira;03:23:00;RN;101.0;97,5;NATAL;Não;Objeto estático sobre o leito carroçável;1;Colisão com objeto estático;Com Vítimas Feridas;Plena Noite;Decrescente;Céu Claro;Múltipla;Reta;Sim;537664.0;Automóvel;HYUNDAI/HB20 1.0M 1.0 M/HB20 1.0M 1.0 M;2013.0;Condutor;Não Informado;;Não Informado;0.0;0.0;0.0;0.0;-5,860694;-35,214069;SPRF-RN;DEL01-RN;UOP01-DEL01-RN
300642.0;668389.0;2020-08-10;segunda-feira;03:23:00;RN;101.0;97,5;NATAL;Não;Objeto estático sobre o leito carroçável;1;Colisão com objeto estático;Com Vítimas Feridas;Plena Noite;Decrescente;Céu Claro;Múltipla;Reta;Sim;;;NA/NA/NA;;Testemunha;Não Informado;;Não Informado;0.0;0.0;0.0;0.0;-5,860694;-35,214069;SPRF-RN;DEL01-RN;UOP01-DEL01-RN
300642.0;668104.0;2020-08-10;segunda-feira;03:23:00;RN;101.0;97,5;NATAL;Sim;Ingestão de Álcool;1;Colisão com objeto estático;Com Vítimas Feridas;Plena Noite;Decrescente;Céu Claro;Múltipla;Reta;Sim;537661.0;Caminhonete;CHEVROLET/S10 LTZ DD4/S10 LTZ DD4;2012.0;Condutor;Lesões Leves;35.0;Masculino;0.0;1.0;0.0;0.0;-5,860694;-35,214069;SPRF-RN;DEL01-RN;UOP01-DEL01-RN
300642.0;668089.0;2020-08-10;segunda-feira;03:23:00;RN;101.0;97,5;NATAL;Sim;Ingestão de Álcool;1;Colisão com objeto estático;Com Vítimas Feridas;Plena Noite;Decrescente;Céu Claro;Múltipla;Reta;Sim;537663.0;Automóvel;VW/GOL 1.0/GOL 1.0;2009.0;Condutor;Não Informado;;Não Informado;0.0;0.0;0.0;0.0;-5,860694;-35,214069;SPRF-RN;DEL01-RN;UOP01-DEL01-RN
300642.0;668088.0;2020-08-10;segunda-feira;03:23:00;RN;101.0;97,5;NATAL;Sim;Ingestão de Álcool;1;Colisão com objeto estático;Com Vítimas Feridas;Plena Noite;Decrescente;Céu Claro;Múltipla;Reta;Sim;537662.0;Automóvel;HYUNDAI/HB20 1.6A PREM/HB20 1.6A PREM;2015.0;Condutor;Não Informado;;Não Informado;0.0;0.0;0.0;0.0;-5,860694;-35,214069;SPRF-RN;DEL01-RN;UOP01-DEL01-RN
300642.0;668090.0;2020-08-10;segunda-feira;03:23:00;RN;101.0;97,5;NATAL;Sim;Ingestão de Álcool;1;Colisão com objeto estático;Com Vítimas Feridas;Plena Noite;Decrescente;Céu Claro;Múltipla;Reta;Sim;537664.0;Automóvel;HYUNDAI/HB20 1.0M 1.0 M/HB20 1.0M 1.0 M;2013.0;Condutor;Não Informado;;Não Informado;0.0;0.0;0.0;0.0;-5,860694;-35,214069;SPRF-RN;DEL01-RN;UOP01-DEL01-RN
300642.0;668389.0;2020-08-10;segunda-feira;03:23:00;RN;101.0;97,5;NATAL;Sim;Ingestão de Álcool;1;Colisão com objeto estático;Com Vítimas Feridas;Plena Noite;Decrescente;Céu Claro;Múltipla;Reta;Sim;;;NA/NA/NA;;Testemunha;Não Informado;;Não Informado;0.0;0.0;0.0;0.0;-5,860694;-35,214069;SPRF-RN;DEL01-RN;UOP01-DEL01-RN
300885.0;668678.0;2020-08-11;terça-feira;20:10:00;RN;101.0;96;NATAL;Sim;Falta de Atenção à Condução;1;Saída de leito carroçável;Com Vítimas Feridas;Plena Noite;Crescente;Céu Claro;Múltipla;Reta;Sim;538171.0;Automóvel;FORD/FIESTA HA 1.5L SE/FIESTA HA 1.5L SE;2014.0;Condutor;Lesões Leves;28.0;Feminino;0.0;1.0;0.0;0.0;-5,85196216;-35,21045085;SPRF-RN;DEL01-RN;UOP01-DEL01-RN
301350.0;670065.0;2020-08-14;sexta-feira;08:00:00;RN;101.0;96;NATAL;Sim;Desobediência às normas de trânsito pelo condutor;1;Colisão traseira;Com Vítimas Feridas;Pleno dia;Decrescente;Céu Claro;Múltipla;Reta;Sim;539173.0;Automóvel;VW/CROSSFOX GII/CROSSFOX GII;2011.0;Condutor;Ileso;35.0;Masculino;1.0;0.0;0.0;0.0;-5,84949622;-35,20890752;SPRF-RN;DEL01-RN;UOP01-DEL01-RN
301350.0;670074.0;2020-08-14;sexta-feira;08:00:00;RN;101.0;96;NATAL;Sim;Desobediência às normas de trânsito pelo condutor;1;Colisão traseira;Com Vítimas Feridas;Pleno dia;Decrescente;Céu Claro;Múltipla;Reta;Sim;539174.0;Motocicleta;HONDA/CG 150 TITAN ESD/CG 150 TITAN ESD;2011.0;Passageiro;Lesões Graves;33.0;Masculino;0.0;0.0;1.0;0.0;-5,84949622;-35,20890752;SPRF-RN;DEL01-RN;UOP01-DEL01-RN
301350.0;670066.0;2020-08-14;sexta-feira;08:00:00;RN;101.0;96;NATAL;Sim;Desobediência às normas de trânsito pelo condutor;1;Colisão traseira;Com Vítimas Feridas;Pleno dia;Decrescente;Céu Claro;Múltipla;Reta;Sim;539174.0;Motocicleta;HONDA/CG 150 TITAN ESD/CG 150 TITAN ESD;2011.0;Condutor;Lesões Leves;42.0;Masculino;0.0;1.0;0.0;0.0;-5,84949622;-35,20890752;SPRF-RN;DEL01-RN;UOP01-DEL01-RN
301621.0;670533.0;2020-08-15;sábado;12:15:00;RN;101.0;84,3;NATAL;Sim;Ingestão de Álcool;1;Colisão lateral;Com Vítimas Feridas;Pleno dia;Decrescente;Céu Claro;Dupla;Reta;Sim;539766.0;Ciclomotor;TRAXX/JL50 Q2/JL50 Q2;2011.0;Condutor;Lesões Leves;46.0;Masculino;0.0;1.0;0.0;0.0;-5,774175;-35,2578;SPRF-RN;DEL02-RN;UOP01-DEL02-RN
301710.0;672025.0;2020-08-15;sábado;19:45:00;RN;226.0;1;NATAL;Não;Ultrapassagem Indevida;1;Atropelamento de Pedestre;Com Vítimas Feridas;Plena Noite;Crescente;Céu Claro;Dupla;Reta;Sim;539753.0;Motocicleta;HONDA/POP100/POP100;2007.0;Condutor;Ileso;40.0;Masculino;1.0;0.0;0.0;0.0;-5,80642132;-35,24167278;SPRF-RN;DEL01-RN;UOP02-DEL01-RN
301710.0;672028.0;2020-08-15;sábado;19:45:00;RN;226.0;1;NATAL;Não;Ultrapassagem Indevida;1;Atropelamento de Pedestre;Com Vítimas Feridas;Plena Noite;Crescente;Céu Claro;Dupla;Reta;Sim;;;NA/NA/NA;;Pedestre;Lesões Leves;20.0;Feminino;0.0;1.0;0.0;0.0;-5,80642132;-35,24167278;SPRF-RN;DEL01-RN;UOP02-DEL01-RN
301710.0;672025.0;2020-08-15;sábado;19:45:00;RN;226.0;1;NATAL;Sim;Ingestão de Álcool;1;Atropelamento de Pedestre;Com Vítimas Feridas;Plena Noite;Crescente;Céu Claro;Dupla;Reta;Sim;539753.0;Motocicleta;HONDA/POP100/POP100;2007.0;Condutor;Ileso;40.0;Masculino;1.0;0.0;0.0;0.0;-5,80642132;-35,24167278;SPRF-RN;DEL01-RN;UOP02-DEL01-RN
301710.0;672028.0;2020-08-15;sábado;19:45:00;RN;226.0;1;NATAL;Sim;Ingestão de Álcool;1;Atropelamento de Pedestre;Com Vítimas Feridas;Plena Noite;Crescente;Céu Claro;Dupla;Reta;Sim;;;NA/NA/NA;;Pedestre;Lesões Leves;20.0;Feminino;0.0;1.0;0.0;0.0;-5,80642132;-35,24167278;SPRF-RN;DEL01-RN;UOP02-DEL01-RN
301966.0;672500.0;2020-08-16;domingo;23:40:00;RN;101.0;84;NATAL;Sim;Ingestão de Álcool;2;Capotamento;Sem Vítimas;Plena Noite;Crescente;Céu Claro;Dupla;Viaduto;Sim;540206.0;Automóvel;FORD/FIESTA SEDAN/FIESTA SEDAN;2006.0;Condutor;Ileso;45.0;Masculino;1.0;0.0;0.0;0.0;-5,774175;-35,2578;SPRF-RN;DEL02-RN;UOP01-DEL02-RN
301966.0;672500.0;2020-08-16;domingo;23:40:00;RN;101.0;84;NATAL;Sim;Ingestão de Álcool;1;Colisão com objeto estático;Sem Vítimas;Plena Noite;Crescente;Céu Claro;Dupla;Viaduto;Sim;540206.0;Automóvel;FORD/FIESTA SEDAN/FIESTA SEDAN;2006.0;Condutor;Ileso;45.0;Masculino;1.0;0.0;0.0;0.0;-5,774175;-35,2578;SPRF-RN;DEL02-RN;UOP01-DEL02-RN
302329.0;671994.0;2020-08-19;quarta-feira;08:00:00;RN;101.0;96;NATAL;Sim;Falta de Atenção à Condução;1;Colisão lateral;Com Vítimas Feridas;Pleno dia;Decrescente;Céu Claro;Dupla;Reta;Sim;540969.0;Motocicleta;HONDA/CG 125 FAN KS/CG 125 FAN KS;2013.0;Condutor;Lesões Leves;35.0;Masculino;0.0;1.0;0.0;0.0;-5,84949622;-35,20890752;SPRF-RN;DEL01-RN;UOP01-DEL01-RN
302594.0;672666.0;2020-08-20;quinta-feira;15:00:00;RN;101.0;96;NATAL;Sim;Não guardar distância de segurança;1;Colisão traseira;Com Vítimas Feridas;Pleno dia;Decrescente;Sol;Dupla;Aclive;Sim;541400.0;Motoneta;YAMAHA/T115 CRYPTON K/T115 CRYPTON K;2011.0;Condutor;Lesões Leves;48.0;Masculino;0.0;1.0;0.0;0.0;-5,84314987;-35,20960635;SPRF-RN;DEL01-RN;UOP01-DEL01-RN
302594.0;672668.0;2020-08-20;quinta-feira;15:00:00;RN;101.0;96;NATAL;Sim;Não guardar distância de segurança;1;Colisão traseira;Com Vítimas Feridas;Pleno dia;Decrescente;Sol;Dupla;Aclive;Sim;541496.0;Automóvel;Não Informado/Não Informado/Não Informado;0.0;Condutor;Ileso;;Feminino;1.0;0.0;0.0;0.0;-5,84314987;-35,20960635;SPRF-RN;DEL01-RN;UOP01-DEL01-RN
302595.0;674123.0;2020-08-20;quinta-feira;18:45:00;RN;101.0;95;NATAL;Não;Não guardar distância de segurança;2;Tombamento;Com Vítimas Feridas;Plena Noite;Decrescente;Céu Claro;Múltipla;Reta;Sim;541405.0;Automóvel;Não Informado/Não Informado/Não Informado;0.0;Condutor;Ileso;;Masculino;1.0;0.0;0.0;0.0;-5,84076841;-35,21035949;SPRF-RN;DEL01-RN;UOP01-DEL01-RN
302595.0;674121.0;2020-08-20;quinta-feira;18:45:00;RN;101.0;95;NATAL;Não;Não guardar distância de segurança;2;Tombamento;Com Vítimas Feridas;Plena Noite;Decrescente;Céu Claro;Múltipla;Reta;Sim;541404.0;Motocicleta;YAMAHA/FZ25 FAZER/FZ25 FAZER;2019.0;Passageiro;Lesões Leves;32.0;Feminino;0.0;1.0;0.0;0.0;-5,84076841;-35,21035949;SPRF-RN;DEL01-RN;UOP01-DEL01-RN
302595.0;674120.0;2020-08-20;quinta-feira;18:45:00;RN;101.0;95;NATAL;Não;Não guardar distância de segurança;2;Tombamento;Com Vítimas Feridas;Plena Noite;Decrescente;Céu Claro;Múltipla;Reta;Sim;541404.0;Motocicleta;YAMAHA/FZ25 FAZER/FZ25 FAZER;2019.0;Condutor;Lesões Leves;46.0;Feminino;0.0;1.0;0.0;0.0;-5,84076841;-35,21035949;SPRF-RN;DEL01-RN;UOP01-DEL01-RN
302595.0;674123.0;2020-08-20;quinta-feira;18:45:00;RN;101.0;95;NATAL;Sim;Falta de Atenção à Condução;2;Tombamento;Com Vítimas Feridas;Plena Noite;Decrescente;Céu Claro;Múltipla;Reta;Sim;541405.0;Automóvel;Não Informado/Não Informado/Não Informado;0.0;Condutor;Ileso;;Masculino;1.0;0.0;0.0;0.0;-5,84076841;-35,21035949;SPRF-RN;DEL01-RN;UOP01-DEL01-RN
302595.0;674121.0;2020-08-20;quinta-feira;18:45:00;RN;101.0;95;NATAL;Sim;Falta de Atenção à Condução;2;Tombamento;Com Vítimas Feridas;Plena Noite;Decrescente;Céu Claro;Múltipla;Reta;Sim;541404.0;Motocicleta;YAMAHA/FZ25 FAZER/FZ25 FAZER;2019.0;Passageiro;Lesões Leves;32.0;Feminino;0.0;1.0;0.0;0.0;-5,84076841;-35,21035949;SPRF-RN;DEL01-RN;UOP01-DEL01-RN
302595.0;674120.0;2020-08-20;quinta-feira;18:45:00;RN;101.0;95;NATAL;Sim;Falta de Atenção à Condução;2;Tombamento;Com Vítimas Feridas;Plena Noite;Decrescente;Céu Claro;Múltipla;Reta;Sim;541404.0;Motocicleta;YAMAHA/FZ25 FAZER/FZ25 FAZER;2019.0;Condutor;Lesões Leves;46.0;Feminino;0.0;1.0;0.0;0.0;-5,84076841;-35,21035949;SPRF-RN;DEL01-RN;UOP01-DEL01-RN
302595.0;674123.0;2020-08-20;quinta-feira;18:45:00;RN;101.0;95;NATAL;Não;Não guardar distância de segurança;1;Colisão lateral;Com Vítimas Feridas;Plena Noite;Decrescente;Céu Claro;Múltipla;Reta;Sim;541405.0;Automóvel;Não Informado/Não Informado/Não Informado;0.0;Condutor;Ileso;;Masculino;1.0;0.0;0.0;0.0;-5,84076841;-35,21035949;SPRF-RN;DEL01-RN;UOP01-DEL01-RN
302595.0;674121.0;2020-08-20;quinta-feira;18:45:00;RN;101.0;95;NATAL;Não;Não guardar distância de segurança;1;Colisão lateral;Com Vítimas Feridas;Plena Noite;Decrescente;Céu Claro;Múltipla;Reta;Sim;541404.0;Motocicleta;YAMAHA/FZ25 FAZER/FZ25 FAZER;2019.0;Passageiro;Lesões Leves;32.0;Feminino;0.0;1.0;0.0;0.0;-5,84076841;-35,21035949;SPRF-RN;DEL01-RN;UOP01-DEL01-RN
302595.0;674120.0;2020-08-20;quinta-feira;18:45:00;RN;101.0;95;NATAL;Não;Não guardar distância de segurança;1;Colisão lateral;Com Vítimas Feridas;Plena Noite;Decrescente;Céu Claro;Múltipla;Reta;Sim;541404.0;Motocicleta;YAMAHA/FZ25 FAZER/FZ25 FAZER;2019.0;Condutor;Lesões Leves;46.0;Feminino;0.0;1.0;0.0;0.0;-5,84076841;-35,21035949;SPRF-RN;DEL01-RN;UOP01-DEL01-RN
302595.0;674123.0;2020-08-20;quinta-feira;18:45:00;RN;101.0;95;NATAL;Sim;Falta de Atenção à Condução;1;Colisão lateral;Com Vítimas Feridas;Plena Noite;Decrescente;Céu Claro;Múltipla;Reta;Sim;541405.0;Automóvel;Não Informado/Não Informado/Não Informado;0.0;Condutor;Ileso;;Masculino;1.0;0.0;0.0;0.0;-5,84076841;-35,21035949;SPRF-RN;DEL01-RN;UOP01-DEL01-RN
302595.0;674121.0;2020-08-20;quinta-feira;18:45:00;RN;101.0;95;NATAL;Sim;Falta de Atenção à Condução;1;Colisão lateral;Com Vítimas Feridas;Plena Noite;Decrescente;Céu Claro;Múltipla;Reta;Sim;541404.0;Motocicleta;YAMAHA/FZ25 FAZER/FZ25 FAZER;2019.0;Passageiro;Lesões Leves;32.0;Feminino;0.0;1.0;0.0;0.0;-5,84076841;-35,21035949;SPRF-RN;DEL01-RN;UOP01-DEL01-RN
302595.0;674120.0;2020-08-20;quinta-feira;18:45:00;RN;101.0;95;NATAL;Sim;Falta de Atenção à Condução;1;Colisão lateral;Com Vítimas Feridas;Plena Noite;Decrescente;Céu Claro;Múltipla;Reta;Sim;541404.0;Motocicleta;YAMAHA/FZ25 FAZER/FZ25 FAZER;2019.0;Condutor;Lesões Leves;46.0;Feminino;0.0;1.0;0.0;0.0;-5,84076841;-35,21035949;SPRF-RN;DEL01-RN;UOP01-DEL01-RN
303177.0;673744.0;2020-08-23;domingo;17:45:00;RN;304.0;94;NATAL;Sim;Falta de Atenção à Condução;1;Queda de ocupante de veículo;Com Vítimas Feridas;Pleno dia;Crescente;Céu Claro;Múltipla;Curva;Sim;542472.0;Motocicleta;HONDA/CB 300R/CB 300R;2013.0;Condutor;Lesões Leves;37.0;Masculino;0.0;1.0;0.0;0.0;-5,82595392;-35,21118348;SPRF-RN;DEL04-RN;UOP01-DEL04-RN
303359.0;674301.0;2020-08-24;segunda-feira;11:00:00;RN;226.0;0;NATAL;Sim;Desobediência às normas de trânsito pelo condutor;1;Colisão transversal;Com Vítimas Feridas;Pleno dia;Decrescente;Sol;Simples;Interseção de Vias;Sim;542796.0;Automóvel;I/GM CLASSIC LIFE/GM CLASSIC LIFE;2007.0;Condutor;Ileso;62.0;Masculino;1.0;0.0;0.0;0.0;-5,800019;-35,238174;SPRF-RN;DEL01-RN;UOP02-DEL01-RN
303359.0;674298.0;2020-08-24;segunda-feira;11:00:00;RN;226.0;0;NATAL;Sim;Desobediência às normas de trânsito pelo condutor;1;Colisão transversal;Com Vítimas Feridas;Pleno dia;Decrescente;Sol;Simples;Interseção de Vias;Sim;542795.0;Motocicleta;YAMAHA/YBR 125K/YBR 125K;2007.0;Condutor;Lesões Leves;;Masculino;0.0;1.0;0.0;0.0;-5,800019;-35,238174;SPRF-RN;DEL01-RN;UOP02-DEL01-RN
303368.0;676102.0;2020-08-24;segunda-feira;12:00:00;RN;226.0;0,5;NATAL;Não;Desobediência às normas de trânsito pelo condutor;2;Tombamento;Com Vítimas Feridas;Pleno dia;Crescente;Céu Claro;Simples;Reta;Sim;542780.0;Motocicleta;HONDA/CG 160 START/CG 160 START;2019.0;Condutor;Lesões Leves;24.0;Masculino;0.0;1.0;0.0;0.0;-5,800019;-35,238174;SPRF-RN;DEL01-RN;UOP02-DEL01-RN
303368.0;676101.0;2020-08-24;segunda-feira;12:00:00;RN;226.0;0,5;NATAL;Não;Desobediência às normas de trânsito pelo condutor;2;Tombamento;Com Vítimas Feridas;Pleno dia;Crescente;Céu Claro;Simples;Reta;Sim;542779.0;Automóvel;CHEVROLET/CLASSIC LS/CLASSIC LS;2011.0;Condutor;Ileso;39.0;Masculino;1.0;0.0;0.0;0.0;-5,800019;-35,238174;SPRF-RN;DEL01-RN;UOP02-DEL01-RN
303368.0;676102.0;2020-08-24;segunda-feira;12:00:00;RN;226.0;0,5;NATAL;Sim;Falta de Atenção à Condução;2;Tombamento;Com Vítimas Feridas;Pleno dia;Crescente;Céu Claro;Simples;Reta;Sim;542780.0;Motocicleta;HONDA/CG 160 START/CG 160 START;2019.0;Condutor;Lesões Leves;24.0;Masculino;0.0;1.0;0.0;0.0;-5,800019;-35,238174;SPRF-RN;DEL01-RN;UOP02-DEL01-RN
303368.0;676101.0;2020-08-24;segunda-feira;12:00:00;RN;226.0;0,5;NATAL;Sim;Falta de Atenção à Condução;2;Tombamento;Com Vítimas Feridas;Pleno dia;Crescente;Céu Claro;Simples;Reta;Sim;542779.0;Automóvel;CHEVROLET/CLASSIC LS/CLASSIC LS;2011.0;Condutor;Ileso;39.0;Masculino;1.0;0.0;0.0;0.0;-5,800019;-35,238174;SPRF-RN;DEL01-RN;UOP02-DEL01-RN
303368.0;676102.0;2020-08-24;segunda-feira;12:00:00;RN;226.0;0,5;NATAL;Não;Desobediência às normas de trânsito pelo condutor;1;Colisão lateral;Com Vítimas Feridas;Pleno dia;Crescente;Céu Claro;Simples;Reta;Sim;542780.0;Motocicleta;HONDA/CG 160 START/CG 160 START;2019.0;Condutor;Lesões Leves;24.0;Masculino;0.0;1.0;0.0;0.0;-5,800019;-35,238174;SPRF-RN;DEL01-RN;UOP02-DEL01-RN
303368.0;676101.0;2020-08-24;segunda-feira;12:00:00;RN;226.0;0,5;NATAL;Não;Desobediência às normas de trânsito pelo condutor;1;Colisão lateral;Com Vítimas Feridas;Pleno dia;Crescente;Céu Claro;Simples;Reta;Sim;542779.0;Automóvel;CHEVROLET/CLASSIC LS/CLASSIC LS;2011.0;Condutor;Ileso;39.0;Masculino;1.0;0.0;0.0;0.0;-5,800019;-35,238174;SPRF-RN;DEL01-RN;UOP02-DEL01-RN
303368.0;676102.0;2020-08-24;segunda-feira;12:00:00;RN;226.0;0,5;NATAL;Sim;Falta de Atenção à Condução;1;Colisão lateral;Com Vítimas Feridas;Pleno dia;Crescente;Céu Claro;Simples;Reta;Sim;542780.0;Motocicleta;HONDA/CG 160 START/CG 160 START;2019.0;Condutor;Lesões Leves;24.0;Masculino;0.0;1.0;0.0;0.0;-5,800019;-35,238174;SPRF-RN;DEL01-RN;UOP02-DEL01-RN
303368.0;676101.0;2020-08-24;segunda-feira;12:00:00;RN;226.0;0,5;NATAL;Sim;Falta de Atenção à Condução;1;Colisão lateral;Com Vítimas Feridas;Pleno dia;Crescente;Céu Claro;Simples;Reta;Sim;542779.0;Automóvel;CHEVROLET/CLASSIC LS/CLASSIC LS;2011.0;Condutor;Ileso;39.0;Masculino;1.0;0.0;0.0;0.0;-5,800019;-35,238174;SPRF-RN;DEL01-RN;UOP02-DEL01-RN
303584.0;676558.0;2020-08-25;terça-feira;14:40:00;RN;226.0;4,4;NATAL;Sim;Desobediência às normas de trânsito pelo condutor;1;Colisão transversal;Com Vítimas Feridas;Pleno dia;Crescente;Céu Claro;Simples;Reta;Sim;543226.0;Automóvel;CHEVROLET/CELTA 1.0L LS/CELTA 1.0L LS;2012.0;Condutor;Ileso;23.0;Masculino;1.0;0.0;0.0;0.0;-5,81958019;-35,25969486;SPRF-RN;DEL01-RN;UOP02-DEL01-RN
303584.0;676559.0;2020-08-25;terça-feira;14:40:00;RN;226.0;4,4;NATAL;Sim;Desobediência às normas de trânsito pelo condutor;1;Colisão transversal;Com Vítimas Feridas;Pleno dia;Crescente;Céu Claro;Simples;Reta;Sim;543227.0;Motoneta;HONDA/BIZ 125 KS/BIZ 125 KS;2011.0;Condutor;Lesões Leves;38.0;Feminino;0.0;1.0;0.0;0.0;-5,81958019;-35,25969486;SPRF-RN;DEL01-RN;UOP02-DEL01-RN
303690.0;675205.0;2020-08-26;quarta-feira;09:00:00;RN;101.0;96,7;NATAL;Sim;Não guardar distância de segurança;1;Colisão traseira;Com Vítimas Feridas;Pleno dia;Crescente;Céu Claro;Dupla;Declive;Não;543684.0;Automóvel;TOYOTA/ETIOS HB XLS15 AT/ETIOS HB XLS15 AT;2016.0;Condutor;Ileso;63.0;Masculino;1.0;0.0;0.0;0.0;-5,84949622;-35,20890752;SPRF-RN;DEL01-RN;UOP01-DEL01-RN
303690.0;675204.0;2020-08-26;quarta-feira;09:00:00;RN;101.0;96,7;NATAL;Sim;Não guardar distância de segurança;1;Colisão traseira;Com Vítimas Feridas;Pleno dia;Crescente;Céu Claro;Dupla;Declive;Não;543683.0;Motocicleta;HONDA/CG 125 FAN KS/CG 125 FAN KS;2012.0;Condutor;Lesões Leves;31.0;Masculino;0.0;1.0;0.0;0.0;-5,84949622;-35,20890752;SPRF-RN;DEL01-RN;UOP01-DEL01-RN
303937.0;675514.0;2020-08-27;quinta-feira;18:00:00;RN;101.0;85,9;NATAL;Sim;Desobediência às normas de trânsito pelo condutor;1;Colisão traseira;Com Vítimas Feridas;Plena Noite;Decrescente;Céu Claro;Dupla;Ponte;Sim;543950.0;Motocicleta;HONDA/NXR150 BROS ES/NXR150 BROS ES;2005.0;Condutor;Lesões Graves;25.0;Masculino;0.0;0.0;1.0;0.0;-5,78393727;-35,24680138;SPRF-RN;DEL02-RN;UOP01-DEL02-RN
303937.0;675579.0;2020-08-27;quinta-feira;18:00:00;RN;101.0;85,9;NATAL;Sim;Desobediência às normas de trânsito pelo condutor;1;Colisão traseira;Com Vítimas Feridas;Plena Noite;Decrescente;Céu Claro;Dupla;Ponte;Sim;544018.0;Automóvel;Não Informado/Não Informado/Não Informado;0.0;Condutor;Não Informado;;Não Informado;0.0;0.0;0.0;0.0;-5,78393727;-35,24680138;SPRF-RN;DEL02-RN;UOP01-DEL02-RN
304088.0;675818.0;2020-08-28;sexta-feira;13:45:00;RN;101.0;78;NATAL;Sim;Animais na Pista;3;Tombamento;Com Vítimas Feridas;Pleno dia;Decrescente;Céu Claro;Dupla;Reta;Não;544215.0;Motocicleta;HONDA/CG150 TITAN MIX KS/CG150 TITAN MIX KS;2009.0;Condutor;Lesões Leves;24.0;Masculino;0.0;1.0;0.0;0.0;-5,74071896;-35,29021064;SPRF-RN;DEL02-RN;UOP01-DEL02-RN
304088.0;675818.0;2020-08-28;sexta-feira;13:45:00;RN;101.0;78;NATAL;Sim;Animais na Pista;2;Queda de ocupante de veículo;Com Vítimas Feridas;Pleno dia;Decrescente;Céu Claro;Dupla;Reta;Não;544215.0;Motocicleta;HONDA/CG150 TITAN MIX KS/CG150 TITAN MIX KS;2009.0;Condutor;Lesões Leves;24.0;Masculino;0.0;1.0;0.0;0.0;-5,74071896;-35,29021064;SPRF-RN;DEL02-RN;UOP01-DEL02-RN
304088.0;675818.0;2020-08-28;sexta-feira;13:45:00;RN;101.0;78;NATAL;Sim;Animais na Pista;1;Atropelamento de Animal;Com Vítimas Feridas;Pleno dia;Decrescente;Céu Claro;Dupla;Reta;Não;544215.0;Motocicleta;HONDA/CG150 TITAN MIX KS/CG150 TITAN MIX KS;2009.0;Condutor;Lesões Leves;24.0;Masculino;0.0;1.0;0.0;0.0;-5,74071896;-35,29021064;SPRF-RN;DEL02-RN;UOP01-DEL02-RN
304175.0;677450.0;2020-08-28;sexta-feira;20:15:00;RN;101.0;97,5;NATAL;Sim;Pista Escorregadia;2;Queda de ocupante de veículo;Com Vítimas Feridas;Plena Noite;Crescente;Céu Claro;Múltipla;Curva;Sim;544408.0;Motocicleta;HONDA/CG 150 TITAN KS/CG 150 TITAN KS;2005.0;Condutor;Lesões Leves;25.0;Masculino;0.0;1.0;0.0;0.0;-5,86178961;-35,21520495;SPRF-RN;DEL01-RN;UOP01-DEL01-RN
304175.0;677450.0;2020-08-28;sexta-feira;20:15:00;RN;101.0;97,5;NATAL;Sim;Pista Escorregadia;1;Tombamento;Com Vítimas Feridas;Plena Noite;Crescente;Céu Claro;Múltipla;Curva;Sim;544408.0;Motocicleta;HONDA/CG 150 TITAN KS/CG 150 TITAN KS;2005.0;Condutor;Lesões Leves;25.0;Masculino;0.0;1.0;0.0;0.0;-5,86178961;-35,21520495;SPRF-RN;DEL01-RN;UOP01-DEL01-RN
304186.0;677289.0;2020-08-28;sexta-feira;21:45:00;RN;101.0;98;NATAL;Sim;Pista Escorregadia;1;Queda de ocupante de veículo;Com Vítimas Feridas;Plena Noite;Crescente;Céu Claro;Múltipla;Interseção de Vias;Sim;544400.0;Motocicleta;HONDA/CG 125 FAN ES/CG 125 FAN ES;2012.0;Condutor;Lesões Leves;28.0;Masculino;0.0;1.0;0.0;0.0;-5,86567888;-35,21651625;SPRF-RN;DEL01-RN;UOP01-DEL01-RN