id;pesid;data_inversa;dia_semana;horario;uf;br;km;municipio;causa_principal;causa_acidente;ordem_tipo_acidente;tipo_acidente;classificacao_acidente;fase_dia;sentido_via;condicao_metereologica;tipo_pista;tracado_via;uso_solo;id_veiculo;tipo_veiculo;marca;ano_fabricacao_veiculo;tipo_envolvido;estado_fisico;idade;sexo;ilesos;feridos_leves;feridos_graves;mortos;latitude;longitude;regional;delegacia;uop
304341.0;676469.0;2020-08-29;sábado;15:20:00;RN;101.0;94;NATAL;Sim;Falta de Atenção à Condução;1;Engavetamento;Sem Vítimas;Pleno dia;Crescente;Céu Claro;Dupla;Reta;Sim;544674.0;Automóvel;GM/CELTA 2P SPIRIT/CELTA 2P SPIRIT;2010.0;Condutor;Ileso;20.0;Feminino;1.0;0.0;0.0;0.0;-5,83176615;-35,21191342;SPRF-RN;DEL01-RN;UOP01-DEL01-RN
304341.0;676470.0;2020-08-29;sábado;15:20:00;RN;101.0;94;NATAL;Sim;Falta de Atenção à Condução;1;Engavetamento;Sem Vítimas;Pleno dia;Crescente;Céu Claro;Dupla;Reta;Sim;544675.0;Automóvel;RENAULT/LOGAN EXP 16 SCE/LOGAN EXP 16 SCE;2016.0;Condutor;Ileso;54.0;Masculino;1.0;0.0;0.0;0.0;-5,83176615;-35,21191342;SPRF-RN;DEL01-RN;UOP01-DEL01-RN
304341.0;676473.0;2020-08-29;sábado;15:20:00;RN;101.0;94;NATAL;Sim;Falta de Atenção à Condução;1;Engavetamento;Sem Vítimas;Pleno dia;Crescente;Céu Claro;Dupla;Reta;Sim;544676.0;Automóvel;VW/FOX 1.0/FOX 1.0;2007.0;Condutor;Ileso;33.0;Masculino;1.0;0.0;0.0;0.0;-5,83176615;-35,21191342;SPRF-RN;DEL01-RN;UOP01-DEL01-RN
304341.0;676475.0;2020-08-29;sábado;15:20:00;RN;101.0;94;NATAL;Sim;Falta de Atenção à Condução;1;Engavetamento;Sem Vítimas;Pleno dia;Crescente;Céu Claro;Dupla;Reta;Sim;544677.0;Automóvel;GM/CELTA 2P LIFE/CELTA 2P LIFE;2005.0;Condutor;Ileso;28.0;Masculino;1.0;0.0;0.0;0.0;-5,83176615;-35,21191342;SPRF-RN;DEL01-RN;UOP01-DEL01-RN
304556.0;677795.0;2020-08-30;domingo;10:20:00;RN;101.0;97;NATAL;Sim;Desobediência às normas de trânsito pelo condutor;1;Colisão lateral;Sem Vítimas;Pleno dia;Crescente;Sol;Dupla;Reta;Sim;545062.0;Automóvel;FORD/KA FLEX/KA FLEX;2008.0;Condutor;Ileso;54.0;Feminino;1.0;0.0;0.0;0.0;-5,85758898;-35,21271205;SPRF-RN;DEL01-RN;UOP01-DEL01-RN
304556.0;677793.0;2020-08-30;domingo;10:20:00;RN;101.0;97;NATAL;Sim;Desobediência às normas de trânsito pelo condutor;1;Colisão lateral;Sem Vítimas;Pleno dia;Crescente;Sol;Dupla;Reta;Sim;545061.0;Automóvel;VW/PARATI 1.6/PARATI 1.6;2007.0;Condutor;Ileso;28.0;Masculino;1.0;0.0;0.0;0.0;-5,85758898;-35,21271205;SPRF-RN;DEL01-RN;UOP01-DEL01-RN
305048.0;679324.0;2020-09-01;terça-feira;17:20:00;RN;101.0;85;NATAL;Sim;Desobediência às normas de trânsito pelo condutor;2;Colisão lateral;Com Vítimas Feridas;Anoitecer;Decrescente;Céu Claro;Dupla;Aclive;Sim;546034.0;Motocicleta;YAMAHA/YBR 125E/YBR 125E;2007.0;Condutor;Lesões Leves;54.0;Masculino;0.0;1.0;0.0;0.0;-5,777664;-35,24937;SPRF-RN;DEL02-RN;UOP01-DEL02-RN
305048.0;679327.0;2020-09-01;terça-feira;17:20:00;RN;101.0;85;NATAL;Sim;Desobediência às normas de trânsito pelo condutor;2;Colisão lateral;Com Vítimas Feridas;Anoitecer;Decrescente;Céu Claro;Dupla;Aclive;Sim;546034.0;Motocicleta;YAMAHA/YBR 125E/YBR 125E;2007.0;Passageiro;Lesões Leves;43.0;Masculino;0.0;1.0;0.0;0.0;-5,777664;-35,24937;SPRF-RN;DEL02-RN;UOP01-DEL02-RN
305048.0;679331.0;2020-09-01;terça-feira;17:20:00;RN;101.0;85;NATAL;Sim;Desobediência às normas de trânsito pelo condutor;2;Colisão lateral;Com Vítimas Feridas;Anoitecer;Decrescente;Céu Claro;Dupla;Aclive;Sim;546035.0;Ônibus;M.BENZ/MPOLO TORINO U/MPOLO TORINO U;2015.0;Condutor;Ileso;40.0;Masculino;1.0;0.0;0.0;0.0;-5,777664;-35,24937;SPRF-RN;DEL02-RN;UOP01-DEL02-RN
305048.0;679335.0;2020-09-01;terça-feira;17:20:00;RN;101.0;85;NATAL;Sim;Desobediência às normas de trânsito pelo condutor;2;Colisão lateral;Com Vítimas Feridas;Anoitecer;Decrescente;Céu Claro;Dupla;Aclive;Sim;546036.0;Automóvel;FIAT/MOBI LIKE/MOBI LIKE;2019.0;Condutor;Ileso;50.0;Masculino;1.0;0.0;0.0;0.0;-5,777664;-35,24937;SPRF-RN;DEL02-RN;UOP01-DEL02-RN
305048.0;679324.0;2020-09-01;terça-feira;17:20:00;RN;101.0;85;NATAL;Sim;Desobediência às normas de trânsito pelo condutor;1;Colisão lateral;Com Vítimas Feridas;Anoitecer;Decrescente;Céu Claro;Dupla;Aclive;Sim;546034.0;Motocicleta;YAMAHA/YBR 125E/YBR 125E;2007.0;Condutor;Lesões Leves;54.0;Masculino;0.0;1.0;0.0;0.0;-5,777664;-35,24937;SPRF-RN;DEL02-RN;UOP01-DEL02-RN
305048.0;679327.0;2020-09-01;terça-feira;17:20:00;RN;101.0;85;NATAL;Sim;Desobediência às normas de trânsito pelo condutor;1;Colisão lateral;Com Vítimas Feridas;Anoitecer;Decrescente;Céu Claro;Dupla;Aclive;Sim;546034.0;Motocicleta;YAMAHA/YBR 125E/YBR 125E;2007.0;Passageiro;Lesões Leves;43.0;Masculino;0.0;1.0;0.0;0.0;-5,777664;-35,24937;SPRF-RN;DEL02-RN;UOP01-DEL02-RN
305048.0;679331.0;2020-09-01;terça-feira;17:20:00;RN;101.0;85;NATAL;Sim;Desobediência às normas de trânsito pelo condutor;1;Colisão lateral;Com Vítimas Feridas;Anoitecer;Decrescente;Céu Claro;Dupla;Aclive;Sim;546035.0;Ônibus;M.BENZ/MPOLO TORINO U/MPOLO TORINO U;2015.0;Condutor;Ileso;40.0;Masculino;1.0;0.0;0.0;0.0;-5,777664;-35,24937;SPRF-RN;DEL02-RN;UOP01-DEL02-RN
305048.0;679335.0;2020-09-01;terça-feira;17:20:00;RN;101.0;85;NATAL;Sim;Desobediência às normas de trânsito pelo condutor;1;Colisão lateral;Com Vítimas Feridas;Anoitecer;Decrescente;Céu Claro;Dupla;Aclive;Sim;546036.0;Automóvel;FIAT/MOBI LIKE/MOBI LIKE;2019.0;Condutor;Ileso;50.0;Masculino;1.0;0.0;0.0;0.0;-5,777664;-35,24937;SPRF-RN;DEL02-RN;UOP01-DEL02-RN
305273.0;682404.0;2020-09-02;quarta-feira;23:00:00;RN;101.0;81,1;NATAL;Sim;Desobediência às normas de trânsito pelo condutor;1;Colisão transversal;Com Vítimas Feridas;Plena Noite;Decrescente;Céu Claro;Dupla;Reta;Não;548746.0;Motocicleta;JTA/SUZUKI INTRUDER 125/SUZUKI INTRUDER 125;2008.0;Condutor;Lesões Graves;26.0;Masculino;0.0;0.0;1.0;0.0;-5,76469466;-35,28295988;SPRF-RN;DEL02-RN;UOP01-DEL02-RN
305273.0;682405.0;2020-09-02;quarta-feira;23:00:00;RN;101.0;81,1;NATAL;Sim;Desobediência às normas de trânsito pelo condutor;1;Colisão transversal;Com Vítimas Feridas;Plena Noite;Decrescente;Céu Claro;Dupla;Reta;Não;548750.0;Motocicleta;HONDA/CG150 FAN ESDI/CG150 FAN ESDI;2011.0;Condutor;Lesões Graves;28.0;Masculino;0.0;0.0;1.0;0.0;-5,76469466;-35,28295988;SPRF-RN;DEL02-RN;UOP01-DEL02-RN
306421.0;682859.0;2020-09-07;segunda-feira;17:15:00;RN;101.0;82;NATAL;Sim;Desobediência às normas de trânsito pelo condutor;1;Colisão lateral;Com Vítimas Feridas;Plena Noite;Decrescente;Céu Claro;Simples;Reta;Sim;548630.0;Automóvel;FORD/FIESTA SEDAN1.6FLEX/FIESTA SEDAN1.6FLEX;2013.0;Condutor;Ileso;24.0;Masculino;1.0;0.0;0.0;0.0;-5,76791511;-35,27456305;SPRF-RN;DEL02-RN;UOP01-DEL02-RN
306421.0;682850.0;2020-09-07;segunda-feira;17:15:00;RN;101.0;82;NATAL;Sim;Desobediência às normas de trânsito pelo condutor;1;Colisão lateral;Com Vítimas Feridas;Plena Noite;Decrescente;Céu Claro;Simples;Reta;Sim;548629.0;Motocicleta;HONDA/CG150 START/CG150 START;2015.0;Condutor;Ileso;28.0;Feminino;1.0;0.0;0.0;0.0;-5,76791511;-35,27456305;SPRF-RN;DEL02-RN;UOP01-DEL02-RN
306421.0;682855.0;2020-09-07;segunda-feira;17:15:00;RN;101.0;82;NATAL;Sim;Desobediência às normas de trânsito pelo condutor;1;Colisão lateral;Com Vítimas Feridas;Plena Noite;Decrescente;Céu Claro;Simples;Reta;Sim;548629.0;Motocicleta;HONDA/CG150 START/CG150 START;2015.0;Passageiro;Lesões Graves;32.0;Masculino;0.0;0.0;1.0;0.0;-5,76791511;-35,27456305;SPRF-RN;DEL02-RN;UOP01-DEL02-RN
306532.0;682817.0;2020-09-07;segunda-feira;23:45:00;RN;101.0;98;NATAL;Sim;Falta de Atenção à Condução;1;Colisão com objeto estático;Com Vítimas Feridas;Plena Noite;Crescente;Céu Claro;Simples;Curva;Sim;548754.0;Motocicleta;HONDA/CG 125 FAN KS/CG 125 FAN KS;2014.0;Condutor;Lesões Graves;18.0;Masculino;0.0;0.0;1.0;0.0;-5,86567888;-35,21651625;SPRF-RN;DEL01-RN;UOP01-DEL01-RN
306602.0;681327.0;2020-09-08;terça-feira;08:12:00;RN;101.0;95,4;NATAL;Não;Velocidade Incompatível;1;Engavetamento;Sem Vítimas;Pleno dia;Decrescente;Céu Claro;Múltipla;Aclive;Sim;548905.0;Motocicleta;YAMAHA/YBR150 FACTOR ED/YBR150 FACTOR ED;2018.0;Condutor;Ileso;45.0;Masculino;1.0;0.0;0.0;0.0;-5,84076841;-35,21035949;SPRF-RN;DEL01-RN;UOP01-DEL01-RN
306602.0;681328.0;2020-09-08;terça-feira;08:12:00;RN;101.0;95,4;NATAL;Não;Velocidade Incompatível;1;Engavetamento;Sem Vítimas;Pleno dia;Decrescente;Céu Claro;Múltipla;Aclive;Sim;548904.0;Caminhonete;CHEVROLET/S10 LT DD4/S10 LT DD4;2015.0;Condutor;Ileso;56.0;Masculino;1.0;0.0;0.0;0.0;-5,84076841;-35,21035949;SPRF-RN;DEL01-RN;UOP01-DEL01-RN
306602.0;681326.0;2020-09-08;terça-feira;08:12:00;RN;101.0;95,4;NATAL;Não;Velocidade Incompatível;1;Engavetamento;Sem Vítimas;Pleno dia;Decrescente;Céu Claro;Múltipla;Aclive;Sim;548906.0;Automóvel;TOYOTA/ETIOS HB XLS15 MT/ETIOS HB XLS15 MT;2016.0;Condutor;Ileso;29.0;Masculino;1.0;0.0;0.0;0.0;-5,84076841;-35,21035949;SPRF-RN;DEL01-RN;UOP01-DEL01-RN
306602.0;681325.0;2020-09-08;terça-feira;08:12:00;RN;101.0;95,4;NATAL;Não;Velocidade Incompatível;1;Engavetamento;Sem Vítimas;Pleno dia;Decrescente;Céu Claro;Múltipla;Aclive;Sim;548907.0;Automóvel;FIAT/PALIO FIRE/PALIO FIRE;2004.0;Condutor;Ileso;28.0;Masculino;1.0;0.0;0.0;0.0;-5,84076841;-35,21035949;SPRF-RN;DEL01-RN;UOP01-DEL01-RN
306602.0;681324.0;2020-09-08;terça-feira;08:12:00;RN;101.0;95,4;NATAL;Não;Velocidade Incompatível;1;Engavetamento;Sem Vítimas;Pleno dia;Decrescente;Céu Claro;Múltipla;Aclive;Sim;548908.0;Camioneta;I/KIA SPORTAGE LX2 FFG3/KIA SPORTAGE LX2 FFG3;2019.0;Condutor;Ileso;36.0;Masculino;1.0;0.0;0.0;0.0;-5,84076841;-35,21035949;SPRF-RN;DEL01-RN;UOP01-DEL01-RN
306602.0;681323.0;2020-09-08;terça-feira;08:12:00;RN;101.0;95,4;NATAL;Não;Velocidade Incompatível;1;Engavetamento;Sem Vítimas;Pleno dia;Decrescente;Céu Claro;Múltipla;Aclive;Sim;548909.0;Automóvel;FIAT/PUNTO ATTRACTIVE/PUNTO ATTRACTIVE;2011.0;Condutor;Ileso;28.0;Masculino;1.0;0.0;0.0;0.0;-5,84076841;-35,21035949;SPRF-RN;DEL01-RN;UOP01-DEL01-RN
306602.0;681327.0;2020-09-08;terça-feira;08:12:00;RN;101.0;95,4;NATAL;Sim;Falta de Atenção à Condução;1;Engavetamento;Sem Vítimas;Pleno dia;Decrescente;Céu Claro;Múltipla;Aclive;Sim;548905.0;Motocicleta;YAMAHA/YBR150 FACTOR ED/YBR150 FACTOR ED;2018.0;Condutor;Ileso;45.0;Masculino;1.0;0.0;0.0;0.0;-5,84076841;-35,21035949;SPRF-RN;DEL01-RN;UOP01-DEL01-RN
306602.0;681328.0;2020-09-08;terça-feira;08:12:00;RN;101.0;95,4;NATAL;Sim;Falta de Atenção à Condução;1;Engavetamento;Sem Vítimas;Pleno dia;Decrescente;Céu Claro;Múltipla;Aclive;Sim;548904.0;Caminhonete;CHEVROLET/S10 LT DD4/S10 LT DD4;2015.0;Condutor;Ileso;56.0;Masculino;1.0;0.0;0.0;0.0;-5,84076841;-35,21035949;SPRF-RN;DEL01-RN;UOP01-DEL01-RN
306602.0;681326.0;2020-09-08;terça-feira;08:12:00;RN;101.0;95,4;NATAL;Sim;Falta de Atenção à Condução;1;Engavetamento;Sem Vítimas;Pleno dia;Decrescente;Céu Claro;Múltipla;Aclive;Sim;548906.0;Automóvel;TOYOTA/ETIOS HB XLS15 MT/ETIOS HB XLS15 MT;2016.0;Condutor;Ileso;29.0;Masculino;1.0;0.0;0.0;0.0;-5,84076841;-35,21035949;SPRF-RN;DEL01-RN;UOP01-DEL01-RN
306602.0;681325.0;2020-09-08;terça-feira;08:12:00;RN;101.0;95,4;NATAL;Sim;Falta de Atenção à Condução;1;Engavetamento;Sem Vítimas;Pleno dia;Decrescente;Céu Claro;Múltipla;Aclive;Sim;548907.0;Automóvel;FIAT/PALIO FIRE/PALIO FIRE;2004.0;Condutor;Ileso;28.0;Masculino;1.0;0.0;0.0;0.0;-5,84076841;-35,21035949;SPRF-RN;DEL01-RN;UOP01-DEL01-RN
306602.0;681324.0;2020-09-08;terça-feira;08:12:00;RN;101.0;95,4;NATAL;Sim;Falta de Atenção à Condução;1;Engavetamento;Sem Vítimas;Pleno dia;Decrescente;Céu Claro;Múltipla;Aclive;Sim;548908.0;Camioneta;I/KIA SPORTAGE LX2 FFG3/KIA SPORTAGE LX2 FFG3;2019.0;Condutor;Ileso;36.0;Masculino;1.0;0.0;0.0;0.0;-5,84076841;-35,21035949;SPRF-RN;DEL01-RN;UOP01-DEL01-RN
306602.0;681323.0;2020-09-08;terça-feira;08:12:00;RN;101.0;95,4;NATAL;Sim;Falta de Atenção à Condução;1;Engavetamento;Sem Vítimas;Pleno dia;Decrescente;Céu Claro;Múltipla;Aclive;Sim;548909.0;Automóvel;FIAT/PUNTO ATTRACTIVE/PUNTO ATTRACTIVE;2011.0;Condutor;Ileso;28.0;Masculino;1.0;0.0;0.0;0.0;-5,84076841;-35,21035949;SPRF-RN;DEL01-RN;UOP01-DEL01-RN
306790.0;683809.0;2020-09-09;quarta-feira;10:50:00;RN;101.0;97;NATAL;Não;Pista Escorregadia;1;Colisão traseira;Sem Vítimas;Pleno dia;Decrescente;Chuva;Múltipla;Reta;Sim;549293.0;Caminhonete;CHEVROLET/S10 LS FD2/S10 LS FD2;2015.0;Condutor;Ileso;35.0;Masculino;1.0;0.0;0.0;0.0;-5,85758898;-35,21271205;SPRF-RN;DEL01-RN;UOP01-DEL01-RN
306790.0;683810.0;2020-09-09;quarta-feira;10:50:00;RN;101.0;97;NATAL;Não;Pista Escorregadia;1;Colisão traseira;Sem Vítimas;Pleno dia;Decrescente;Chuva;Múltipla;Reta;Sim;549294.0;Automóvel;I/PEUGEOT 308 ACTIVE/PEUGEOT 308 ACTIVE;2013.0;Condutor;Ileso;35.0;Feminino;1.0;0.0;0.0;0.0;-5,85758898;-35,21271205;SPRF-RN;DEL01-RN;UOP01-DEL01-RN
306790.0;683809.0;2020-09-09;quarta-feira;10:50:00;RN;101.0;97;NATAL;Sim;Falta de Atenção à Condução;1;Colisão traseira;Sem Vítimas;Pleno dia;Decrescente;Chuva;Múltipla;Reta;Sim;549293.0;Caminhonete;CHEVROLET/S10 LS FD2/S10 LS FD2;2015.0;Condutor;Ileso;35.0;Masculino;1.0;0.0;0.0;0.0;-5,85758898;-35,21271205;SPRF-RN;DEL01-RN;UOP01-DEL01-RN
306790.0;683810.0;2020-09-09;quarta-feira;10:50:00;RN;101.0;97;NATAL;Sim;Falta de Atenção à Condução;1;Colisão traseira;Sem Vítimas;Pleno dia;Decrescente;Chuva;Múltipla;Reta;Sim;549294.0;Automóvel;I/PEUGEOT 308 ACTIVE/PEUGEOT 308 ACTIVE;2013.0;Condutor;Ileso;35.0;Feminino;1.0;0.0;0.0;0.0;-5,85758898;-35,21271205;SPRF-RN;DEL01-RN;UOP01-DEL01-RN
306950.0;682475.0;2020-09-10;quinta-feira;07:00:00;RN;101.0;81;NATAL;Não;Pista Escorregadia;2;Tombamento;Com Vítimas Feridas;Pleno dia;Crescente;Nublado;Dupla;Reta;Sim;549723.0;Motocicleta;HONDA/NXR150 BROS ESD/NXR150 BROS ESD;2013.0;Condutor;Lesões Leves;33.0;Masculino;0.0;1.0;0.0;0.0;-5,76469466;-35,28295988;SPRF-RN;DEL02-RN;UOP01-DEL02-RN
306950.0;682475.0;2020-09-10;quinta-feira;07:00:00;RN;101.0;81;NATAL;Sim;Não guardar distância de segurança;2;Tombamento;Com Vítimas Feridas;Pleno dia;Crescente;Nublado;Dupla;Reta;Sim;549723.0;Motocicleta;HONDA/NXR150 BROS ESD/NXR150 BROS ESD;2013.0;Condutor;Lesões Leves;33.0;Masculino;0.0;1.0;0.0;0.0;-5,76469466;-35,28295988;SPRF-RN;DEL02-RN;UOP01-DEL02-RN
306950.0;682475.0;2020-09-10;quinta-feira;07:00:00;RN;101.0;81;NATAL;Não;Pista Escorregadia;1;Queda de ocupante de veículo;Com Vítimas Feridas;Pleno dia;Crescente;Nublado;Dupla;Reta;Sim;549723.0;Motocicleta;HONDA/NXR150 BROS ESD/NXR150 BROS ESD;2013.0;Condutor;Lesões Leves;33.0;Masculino;0.0;1.0;0.0;0.0;-5,76469466;-35,28295988;SPRF-RN;DEL02-RN;UOP01-DEL02-RN
306950.0;682475.0;2020-09-10;quinta-feira;07:00:00;RN;101.0;81;NATAL;Sim;Não guardar distância de segurança;1;Queda de ocupante de veículo;Com Vítimas Feridas;Pleno dia;Crescente;Nublado;Dupla;Reta;Sim;549723.0;Motocicleta;HONDA/NXR150 BROS ESD/NXR150 BROS ESD;2013.0;Condutor;Lesões Leves;33.0;Masculino;0.0;1.0;0.0;0.0;-5,76469466;-35,28295988;SPRF-RN;DEL02-RN;UOP01-DEL02-RN
307541.0;683611.0;2020-09-12;sábado;18:30:00;RN;101.0;73,8;NATAL;Não;Falta de Atenção do Pedestre;2;Atropelamento de Pedestre;Com Vítimas Fatais;Plena Noite;Crescente;Céu Claro;Simples;Reta;Não;550667.0;Outros;Não Informado/Não Informado/Não Informado;0.0;Condutor;Não Informado;;Não Informado;0.0;0.0;0.0;0.0;-5,70687202;-35,26688397;SPRF-RN;DEL02-RN;UOP01-DEL02-RN
307541.0;683612.0;2020-09-12;sábado;18:30:00;RN;101.0;73,8;NATAL;Não;Falta de Atenção do Pedestre;2;Atropelamento de Pedestre;Com Vítimas Fatais;Plena Noite;Crescente;Céu Claro;Simples;Reta;Não;550668.0;Automóvel;GM/KADETT IPANEMA GLS/KADETT IPANEMA GLS;1993.0;Condutor;Não Informado;;Não Informado;0.0;0.0;0.0;0.0;-5,70687202;-35,26688397;SPRF-RN;DEL02-RN;UOP01-DEL02-RN
307541.0;683614.0;2020-09-12;sábado;18:30:00;RN;101.0;73,8;NATAL;Não;Falta de Atenção do Pedestre;2;Atropelamento de Pedestre;Com Vítimas Fatais;Plena Noite;Crescente;Céu Claro;Simples;Reta;Não;;;NA/NA/NA;;Pedestre;Óbito;63.0;Masculino;0.0;0.0;0.0;1.0;-5,70687202;-35,26688397;SPRF-RN;DEL02-RN;UOP01-DEL02-RN
307541.0;683611.0;2020-09-12;sábado;18:30:00;RN;101.0;73,8;NATAL;Não;Falta de Atenção à Condução;2;Atropelamento de Pedestre;Com Vítimas Fatais;Plena Noite;Crescente;Céu Claro;Simples;Reta;Não;550667.0;Outros;Não Informado/Não Informado/Não Informado;0.0;Condutor;Não Informado;;Não Informado;0.0;0.0;0.0;0.0;-5,70687202;-35,26688397;SPRF-RN;DEL02-RN;UOP01-DEL02-RN
307541.0;683612.0;2020-09-12;sábado;18:30:00;RN;101.0;73,8;NATAL;Não;Falta de Atenção à Condução;2;Atropelamento de Pedestre;Com Vítimas Fatais;Plena Noite;Crescente;Céu Claro;Simples;Reta;Não;550668.0;Automóvel;GM/KADETT IPANEMA GLS/KADETT IPANEMA GLS;1993.0;Condutor;Não Informado;;Não Informado;0.0;0.0;0.0;0.0;-5,70687202;-35,26688397;SPRF-RN;DEL02-RN;UOP01-DEL02-RN
307541.0;683614.0;2020-09-12;sábado;18:30:00;RN;101.0;73,8;NATAL;Não;Falta de Atenção à Condução;2;Atropelamento de Pedestre;Com Vítimas Fatais;Plena Noite;Crescente;Céu Claro;Simples;Reta;Não;;;NA/NA/NA;;Pedestre;Óbito;63.0;Masculino;0.0;0.0;0.0;1.0;-5,70687202;-35,26688397;SPRF-RN;DEL02-RN;UOP01-DEL02-RN
307541.0;683611.0;2020-09-12;sábado;18:30:00;RN;101.0;73,8;NATAL;Sim;Defeito Mecânico no Veículo;2;Atropelamento de Pedestre;Com Vítimas Fatais;Plena Noite;Crescente;Céu Claro;Simples;Reta;Não;550667.0;Outros;Não Informado/Não Informado/Não Informado;0.0;Condutor;Não Informado;;Não Informado;0.0;0.0;0.0;0.0;-5,70687202;-35,26688397;SPRF-RN;DEL02-RN;UOP01-DEL02-RN
307541.0;683612.0;2020-09-12;sábado;18:30:00;RN;101.0;73,8;NATAL;Sim;Defeito Mecânico no Veículo;2;Atropelamento de Pedestre;Com Vítimas Fatais;Plena Noite;Crescente;Céu Claro;Simples;Reta;Não;550668.0;Automóvel;GM/KADETT IPANEMA GLS/KADETT IPANEMA GLS;1993.0;Condutor;Não Informado;;Não Informado;0.0;0.0;0.0;0.0;-5,70687202;-35,26688397;SPRF-RN;DEL02-RN;UOP01-DEL02-RN
307541.0;683614.0;2020-09-12;sábado;18:30:00;RN;101.0;73,8;NATAL;Sim;Defeito Mecânico no Veículo;2;Atropelamento de Pedestre;Com Vítimas Fatais;Plena Noite;Crescente;Céu Claro;Simples;Reta;Não;;;NA/NA/NA;;Pedestre;Óbito;63.0;Masculino;0.0;0.0;0.0;1.0;-5,70687202;-35,26688397;SPRF-RN;DEL02-RN;UOP01-DEL02-RN
307541.0;683611.0;2020-09-12;sábado;18:30:00;RN;101.0;73,8;NATAL;Não;Falta de Atenção do Pedestre;1;Colisão lateral;Com Vítimas Fatais;Plena Noite;Crescente;Céu Claro;Simples;Reta;Não;550667.0;Outros;Não Informado/Não Informado/Não Informado;0.0;Condutor;Não Informado;;Não Informado;0.0;0.0;0.0;0.0;-5,70687202;-35,26688397;SPRF-RN;DEL02-RN;UOP01-DEL02-RN
307541.0;683612.0;2020-09-12;sábado;18:30:00;RN;101.0;73,8;NATAL;Não;Falta de Atenção do Pedestre;1;Colisão lateral;Com Vítimas Fatais;Plena Noite;Crescente;Céu Claro;Simples;Reta;Não;550668.0;Automóvel;GM/KADETT IPANEMA GLS/KADETT IPANEMA GLS;1993.0;Condutor;Não Informado;;Não Informado;0.0;0.0;0.0;0.0;-5,70687202;-35,26688397;SPRF-RN;DEL02-RN;UOP01-DEL02-RN
307541.0;683614.0;2020-09-12;sábado;18:30:00;RN;101.0;73,8;NATAL;Não;Falta de Atenção do Pedestre;1;Colisão lateral;Com Vítimas Fatais;Plena Noite;Crescente;Céu Claro;Simples;Reta;Não;;;NA/NA/NA;;Pedestre;Óbito;63.0;Masculino;0.0;0.0;0.0;1.0;-5,70687202;-35,26688397;SPRF-RN;DEL02-RN;UOP01-DEL02-RN
307541.0;683611.0;2020-09-12;sábado;18:30:00;RN;101.0;73,8;NATAL;Não;Falta de Atenção à Condução;1;Colisão lateral;Com Vítimas Fatais;Plena Noite;Crescente;Céu Claro;Simples;Reta;Não;550667.0;Outros;Não Informado/Não Informado/Não Informado;0.0;Condutor;Não Informado;;Não Informado;0.0;0.0;0.0;0.0;-5,70687202;-35,26688397;SPRF-RN;DEL02-RN;UOP01-DEL02-RN
307541.0;683612.0;2020-09-12;sábado;18:30:00;RN;101.0;73,8;NATAL;Não;Falta de Atenção à Condução;1;Colisão lateral;Com Vítimas Fatais;Plena Noite;Crescente;Céu Claro;Simples;Reta;Não;550668.0;Automóvel;GM/KADETT IPANEMA GLS/KADETT IPANEMA GLS;1993.0;Condutor;Não Informado;;Não Informado;0.0;0.0;0.0;0.0;-5,70687202;-35,26688397;SPRF-RN;DEL02-RN;UOP01-DEL02-RN
307541.0;683614.0;2020-09-12;sábado;18:30:00;RN;101.0;73,8;NATAL;Não;Falta de Atenção à Condução;1;Colisão lateral;Com Vítimas Fatais;Plena Noite;Crescente;Céu Claro;Simples;Reta;Não;;;NA/NA/NA;;Pedestre;Óbito;63.0;Masculino;0.0;0.0;0.0;1.0;-5,70687202;-35,26688397;SPRF-RN;DEL02-RN;UOP01-DEL02-RN
307541.0;683611.0;2020-09-12;sábado;18:30:00;RN;101.0;73,8;NATAL;Sim;Defeito Mecânico no Veículo;1;Colisão lateral;Com Vítimas Fatais;Plena Noite;Crescente;Céu Claro;Simples;Reta;Não;550667.0;Outros;Não Informado/Não Informado/Não Informado;0.0;Condutor;Não Informado;;Não Informado;0.0;0.0;0.0;0.0;-5,70687202;-35,26688397;SPRF-RN;DEL02-RN;UOP01-DEL02-RN
307541.0;683612.0;2020-09-12;sábado;18:30:00;RN;101.0;73,8;NATAL;Sim;Defeito Mecânico no Veículo;1;Colisão lateral;Com Vítimas Fatais;Plena Noite;Crescente;Céu Claro;Simples;Reta;Não;550668.0;Automóvel;GM/KADETT IPANEMA GLS/KADETT IPANEMA GLS;1993.0;Condutor;Não Informado;;Não Informado;0.0;0.0;0.0;0.0;-5,70687202;-35,26688397;SPRF-RN;DEL02-RN;UOP01-DEL02-RN
307541.0;683614.0;2020-09-12;sábado;18:30:00;RN;101.0;73,8;NATAL;Sim;Defeito Mecânico no Veículo;1;Colisão lateral;Com Vítimas Fatais;Plena Noite;Crescente;Céu Claro;Simples;Reta;Não;;;NA/NA/NA;;Pedestre;Óbito;63.0;Masculino;0.0;0.0;0.0;1.0;-5,70687202;-35,26688397;SPRF-RN;DEL02-RN;UOP01-DEL02-RN
307929.0;688528.0;2020-09-14;segunda-feira;16:10:00;RN;101.0;96,9;NATAL;Sim;Não guardar distância de segurança;1;Colisão traseira;Com Vítimas Feridas;Pleno dia;Decrescente;Céu Claro;Múltipla;Reta;Sim;551492.0;Motocicleta;HONDA/CG150 FAN ESDI/CG150 FAN ESDI;2013.0;Passageiro;Lesões Leves;36.0;Masculino;0.0;1.0;0.0;0.0;-5,85546064;-35,21178246;SPRF-RN;DEL01-RN;UOP01-DEL01-RN
307929.0;688527.0;2020-09-14;segunda-feira;16:10:00;RN;101.0;96,9;NATAL;Sim;Não guardar distância de segurança;1;Colisão traseira;Com Vítimas Feridas;Pleno dia;Decrescente;Céu Claro;Múltipla;Reta;Sim;551492.0;Motocicleta;HONDA/CG150 FAN ESDI/CG150 FAN ESDI;2013.0;Condutor;Lesões Leves;37.0;Masculino;0.0;1.0;0.0;0.0;-5,85546064;-35,21178246;SPRF-RN;DEL01-RN;UOP01-DEL01-RN