id;pesid;data_inversa;dia_semana;horario;uf;br;km;municipio;causa_principal;causa_acidente;ordem_tipo_acidente;tipo_acidente;classificacao_acidente;fase_dia;sentido_via;condicao_metereologica;tipo_pista;tracado_via;uso_solo;id_veiculo;tipo_veiculo;marca;ano_fabricacao_veiculo;tipo_envolvido;estado_fisico;idade;sexo;ilesos;feridos_leves;feridos_graves;mortos;latitude;longitude;regional;delegacia;uop
307929.0;688537.0;2020-09-14;segunda-feira;16:10:00;RN;101.0;96,9;NATAL;Sim;Não guardar distância de segurança;1;Colisão traseira;Com Vítimas Feridas;Pleno dia;Decrescente;Céu Claro;Múltipla;Reta;Sim;554911.0;Automóvel;Não Informado/Não Informado/Não Informado;0.0;Condutor;Ileso;;Ignorado;1.0;0.0;0.0;0.0;-5,85546064;-35,21178246;SPRF-RN;DEL01-RN;UOP01-DEL01-RN
307929.0;688536.0;2020-09-14;segunda-feira;16:10:00;RN;101.0;96,9;NATAL;Sim;Não guardar distância de segurança;1;Colisão traseira;Com Vítimas Feridas;Pleno dia;Decrescente;Céu Claro;Múltipla;Reta;Sim;554910.0;Automóvel;FIAT/SIENA EL 1.4 FLEX/SIENA EL 1.4 FLEX;2012.0;Condutor;Ileso;32.0;Masculino;1.0;0.0;0.0;0.0;-5,85546064;-35,21178246;SPRF-RN;DEL01-RN;UOP01-DEL01-RN
308212.0;687311.0;2020-09-16;quarta-feira;07:35:00;RN;101.0;102;NATAL;Sim;Não guardar distância de segurança;3;Colisão traseira;Com Vítimas Feridas;Pleno dia;Decrescente;Chuva;Múltipla;Reta;Sim;552083.0;Automóvel;I/FIAT SIENA EL FLEX/FIAT SIENA EL FLEX;2011.0;Condutor;Ileso;58.0;Masculino;1.0;0.0;0.0;0.0;-5,88858217;-35,24018997;SPRF-RN;DEL01-RN;UOP01-DEL01-RN
308212.0;687316.0;2020-09-16;quarta-feira;07:35:00;RN;101.0;102;NATAL;Sim;Não guardar distância de segurança;3;Colisão traseira;Com Vítimas Feridas;Pleno dia;Decrescente;Chuva;Múltipla;Reta;Sim;552087.0;Caminhonete;FIAT/STRADA HD WK CC E/STRADA HD WK CC E;2018.0;Condutor;Ileso;36.0;Masculino;1.0;0.0;0.0;0.0;-5,88858217;-35,24018997;SPRF-RN;DEL01-RN;UOP01-DEL01-RN
308212.0;687312.0;2020-09-16;quarta-feira;07:35:00;RN;101.0;102;NATAL;Sim;Não guardar distância de segurança;3;Colisão traseira;Com Vítimas Feridas;Pleno dia;Decrescente;Chuva;Múltipla;Reta;Sim;552084.0;Automóvel;I/CHEVROLET AGILE LTZ/CHEVROLET AGILE LTZ;2012.0;Condutor;Ileso;29.0;Masculino;1.0;0.0;0.0;0.0;-5,88858217;-35,24018997;SPRF-RN;DEL01-RN;UOP01-DEL01-RN
308212.0;687315.0;2020-09-16;quarta-feira;07:35:00;RN;101.0;102;NATAL;Sim;Não guardar distância de segurança;3;Colisão traseira;Com Vítimas Feridas;Pleno dia;Decrescente;Chuva;Múltipla;Reta;Sim;552085.0;Automóvel;CHEVROLET/ONIX 1.4MT LTZ/ONIX 1.4MT LTZ;2013.0;Condutor;Ileso;34.0;Masculino;1.0;0.0;0.0;0.0;-5,88858217;-35,24018997;SPRF-RN;DEL01-RN;UOP01-DEL01-RN
308212.0;687314.0;2020-09-16;quarta-feira;07:35:00;RN;101.0;102;NATAL;Sim;Não guardar distância de segurança;3;Colisão traseira;Com Vítimas Feridas;Pleno dia;Decrescente;Chuva;Múltipla;Reta;Sim;552086.0;Motocicleta;YAMAHA/FACTOR YBR125 K/FACTOR YBR125 K;2011.0;Condutor;Lesões Leves;38.0;Masculino;0.0;1.0;0.0;0.0;-5,88858217;-35,24018997;SPRF-RN;DEL01-RN;UOP01-DEL01-RN
308212.0;687311.0;2020-09-16;quarta-feira;07:35:00;RN;101.0;102;NATAL;Sim;Não guardar distância de segurança;2;Colisão traseira;Com Vítimas Feridas;Pleno dia;Decrescente;Chuva;Múltipla;Reta;Sim;552083.0;Automóvel;I/FIAT SIENA EL FLEX/FIAT SIENA EL FLEX;2011.0;Condutor;Ileso;58.0;Masculino;1.0;0.0;0.0;0.0;-5,88858217;-35,24018997;SPRF-RN;DEL01-RN;UOP01-DEL01-RN
308212.0;687316.0;2020-09-16;quarta-feira;07:35:00;RN;101.0;102;NATAL;Sim;Não guardar distância de segurança;2;Colisão traseira;Com Vítimas Feridas;Pleno dia;Decrescente;Chuva;Múltipla;Reta;Sim;552087.0;Caminhonete;FIAT/STRADA HD WK CC E/STRADA HD WK CC E;2018.0;Condutor;Ileso;36.0;Masculino;1.0;0.0;0.0;0.0;-5,88858217;-35,24018997;SPRF-RN;DEL01-RN;UOP01-DEL01-RN
308212.0;687312.0;2020-09-16;quarta-feira;07:35:00;RN;101.0;102;NATAL;Sim;Não guardar distância de segurança;2;Colisão traseira;Com Vítimas Feridas;Pleno dia;Decrescente;Chuva;Múltipla;Reta;Sim;552084.0;Automóvel;I/CHEVROLET AGILE LTZ/CHEVROLET AGILE LTZ;2012.0;Condutor;Ileso;29.0;Masculino;1.0;0.0;0.0;0.0;-5,88858217;-35,24018997;SPRF-RN;DEL01-RN;UOP01-DEL01-RN
308212.0;687315.0;2020-09-16;quarta-feira;07:35:00;RN;101.0;102;NATAL;Sim;Não guardar distância de segurança;2;Colisão traseira;Com Vítimas Feridas;Pleno dia;Decrescente;Chuva;Múltipla;Reta;Sim;552085.0;Automóvel;CHEVROLET/ONIX 1.4MT LTZ/ONIX 1.4MT LTZ;2013.0;Condutor;Ileso;34.0;Masculino;1.0;0.0;0.0;0.0;-5,88858217;-35,24018997;SPRF-RN;DEL01-RN;UOP01-DEL01-RN
308212.0;687314.0;2020-09-16;quarta-feira;07:35:00;RN;101.0;102;NATAL;Sim;Não guardar distância de segurança;2;Colisão traseira;Com Vítimas Feridas;Pleno dia;Decrescente;Chuva;Múltipla;Reta;Sim;552086.0;Motocicleta;YAMAHA/FACTOR YBR125 K/FACTOR YBR125 K;2011.0;Condutor;Lesões Leves;38.0;Masculino;0.0;1.0;0.0;0.0;-5,88858217;-35,24018997;SPRF-RN;DEL01-RN;UOP01-DEL01-RN
308212.0;687311.0;2020-09-16;quarta-feira;07:35:00;RN;101.0;102;NATAL;Sim;Não guardar distância de segurança;1;Colisão traseira;Com Vítimas Feridas;Pleno dia;Decrescente;Chuva;Múltipla;Reta;Sim;552083.0;Automóvel;I/FIAT SIENA EL FLEX/FIAT SIENA EL FLEX;2011.0;Condutor;Ileso;58.0;Masculino;1.0;0.0;0.0;0.0;-5,88858217;-35,24018997;SPRF-RN;DEL01-RN;UOP01-DEL01-RN
308212.0;687316.0;2020-09-16;quarta-feira;07:35:00;RN;101.0;102;NATAL;Sim;Não guardar distância de segurança;1;Colisão traseira;Com Vítimas Feridas;Pleno dia;Decrescente;Chuva;Múltipla;Reta;Sim;552087.0;Caminhonete;FIAT/STRADA HD WK CC E/STRADA HD WK CC E;2018.0;Condutor;Ileso;36.0;Masculino;1.0;0.0;0.0;0.0;-5,88858217;-35,24018997;SPRF-RN;DEL01-RN;UOP01-DEL01-RN
308212.0;687312.0;2020-09-16;quarta-feira;07:35:00;RN;101.0;102;NATAL;Sim;Não guardar distância de segurança;1;Colisão traseira;Com Vítimas Feridas;Pleno dia;Decrescente;Chuva;Múltipla;Reta;Sim;552084.0;Automóvel;I/CHEVROLET AGILE LTZ/CHEVROLET AGILE LTZ;2012.0;Condutor;Ileso;29.0;Masculino;1.0;0.0;0.0;0.0;-5,88858217;-35,24018997;SPRF-RN;DEL01-RN;UOP01-DEL01-RN
308212.0;687315.0;2020-09-16;quarta-feira;07:35:00;RN;101.0;102;NATAL;Sim;Não guardar distância de segurança;1;Colisão traseira;Com Vítimas Feridas;Pleno dia;Decrescente;Chuva;Múltipla;Reta;Sim;552085.0;Automóvel;CHEVROLET/ONIX 1.4MT LTZ/ONIX 1.4MT LTZ;2013.0;Condutor;Ileso;34.0;Masculino;1.0;0.0;0.0;0.0;-5,88858217;-35,24018997;SPRF-RN;DEL01-RN;UOP01-DEL01-RN
308212.0;687314.0;2020-09-16;quarta-feira;07:35:00;RN;101.0;102;NATAL;Sim;Não guardar distância de segurança;1;Colisão traseira;Com Vítimas Feridas;Pleno dia;Decrescente;Chuva;Múltipla;Reta;Sim;552086.0;Motocicleta;YAMAHA/FACTOR YBR125 K/FACTOR YBR125 K;2011.0;Condutor;Lesões Leves;38.0;Masculino;0.0;1.0;0.0;0.0;-5,88858217;-35,24018997;SPRF-RN;DEL01-RN;UOP01-DEL01-RN
308368.0;686961.0;2020-09-17;quinta-feira;03:05:00;RN;101.0;95,9;NATAL;Sim;Ingestão de Álcool;1;Colisão frontal;Com Vítimas Feridas;Plena Noite;Crescente;Céu Claro;Dupla;Viaduto;Sim;552372.0;Automóvel;I/M.BENZ GLA200/M.BENZ GLA200;2015.0;Condutor;Ileso;34.0;Feminino;1.0;0.0;0.0;0.0;-5,847954;-35,209054;SPRF-RN;DEL01-RN;UOP01-DEL01-RN
308368.0;686962.0;2020-09-17;quinta-feira;03:05:00;RN;101.0;95,9;NATAL;Sim;Ingestão de Álcool;1;Colisão frontal;Com Vítimas Feridas;Plena Noite;Crescente;Céu Claro;Dupla;Viaduto;Sim;553595.0;Automóvel;CHEVROLET/CLASSIC LS/CLASSIC LS;2012.0;Condutor;Lesões Leves;28.0;Masculino;0.0;1.0;0.0;0.0;-5,847954;-35,209054;SPRF-RN;DEL01-RN;UOP01-DEL01-RN
308560.0;686032.0;2020-09-17;quinta-feira;23:30:00;RN;101.0;98,5;NATAL;Sim;Desobediência às normas de trânsito pelo condutor;1;Colisão frontal;Com Vítimas Feridas;Plena Noite;Crescente;Céu Claro;Dupla;Reta;Sim;552728.0;Bicicleta;Não Informado/Não Informado/Não Informado;0.0;Condutor;Lesões Graves;47.0;Masculino;0.0;0.0;1.0;0.0;-5,8707831;-35,21920681;SPRF-RN;DEL01-RN;UOP01-DEL01-RN
308560.0;686033.0;2020-09-17;quinta-feira;23:30:00;RN;101.0;98,5;NATAL;Sim;Desobediência às normas de trânsito pelo condutor;1;Colisão frontal;Com Vítimas Feridas;Plena Noite;Crescente;Céu Claro;Dupla;Reta;Sim;552729.0;Motocicleta;HONDA/XR 200R/XR 200R;2002.0;Condutor;Lesões Leves;50.0;Masculino;0.0;1.0;0.0;0.0;-5,8707831;-35,21920681;SPRF-RN;DEL01-RN;UOP01-DEL01-RN
308600.0;690759.0;2020-09-18;sexta-feira;07:50:00;RN;101.0;96,5;NATAL;Sim;Falta de Atenção à Condução;1;Colisão traseira;Com Vítimas Feridas;Pleno dia;Crescente;Céu Claro;Dupla;Reta;Sim;552917.0;Motocicleta;HONDA/CG 125 FAN KS/CG 125 FAN KS;2013.0;Condutor;Lesões Graves;22.0;Masculino;0.0;0.0;1.0;0.0;-5,84949622;-35,20890752;SPRF-RN;DEL01-RN;UOP01-DEL01-RN
308600.0;690758.0;2020-09-18;sexta-feira;07:50:00;RN;101.0;96,5;NATAL;Sim;Falta de Atenção à Condução;1;Colisão traseira;Com Vítimas Feridas;Pleno dia;Crescente;Céu Claro;Dupla;Reta;Sim;552916.0;Caminhonete;I/FORD RANGER XL 10A/FORD RANGER XL 10A;2002.0;Condutor;Ileso;58.0;Masculino;1.0;0.0;0.0;0.0;-5,84949622;-35,20890752;SPRF-RN;DEL01-RN;UOP01-DEL01-RN
308646.0;688187.0;2020-09-18;sexta-feira;13:35:00;RN;101.0;95;NATAL;Sim;Falta de Atenção à Condução;1;Colisão traseira;Sem Vítimas;Pleno dia;Decrescente;Céu Claro;Dupla;Reta;Sim;553021.0;Utilitário;CHEV/TRAILBLAZER LT D4A/TRAILBLAZER LT D4A;2018.0;Condutor;Ileso;39.0;Masculino;1.0;0.0;0.0;0.0;-5,84076841;-35,21035949;SPRF-RN;DEL01-RN;UOP01-DEL01-RN
308646.0;688186.0;2020-09-18;sexta-feira;13:35:00;RN;101.0;95;NATAL;Sim;Falta de Atenção à Condução;1;Colisão traseira;Sem Vítimas;Pleno dia;Decrescente;Céu Claro;Dupla;Reta;Sim;553020.0;Automóvel;VW/SELVAGEM/SELVAGEM;1981.0;Condutor;Ileso;49.0;Masculino;1.0;0.0;0.0;0.0;-5,84076841;-35,21035949;SPRF-RN;DEL01-RN;UOP01-DEL01-RN
308863.0;686682.0;2020-09-19;sábado;12:25:00;RN;101.0;94;NATAL;Sim;Falta de Atenção à Condução;1;Colisão lateral;Com Vítimas Feridas;Pleno dia;Crescente;Céu Claro;Simples;Reta;Sim;553320.0;Motocicleta;YAMAHA/YBR125 FACTOR K1/YBR125 FACTOR K1;2013.0;Condutor;Lesões Leves;19.0;Masculino;0.0;1.0;0.0;0.0;-5,83176615;-35,21191342;SPRF-RN;DEL01-RN;UOP01-DEL01-RN
308863.0;686684.0;2020-09-19;sábado;12:25:00;RN;101.0;94;NATAL;Sim;Falta de Atenção à Condução;1;Colisão lateral;Com Vítimas Feridas;Pleno dia;Crescente;Céu Claro;Simples;Reta;Sim;553321.0;Automóvel;Não Informado/Não Informado/Não Informado;0.0;Condutor;Ileso;;Masculino;1.0;0.0;0.0;0.0;-5,83176615;-35,21191342;SPRF-RN;DEL01-RN;UOP01-DEL01-RN
309142.0;687362.0;2020-09-20;domingo;17:15:00;RN;101.0;96;NATAL;Não;Desobediência às normas de trânsito pelo condutor;1;Colisão com objeto estático;Sem Vítimas;Plena Noite;Crescente;Céu Claro;Múltipla;Viaduto;Sim;553867.0;Camioneta;FORD/ECOSPORT SE AT 1.5/ECOSPORT SE AT 1.5;2019.0;Condutor;Ileso;40.0;Masculino;1.0;0.0;0.0;0.0;-5,84949622;-35,20890752;SPRF-RN;DEL01-RN;UOP01-DEL01-RN
309142.0;687362.0;2020-09-20;domingo;17:15:00;RN;101.0;96;NATAL;Sim;Ingestão de Álcool;1;Colisão com objeto estático;Sem Vítimas;Plena Noite;Crescente;Céu Claro;Múltipla;Viaduto;Sim;553867.0;Camioneta;FORD/ECOSPORT SE AT 1.5/ECOSPORT SE AT 1.5;2019.0;Condutor;Ileso;40.0;Masculino;1.0;0.0;0.0;0.0;-5,84949622;-35,20890752;SPRF-RN;DEL01-RN;UOP01-DEL01-RN
309289.0;690450.0;2020-09-21;segunda-feira;06:45:00;RN;101.0;73,8;NATAL;Sim;Animais na Pista;2;Queda de ocupante de veículo;Com Vítimas Feridas;Pleno dia;Crescente;Sol;Simples;Reta;Não;554047.0;Motocicleta;HONDA/CB 300R/CB 300R;2013.0;Condutor;Lesões Leves;;Masculino;0.0;1.0;0.0;0.0;-5,71205455;-35,27092718;SPRF-RN;DEL02-RN;UOP01-DEL02-RN
309289.0;690450.0;2020-09-21;segunda-feira;06:45:00;RN;101.0;73,8;NATAL;Sim;Animais na Pista;1;Tombamento;Com Vítimas Feridas;Pleno dia;Crescente;Sol;Simples;Reta;Não;554047.0;Motocicleta;HONDA/CB 300R/CB 300R;2013.0;Condutor;Lesões Leves;;Masculino;0.0;1.0;0.0;0.0;-5,71205455;-35,27092718;SPRF-RN;DEL02-RN;UOP01-DEL02-RN
309764.0;689288.0;2020-09-23;quarta-feira;15:40:00;RN;101.0;96;NATAL;Sim;Não guardar distância de segurança;1;Colisão lateral;Com Vítimas Feridas;Pleno dia;Decrescente;Céu Claro;Dupla;Interseção de Vias;Sim;554983.0;Motocicleta;YAMAHA/XTZ250 TENERE/XTZ250 TENERE;2011.0;Condutor;Lesões Graves;43.0;Masculino;0.0;0.0;1.0;0.0;-5,84949622;-35,20890752;SPRF-RN;DEL01-RN;UOP01-DEL01-RN
309809.0;688744.0;2020-09-23;quarta-feira;19:30:00;RN;101.0;96,3;NATAL;Não;Falta de Atenção à Condução;1;Colisão transversal;Com Vítimas Feridas;Plena Noite;Crescente;Céu Claro;Dupla;Interseção de Vias;Sim;555063.0;Motocicleta;HONDA/CG 150 TITAN KS/CG 150 TITAN KS;2009.0;Condutor;Lesões Leves;25.0;Masculino;0.0;1.0;0.0;0.0;-5,84949622;-35,20890752;SPRF-RN;DEL01-RN;UOP01-DEL01-RN
309809.0;688745.0;2020-09-23;quarta-feira;19:30:00;RN;101.0;96,3;NATAL;Não;Falta de Atenção à Condução;1;Colisão transversal;Com Vítimas Feridas;Plena Noite;Crescente;Céu Claro;Dupla;Interseção de Vias;Sim;555064.0;Automóvel;FIAT/SIENA ATTRACTIV 1.4/SIENA ATTRACTIV 1.4;2016.0;Condutor;Ileso;54.0;Feminino;1.0;0.0;0.0;0.0;-5,84949622;-35,20890752;SPRF-RN;DEL01-RN;UOP01-DEL01-RN
309809.0;688744.0;2020-09-23;quarta-feira;19:30:00;RN;101.0;96,3;NATAL;Sim;Desobediência às normas de trânsito pelo condutor;1;Colisão transversal;Com Vítimas Feridas;Plena Noite;Crescente;Céu Claro;Dupla;Interseção de Vias;Sim;555063.0;Motocicleta;HONDA/CG 150 TITAN KS/CG 150 TITAN KS;2009.0;Condutor;Lesões Leves;25.0;Masculino;0.0;1.0;0.0;0.0;-5,84949622;-35,20890752;SPRF-RN;DEL01-RN;UOP01-DEL01-RN
309809.0;688745.0;2020-09-23;quarta-feira;19:30:00;RN;101.0;96,3;NATAL;Sim;Desobediência às normas de trânsito pelo condutor;1;Colisão transversal;Com Vítimas Feridas;Plena Noite;Crescente;Céu Claro;Dupla;Interseção de Vias;Sim;555064.0;Automóvel;FIAT/SIENA ATTRACTIV 1.4/SIENA ATTRACTIV 1.4;2016.0;Condutor;Ileso;54.0;Feminino;1.0;0.0;0.0;0.0;-5,84949622;-35,20890752;SPRF-RN;DEL01-RN;UOP01-DEL01-RN
310003.0;692581.0;2020-09-24;quinta-feira;18:05:00;RN;101.0;94;NATAL;Sim;Não guardar distância de segurança;5;Colisão traseira;Com Vítimas Feridas;Plena Noite;Decrescente;Céu Claro;Múltipla;"Reta;Viaduto";Sim;558401.0;Automóvel;FIAT/UNO ATTRACTIVE 1.0/UNO ATTRACTIVE 1.0;2020.0;Condutor;Ileso;37.0;Masculino;1.0;0.0;0.0;0.0;-5,83176615;-35,21191342;SPRF-RN;DEL01-RN;UOP01-DEL01-RN
310003.0;692569.0;2020-09-24;quinta-feira;18:05:00;RN;101.0;94;NATAL;Sim;Não guardar distância de segurança;5;Colisão traseira;Com Vítimas Feridas;Plena Noite;Decrescente;Céu Claro;Múltipla;"Reta;Viaduto";Sim;555441.0;Caminhão;VW/24.250 CNC 6X2/24.250 CNC 6X2;2011.0;Condutor;Ileso;33.0;Masculino;1.0;0.0;0.0;0.0;-5,83176615;-35,21191342;SPRF-RN;DEL01-RN;UOP01-DEL01-RN
310003.0;692580.0;2020-09-24;quinta-feira;18:05:00;RN;101.0;94;NATAL;Sim;Não guardar distância de segurança;5;Colisão traseira;Com Vítimas Feridas;Plena Noite;Decrescente;Céu Claro;Múltipla;"Reta;Viaduto";Sim;558399.0;Automóvel;FIAT/SIENA ATTRACTIV 1.4/SIENA ATTRACTIV 1.4;2014.0;Condutor;Ileso;45.0;Masculino;1.0;0.0;0.0;0.0;-5,83176615;-35,21191342;SPRF-RN;DEL01-RN;UOP01-DEL01-RN
310003.0;692576.0;2020-09-24;quinta-feira;18:05:00;RN;101.0;94;NATAL;Sim;Não guardar distância de segurança;5;Colisão traseira;Com Vítimas Feridas;Plena Noite;Decrescente;Céu Claro;Múltipla;"Reta;Viaduto";Sim;558393.0;Automóvel;HONDA/CIVIC LXR/CIVIC LXR;2015.0;Condutor;Ileso;23.0;Masculino;1.0;0.0;0.0;0.0;-5,83176615;-35,21191342;SPRF-RN;DEL01-RN;UOP01-DEL01-RN
310003.0;692579.0;2020-09-24;quinta-feira;18:05:00;RN;101.0;94;NATAL;Sim;Não guardar distância de segurança;5;Colisão traseira;Com Vítimas Feridas;Plena Noite;Decrescente;Céu Claro;Múltipla;"Reta;Viaduto";Sim;558394.0;Motocicleta;HONDA/CG 125 TITAN/CG 125 TITAN;1999.0;Condutor;Lesões Leves;25.0;Masculino;0.0;1.0;0.0;0.0;-5,83176615;-35,21191342;SPRF-RN;DEL01-RN;UOP01-DEL01-RN
310003.0;692582.0;2020-09-24;quinta-feira;18:05:00;RN;101.0;94;NATAL;Sim;Não guardar distância de segurança;5;Colisão traseira;Com Vítimas Feridas;Plena Noite;Decrescente;Céu Claro;Múltipla;"Reta;Viaduto";Sim;558402.0;Automóvel;Não Informado/Não Informado/Não Informado;0.0;Condutor;Não Informado;;Não Informado;0.0;0.0;0.0;0.0;-5,83176615;-35,21191342;SPRF-RN;DEL01-RN;UOP01-DEL01-RN
310003.0;692581.0;2020-09-24;quinta-feira;18:05:00;RN;101.0;94;NATAL;Sim;Não guardar distância de segurança;4;Colisão traseira;Com Vítimas Feridas;Plena Noite;Decrescente;Céu Claro;Múltipla;"Reta;Viaduto";Sim;558401.0;Automóvel;FIAT/UNO ATTRACTIVE 1.0/UNO ATTRACTIVE 1.0;2020.0;Condutor;Ileso;37.0;Masculino;1.0;0.0;0.0;0.0;-5,83176615;-35,21191342;SPRF-RN;DEL01-RN;UOP01-DEL01-RN
310003.0;692569.0;2020-09-24;quinta-feira;18:05:00;RN;101.0;94;NATAL;Sim;Não guardar distância de segurança;4;Colisão traseira;Com Vítimas Feridas;Plena Noite;Decrescente;Céu Claro;Múltipla;"Reta;Viaduto";Sim;555441.0;Caminhão;VW/24.250 CNC 6X2/24.250 CNC 6X2;2011.0;Condutor;Ileso;33.0;Masculino;1.0;0.0;0.0;0.0;-5,83176615;-35,21191342;SPRF-RN;DEL01-RN;UOP01-DEL01-RN
310003.0;692580.0;2020-09-24;quinta-feira;18:05:00;RN;101.0;94;NATAL;Sim;Não guardar distância de segurança;4;Colisão traseira;Com Vítimas Feridas;Plena Noite;Decrescente;Céu Claro;Múltipla;"Reta;Viaduto";Sim;558399.0;Automóvel;FIAT/SIENA ATTRACTIV 1.4/SIENA ATTRACTIV 1.4;2014.0;Condutor;Ileso;45.0;Masculino;1.0;0.0;0.0;0.0;-5,83176615;-35,21191342;SPRF-RN;DEL01-RN;UOP01-DEL01-RN
310003.0;692576.0;2020-09-24;quinta-feira;18:05:00;RN;101.0;94;NATAL;Sim;Não guardar distância de segurança;4;Colisão traseira;Com Vítimas Feridas;Plena Noite;Decrescente;Céu Claro;Múltipla;"Reta;Viaduto";Sim;558393.0;Automóvel;HONDA/CIVIC LXR/CIVIC LXR;2015.0;Condutor;Ileso;23.0;Masculino;1.0;0.0;0.0;0.0;-5,83176615;-35,21191342;SPRF-RN;DEL01-RN;UOP01-DEL01-RN
310003.0;692579.0;2020-09-24;quinta-feira;18:05:00;RN;101.0;94;NATAL;Sim;Não guardar distância de segurança;4;Colisão traseira;Com Vítimas Feridas;Plena Noite;Decrescente;Céu Claro;Múltipla;"Reta;Viaduto";Sim;558394.0;Motocicleta;HONDA/CG 125 TITAN/CG 125 TITAN;1999.0;Condutor;Lesões Leves;25.0;Masculino;0.0;1.0;0.0;0.0;-5,83176615;-35,21191342;SPRF-RN;DEL01-RN;UOP01-DEL01-RN
310003.0;692582.0;2020-09-24;quinta-feira;18:05:00;RN;101.0;94;NATAL;Sim;Não guardar distância de segurança;4;Colisão traseira;Com Vítimas Feridas;Plena Noite;Decrescente;Céu Claro;Múltipla;"Reta;Viaduto";Sim;558402.0;Automóvel;Não Informado/Não Informado/Não Informado;0.0;Condutor;Não Informado;;Não Informado;0.0;0.0;0.0;0.0;-5,83176615;-35,21191342;SPRF-RN;DEL01-RN;UOP01-DEL01-RN
310003.0;692581.0;2020-09-24;quinta-feira;18:05:00;RN;101.0;94;NATAL;Sim;Não guardar distância de segurança;3;Colisão traseira;Com Vítimas Feridas;Plena Noite;Decrescente;Céu Claro;Múltipla;"Reta;Viaduto";Sim;558401.0;Automóvel;FIAT/UNO ATTRACTIVE 1.0/UNO ATTRACTIVE 1.0;2020.0;Condutor;Ileso;37.0;Masculino;1.0;0.0;0.0;0.0;-5,83176615;-35,21191342;SPRF-RN;DEL01-RN;UOP01-DEL01-RN
310003.0;692569.0;2020-09-24;quinta-feira;18:05:00;RN;101.0;94;NATAL;Sim;Não guardar distância de segurança;3;Colisão traseira;Com Vítimas Feridas;Plena Noite;Decrescente;Céu Claro;Múltipla;"Reta;Viaduto";Sim;555441.0;Caminhão;VW/24.250 CNC 6X2/24.250 CNC 6X2;2011.0;Condutor;Ileso;33.0;Masculino;1.0;0.0;0.0;0.0;-5,83176615;-35,21191342;SPRF-RN;DEL01-RN;UOP01-DEL01-RN
310003.0;692580.0;2020-09-24;quinta-feira;18:05:00;RN;101.0;94;NATAL;Sim;Não guardar distância de segurança;3;Colisão traseira;Com Vítimas Feridas;Plena Noite;Decrescente;Céu Claro;Múltipla;"Reta;Viaduto";Sim;558399.0;Automóvel;FIAT/SIENA ATTRACTIV 1.4/SIENA ATTRACTIV 1.4;2014.0;Condutor;Ileso;45.0;Masculino;1.0;0.0;0.0;0.0;-5,83176615;-35,21191342;SPRF-RN;DEL01-RN;UOP01-DEL01-RN
310003.0;692576.0;2020-09-24;quinta-feira;18:05:00;RN;101.0;94;NATAL;Sim;Não guardar distância de segurança;3;Colisão traseira;Com Vítimas Feridas;Plena Noite;Decrescente;Céu Claro;Múltipla;"Reta;Viaduto";Sim;558393.0;Automóvel;HONDA/CIVIC LXR/CIVIC LXR;2015.0;Condutor;Ileso;23.0;Masculino;1.0;0.0;0.0;0.0;-5,83176615;-35,21191342;SPRF-RN;DEL01-RN;UOP01-DEL01-RN
310003.0;692579.0;2020-09-24;quinta-feira;18:05:00;RN;101.0;94;NATAL;Sim;Não guardar distância de segurança;3;Colisão traseira;Com Vítimas Feridas;Plena Noite;Decrescente;Céu Claro;Múltipla;"Reta;Viaduto";Sim;558394.0;Motocicleta;HONDA/CG 125 TITAN/CG 125 TITAN;1999.0;Condutor;Lesões Leves;25.0;Masculino;0.0;1.0;0.0;0.0;-5,83176615;-35,21191342;SPRF-RN;DEL01-RN;UOP01-DEL01-RN
310003.0;692582.0;2020-09-24;quinta-feira;18:05:00;RN;101.0;94;NATAL;Sim;Não guardar distância de segurança;3;Colisão traseira;Com Vítimas Feridas;Plena Noite;Decrescente;Céu Claro;Múltipla;"Reta;Viaduto";Sim;558402.0;Automóvel;Não Informado/Não Informado/Não Informado;0.0;Condutor;Não Informado;;Não Informado;0.0;0.0;0.0;0.0;-5,83176615;-35,21191342;SPRF-RN;DEL01-RN;UOP01-DEL01-RN
310003.0;692581.0;2020-09-24;quinta-feira;18:05:00;RN;101.0;94;NATAL;Sim;Não guardar distância de segurança;2;Colisão transversal;Com Vítimas Feridas;Plena Noite;Decrescente;Céu Claro;Múltipla;"Reta;Viaduto";Sim;558401.0;Automóvel;FIAT/UNO ATTRACTIVE 1.0/UNO ATTRACTIVE 1.0;2020.0;Condutor;Ileso;37.0;Masculino;1.0;0.0;0.0;0.0;-5,83176615;-35,21191342;SPRF-RN;DEL01-RN;UOP01-DEL01-RN
310003.0;692569.0;2020-09-24;quinta-feira;18:05:00;RN;101.0;94;NATAL;Sim;Não guardar distância de segurança;2;Colisão transversal;Com Vítimas Feridas;Plena Noite;Decrescente;Céu Claro;Múltipla;"Reta;Viaduto";Sim;555441.0;Caminhão;VW/24.250 CNC 6X2/24.250 CNC 6X2;2011.0;Condutor;Ileso;33.0;Masculino;1.0;0.0;0.0;0.0;-5,83176615;-35,21191342;SPRF-RN;DEL01-RN;UOP01-DEL01-RN
310003.0;692580.0;2020-09-24;quinta-feira;18:05:00;RN;101.0;94;NATAL;Sim;Não guardar distância de segurança;2;Colisão transversal;Com Vítimas Feridas;Plena Noite;Decrescente;Céu Claro;Múltipla;"Reta;Viaduto";Sim;558399.0;Automóvel;FIAT/SIENA ATTRACTIV 1.4/SIENA ATTRACTIV 1.4;2014.0;Condutor;Ileso;45.0;Masculino;1.0;0.0;0.0;0.0;-5,83176615;-35,21191342;SPRF-RN;DEL01-RN;UOP01-DEL01-RN