id;pesid;data_inversa;dia_semana;horario;uf;br;km;municipio;causa_principal;causa_acidente;ordem_tipo_acidente;tipo_acidente;classificacao_acidente;fase_dia;sentido_via;condicao_metereologica;tipo_pista;tracado_via;uso_solo;id_veiculo;tipo_veiculo;marca;ano_fabricacao_veiculo;tipo_envolvido;estado_fisico;idade;sexo;ilesos;feridos_leves;feridos_graves;mortos;latitude;longitude;regional;delegacia;uop
312217.0;695610.0;2020-10-04;domingo;20:15:00;RN;101.0;85;NATAL;Não;Falta de Atenção à Condução;1;Colisão lateral;Sem Vítimas;Plena Noite;Decrescente;Céu Claro;Dupla;Declive;Sim;559678.0;Automóvel;CHEVROLET/ONIX 10MT JOYE/ONIX 10MT JOYE;2019.0;Condutor;Ileso;38.0;Masculino;1.0;0.0;0.0;0.0;-5,777664;-35,24937;SPRF-RN;DEL02-RN;UOP01-DEL02-RN
312217.0;695611.0;2020-10-04;domingo;20:15:00;RN;101.0;85;NATAL;Não;Falta de Atenção à Condução;1;Colisão lateral;Sem Vítimas;Plena Noite;Decrescente;Céu Claro;Dupla;Declive;Sim;559679.0;Automóvel;VW/GOL 1.0 GIV/GOL 1.0 GIV;2013.0;Condutor;Não Informado;;Não Informado;0.0;0.0;0.0;0.0;-5,777664;-35,24937;SPRF-RN;DEL02-RN;UOP01-DEL02-RN
312217.0;695610.0;2020-10-04;domingo;20:15:00;RN;101.0;85;NATAL;Sim;Velocidade Incompatível;1;Colisão lateral;Sem Vítimas;Plena Noite;Decrescente;Céu Claro;Dupla;Declive;Sim;559678.0;Automóvel;CHEVROLET/ONIX 10MT JOYE/ONIX 10MT JOYE;2019.0;Condutor;Ileso;38.0;Masculino;1.0;0.0;0.0;0.0;-5,777664;-35,24937;SPRF-RN;DEL02-RN;UOP01-DEL02-RN
312217.0;695611.0;2020-10-04;domingo;20:15:00;RN;101.0;85;NATAL;Sim;Velocidade Incompatível;1;Colisão lateral;Sem Vítimas;Plena Noite;Decrescente;Céu Claro;Dupla;Declive;Sim;559679.0;Automóvel;VW/GOL 1.0 GIV/GOL 1.0 GIV;2013.0;Condutor;Não Informado;;Não Informado;0.0;0.0;0.0;0.0;-5,777664;-35,24937;SPRF-RN;DEL02-RN;UOP01-DEL02-RN
312502.0;694841.0;2020-10-06;terça-feira;06:40:00;RN;101.0;99,6;NATAL;Sim;Falta de Atenção à Condução;2;Tombamento;Com Vítimas Feridas;Pleno dia;Crescente;Sol;Dupla;Reta;Sim;560244.0;Caminhonete;FIAT/TORO FREEDOM AT9 D4/TORO FREEDOM AT9 D4;2019.0;Condutor;Ileso;45.0;Masculino;1.0;0.0;0.0;0.0;-5,87552526;-35,22257566;SPRF-RN;DEL01-RN;UOP01-DEL01-RN
312502.0;694846.0;2020-10-06;terça-feira;06:40:00;RN;101.0;99,6;NATAL;Sim;Falta de Atenção à Condução;2;Tombamento;Com Vítimas Feridas;Pleno dia;Crescente;Sol;Dupla;Reta;Sim;560243.0;Motocicleta;HONDA/CG150 FAN ESDI/CG150 FAN ESDI;2014.0;Condutor;Lesões Graves;27.0;Masculino;0.0;0.0;1.0;0.0;-5,87552526;-35,22257566;SPRF-RN;DEL01-RN;UOP01-DEL01-RN
312502.0;694954.0;2020-10-06;terça-feira;06:40:00;RN;101.0;99,6;NATAL;Sim;Falta de Atenção à Condução;2;Tombamento;Com Vítimas Feridas;Pleno dia;Crescente;Sol;Dupla;Reta;Sim;560243.0;Motocicleta;HONDA/CG150 FAN ESDI/CG150 FAN ESDI;2014.0;Passageiro;Lesões Leves;35.0;Feminino;0.0;1.0;0.0;0.0;-5,87552526;-35,22257566;SPRF-RN;DEL01-RN;UOP01-DEL01-RN
312502.0;694841.0;2020-10-06;terça-feira;06:40:00;RN;101.0;99,6;NATAL;Sim;Falta de Atenção à Condução;1;Colisão transversal;Com Vítimas Feridas;Pleno dia;Crescente;Sol;Dupla;Reta;Sim;560244.0;Caminhonete;FIAT/TORO FREEDOM AT9 D4/TORO FREEDOM AT9 D4;2019.0;Condutor;Ileso;45.0;Masculino;1.0;0.0;0.0;0.0;-5,87552526;-35,22257566;SPRF-RN;DEL01-RN;UOP01-DEL01-RN
312502.0;694846.0;2020-10-06;terça-feira;06:40:00;RN;101.0;99,6;NATAL;Sim;Falta de Atenção à Condução;1;Colisão transversal;Com Vítimas Feridas;Pleno dia;Crescente;Sol;Dupla;Reta;Sim;560243.0;Motocicleta;HONDA/CG150 FAN ESDI/CG150 FAN ESDI;2014.0;Condutor;Lesões Graves;27.0;Masculino;0.0;0.0;1.0;0.0;-5,87552526;-35,22257566;SPRF-RN;DEL01-RN;UOP01-DEL01-RN
312502.0;694954.0;2020-10-06;terça-feira;06:40:00;RN;101.0;99,6;NATAL;Sim;Falta de Atenção à Condução;1;Colisão transversal;Com Vítimas Feridas;Pleno dia;Crescente;Sol;Dupla;Reta;Sim;560243.0;Motocicleta;HONDA/CG150 FAN ESDI/CG150 FAN ESDI;2014.0;Passageiro;Lesões Leves;35.0;Feminino;0.0;1.0;0.0;0.0;-5,87552526;-35,22257566;SPRF-RN;DEL01-RN;UOP01-DEL01-RN
312864.0;698248.0;2020-10-08;quinta-feira;06:50:00;RN;101.0;97;NATAL;Sim;Falta de Atenção à Condução;1;Colisão lateral;Com Vítimas Feridas;Pleno dia;Decrescente;Céu Claro;Dupla;Reta;Sim;561035.0;Automóvel;CHEVROLET/CELTA 1.0L LT/CELTA 1.0L LT;2012.0;Condutor;Ileso;46.0;Masculino;1.0;0.0;0.0;0.0;-5,85758898;-35,21271205;SPRF-RN;DEL01-RN;UOP01-DEL01-RN
312864.0;698250.0;2020-10-08;quinta-feira;06:50:00;RN;101.0;97;NATAL;Sim;Falta de Atenção à Condução;1;Colisão lateral;Com Vítimas Feridas;Pleno dia;Decrescente;Céu Claro;Dupla;Reta;Sim;561036.0;Motocicleta;HONDA/CB250F TWISTER ABS/CB250F TWISTER ABS;2020.0;Condutor;Lesões Leves;32.0;Masculino;0.0;1.0;0.0;0.0;-5,85758898;-35,21271205;SPRF-RN;DEL01-RN;UOP01-DEL01-RN
312946.0;695687.0;2020-10-08;quinta-feira;14:40:00;RN;101.0;84,9;NATAL;Sim;Não guardar distância de segurança;1;Colisão lateral;Com Vítimas Feridas;Pleno dia;Decrescente;Céu Claro;Dupla;Aclive;Sim;561027.0;Motocicleta;HONDA/CG 125 TITAN KS/CG 125 TITAN KS;2002.0;Condutor;Lesões Leves;35.0;Masculino;0.0;1.0;0.0;0.0;-5,774175;-35,2578;SPRF-RN;DEL02-RN;UOP01-DEL02-RN
312946.0;695688.0;2020-10-08;quinta-feira;14:40:00;RN;101.0;84,9;NATAL;Sim;Não guardar distância de segurança;1;Colisão lateral;Com Vítimas Feridas;Pleno dia;Decrescente;Céu Claro;Dupla;Aclive;Sim;561028.0;Ônibus;M.BENZ/MPOLO TORINO U/MPOLO TORINO U;2011.0;Condutor;Ileso;46.0;Masculino;1.0;0.0;0.0;0.0;-5,774175;-35,2578;SPRF-RN;DEL02-RN;UOP01-DEL02-RN
313055.0;697907.0;2020-09-10;quinta-feira;12:15:00;RN;101.0;97,2;NATAL;Não;Não guardar distância de segurança;1;Colisão traseira;Com Vítimas Feridas;Pleno dia;Crescente;Céu Claro;Múltipla;Reta;Sim;562952.0;Automóvel;GM/ASTRA HB 2P ADVANTAGE/ASTRA HB 2P ADVANTAGE;2006.0;Condutor;Ileso;;Masculino;1.0;0.0;0.0;0.0;-5,85762239;-35,21294301;SPRF-RN;DEL01-RN;UOP01-DEL01-RN
313055.0;697910.0;2020-09-10;quinta-feira;12:15:00;RN;101.0;97,2;NATAL;Não;Não guardar distância de segurança;1;Colisão traseira;Com Vítimas Feridas;Pleno dia;Crescente;Céu Claro;Múltipla;Reta;Sim;562956.0;Motocicleta;YAMAHA/NMAX/NMAX;2019.0;Condutor;Lesões Leves;;Masculino;0.0;1.0;0.0;0.0;-5,85762239;-35,21294301;SPRF-RN;DEL01-RN;UOP01-DEL01-RN
313055.0;697907.0;2020-09-10;quinta-feira;12:15:00;RN;101.0;97,2;NATAL;Sim;Falta de Atenção à Condução;1;Colisão traseira;Com Vítimas Feridas;Pleno dia;Crescente;Céu Claro;Múltipla;Reta;Sim;562952.0;Automóvel;GM/ASTRA HB 2P ADVANTAGE/ASTRA HB 2P ADVANTAGE;2006.0;Condutor;Ileso;;Masculino;1.0;0.0;0.0;0.0;-5,85762239;-35,21294301;SPRF-RN;DEL01-RN;UOP01-DEL01-RN
313055.0;697910.0;2020-09-10;quinta-feira;12:15:00;RN;101.0;97,2;NATAL;Sim;Falta de Atenção à Condução;1;Colisão traseira;Com Vítimas Feridas;Pleno dia;Crescente;Céu Claro;Múltipla;Reta;Sim;562956.0;Motocicleta;YAMAHA/NMAX/NMAX;2019.0;Condutor;Lesões Leves;;Masculino;0.0;1.0;0.0;0.0;-5,85762239;-35,21294301;SPRF-RN;DEL01-RN;UOP01-DEL01-RN
313076.0;696426.0;2020-10-09;sexta-feira;07:40:00;RN;101.0;96,7;NATAL;Sim;Desobediência às normas de trânsito pelo condutor;1;Colisão traseira;Com Vítimas Feridas;Pleno dia;Decrescente;Céu Claro;Múltipla;Reta;Sim;561290.0;Motocicleta;HONDA/CG 160 FAN ESDI/CG 160 FAN ESDI;2017.0;Condutor;Lesões Graves;27.0;Feminino;0.0;0.0;1.0;0.0;-5,84949622;-35,20890752;SPRF-RN;DEL01-RN;UOP01-DEL01-RN
313076.0;696424.0;2020-10-09;sexta-feira;07:40:00;RN;101.0;96,7;NATAL;Sim;Desobediência às normas de trânsito pelo condutor;1;Colisão traseira;Com Vítimas Feridas;Pleno dia;Decrescente;Céu Claro;Múltipla;Reta;Sim;561289.0;Automóvel;TOYOTA/ETIOS SD XLS15 AT/ETIOS SD XLS15 AT;2016.0;Condutor;Ileso;33.0;Masculino;1.0;0.0;0.0;0.0;-5,84949622;-35,20890752;SPRF-RN;DEL01-RN;UOP01-DEL01-RN
314586.0;698623.0;2020-10-13;terça-feira;16:48:00;RN;101.0;99;NATAL;Sim;Ingestão de álcool e/ou substâncias psicoativas pelo pedestre;1;Colisão lateral;Com Vítimas Feridas;Pleno dia;Crescente;Céu Claro;Dupla;Reta;Sim;563468.0;Automóvel;VW/CROSSFOX/CROSSFOX;2007.0;Condutor;Ileso;41.0;Masculino;1.0;0.0;0.0;0.0;-5,87359183;-35,22063023;SPRF-RN;DEL01-RN;UOP01-DEL01-RN
314586.0;698627.0;2020-10-13;terça-feira;16:48:00;RN;101.0;99;NATAL;Sim;Ingestão de álcool e/ou substâncias psicoativas pelo pedestre;1;Colisão lateral;Com Vítimas Feridas;Pleno dia;Crescente;Céu Claro;Dupla;Reta;Sim;563469.0;Motocicleta;HONDA/CG150 TITAN MIX KS/CG150 TITAN MIX KS;2009.0;Condutor;Lesões Leves;28.0;Masculino;0.0;1.0;0.0;0.0;-5,87359183;-35,22063023;SPRF-RN;DEL01-RN;UOP01-DEL01-RN
314586.0;698629.0;2020-10-13;terça-feira;16:48:00;RN;101.0;99;NATAL;Sim;Ingestão de álcool e/ou substâncias psicoativas pelo pedestre;1;Colisão lateral;Com Vítimas Feridas;Pleno dia;Crescente;Céu Claro;Dupla;Reta;Sim;563469.0;Motocicleta;HONDA/CG150 TITAN MIX KS/CG150 TITAN MIX KS;2009.0;Passageiro;Lesões Leves;24.0;Feminino;0.0;1.0;0.0;0.0;-5,87359183;-35,22063023;SPRF-RN;DEL01-RN;UOP01-DEL01-RN
314875.0;699639.0;2020-10-15;quinta-feira;08:50:00;RN;101.0;95;NATAL;Não;Falta de Atenção à Condução;1;Colisão traseira;Sem Vítimas;Pleno dia;Decrescente;Céu Claro;Dupla;Aclive;Sim;564117.0;Automóvel;CHEV/SPIN 18L AT PREMIER/SPIN 18L AT PREMIER;2019.0;Condutor;Ileso;33.0;Masculino;1.0;0.0;0.0;0.0;-5,84076841;-35,21035949;SPRF-RN;DEL01-RN;UOP01-DEL01-RN
314875.0;699641.0;2020-10-15;quinta-feira;08:50:00;RN;101.0;95;NATAL;Não;Falta de Atenção à Condução;1;Colisão traseira;Sem Vítimas;Pleno dia;Decrescente;Céu Claro;Dupla;Aclive;Sim;564117.0;Automóvel;CHEV/SPIN 18L AT PREMIER/SPIN 18L AT PREMIER;2019.0;Passageiro;Ileso;7.0;Feminino;1.0;0.0;0.0;0.0;-5,84076841;-35,21035949;SPRF-RN;DEL01-RN;UOP01-DEL01-RN
314875.0;699644.0;2020-10-15;quinta-feira;08:50:00;RN;101.0;95;NATAL;Não;Falta de Atenção à Condução;1;Colisão traseira;Sem Vítimas;Pleno dia;Decrescente;Céu Claro;Dupla;Aclive;Sim;564123.0;Automóvel;FIAT/UNO WAY 1.0/UNO WAY 1.0;2010.0;Condutor;Ileso;27.0;Masculino;1.0;0.0;0.0;0.0;-5,84076841;-35,21035949;SPRF-RN;DEL01-RN;UOP01-DEL01-RN
314875.0;699632.0;2020-10-15;quinta-feira;08:50:00;RN;101.0;95;NATAL;Não;Falta de Atenção à Condução;1;Colisão traseira;Sem Vítimas;Pleno dia;Decrescente;Céu Claro;Dupla;Aclive;Sim;564111.0;Caminhonete;MMC/TRITON SPORT GLS AT/TRITON SPORT GLS AT;2019.0;Condutor;Ileso;43.0;Masculino;1.0;0.0;0.0;0.0;-5,84076841;-35,21035949;SPRF-RN;DEL01-RN;UOP01-DEL01-RN
314875.0;699636.0;2020-10-15;quinta-feira;08:50:00;RN;101.0;95;NATAL;Não;Falta de Atenção à Condução;1;Colisão traseira;Sem Vítimas;Pleno dia;Decrescente;Céu Claro;Dupla;Aclive;Sim;564111.0;Caminhonete;MMC/TRITON SPORT GLS AT/TRITON SPORT GLS AT;2019.0;Passageiro;Ileso;46.0;Masculino;1.0;0.0;0.0;0.0;-5,84076841;-35,21035949;SPRF-RN;DEL01-RN;UOP01-DEL01-RN
314875.0;699637.0;2020-10-15;quinta-feira;08:50:00;RN;101.0;95;NATAL;Não;Falta de Atenção à Condução;1;Colisão traseira;Sem Vítimas;Pleno dia;Decrescente;Céu Claro;Dupla;Aclive;Sim;564111.0;Caminhonete;MMC/TRITON SPORT GLS AT/TRITON SPORT GLS AT;2019.0;Passageiro;Ileso;46.0;Masculino;1.0;0.0;0.0;0.0;-5,84076841;-35,21035949;SPRF-RN;DEL01-RN;UOP01-DEL01-RN
314875.0;699638.0;2020-10-15;quinta-feira;08:50:00;RN;101.0;95;NATAL;Não;Falta de Atenção à Condução;1;Colisão traseira;Sem Vítimas;Pleno dia;Decrescente;Céu Claro;Dupla;Aclive;Sim;564111.0;Caminhonete;MMC/TRITON SPORT GLS AT/TRITON SPORT GLS AT;2019.0;Passageiro;Ileso;48.0;Masculino;1.0;0.0;0.0;0.0;-5,84076841;-35,21035949;SPRF-RN;DEL01-RN;UOP01-DEL01-RN
314875.0;699642.0;2020-10-15;quinta-feira;08:50:00;RN;101.0;95;NATAL;Não;Falta de Atenção à Condução;1;Colisão traseira;Sem Vítimas;Pleno dia;Decrescente;Céu Claro;Dupla;Aclive;Sim;564120.0;Automóvel;VW/POLO HL AD/POLO HL AD;2018.0;Condutor;Ileso;38.0;Masculino;1.0;0.0;0.0;0.0;-5,84076841;-35,21035949;SPRF-RN;DEL01-RN;UOP01-DEL01-RN
314875.0;699628.0;2020-10-15;quinta-feira;08:50:00;RN;101.0;95;NATAL;Não;Falta de Atenção à Condução;1;Colisão traseira;Sem Vítimas;Pleno dia;Decrescente;Céu Claro;Dupla;Aclive;Sim;564062.0;Caminhonete;FIAT/TORO FREEDOM AT/TORO FREEDOM AT;2017.0;Condutor;Ileso;37.0;Feminino;1.0;0.0;0.0;0.0;-5,84076841;-35,21035949;SPRF-RN;DEL01-RN;UOP01-DEL01-RN
314875.0;699631.0;2020-10-15;quinta-feira;08:50:00;RN;101.0;95;NATAL;Não;Falta de Atenção à Condução;1;Colisão traseira;Sem Vítimas;Pleno dia;Decrescente;Céu Claro;Dupla;Aclive;Sim;564062.0;Caminhonete;FIAT/TORO FREEDOM AT/TORO FREEDOM AT;2017.0;Passageiro;Ileso;53.0;Feminino;1.0;0.0;0.0;0.0;-5,84076841;-35,21035949;SPRF-RN;DEL01-RN;UOP01-DEL01-RN
314875.0;699639.0;2020-10-15;quinta-feira;08:50:00;RN;101.0;95;NATAL;Sim;Desobediência às normas de trânsito pelo condutor;1;Colisão traseira;Sem Vítimas;Pleno dia;Decrescente;Céu Claro;Dupla;Aclive;Sim;564117.0;Automóvel;CHEV/SPIN 18L AT PREMIER/SPIN 18L AT PREMIER;2019.0;Condutor;Ileso;33.0;Masculino;1.0;0.0;0.0;0.0;-5,84076841;-35,21035949;SPRF-RN;DEL01-RN;UOP01-DEL01-RN
314875.0;699641.0;2020-10-15;quinta-feira;08:50:00;RN;101.0;95;NATAL;Sim;Desobediência às normas de trânsito pelo condutor;1;Colisão traseira;Sem Vítimas;Pleno dia;Decrescente;Céu Claro;Dupla;Aclive;Sim;564117.0;Automóvel;CHEV/SPIN 18L AT PREMIER/SPIN 18L AT PREMIER;2019.0;Passageiro;Ileso;7.0;Feminino;1.0;0.0;0.0;0.0;-5,84076841;-35,21035949;SPRF-RN;DEL01-RN;UOP01-DEL01-RN
314875.0;699644.0;2020-10-15;quinta-feira;08:50:00;RN;101.0;95;NATAL;Sim;Desobediência às normas de trânsito pelo condutor;1;Colisão traseira;Sem Vítimas;Pleno dia;Decrescente;Céu Claro;Dupla;Aclive;Sim;564123.0;Automóvel;FIAT/UNO WAY 1.0/UNO WAY 1.0;2010.0;Condutor;Ileso;27.0;Masculino;1.0;0.0;0.0;0.0;-5,84076841;-35,21035949;SPRF-RN;DEL01-RN;UOP01-DEL01-RN
314875.0;699632.0;2020-10-15;quinta-feira;08:50:00;RN;101.0;95;NATAL;Sim;Desobediência às normas de trânsito pelo condutor;1;Colisão traseira;Sem Vítimas;Pleno dia;Decrescente;Céu Claro;Dupla;Aclive;Sim;564111.0;Caminhonete;MMC/TRITON SPORT GLS AT/TRITON SPORT GLS AT;2019.0;Condutor;Ileso;43.0;Masculino;1.0;0.0;0.0;0.0;-5,84076841;-35,21035949;SPRF-RN;DEL01-RN;UOP01-DEL01-RN
314875.0;699636.0;2020-10-15;quinta-feira;08:50:00;RN;101.0;95;NATAL;Sim;Desobediência às normas de trânsito pelo condutor;1;Colisão traseira;Sem Vítimas;Pleno dia;Decrescente;Céu Claro;Dupla;Aclive;Sim;564111.0;Caminhonete;MMC/TRITON SPORT GLS AT/TRITON SPORT GLS AT;2019.0;Passageiro;Ileso;46.0;Masculino;1.0;0.0;0.0;0.0;-5,84076841;-35,21035949;SPRF-RN;DEL01-RN;UOP01-DEL01-RN
314875.0;699637.0;2020-10-15;quinta-feira;08:50:00;RN;101.0;95;NATAL;Sim;Desobediência às normas de trânsito pelo condutor;1;Colisão traseira;Sem Vítimas;Pleno dia;Decrescente;Céu Claro;Dupla;Aclive;Sim;564111.0;Caminhonete;MMC/TRITON SPORT GLS AT/TRITON SPORT GLS AT;2019.0;Passageiro;Ileso;46.0;Masculino;1.0;0.0;0.0;0.0;-5,84076841;-35,21035949;SPRF-RN;DEL01-RN;UOP01-DEL01-RN
314875.0;699638.0;2020-10-15;quinta-feira;08:50:00;RN;101.0;95;NATAL;Sim;Desobediência às normas de trânsito pelo condutor;1;Colisão traseira;Sem Vítimas;Pleno dia;Decrescente;Céu Claro;Dupla;Aclive;Sim;564111.0;Caminhonete;MMC/TRITON SPORT GLS AT/TRITON SPORT GLS AT;2019.0;Passageiro;Ileso;48.0;Masculino;1.0;0.0;0.0;0.0;-5,84076841;-35,21035949;SPRF-RN;DEL01-RN;UOP01-DEL01-RN
314875.0;699642.0;2020-10-15;quinta-feira;08:50:00;RN;101.0;95;NATAL;Sim;Desobediência às normas de trânsito pelo condutor;1;Colisão traseira;Sem Vítimas;Pleno dia;Decrescente;Céu Claro;Dupla;Aclive;Sim;564120.0;Automóvel;VW/POLO HL AD/POLO HL AD;2018.0;Condutor;Ileso;38.0;Masculino;1.0;0.0;0.0;0.0;-5,84076841;-35,21035949;SPRF-RN;DEL01-RN;UOP01-DEL01-RN
314875.0;699628.0;2020-10-15;quinta-feira;08:50:00;RN;101.0;95;NATAL;Sim;Desobediência às normas de trânsito pelo condutor;1;Colisão traseira;Sem Vítimas;Pleno dia;Decrescente;Céu Claro;Dupla;Aclive;Sim;564062.0;Caminhonete;FIAT/TORO FREEDOM AT/TORO FREEDOM AT;2017.0;Condutor;Ileso;37.0;Feminino;1.0;0.0;0.0;0.0;-5,84076841;-35,21035949;SPRF-RN;DEL01-RN;UOP01-DEL01-RN
314875.0;699631.0;2020-10-15;quinta-feira;08:50:00;RN;101.0;95;NATAL;Sim;Desobediência às normas de trânsito pelo condutor;1;Colisão traseira;Sem Vítimas;Pleno dia;Decrescente;Céu Claro;Dupla;Aclive;Sim;564062.0;Caminhonete;FIAT/TORO FREEDOM AT/TORO FREEDOM AT;2017.0;Passageiro;Ileso;53.0;Feminino;1.0;0.0;0.0;0.0;-5,84076841;-35,21035949;SPRF-RN;DEL01-RN;UOP01-DEL01-RN
314896.0;701691.0;2020-10-15;quinta-feira;11:10:00;RN;101.0;95;NATAL;Não;Desobediência às normas de trânsito pelo condutor;2;Tombamento;Com Vítimas Feridas;Pleno dia;Crescente;Céu Claro;Simples;Reta;Sim;564131.0;Automóvel;HYUNDAI/HB20 1.0M 1.0 M/HB20 1.0M 1.0 M;2013.0;Condutor;Ileso;65.0;Feminino;1.0;0.0;0.0;0.0;-5,84054563;-35,21082943;SPRF-RN;DEL01-RN;UOP01-DEL01-RN
314896.0;701692.0;2020-10-15;quinta-feira;11:10:00;RN;101.0;95;NATAL;Não;Desobediência às normas de trânsito pelo condutor;2;Tombamento;Com Vítimas Feridas;Pleno dia;Crescente;Céu Claro;Simples;Reta;Sim;564132.0;Motocicleta;HONDA/NXR150 BROS ESD/NXR150 BROS ESD;2012.0;Condutor;Lesões Leves;48.0;Masculino;0.0;1.0;0.0;0.0;-5,84054563;-35,21082943;SPRF-RN;DEL01-RN;UOP01-DEL01-RN
314896.0;701691.0;2020-10-15;quinta-feira;11:10:00;RN;101.0;95;NATAL;Sim;Falta de Atenção à Condução;2;Tombamento;Com Vítimas Feridas;Pleno dia;Crescente;Céu Claro;Simples;Reta;Sim;564131.0;Automóvel;HYUNDAI/HB20 1.0M 1.0 M/HB20 1.0M 1.0 M;2013.0;Condutor;Ileso;65.0;Feminino;1.0;0.0;0.0;0.0;-5,84054563;-35,21082943;SPRF-RN;DEL01-RN;UOP01-DEL01-RN
314896.0;701692.0;2020-10-15;quinta-feira;11:10:00;RN;101.0;95;NATAL;Sim;Falta de Atenção à Condução;2;Tombamento;Com Vítimas Feridas;Pleno dia;Crescente;Céu Claro;Simples;Reta;Sim;564132.0;Motocicleta;HONDA/NXR150 BROS ESD/NXR150 BROS ESD;2012.0;Condutor;Lesões Leves;48.0;Masculino;0.0;1.0;0.0;0.0;-5,84054563;-35,21082943;SPRF-RN;DEL01-RN;UOP01-DEL01-RN
314896.0;701691.0;2020-10-15;quinta-feira;11:10:00;RN;101.0;95;NATAL;Não;Desobediência às normas de trânsito pelo condutor;1;Colisão traseira;Com Vítimas Feridas;Pleno dia;Crescente;Céu Claro;Simples;Reta;Sim;564131.0;Automóvel;HYUNDAI/HB20 1.0M 1.0 M/HB20 1.0M 1.0 M;2013.0;Condutor;Ileso;65.0;Feminino;1.0;0.0;0.0;0.0;-5,84054563;-35,21082943;SPRF-RN;DEL01-RN;UOP01-DEL01-RN
314896.0;701692.0;2020-10-15;quinta-feira;11:10:00;RN;101.0;95;NATAL;Não;Desobediência às normas de trânsito pelo condutor;1;Colisão traseira;Com Vítimas Feridas;Pleno dia;Crescente;Céu Claro;Simples;Reta;Sim;564132.0;Motocicleta;HONDA/NXR150 BROS ESD/NXR150 BROS ESD;2012.0;Condutor;Lesões Leves;48.0;Masculino;0.0;1.0;0.0;0.0;-5,84054563;-35,21082943;SPRF-RN;DEL01-RN;UOP01-DEL01-RN
314896.0;701691.0;2020-10-15;quinta-feira;11:10:00;RN;101.0;95;NATAL;Sim;Falta de Atenção à Condução;1;Colisão traseira;Com Vítimas Feridas;Pleno dia;Crescente;Céu Claro;Simples;Reta;Sim;564131.0;Automóvel;HYUNDAI/HB20 1.0M 1.0 M/HB20 1.0M 1.0 M;2013.0;Condutor;Ileso;65.0;Feminino;1.0;0.0;0.0;0.0;-5,84054563;-35,21082943;SPRF-RN;DEL01-RN;UOP01-DEL01-RN
314896.0;701692.0;2020-10-15;quinta-feira;11:10:00;RN;101.0;95;NATAL;Sim;Falta de Atenção à Condução;1;Colisão traseira;Com Vítimas Feridas;Pleno dia;Crescente;Céu Claro;Simples;Reta;Sim;564132.0;Motocicleta;HONDA/NXR150 BROS ESD/NXR150 BROS ESD;2012.0;Condutor;Lesões Leves;48.0;Masculino;0.0;1.0;0.0;0.0;-5,84054563;-35,21082943;SPRF-RN;DEL01-RN;UOP01-DEL01-RN
315243.0;701938.0;2020-10-17;sábado;02:30:00;RN;101.0;96,1;NATAL;Sim;Desobediência às normas de trânsito pelo condutor;1;Colisão frontal;Com Vítimas Feridas;Plena Noite;Crescente;Céu Claro;Dupla;Viaduto;Sim;564734.0;Automóvel;FORD/KA SE 1.0 HA C/KA SE 1.0 HA C;2019.0;Condutor;Ileso;31.0;Masculino;1.0;0.0;0.0;0.0;-5,84949622;-35,20890752;SPRF-RN;DEL01-RN;UOP01-DEL01-RN
315243.0;701943.0;2020-10-17;sábado;02:30:00;RN;101.0;96,1;NATAL;Sim;Desobediência às normas de trânsito pelo condutor;1;Colisão frontal;Com Vítimas Feridas;Plena Noite;Crescente;Céu Claro;Dupla;Viaduto;Sim;564735.0;Automóvel;CHEVROLET/PRISMA 1.4L LT/PRISMA 1.4L LT;2011.0;Condutor;Lesões Leves;43.0;Masculino;0.0;1.0;0.0;0.0;-5,84949622;-35,20890752;SPRF-RN;DEL01-RN;UOP01-DEL01-RN
315795.0;701629.0;2020-10-19;segunda-feira;18:30:00;RN;101.0;83,8;NATAL;Sim;Desobediência às normas de trânsito pelo condutor;1;Colisão lateral;Com Vítimas Feridas;Plena Noite;Decrescente;Céu Claro;Dupla;Reta;Sim;565752.0;Motocicleta;HONDA/NXR160 BROS ESDD/NXR160 BROS ESDD;2018.0;Condutor;Ileso;23.0;Masculino;1.0;0.0;0.0;0.0;-5,7710445;-35,26616981;SPRF-RN;DEL02-RN;UOP01-DEL02-RN
315795.0;701642.0;2020-10-19;segunda-feira;18:30:00;RN;101.0;83,8;NATAL;Sim;Desobediência às normas de trânsito pelo condutor;1;Colisão lateral;Com Vítimas Feridas;Plena Noite;Decrescente;Céu Claro;Dupla;Reta;Sim;565752.0;Motocicleta;HONDA/NXR160 BROS ESDD/NXR160 BROS ESDD;2018.0;Passageiro;Lesões Leves;34.0;Feminino;0.0;1.0;0.0;0.0;-5,7710445;-35,26616981;SPRF-RN;DEL02-RN;UOP01-DEL02-RN
315795.0;701631.0;2020-10-19;segunda-feira;18:30:00;RN;101.0;83,8;NATAL;Sim;Desobediência às normas de trânsito pelo condutor;1;Colisão lateral;Com Vítimas Feridas;Plena Noite;Decrescente;Céu Claro;Dupla;Reta;Sim;565753.0;Caminhão;M.BENZ/915E BLINFORT/915E BLINFORT;2018.0;Condutor;Ileso;38.0;Masculino;1.0;0.0;0.0;0.0;-5,7710445;-35,26616981;SPRF-RN;DEL02-RN;UOP01-DEL02-RN
315872.0;704023.0;2020-10-20;terça-feira;08:00:00;RN;101.0;97,9;NATAL;Sim;Não guardar distância de segurança;1;Colisão traseira;Com Vítimas Feridas;Pleno dia;Decrescente;Céu Claro;Múltipla;Reta;Sim;566223.0;Utilitário;MMC/PAJERO TR4 FLEX/PAJERO TR4 FLEX;2007.0;Condutor;Ileso;43.0;Masculino;1.0;0.0;0.0;0.0;-5,85758898;-35,21271205;SPRF-RN;DEL01-RN;UOP01-DEL01-RN