id;pesid;data_inversa;dia_semana;horario;uf;br;km;municipio;causa_principal;causa_acidente;ordem_tipo_acidente;tipo_acidente;classificacao_acidente;fase_dia;sentido_via;condicao_metereologica;tipo_pista;tracado_via;uso_solo;id_veiculo;tipo_veiculo;marca;ano_fabricacao_veiculo;tipo_envolvido;estado_fisico;idade;sexo;ilesos;feridos_leves;feridos_graves;mortos;latitude;longitude;regional;delegacia;uop
315872.0;704028.0;2020-10-20;terça-feira;08:00:00;RN;101.0;97,9;NATAL;Sim;Não guardar distância de segurança;1;Colisão traseira;Com Vítimas Feridas;Pleno dia;Decrescente;Céu Claro;Múltipla;Reta;Sim;566224.0;Motocicleta;HONDA/NC 750X/NC 750X;2016.0;Condutor;Lesões Leves;44.0;Masculino;0.0;1.0;0.0;0.0;-5,85758898;-35,21271205;SPRF-RN;DEL01-RN;UOP01-DEL01-RN
316261.0;702725.0;2020-10-22;quinta-feira;07:15:00;RN;101.0;74;NATAL;Sim;Falta de Atenção à Condução;1;Colisão frontal;Com Vítimas Feridas;Pleno dia;Decrescente;Nublado;Simples;Aclive;Não;566698.0;Automóvel;CHEVROLET/CLASSIC/CLASSIC;2009.0;Condutor;Lesões Graves;37.0;Masculino;0.0;0.0;1.0;0.0;-5,71406254;-35,27232767;SPRF-RN;DEL02-RN;UOP01-DEL02-RN
316261.0;702733.0;2020-10-22;quinta-feira;07:15:00;RN;101.0;74;NATAL;Sim;Falta de Atenção à Condução;1;Colisão frontal;Com Vítimas Feridas;Pleno dia;Decrescente;Nublado;Simples;Aclive;Não;566698.0;Automóvel;CHEVROLET/CLASSIC/CLASSIC;2009.0;Passageiro;Lesões Graves;39.0;Feminino;0.0;0.0;1.0;0.0;-5,71406254;-35,27232767;SPRF-RN;DEL02-RN;UOP01-DEL02-RN
316261.0;702731.0;2020-10-22;quinta-feira;07:15:00;RN;101.0;74;NATAL;Sim;Falta de Atenção à Condução;1;Colisão frontal;Com Vítimas Feridas;Pleno dia;Decrescente;Nublado;Simples;Aclive;Não;566698.0;Automóvel;CHEVROLET/CLASSIC/CLASSIC;2009.0;Passageiro;Lesões Graves;38.0;Masculino;0.0;0.0;1.0;0.0;-5,71406254;-35,27232767;SPRF-RN;DEL02-RN;UOP01-DEL02-RN
316261.0;702740.0;2020-10-22;quinta-feira;07:15:00;RN;101.0;74;NATAL;Sim;Falta de Atenção à Condução;1;Colisão frontal;Com Vítimas Feridas;Pleno dia;Decrescente;Nublado;Simples;Aclive;Não;566698.0;Automóvel;CHEVROLET/CLASSIC/CLASSIC;2009.0;Passageiro;Lesões Graves;72.0;Feminino;0.0;0.0;1.0;0.0;-5,71406254;-35,27232767;SPRF-RN;DEL02-RN;UOP01-DEL02-RN
316261.0;702741.0;2020-10-22;quinta-feira;07:15:00;RN;101.0;74;NATAL;Sim;Falta de Atenção à Condução;1;Colisão frontal;Com Vítimas Feridas;Pleno dia;Decrescente;Nublado;Simples;Aclive;Não;566698.0;Automóvel;CHEVROLET/CLASSIC/CLASSIC;2009.0;Passageiro;Lesões Leves;5.0;Masculino;0.0;1.0;0.0;0.0;-5,71406254;-35,27232767;SPRF-RN;DEL02-RN;UOP01-DEL02-RN
316261.0;702723.0;2020-10-22;quinta-feira;07:15:00;RN;101.0;74;NATAL;Sim;Falta de Atenção à Condução;1;Colisão frontal;Com Vítimas Feridas;Pleno dia;Decrescente;Nublado;Simples;Aclive;Não;566697.0;Automóvel;FIAT/PALIO EL/PALIO EL;1996.0;Condutor;Lesões Graves;33.0;Feminino;0.0;0.0;1.0;0.0;-5,71406254;-35,27232767;SPRF-RN;DEL02-RN;UOP01-DEL02-RN
316273.0;703092.0;2020-10-22;quinta-feira;08:20:00;RN;101.0;96,3;NATAL;Sim;Não guardar distância de segurança;2;Tombamento;Com Vítimas Feridas;Pleno dia;Crescente;Nublado;Múltipla;Interseção de Vias;Sim;566793.0;Motocicleta;HONDA/CG 125 FAN KS/CG 125 FAN KS;2011.0;Passageiro;Lesões Leves;47.0;Feminino;0.0;1.0;0.0;0.0;-5,84969727;-35,20943284;SPRF-RN;DEL01-RN;UOP01-DEL01-RN
316273.0;703090.0;2020-10-22;quinta-feira;08:20:00;RN;101.0;96,3;NATAL;Sim;Não guardar distância de segurança;2;Tombamento;Com Vítimas Feridas;Pleno dia;Crescente;Nublado;Múltipla;Interseção de Vias;Sim;566793.0;Motocicleta;HONDA/CG 125 FAN KS/CG 125 FAN KS;2011.0;Condutor;Lesões Leves;32.0;Feminino;0.0;1.0;0.0;0.0;-5,84969727;-35,20943284;SPRF-RN;DEL01-RN;UOP01-DEL01-RN
316273.0;703091.0;2020-10-22;quinta-feira;08:20:00;RN;101.0;96,3;NATAL;Sim;Não guardar distância de segurança;2;Tombamento;Com Vítimas Feridas;Pleno dia;Crescente;Nublado;Múltipla;Interseção de Vias;Sim;566794.0;Caminhonete;I/VW AMAROK CD 4X4 HIGH/VW AMAROK CD 4X4 HIGH;2015.0;Condutor;Ileso;26.0;Feminino;1.0;0.0;0.0;0.0;-5,84969727;-35,20943284;SPRF-RN;DEL01-RN;UOP01-DEL01-RN
316273.0;703092.0;2020-10-22;quinta-feira;08:20:00;RN;101.0;96,3;NATAL;Sim;Não guardar distância de segurança;1;Colisão lateral;Com Vítimas Feridas;Pleno dia;Crescente;Nublado;Múltipla;Interseção de Vias;Sim;566793.0;Motocicleta;HONDA/CG 125 FAN KS/CG 125 FAN KS;2011.0;Passageiro;Lesões Leves;47.0;Feminino;0.0;1.0;0.0;0.0;-5,84969727;-35,20943284;SPRF-RN;DEL01-RN;UOP01-DEL01-RN
316273.0;703090.0;2020-10-22;quinta-feira;08:20:00;RN;101.0;96,3;NATAL;Sim;Não guardar distância de segurança;1;Colisão lateral;Com Vítimas Feridas;Pleno dia;Crescente;Nublado;Múltipla;Interseção de Vias;Sim;566793.0;Motocicleta;HONDA/CG 125 FAN KS/CG 125 FAN KS;2011.0;Condutor;Lesões Leves;32.0;Feminino;0.0;1.0;0.0;0.0;-5,84969727;-35,20943284;SPRF-RN;DEL01-RN;UOP01-DEL01-RN
316273.0;703091.0;2020-10-22;quinta-feira;08:20:00;RN;101.0;96,3;NATAL;Sim;Não guardar distância de segurança;1;Colisão lateral;Com Vítimas Feridas;Pleno dia;Crescente;Nublado;Múltipla;Interseção de Vias;Sim;566794.0;Caminhonete;I/VW AMAROK CD 4X4 HIGH/VW AMAROK CD 4X4 HIGH;2015.0;Condutor;Ileso;26.0;Feminino;1.0;0.0;0.0;0.0;-5,84969727;-35,20943284;SPRF-RN;DEL01-RN;UOP01-DEL01-RN
316374.0;704982.0;2020-10-22;quinta-feira;16:15:00;RN;101.0;97,5;NATAL;Sim;Desobediência às normas de trânsito pelo condutor;1;Tombamento;Com Vítimas Feridas;Pleno dia;Crescente;Nublado;Múltipla;Túnel;Sim;568649.0;Automóvel;Não Informado/Não Informado/Não Informado;0.0;Condutor;Não Informado;;Não Informado;0.0;0.0;0.0;0.0;-5,85758898;-35,21271205;SPRF-RN;DEL01-RN;UOP01-DEL01-RN
316374.0;704981.0;2020-10-22;quinta-feira;16:15:00;RN;101.0;97,5;NATAL;Sim;Desobediência às normas de trânsito pelo condutor;1;Tombamento;Com Vítimas Feridas;Pleno dia;Crescente;Nublado;Múltipla;Túnel;Sim;566874.0;Motocicleta;JTA/SUZUKI EN125 YES/SUZUKI EN125 YES;2009.0;Condutor;Lesões Leves;61.0;Masculino;0.0;1.0;0.0;0.0;-5,85758898;-35,21271205;SPRF-RN;DEL01-RN;UOP01-DEL01-RN
317641.0;707954.0;2020-10-28;quarta-feira;18:00:00;RN;101.0;95,5;NATAL;Sim;Não guardar distância de segurança;1;Colisão traseira;Com Vítimas Feridas;Plena Noite;Crescente;Céu Claro;Múltipla;Reta;Sim;569291.0;Automóvel;VW/NOVO GOL 1.0/NOVO GOL 1.0;2013.0;Condutor;Ileso;20.0;Masculino;1.0;0.0;0.0;0.0;-5,84185259;-35,21018386;SPRF-RN;DEL01-RN;UOP01-DEL01-RN
317641.0;707955.0;2020-10-28;quarta-feira;18:00:00;RN;101.0;95,5;NATAL;Sim;Não guardar distância de segurança;1;Colisão traseira;Com Vítimas Feridas;Plena Noite;Crescente;Céu Claro;Múltipla;Reta;Sim;569292.0;Motocicleta;YAMAHA/XTZ150 CROSSER ED/XTZ150 CROSSER ED;2017.0;Condutor;Lesões Leves;31.0;Masculino;0.0;1.0;0.0;0.0;-5,84185259;-35,21018386;SPRF-RN;DEL01-RN;UOP01-DEL01-RN
318199.0;709254.0;2020-10-31;sábado;08:00:00;RN;101.0;99;NATAL;Sim;Desobediência às normas de trânsito pelo condutor;1;Colisão lateral;Com Vítimas Feridas;Pleno dia;Crescente;Sol;Dupla;Retorno Regulamentado;Sim;570397.0;Automóvel;FORD/KA FLEX/KA FLEX;2009.0;Condutor;Ileso;32.0;Masculino;1.0;0.0;0.0;0.0;-5,87359183;-35,22063023;SPRF-RN;DEL01-RN;UOP01-DEL01-RN
318199.0;709250.0;2020-10-31;sábado;08:00:00;RN;101.0;99;NATAL;Sim;Desobediência às normas de trânsito pelo condutor;1;Colisão lateral;Com Vítimas Feridas;Pleno dia;Crescente;Sol;Dupla;Retorno Regulamentado;Sim;570396.0;Motocicleta;YAMAHA/YBR150 FACTOR E/YBR150 FACTOR E;2016.0;Condutor;Lesões Leves;37.0;Masculino;0.0;1.0;0.0;0.0;-5,87359183;-35,22063023;SPRF-RN;DEL01-RN;UOP01-DEL01-RN
318202.0;708780.0;2020-10-31;sábado;07:15:00;RN;101.0;85,9;NATAL;Sim;Desobediência às normas de trânsito pelo condutor;2;Queda de ocupante de veículo;Com Vítimas Feridas;Pleno dia;Crescente;Nublado;Dupla;Ponte;Sim;570375.0;Automóvel;VW/POLO MCA/POLO MCA;2020.0;Condutor;Ileso;68.0;Feminino;1.0;0.0;0.0;0.0;-5,777664;-35,24937;SPRF-RN;DEL02-RN;UOP01-DEL02-RN
318202.0;708793.0;2020-10-31;sábado;07:15:00;RN;101.0;85,9;NATAL;Sim;Desobediência às normas de trânsito pelo condutor;2;Queda de ocupante de veículo;Com Vítimas Feridas;Pleno dia;Crescente;Nublado;Dupla;Ponte;Sim;570376.0;Motocicleta;HONDA/CG 125 FAN KS/CG 125 FAN KS;2010.0;Condutor;Lesões Leves;30.0;Masculino;0.0;1.0;0.0;0.0;-5,777664;-35,24937;SPRF-RN;DEL02-RN;UOP01-DEL02-RN
318202.0;708780.0;2020-10-31;sábado;07:15:00;RN;101.0;85,9;NATAL;Sim;Desobediência às normas de trânsito pelo condutor;1;Colisão lateral;Com Vítimas Feridas;Pleno dia;Crescente;Nublado;Dupla;Ponte;Sim;570375.0;Automóvel;VW/POLO MCA/POLO MCA;2020.0;Condutor;Ileso;68.0;Feminino;1.0;0.0;0.0;0.0;-5,777664;-35,24937;SPRF-RN;DEL02-RN;UOP01-DEL02-RN
318202.0;708793.0;2020-10-31;sábado;07:15:00;RN;101.0;85,9;NATAL;Sim;Desobediência às normas de trânsito pelo condutor;1;Colisão lateral;Com Vítimas Feridas;Pleno dia;Crescente;Nublado;Dupla;Ponte;Sim;570376.0;Motocicleta;HONDA/CG 125 FAN KS/CG 125 FAN KS;2010.0;Condutor;Lesões Leves;30.0;Masculino;0.0;1.0;0.0;0.0;-5,777664;-35,24937;SPRF-RN;DEL02-RN;UOP01-DEL02-RN
318621.0;708135.0;2020-11-01;domingo;21:40:00;RN;101.0;99;NATAL;Sim;Ingestão de Álcool;1;Colisão transversal;Sem Vítimas;Plena Noite;Decrescente;Céu Claro;Dupla;Reta;Sim;570950.0;Automóvel;I/AUDI A3 LM 122CV I/AUDI A3 LM 122CV I;2015.0;Condutor;Ileso;20.0;Masculino;1.0;0.0;0.0;0.0;-5,86567888;-35,21651625;SPRF-RN;DEL01-RN;UOP01-DEL01-RN
318621.0;708137.0;2020-11-01;domingo;21:40:00;RN;101.0;99;NATAL;Sim;Ingestão de Álcool;1;Colisão transversal;Sem Vítimas;Plena Noite;Decrescente;Céu Claro;Dupla;Reta;Sim;570951.0;Automóvel;VW/NIVUS CL TSI AD/NIVUS CL TSI AD;2020.0;Condutor;Ileso;48.0;Feminino;1.0;0.0;0.0;0.0;-5,86567888;-35,21651625;SPRF-RN;DEL01-RN;UOP01-DEL01-RN
318728.0;708225.0;2020-11-02;segunda-feira;13:50:00;RN;101.0;95;NATAL;Sim;Falta de Atenção à Condução;1;Colisão lateral;Com Vítimas Feridas;Pleno dia;Crescente;Céu Claro;Dupla;Aclive;Sim;571255.0;Motocicleta;HONDA/CB 250F TWISTER/CB 250F TWISTER;2017.0;Condutor;Lesões Leves;35.0;Masculino;0.0;1.0;0.0;0.0;-5,84076841;-35,21035949;SPRF-RN;DEL01-RN;UOP01-DEL01-RN
318728.0;708226.0;2020-11-02;segunda-feira;13:50:00;RN;101.0;95;NATAL;Sim;Falta de Atenção à Condução;1;Colisão lateral;Com Vítimas Feridas;Pleno dia;Crescente;Céu Claro;Dupla;Aclive;Sim;571256.0;Ônibus;VW/INDUSCAR APACHE U/INDUSCAR APACHE U;2011.0;Condutor;Ileso;34.0;Masculino;1.0;0.0;0.0;0.0;-5,84076841;-35,21035949;SPRF-RN;DEL01-RN;UOP01-DEL01-RN
319365.0;709872.0;2020-11-05;quinta-feira;18:50:00;RN;101.0;81;NATAL;Sim;Falta de Atenção à Condução;1;Colisão lateral;Sem Vítimas;Plena Noite;Decrescente;Céu Claro;Dupla;Reta;Sim;572455.0;Automóvel;TOYOTA/COROLLA XEI/COROLLA XEI;1999.0;Condutor;Ileso;43.0;Masculino;1.0;0.0;0.0;0.0;-5,76469466;-35,28295988;SPRF-RN;DEL02-RN;UOP01-DEL02-RN
319365.0;709873.0;2020-11-05;quinta-feira;18:50:00;RN;101.0;81;NATAL;Sim;Falta de Atenção à Condução;1;Colisão lateral;Sem Vítimas;Plena Noite;Decrescente;Céu Claro;Dupla;Reta;Sim;572456.0;Caminhonete;IMP/TOYOTA HILUX 4CS/TOYOTA HILUX 4CS;0.0;Condutor;Não Informado;;Não Informado;0.0;0.0;0.0;0.0;-5,76469466;-35,28295988;SPRF-RN;DEL02-RN;UOP01-DEL02-RN
319576.0;711815.0;2020-11-06;sexta-feira;22:10:00;RN;101.0;83,5;NATAL;Sim;Defeito Mecânico no Veículo;1;Queda de ocupante de veículo;Com Vítimas Feridas;Plena Noite;Decrescente;Céu Claro;Dupla;Reta;Sim;572788.0;Motoneta;HONDA/BIZ 125/BIZ 125;2017.0;Condutor;Lesões Leves;40.0;Feminino;0.0;1.0;0.0;0.0;-5,7710445;-35,26616981;SPRF-RN;DEL02-RN;UOP01-DEL02-RN
319576.0;711816.0;2020-11-06;sexta-feira;22:10:00;RN;101.0;83,5;NATAL;Sim;Defeito Mecânico no Veículo;1;Queda de ocupante de veículo;Com Vítimas Feridas;Plena Noite;Decrescente;Céu Claro;Dupla;Reta;Sim;572788.0;Motoneta;HONDA/BIZ 125/BIZ 125;2017.0;Passageiro;Ileso;50.0;Feminino;1.0;0.0;0.0;0.0;-5,7710445;-35,26616981;SPRF-RN;DEL02-RN;UOP01-DEL02-RN
319634.0;711623.0;2020-11-07;sábado;06:59:00;RN;101.0;97;NATAL;Não;Ingestão de Álcool;2;Tombamento;Com Vítimas Feridas;Pleno dia;Crescente;Sol;Múltipla;Reta;Sim;572983.0;Motoneta;HONDA/PCX 150/PCX 150;2014.0;Condutor;Ileso;;Feminino;1.0;0.0;0.0;0.0;-5,85620774;-35,21228671;SPRF-RN;DEL01-RN;UOP01-DEL01-RN
319634.0;711624.0;2020-11-07;sábado;06:59:00;RN;101.0;97;NATAL;Não;Ingestão de Álcool;2;Tombamento;Com Vítimas Feridas;Pleno dia;Crescente;Sol;Múltipla;Reta;Sim;;;NA/NA/NA;;Testemunha;Não Informado;;Não Informado;0.0;0.0;0.0;0.0;-5,85620774;-35,21228671;SPRF-RN;DEL01-RN;UOP01-DEL01-RN
319634.0;711635.0;2020-11-07;sábado;06:59:00;RN;101.0;97;NATAL;Não;Ingestão de Álcool;2;Tombamento;Com Vítimas Feridas;Pleno dia;Crescente;Sol;Múltipla;Reta;Sim;;;NA/NA/NA;;Pedestre;Lesões Leves;;Masculino;0.0;1.0;0.0;0.0;-5,85620774;-35,21228671;SPRF-RN;DEL01-RN;UOP01-DEL01-RN
319634.0;711623.0;2020-11-07;sábado;06:59:00;RN;101.0;97;NATAL;Sim;Falta de Atenção do Pedestre;2;Tombamento;Com Vítimas Feridas;Pleno dia;Crescente;Sol;Múltipla;Reta;Sim;572983.0;Motoneta;HONDA/PCX 150/PCX 150;2014.0;Condutor;Ileso;;Feminino;1.0;0.0;0.0;0.0;-5,85620774;-35,21228671;SPRF-RN;DEL01-RN;UOP01-DEL01-RN
319634.0;711624.0;2020-11-07;sábado;06:59:00;RN;101.0;97;NATAL;Sim;Falta de Atenção do Pedestre;2;Tombamento;Com Vítimas Feridas;Pleno dia;Crescente;Sol;Múltipla;Reta;Sim;;;NA/NA/NA;;Testemunha;Não Informado;;Não Informado;0.0;0.0;0.0;0.0;-5,85620774;-35,21228671;SPRF-RN;DEL01-RN;UOP01-DEL01-RN
319634.0;711635.0;2020-11-07;sábado;06:59:00;RN;101.0;97;NATAL;Sim;Falta de Atenção do Pedestre;2;Tombamento;Com Vítimas Feridas;Pleno dia;Crescente;Sol;Múltipla;Reta;Sim;;;NA/NA/NA;;Pedestre;Lesões Leves;;Masculino;0.0;1.0;0.0;0.0;-5,85620774;-35,21228671;SPRF-RN;DEL01-RN;UOP01-DEL01-RN
319634.0;711623.0;2020-11-07;sábado;06:59:00;RN;101.0;97;NATAL;Não;Ingestão de Álcool;1;Atropelamento de Pedestre;Com Vítimas Feridas;Pleno dia;Crescente;Sol;Múltipla;Reta;Sim;572983.0;Motoneta;HONDA/PCX 150/PCX 150;2014.0;Condutor;Ileso;;Feminino;1.0;0.0;0.0;0.0;-5,85620774;-35,21228671;SPRF-RN;DEL01-RN;UOP01-DEL01-RN
319634.0;711624.0;2020-11-07;sábado;06:59:00;RN;101.0;97;NATAL;Não;Ingestão de Álcool;1;Atropelamento de Pedestre;Com Vítimas Feridas;Pleno dia;Crescente;Sol;Múltipla;Reta;Sim;;;NA/NA/NA;;Testemunha;Não Informado;;Não Informado;0.0;0.0;0.0;0.0;-5,85620774;-35,21228671;SPRF-RN;DEL01-RN;UOP01-DEL01-RN
319634.0;711635.0;2020-11-07;sábado;06:59:00;RN;101.0;97;NATAL;Não;Ingestão de Álcool;1;Atropelamento de Pedestre;Com Vítimas Feridas;Pleno dia;Crescente;Sol;Múltipla;Reta;Sim;;;NA/NA/NA;;Pedestre;Lesões Leves;;Masculino;0.0;1.0;0.0;0.0;-5,85620774;-35,21228671;SPRF-RN;DEL01-RN;UOP01-DEL01-RN
319634.0;711623.0;2020-11-07;sábado;06:59:00;RN;101.0;97;NATAL;Sim;Falta de Atenção do Pedestre;1;Atropelamento de Pedestre;Com Vítimas Feridas;Pleno dia;Crescente;Sol;Múltipla;Reta;Sim;572983.0;Motoneta;HONDA/PCX 150/PCX 150;2014.0;Condutor;Ileso;;Feminino;1.0;0.0;0.0;0.0;-5,85620774;-35,21228671;SPRF-RN;DEL01-RN;UOP01-DEL01-RN
319634.0;711624.0;2020-11-07;sábado;06:59:00;RN;101.0;97;NATAL;Sim;Falta de Atenção do Pedestre;1;Atropelamento de Pedestre;Com Vítimas Feridas;Pleno dia;Crescente;Sol;Múltipla;Reta;Sim;;;NA/NA/NA;;Testemunha;Não Informado;;Não Informado;0.0;0.0;0.0;0.0;-5,85620774;-35,21228671;SPRF-RN;DEL01-RN;UOP01-DEL01-RN
319634.0;711635.0;2020-11-07;sábado;06:59:00;RN;101.0;97;NATAL;Sim;Falta de Atenção do Pedestre;1;Atropelamento de Pedestre;Com Vítimas Feridas;Pleno dia;Crescente;Sol;Múltipla;Reta;Sim;;;NA/NA/NA;;Pedestre;Lesões Leves;;Masculino;0.0;1.0;0.0;0.0;-5,85620774;-35,21228671;SPRF-RN;DEL01-RN;UOP01-DEL01-RN
320152.0;713404.0;2020-11-09;segunda-feira;06:50:00;RN;101.0;98,3;NATAL;Sim;Não guardar distância de segurança;1;Colisão traseira;Com Vítimas Feridas;Pleno dia;Decrescente;Garoa/Chuvisco;Dupla;Reta;Sim;574072.0;Automóvel;FIAT/SIENA 1.4 TETRAFUEL/SIENA 1.4 TETRAFUEL;2008.0;Condutor;Lesões Leves;25.0;Feminino;0.0;1.0;0.0;0.0;-5,86567888;-35,21651625;SPRF-RN;DEL01-RN;UOP01-DEL01-RN
320152.0;719173.0;2020-11-09;segunda-feira;06:50:00;RN;101.0;98,3;NATAL;Sim;Não guardar distância de segurança;1;Colisão traseira;Com Vítimas Feridas;Pleno dia;Decrescente;Garoa/Chuvisco;Dupla;Reta;Sim;580341.0;Caminhonete;Não Informado/Não Informado/Não Informado;0.0;Condutor;Ileso;;Ignorado;1.0;0.0;0.0;0.0;-5,86567888;-35,21651625;SPRF-RN;DEL01-RN;UOP01-DEL01-RN
320256.0;711580.0;2020-11-09;segunda-feira;15:20:00;RN;101.0;85,9;NATAL;Sim;Não guardar distância de segurança;1;Colisão traseira;Com Vítimas Feridas;Pleno dia;Decrescente;Garoa/Chuvisco;Dupla;Ponte;Sim;573919.0;Automóvel;FIAT/UNO VIVACE 1.0/UNO VIVACE 1.0;2010.0;Condutor;Ileso;27.0;Masculino;1.0;0.0;0.0;0.0;-5,78406536;-35,24662971;SPRF-RN;DEL02-RN;UOP01-DEL02-RN
320256.0;711585.0;2020-11-09;segunda-feira;15:20:00;RN;101.0;85,9;NATAL;Sim;Não guardar distância de segurança;1;Colisão traseira;Com Vítimas Feridas;Pleno dia;Decrescente;Garoa/Chuvisco;Dupla;Ponte;Sim;573919.0;Automóvel;FIAT/UNO VIVACE 1.0/UNO VIVACE 1.0;2010.0;Passageiro;Lesões Leves;43.0;Feminino;0.0;1.0;0.0;0.0;-5,78406536;-35,24662971;SPRF-RN;DEL02-RN;UOP01-DEL02-RN
320256.0;711589.0;2020-11-09;segunda-feira;15:20:00;RN;101.0;85,9;NATAL;Sim;Não guardar distância de segurança;1;Colisão traseira;Com Vítimas Feridas;Pleno dia;Decrescente;Garoa/Chuvisco;Dupla;Ponte;Sim;573920.0;Automóvel;TOYOTA/ETIOS HB X/ETIOS HB X;2015.0;Condutor;Ileso;28.0;Masculino;1.0;0.0;0.0;0.0;-5,78406536;-35,24662971;SPRF-RN;DEL02-RN;UOP01-DEL02-RN
320715.0;712631.0;2020-11-11;quarta-feira;21:15:00;RN;101.0;83,2;NATAL;Sim;Não guardar distância de segurança;1;Colisão traseira;Com Vítimas Feridas;Plena Noite;Decrescente;Céu Claro;Dupla;Reta;Sim;574736.0;Automóvel;FIAT/UNO VIVACE 1.0/UNO VIVACE 1.0;2011.0;Condutor;Lesões Graves;49.0;Masculino;0.0;0.0;1.0;0.0;-5,7710445;-35,26616981;SPRF-RN;DEL02-RN;UOP01-DEL02-RN
320715.0;712634.0;2020-11-11;quarta-feira;21:15:00;RN;101.0;83,2;NATAL;Sim;Não guardar distância de segurança;1;Colisão traseira;Com Vítimas Feridas;Plena Noite;Decrescente;Céu Claro;Dupla;Reta;Sim;574737.0;Automóvel;TOYOTA/ETIOS SD XLS/ETIOS SD XLS;2013.0;Condutor;Ileso;38.0;Masculino;1.0;0.0;0.0;0.0;-5,7710445;-35,26616981;SPRF-RN;DEL02-RN;UOP01-DEL02-RN
320808.0;712837.0;2020-11-12;quinta-feira;10:00:00;RN;101.0;99;NATAL;Sim;Falta de Atenção à Condução;1;Colisão traseira;Sem Vítimas;Pleno dia;Crescente;Céu Claro;Dupla;Reta;Sim;574943.0;Camioneta;RENAULT/DUSTER 20 D 4X2/DUSTER 20 D 4X2;2013.0;Condutor;Ileso;55.0;Masculino;1.0;0.0;0.0;0.0;-5,87228081;-35,22015095;SPRF-RN;DEL01-RN;UOP01-DEL01-RN
320808.0;712839.0;2020-11-12;quinta-feira;10:00:00;RN;101.0;99;NATAL;Sim;Falta de Atenção à Condução;1;Colisão traseira;Sem Vítimas;Pleno dia;Crescente;Céu Claro;Dupla;Reta;Sim;574944.0;Automóvel;I/CHEVROLET CLASSIC LS/CHEVROLET CLASSIC LS;2014.0;Condutor;Ileso;49.0;Masculino;1.0;0.0;0.0;0.0;-5,87228081;-35,22015095;SPRF-RN;DEL01-RN;UOP01-DEL01-RN
321029.0;713302.0;2020-11-13;sexta-feira;10:30:00;RN;101.0;85,6;NATAL;Sim;Defeito Mecânico no Veículo;2;Colisão traseira;Sem Vítimas;Pleno dia;Decrescente;Sol;Dupla;Ponte;Sim;575377.0;Caminhonete;FORD/F1000/F1000;1990.0;Condutor;Ileso;69.0;Masculino;1.0;0.0;0.0;0.0;-5,777664;-35,24937;SPRF-RN;DEL02-RN;UOP01-DEL02-RN
321029.0;713303.0;2020-11-13;sexta-feira;10:30:00;RN;101.0;85,6;NATAL;Sim;Defeito Mecânico no Veículo;2;Colisão traseira;Sem Vítimas;Pleno dia;Decrescente;Sol;Dupla;Ponte;Sim;575378.0;Automóvel;FIAT/PALIO FIRE FLEX/PALIO FIRE FLEX;2006.0;Condutor;Ileso;36.0;Masculino;1.0;0.0;0.0;0.0;-5,777664;-35,24937;SPRF-RN;DEL02-RN;UOP01-DEL02-RN
321029.0;713302.0;2020-11-13;sexta-feira;10:30:00;RN;101.0;85,6;NATAL;Sim;Defeito Mecânico no Veículo;1;Colisão traseira;Sem Vítimas;Pleno dia;Decrescente;Sol;Dupla;Ponte;Sim;575377.0;Caminhonete;FORD/F1000/F1000;1990.0;Condutor;Ileso;69.0;Masculino;1.0;0.0;0.0;0.0;-5,777664;-35,24937;SPRF-RN;DEL02-RN;UOP01-DEL02-RN
321029.0;713303.0;2020-11-13;sexta-feira;10:30:00;RN;101.0;85,6;NATAL;Sim;Defeito Mecânico no Veículo;1;Colisão traseira;Sem Vítimas;Pleno dia;Decrescente;Sol;Dupla;Ponte;Sim;575378.0;Automóvel;FIAT/PALIO FIRE FLEX/PALIO FIRE FLEX;2006.0;Condutor;Ileso;36.0;Masculino;1.0;0.0;0.0;0.0;-5,777664;-35,24937;SPRF-RN;DEL02-RN;UOP01-DEL02-RN
321337.0;713954.0;2020-11-14;sábado;12:45:00;RN;226.0;4;NATAL;Não;Desobediência às normas de trânsito pelo condutor;2;Tombamento;Com Vítimas Feridas;Pleno dia;Crescente;Céu Claro;Simples;Curva;Sim;575981.0;Motocicleta;HONDA/CG 125 FAN KS/CG 125 FAN KS;2011.0;Passageiro;Ileso;37.0;Feminino;1.0;0.0;0.0;0.0;-5,81913973;-35,26201487;SPRF-RN;DEL01-RN;UOP02-DEL01-RN
321337.0;713953.0;2020-11-14;sábado;12:45:00;RN;226.0;4;NATAL;Não;Desobediência às normas de trânsito pelo condutor;2;Tombamento;Com Vítimas Feridas;Pleno dia;Crescente;Céu Claro;Simples;Curva;Sim;575981.0;Motocicleta;HONDA/CG 125 FAN KS/CG 125 FAN KS;2011.0;Condutor;Lesões Leves;34.0;Feminino;0.0;1.0;0.0;0.0;-5,81913973;-35,26201487;SPRF-RN;DEL01-RN;UOP02-DEL01-RN
321337.0;713952.0;2020-11-14;sábado;12:45:00;RN;226.0;4;NATAL;Não;Desobediência às normas de trânsito pelo condutor;2;Tombamento;Com Vítimas Feridas;Pleno dia;Crescente;Céu Claro;Simples;Curva;Sim;575980.0;Automóvel;FIAT/UNO MILLE FIRE FLEX/UNO MILLE FIRE FLEX;2006.0;Condutor;Ileso;60.0;Masculino;1.0;0.0;0.0;0.0;-5,81913973;-35,26201487;SPRF-RN;DEL01-RN;UOP02-DEL01-RN
321337.0;713954.0;2020-11-14;sábado;12:45:00;RN;226.0;4;NATAL;Sim;Falta de Atenção à Condução;2;Tombamento;Com Vítimas Feridas;Pleno dia;Crescente;Céu Claro;Simples;Curva;Sim;575981.0;Motocicleta;HONDA/CG 125 FAN KS/CG 125 FAN KS;2011.0;Passageiro;Ileso;37.0;Feminino;1.0;0.0;0.0;0.0;-5,81913973;-35,26201487;SPRF-RN;DEL01-RN;UOP02-DEL01-RN