id;pesid;data_inversa;dia_semana;horario;uf;br;km;municipio;causa_principal;causa_acidente;ordem_tipo_acidente;tipo_acidente;classificacao_acidente;fase_dia;sentido_via;condicao_metereologica;tipo_pista;tracado_via;uso_solo;id_veiculo;tipo_veiculo;marca;ano_fabricacao_veiculo;tipo_envolvido;estado_fisico;idade;sexo;ilesos;feridos_leves;feridos_graves;mortos;latitude;longitude;regional;delegacia;uop
321337.0;713953.0;2020-11-14;sábado;12:45:00;RN;226.0;4;NATAL;Sim;Falta de Atenção à Condução;2;Tombamento;Com Vítimas Feridas;Pleno dia;Crescente;Céu Claro;Simples;Curva;Sim;575981.0;Motocicleta;HONDA/CG 125 FAN KS/CG 125 FAN KS;2011.0;Condutor;Lesões Leves;34.0;Feminino;0.0;1.0;0.0;0.0;-5,81913973;-35,26201487;SPRF-RN;DEL01-RN;UOP02-DEL01-RN
321337.0;713952.0;2020-11-14;sábado;12:45:00;RN;226.0;4;NATAL;Sim;Falta de Atenção à Condução;2;Tombamento;Com Vítimas Feridas;Pleno dia;Crescente;Céu Claro;Simples;Curva;Sim;575980.0;Automóvel;FIAT/UNO MILLE FIRE FLEX/UNO MILLE FIRE FLEX;2006.0;Condutor;Ileso;60.0;Masculino;1.0;0.0;0.0;0.0;-5,81913973;-35,26201487;SPRF-RN;DEL01-RN;UOP02-DEL01-RN
321337.0;713954.0;2020-11-14;sábado;12:45:00;RN;226.0;4;NATAL;Não;Desobediência às normas de trânsito pelo condutor;1;Colisão lateral;Com Vítimas Feridas;Pleno dia;Crescente;Céu Claro;Simples;Curva;Sim;575981.0;Motocicleta;HONDA/CG 125 FAN KS/CG 125 FAN KS;2011.0;Passageiro;Ileso;37.0;Feminino;1.0;0.0;0.0;0.0;-5,81913973;-35,26201487;SPRF-RN;DEL01-RN;UOP02-DEL01-RN
321337.0;713953.0;2020-11-14;sábado;12:45:00;RN;226.0;4;NATAL;Não;Desobediência às normas de trânsito pelo condutor;1;Colisão lateral;Com Vítimas Feridas;Pleno dia;Crescente;Céu Claro;Simples;Curva;Sim;575981.0;Motocicleta;HONDA/CG 125 FAN KS/CG 125 FAN KS;2011.0;Condutor;Lesões Leves;34.0;Feminino;0.0;1.0;0.0;0.0;-5,81913973;-35,26201487;SPRF-RN;DEL01-RN;UOP02-DEL01-RN
321337.0;713952.0;2020-11-14;sábado;12:45:00;RN;226.0;4;NATAL;Não;Desobediência às normas de trânsito pelo condutor;1;Colisão lateral;Com Vítimas Feridas;Pleno dia;Crescente;Céu Claro;Simples;Curva;Sim;575980.0;Automóvel;FIAT/UNO MILLE FIRE FLEX/UNO MILLE FIRE FLEX;2006.0;Condutor;Ileso;60.0;Masculino;1.0;0.0;0.0;0.0;-5,81913973;-35,26201487;SPRF-RN;DEL01-RN;UOP02-DEL01-RN
321337.0;713954.0;2020-11-14;sábado;12:45:00;RN;226.0;4;NATAL;Sim;Falta de Atenção à Condução;1;Colisão lateral;Com Vítimas Feridas;Pleno dia;Crescente;Céu Claro;Simples;Curva;Sim;575981.0;Motocicleta;HONDA/CG 125 FAN KS/CG 125 FAN KS;2011.0;Passageiro;Ileso;37.0;Feminino;1.0;0.0;0.0;0.0;-5,81913973;-35,26201487;SPRF-RN;DEL01-RN;UOP02-DEL01-RN
321337.0;713953.0;2020-11-14;sábado;12:45:00;RN;226.0;4;NATAL;Sim;Falta de Atenção à Condução;1;Colisão lateral;Com Vítimas Feridas;Pleno dia;Crescente;Céu Claro;Simples;Curva;Sim;575981.0;Motocicleta;HONDA/CG 125 FAN KS/CG 125 FAN KS;2011.0;Condutor;Lesões Leves;34.0;Feminino;0.0;1.0;0.0;0.0;-5,81913973;-35,26201487;SPRF-RN;DEL01-RN;UOP02-DEL01-RN
321337.0;713952.0;2020-11-14;sábado;12:45:00;RN;226.0;4;NATAL;Sim;Falta de Atenção à Condução;1;Colisão lateral;Com Vítimas Feridas;Pleno dia;Crescente;Céu Claro;Simples;Curva;Sim;575980.0;Automóvel;FIAT/UNO MILLE FIRE FLEX/UNO MILLE FIRE FLEX;2006.0;Condutor;Ileso;60.0;Masculino;1.0;0.0;0.0;0.0;-5,81913973;-35,26201487;SPRF-RN;DEL01-RN;UOP02-DEL01-RN
322047.0;715643.0;2020-11-17;terça-feira;16:30:00;RN;101.0;98;NATAL;Sim;Desobediência às normas de trânsito pelo condutor;1;Colisão lateral;Sem Vítimas;Pleno dia;Decrescente;Céu Claro;Simples;Reta;Sim;577315.0;Caminhão-trator;SCANIA/R 440 A6X2/R 440 A6X2;2014.0;Condutor;Ileso;30.0;Masculino;1.0;0.0;0.0;0.0;-5,86567888;-35,21651625;SPRF-RN;DEL01-RN;UOP01-DEL01-RN
322262.0;721452.0;2020-11-18;quarta-feira;18:35:00;RN;101.0;95;NATAL;Sim;Ingestão de Álcool;2;Colisão lateral;Com Vítimas Feridas;Plena Noite;Crescente;Céu Claro;Múltipla;Reta;Sim;577820.0;Motocicleta;YAMAHA/XTZ 125K/XTZ 125K;2007.0;Condutor;Lesões Leves;23.0;Feminino;0.0;1.0;0.0;0.0;-5,84076841;-35,21035949;SPRF-RN;DEL01-RN;UOP01-DEL01-RN
322262.0;721654.0;2020-11-18;quarta-feira;18:35:00;RN;101.0;95;NATAL;Sim;Ingestão de Álcool;2;Colisão lateral;Com Vítimas Feridas;Plena Noite;Crescente;Céu Claro;Múltipla;Reta;Sim;577820.0;Motocicleta;YAMAHA/XTZ 125K/XTZ 125K;2007.0;Passageiro;Lesões Leves;21.0;Feminino;0.0;1.0;0.0;0.0;-5,84076841;-35,21035949;SPRF-RN;DEL01-RN;UOP01-DEL01-RN
322262.0;721648.0;2020-11-18;quarta-feira;18:35:00;RN;101.0;95;NATAL;Sim;Ingestão de Álcool;2;Colisão lateral;Com Vítimas Feridas;Plena Noite;Crescente;Céu Claro;Múltipla;Reta;Sim;577822.0;Caminhão;VOLVO/VM 330 8X2R/VM 330 8X2R;2017.0;Condutor;Ileso;24.0;Feminino;1.0;0.0;0.0;0.0;-5,84076841;-35,21035949;SPRF-RN;DEL01-RN;UOP01-DEL01-RN
322262.0;721453.0;2020-11-18;quarta-feira;18:35:00;RN;101.0;95;NATAL;Sim;Ingestão de Álcool;2;Colisão lateral;Com Vítimas Feridas;Plena Noite;Crescente;Céu Claro;Múltipla;Reta;Sim;577821.0;Automóvel;FORD/FIESTA/FIESTA;2005.0;Condutor;Ileso;27.0;Masculino;1.0;0.0;0.0;0.0;-5,84076841;-35,21035949;SPRF-RN;DEL01-RN;UOP01-DEL01-RN
322262.0;721452.0;2020-11-18;quarta-feira;18:35:00;RN;101.0;95;NATAL;Sim;Ingestão de Álcool;1;Colisão traseira;Com Vítimas Feridas;Plena Noite;Crescente;Céu Claro;Múltipla;Reta;Sim;577820.0;Motocicleta;YAMAHA/XTZ 125K/XTZ 125K;2007.0;Condutor;Lesões Leves;23.0;Feminino;0.0;1.0;0.0;0.0;-5,84076841;-35,21035949;SPRF-RN;DEL01-RN;UOP01-DEL01-RN
322262.0;721654.0;2020-11-18;quarta-feira;18:35:00;RN;101.0;95;NATAL;Sim;Ingestão de Álcool;1;Colisão traseira;Com Vítimas Feridas;Plena Noite;Crescente;Céu Claro;Múltipla;Reta;Sim;577820.0;Motocicleta;YAMAHA/XTZ 125K/XTZ 125K;2007.0;Passageiro;Lesões Leves;21.0;Feminino;0.0;1.0;0.0;0.0;-5,84076841;-35,21035949;SPRF-RN;DEL01-RN;UOP01-DEL01-RN
322262.0;721648.0;2020-11-18;quarta-feira;18:35:00;RN;101.0;95;NATAL;Sim;Ingestão de Álcool;1;Colisão traseira;Com Vítimas Feridas;Plena Noite;Crescente;Céu Claro;Múltipla;Reta;Sim;577822.0;Caminhão;VOLVO/VM 330 8X2R/VM 330 8X2R;2017.0;Condutor;Ileso;24.0;Feminino;1.0;0.0;0.0;0.0;-5,84076841;-35,21035949;SPRF-RN;DEL01-RN;UOP01-DEL01-RN
322262.0;721453.0;2020-11-18;quarta-feira;18:35:00;RN;101.0;95;NATAL;Sim;Ingestão de Álcool;1;Colisão traseira;Com Vítimas Feridas;Plena Noite;Crescente;Céu Claro;Múltipla;Reta;Sim;577821.0;Automóvel;FORD/FIESTA/FIESTA;2005.0;Condutor;Ileso;27.0;Masculino;1.0;0.0;0.0;0.0;-5,84076841;-35,21035949;SPRF-RN;DEL01-RN;UOP01-DEL01-RN
322357.0;716359.0;2020-11-19;quinta-feira;08:05:00;RN;101.0;98,3;NATAL;Sim;Defeito Mecânico no Veículo;1;Incêndio;Sem Vítimas;Pleno dia;Decrescente;Sol;Dupla;Reta;Sim;577870.0;Caminhão;VW/8.120 EURO3/8.120 EURO3;2011.0;Condutor;Ileso;35.0;Masculino;1.0;0.0;0.0;0.0;-5,86690607;-35,21692018;SPRF-RN;DEL01-RN;UOP01-DEL01-RN
322808.0;717342.0;2020-11-21;sábado;09:00:00;RN;101.0;84;NATAL;Sim;Não guardar distância de segurança;2;Colisão traseira;Com Vítimas Feridas;Pleno dia;Decrescente;Céu Claro;Dupla;Reta;Sim;578701.0;Motocicleta;HONDA/XR 250 TORNADO/XR 250 TORNADO;2007.0;Condutor;Lesões Leves;21.0;Masculino;0.0;1.0;0.0;0.0;-5,774175;-35,2578;SPRF-RN;DEL02-RN;UOP01-DEL02-RN
322808.0;717343.0;2020-11-21;sábado;09:00:00;RN;101.0;84;NATAL;Sim;Não guardar distância de segurança;2;Colisão traseira;Com Vítimas Feridas;Pleno dia;Decrescente;Céu Claro;Dupla;Reta;Sim;578701.0;Motocicleta;HONDA/XR 250 TORNADO/XR 250 TORNADO;2007.0;Passageiro;Lesões Leves;;Feminino;0.0;1.0;0.0;0.0;-5,774175;-35,2578;SPRF-RN;DEL02-RN;UOP01-DEL02-RN
322808.0;717341.0;2020-11-21;sábado;09:00:00;RN;101.0;84;NATAL;Sim;Não guardar distância de segurança;2;Colisão traseira;Com Vítimas Feridas;Pleno dia;Decrescente;Céu Claro;Dupla;Reta;Sim;578702.0;Ônibus;AGRALE/MASCA GRMICRO E O/MASCA GRMICRO E O;2010.0;Condutor;Ileso;43.0;Masculino;1.0;0.0;0.0;0.0;-5,774175;-35,2578;SPRF-RN;DEL02-RN;UOP01-DEL02-RN
322808.0;717342.0;2020-11-21;sábado;09:00:00;RN;101.0;84;NATAL;Sim;Não guardar distância de segurança;1;Colisão traseira;Com Vítimas Feridas;Pleno dia;Decrescente;Céu Claro;Dupla;Reta;Sim;578701.0;Motocicleta;HONDA/XR 250 TORNADO/XR 250 TORNADO;2007.0;Condutor;Lesões Leves;21.0;Masculino;0.0;1.0;0.0;0.0;-5,774175;-35,2578;SPRF-RN;DEL02-RN;UOP01-DEL02-RN
322808.0;717343.0;2020-11-21;sábado;09:00:00;RN;101.0;84;NATAL;Sim;Não guardar distância de segurança;1;Colisão traseira;Com Vítimas Feridas;Pleno dia;Decrescente;Céu Claro;Dupla;Reta;Sim;578701.0;Motocicleta;HONDA/XR 250 TORNADO/XR 250 TORNADO;2007.0;Passageiro;Lesões Leves;;Feminino;0.0;1.0;0.0;0.0;-5,774175;-35,2578;SPRF-RN;DEL02-RN;UOP01-DEL02-RN
322808.0;717341.0;2020-11-21;sábado;09:00:00;RN;101.0;84;NATAL;Sim;Não guardar distância de segurança;1;Colisão traseira;Com Vítimas Feridas;Pleno dia;Decrescente;Céu Claro;Dupla;Reta;Sim;578702.0;Ônibus;AGRALE/MASCA GRMICRO E O/MASCA GRMICRO E O;2010.0;Condutor;Ileso;43.0;Masculino;1.0;0.0;0.0;0.0;-5,774175;-35,2578;SPRF-RN;DEL02-RN;UOP01-DEL02-RN
323293.0;718238.0;2020-11-23;segunda-feira;10:50:00;RN;101.0;83;NATAL;Sim;Desobediência às normas de trânsito pelo condutor;1;Colisão transversal;Com Vítimas Feridas;Pleno dia;Decrescente;Céu Claro;Dupla;Reta;Sim;579554.0;Automóvel;VW/GOL 1.0/GOL 1.0;2004.0;Condutor;Ileso;33.0;Masculino;1.0;0.0;0.0;0.0;-5,7710445;-35,26616981;SPRF-RN;DEL02-RN;UOP01-DEL02-RN
323293.0;718240.0;2020-11-23;segunda-feira;10:50:00;RN;101.0;83;NATAL;Sim;Desobediência às normas de trânsito pelo condutor;1;Colisão transversal;Com Vítimas Feridas;Pleno dia;Decrescente;Céu Claro;Dupla;Reta;Sim;579555.0;Motocicleta;YAMAHA/FACTOR YBR125 K/FACTOR YBR125 K;2008.0;Condutor;Lesões Leves;33.0;Masculino;0.0;1.0;0.0;0.0;-5,7710445;-35,26616981;SPRF-RN;DEL02-RN;UOP01-DEL02-RN
323624.0;;2020-11-25;quarta-feira;05:20:00;RN;101.0;83;NATAL;Sim;Falta de Atenção à Condução;1;Colisão traseira;Com Vítimas Feridas;Pleno dia;Crescente;Céu Claro;Dupla;Reta;Não;581643.0;Semireboque;SR/RANDON SR CA/RANDON SR CA;2013.0;;;;;;;;;-5,7710445;-35,26616981;SPRF-RN;DEL02-RN;UOP01-DEL02-RN
323624.0;720708.0;2020-11-25;quarta-feira;05:20:00;RN;101.0;83;NATAL;Sim;Falta de Atenção à Condução;1;Colisão traseira;Com Vítimas Feridas;Pleno dia;Crescente;Céu Claro;Dupla;Reta;Não;580248.0;Ônibus;MARCOPOLO/VOLARE W9 ON/VOLARE W9 ON;2014.0;Condutor;Ileso;38.0;Masculino;1.0;0.0;0.0;0.0;-5,7710445;-35,26616981;SPRF-RN;DEL02-RN;UOP01-DEL02-RN
323624.0;720714.0;2020-11-25;quarta-feira;05:20:00;RN;101.0;83;NATAL;Sim;Falta de Atenção à Condução;1;Colisão traseira;Com Vítimas Feridas;Pleno dia;Crescente;Céu Claro;Dupla;Reta;Não;580248.0;Ônibus;MARCOPOLO/VOLARE W9 ON/VOLARE W9 ON;2014.0;Passageiro;Lesões Leves;48.0;Feminino;0.0;1.0;0.0;0.0;-5,7710445;-35,26616981;SPRF-RN;DEL02-RN;UOP01-DEL02-RN
323624.0;720715.0;2020-11-25;quarta-feira;05:20:00;RN;101.0;83;NATAL;Sim;Falta de Atenção à Condução;1;Colisão traseira;Com Vítimas Feridas;Pleno dia;Crescente;Céu Claro;Dupla;Reta;Não;580248.0;Ônibus;MARCOPOLO/VOLARE W9 ON/VOLARE W9 ON;2014.0;Passageiro;Lesões Leves;23.0;Masculino;0.0;1.0;0.0;0.0;-5,7710445;-35,26616981;SPRF-RN;DEL02-RN;UOP01-DEL02-RN
323624.0;720716.0;2020-11-25;quarta-feira;05:20:00;RN;101.0;83;NATAL;Sim;Falta de Atenção à Condução;1;Colisão traseira;Com Vítimas Feridas;Pleno dia;Crescente;Céu Claro;Dupla;Reta;Não;580248.0;Ônibus;MARCOPOLO/VOLARE W9 ON/VOLARE W9 ON;2014.0;Passageiro;Lesões Graves;47.0;Feminino;0.0;0.0;1.0;0.0;-5,7710445;-35,26616981;SPRF-RN;DEL02-RN;UOP01-DEL02-RN
323624.0;720719.0;2020-11-25;quarta-feira;05:20:00;RN;101.0;83;NATAL;Sim;Falta de Atenção à Condução;1;Colisão traseira;Com Vítimas Feridas;Pleno dia;Crescente;Céu Claro;Dupla;Reta;Não;580248.0;Ônibus;MARCOPOLO/VOLARE W9 ON/VOLARE W9 ON;2014.0;Passageiro;Lesões Leves;41.0;Feminino;0.0;1.0;0.0;0.0;-5,7710445;-35,26616981;SPRF-RN;DEL02-RN;UOP01-DEL02-RN
323624.0;720721.0;2020-11-25;quarta-feira;05:20:00;RN;101.0;83;NATAL;Sim;Falta de Atenção à Condução;1;Colisão traseira;Com Vítimas Feridas;Pleno dia;Crescente;Céu Claro;Dupla;Reta;Não;580248.0;Ônibus;MARCOPOLO/VOLARE W9 ON/VOLARE W9 ON;2014.0;Passageiro;Lesões Leves;36.0;Feminino;0.0;1.0;0.0;0.0;-5,7710445;-35,26616981;SPRF-RN;DEL02-RN;UOP01-DEL02-RN
323624.0;720724.0;2020-11-25;quarta-feira;05:20:00;RN;101.0;83;NATAL;Sim;Falta de Atenção à Condução;1;Colisão traseira;Com Vítimas Feridas;Pleno dia;Crescente;Céu Claro;Dupla;Reta;Não;580248.0;Ônibus;MARCOPOLO/VOLARE W9 ON/VOLARE W9 ON;2014.0;Passageiro;Lesões Leves;35.0;Masculino;0.0;1.0;0.0;0.0;-5,7710445;-35,26616981;SPRF-RN;DEL02-RN;UOP01-DEL02-RN
323624.0;720727.0;2020-11-25;quarta-feira;05:20:00;RN;101.0;83;NATAL;Sim;Falta de Atenção à Condução;1;Colisão traseira;Com Vítimas Feridas;Pleno dia;Crescente;Céu Claro;Dupla;Reta;Não;580248.0;Ônibus;MARCOPOLO/VOLARE W9 ON/VOLARE W9 ON;2014.0;Passageiro;Lesões Leves;23.0;Feminino;0.0;1.0;0.0;0.0;-5,7710445;-35,26616981;SPRF-RN;DEL02-RN;UOP01-DEL02-RN
323624.0;720744.0;2020-11-25;quarta-feira;05:20:00;RN;101.0;83;NATAL;Sim;Falta de Atenção à Condução;1;Colisão traseira;Com Vítimas Feridas;Pleno dia;Crescente;Céu Claro;Dupla;Reta;Não;580248.0;Ônibus;MARCOPOLO/VOLARE W9 ON/VOLARE W9 ON;2014.0;Passageiro;Lesões Leves;51.0;Masculino;0.0;1.0;0.0;0.0;-5,7710445;-35,26616981;SPRF-RN;DEL02-RN;UOP01-DEL02-RN
323624.0;720713.0;2020-11-25;quarta-feira;05:20:00;RN;101.0;83;NATAL;Sim;Falta de Atenção à Condução;1;Colisão traseira;Com Vítimas Feridas;Pleno dia;Crescente;Céu Claro;Dupla;Reta;Não;580248.0;Ônibus;MARCOPOLO/VOLARE W9 ON/VOLARE W9 ON;2014.0;Passageiro;Lesões Graves;65.0;Masculino;0.0;0.0;1.0;0.0;-5,7710445;-35,26616981;SPRF-RN;DEL02-RN;UOP01-DEL02-RN
323624.0;720710.0;2020-11-25;quarta-feira;05:20:00;RN;101.0;83;NATAL;Sim;Falta de Atenção à Condução;1;Colisão traseira;Com Vítimas Feridas;Pleno dia;Crescente;Céu Claro;Dupla;Reta;Não;580249.0;Caminhão-trator;M.BENZ/LS 1935/LS 1935;1991.0;Condutor;Ileso;68.0;Masculino;1.0;0.0;0.0;0.0;-5,7710445;-35,26616981;SPRF-RN;DEL02-RN;UOP01-DEL02-RN
324030.0;722065.0;2020-11-27;sexta-feira;08:45:00;RN;101.0;96,9;NATAL;Sim;Defeito na Via;1;Colisão traseira;Com Vítimas Feridas;Pleno dia;Decrescente;Céu Claro;Múltipla;Reta;Sim;581441.0;Motocicleta;HONDA/CG 125 FAN KS/CG 125 FAN KS;2013.0;Condutor;Lesões Leves;42.0;Masculino;0.0;1.0;0.0;0.0;-5,84949622;-35,20890752;SPRF-RN;DEL01-RN;UOP01-DEL01-RN
324030.0;722068.0;2020-11-27;sexta-feira;08:45:00;RN;101.0;96,9;NATAL;Sim;Defeito na Via;1;Colisão traseira;Com Vítimas Feridas;Pleno dia;Decrescente;Céu Claro;Múltipla;Reta;Sim;581442.0;Automóvel;CHEV/PRISMA 1.4MT LTZ/PRISMA 1.4MT LTZ;2018.0;Condutor;Ileso;46.0;Masculino;1.0;0.0;0.0;0.0;-5,84949622;-35,20890752;SPRF-RN;DEL01-RN;UOP01-DEL01-RN
324030.0;722105.0;2020-11-27;sexta-feira;08:45:00;RN;101.0;96,9;NATAL;Sim;Defeito na Via;1;Colisão traseira;Com Vítimas Feridas;Pleno dia;Decrescente;Céu Claro;Múltipla;Reta;Sim;582725.0;Outros;Não Informado/Não Informado/Não Informado;0.0;Condutor;Não Informado;;Não Informado;0.0;0.0;0.0;0.0;-5,84949622;-35,20890752;SPRF-RN;DEL01-RN;UOP01-DEL01-RN
324047.0;720204.0;2020-11-27;sexta-feira;10:30:00;RN;101.0;96,4;NATAL;Sim;Não guardar distância de segurança;1;Colisão traseira;Sem Vítimas;Pleno dia;Decrescente;Sol;Múltipla;Reta;Sim;581158.0;Automóvel;FIAT/UNO ATTRACTIVE 1.0/UNO ATTRACTIVE 1.0;2014.0;Condutor;Ileso;33.0;Masculino;1.0;0.0;0.0;0.0;-5,84988939;-35,20914316;SPRF-RN;DEL01-RN;UOP01-DEL01-RN
324047.0;720201.0;2020-11-27;sexta-feira;10:30:00;RN;101.0;96,4;NATAL;Sim;Não guardar distância de segurança;1;Colisão traseira;Sem Vítimas;Pleno dia;Decrescente;Sol;Múltipla;Reta;Sim;581155.0;Automóvel;FIAT/PALIO ATTRACTIV 1.0/PALIO ATTRACTIV 1.0;2012.0;Condutor;Ileso;34.0;Feminino;1.0;0.0;0.0;0.0;-5,84988939;-35,20914316;SPRF-RN;DEL01-RN;UOP01-DEL01-RN
324047.0;720203.0;2020-11-27;sexta-feira;10:30:00;RN;101.0;96,4;NATAL;Sim;Não guardar distância de segurança;1;Colisão traseira;Sem Vítimas;Pleno dia;Decrescente;Sol;Múltipla;Reta;Sim;581157.0;Utilitário;JEEP/RENEGADE LNGTD AT D/RENEGADE LNGTD AT D;2015.0;Condutor;Ileso;62.0;Masculino;1.0;0.0;0.0;0.0;-5,84988939;-35,20914316;SPRF-RN;DEL01-RN;UOP01-DEL01-RN
324047.0;720205.0;2020-11-27;sexta-feira;10:30:00;RN;101.0;96,4;NATAL;Sim;Não guardar distância de segurança;1;Colisão traseira;Sem Vítimas;Pleno dia;Decrescente;Sol;Múltipla;Reta;Sim;581159.0;Caminhonete;I/VW AMAROK CD 4X4 SE/VW AMAROK CD 4X4 SE;2019.0;Condutor;Ileso;41.0;Masculino;1.0;0.0;0.0;0.0;-5,84988939;-35,20914316;SPRF-RN;DEL01-RN;UOP01-DEL01-RN
324047.0;720202.0;2020-11-27;sexta-feira;10:30:00;RN;101.0;96,4;NATAL;Sim;Não guardar distância de segurança;1;Colisão traseira;Sem Vítimas;Pleno dia;Decrescente;Sol;Múltipla;Reta;Sim;581156.0;Caminhonete;FIAT/STRADA HD WK CD E/STRADA HD WK CD E;2017.0;Condutor;Ileso;36.0;Masculino;1.0;0.0;0.0;0.0;-5,84988939;-35,20914316;SPRF-RN;DEL01-RN;UOP01-DEL01-RN
324842.0;721994.0;2020-11-30;segunda-feira;17:20:00;RN;101.0;98;NATAL;Sim;Falta de Atenção à Condução;1;Colisão traseira;Sem Vítimas;Anoitecer;Crescente;Céu Claro;Múltipla;Reta;Sim;582663.0;Caminhonete;VW/NOVA SAVEIRO RB MBVS/NOVA SAVEIRO RB MBVS;2019.0;Condutor;Ileso;45.0;Feminino;1.0;0.0;0.0;0.0;-5,86567888;-35,21651625;SPRF-RN;DEL01-RN;UOP01-DEL01-RN
324842.0;721993.0;2020-11-30;segunda-feira;17:20:00;RN;101.0;98;NATAL;Sim;Falta de Atenção à Condução;1;Colisão traseira;Sem Vítimas;Anoitecer;Crescente;Céu Claro;Múltipla;Reta;Sim;582662.0;Automóvel;CHEVROLET/ONIX 10MT JOYE/ONIX 10MT JOYE;2018.0;Condutor;Não Informado;;Não Informado;0.0;0.0;0.0;0.0;-5,86567888;-35,21651625;SPRF-RN;DEL01-RN;UOP01-DEL01-RN
324986.0;722202.0;2020-12-01;terça-feira;12:05:00;RN;101.0;95;NATAL;Sim;Não guardar distância de segurança;1;Colisão traseira;Com Vítimas Feridas;Pleno dia;Decrescente;Sol;Dupla;Reta;Sim;582780.0;Motocicleta;HONDA/CG 150 TITAN ESD/CG 150 TITAN ESD;2015.0;Condutor;Lesões Leves;23.0;Masculino;0.0;1.0;0.0;0.0;-5,84076841;-35,21035949;SPRF-RN;DEL01-RN;UOP01-DEL01-RN
324986.0;722203.0;2020-12-01;terça-feira;12:05:00;RN;101.0;95;NATAL;Sim;Não guardar distância de segurança;1;Colisão traseira;Com Vítimas Feridas;Pleno dia;Decrescente;Sol;Dupla;Reta;Sim;582781.0;Automóvel;PEUGEOT/208 GRIFFE A/208 GRIFFE A;2013.0;Condutor;Não Informado;;Não Informado;0.0;0.0;0.0;0.0;-5,84076841;-35,21035949;SPRF-RN;DEL01-RN;UOP01-DEL01-RN
325039.0;725362.0;2020-12-01;terça-feira;18:55:00;RN;101.0;81,1;NATAL;Sim;Falta de Atenção do Pedestre;1;Atropelamento de Pedestre;Com Vítimas Feridas;Plena Noite;Decrescente;Céu Claro;Dupla;Reta;Sim;583071.0;Motocicleta;Não Informado/Não Informado/Não Informado;0.0;Condutor;Ileso;;Masculino;1.0;0.0;0.0;0.0;-5,76469466;-35,28295988;SPRF-RN;DEL02-RN;UOP01-DEL02-RN
325039.0;725368.0;2020-12-01;terça-feira;18:55:00;RN;101.0;81,1;NATAL;Sim;Falta de Atenção do Pedestre;1;Atropelamento de Pedestre;Com Vítimas Feridas;Plena Noite;Decrescente;Céu Claro;Dupla;Reta;Sim;;;NA/NA/NA;;Pedestre;Lesões Leves;80.0;Masculino;0.0;1.0;0.0;0.0;-5,76469466;-35,28295988;SPRF-RN;DEL02-RN;UOP01-DEL02-RN
325147.0;722720.0;2020-12-02;quarta-feira;11:30:00;RN;101.0;82,7;NATAL;Sim;Desobediência às normas de trânsito pelo condutor;1;Colisão lateral;Com Vítimas Feridas;Pleno dia;Decrescente;Sol;Dupla;Reta;Sim;583141.0;Automóvel;FIAT/SIENA TETRAFUEL 1.4/SIENA TETRAFUEL 1.4;2014.0;Condutor;Ileso;47.0;Masculino;1.0;0.0;0.0;0.0;-5,76791511;-35,27456305;SPRF-RN;DEL02-RN;UOP01-DEL02-RN
325147.0;722719.0;2020-12-02;quarta-feira;11:30:00;RN;101.0;82,7;NATAL;Sim;Desobediência às normas de trânsito pelo condutor;1;Colisão lateral;Com Vítimas Feridas;Pleno dia;Decrescente;Sol;Dupla;Reta;Sim;583140.0;Motocicleta;HONDA/CG 150 FAN ESI/CG 150 FAN ESI;2012.0;Condutor;Lesões Graves;18.0;Masculino;0.0;0.0;1.0;0.0;-5,76791511;-35,27456305;SPRF-RN;DEL02-RN;UOP01-DEL02-RN
325198.0;722898.0;2020-12-02;quarta-feira;17:40:00;RN;101.0;96;NATAL;Não;Falta de Atenção à Condução;2;Queda de ocupante de veículo;Com Vítimas Feridas;Plena Noite;Decrescente;Céu Claro;Múltipla;Reta;Sim;583261.0;Motocicleta;YAMAHA/FACTOR YBR125 K/FACTOR YBR125 K;2011.0;Condutor;Lesões Leves;50.0;Masculino;0.0;1.0;0.0;0.0;-5,84949622;-35,20890752;SPRF-RN;DEL01-RN;UOP01-DEL01-RN
325198.0;722900.0;2020-12-02;quarta-feira;17:40:00;RN;101.0;96;NATAL;Não;Falta de Atenção à Condução;2;Queda de ocupante de veículo;Com Vítimas Feridas;Plena Noite;Decrescente;Céu Claro;Múltipla;Reta;Sim;583262.0;Automóvel;GM/CELTA 4P LIFE/CELTA 4P LIFE;2008.0;Condutor;Ileso;49.0;Masculino;1.0;0.0;0.0;0.0;-5,84949622;-35,20890752;SPRF-RN;DEL01-RN;UOP01-DEL01-RN
325198.0;722898.0;2020-12-02;quarta-feira;17:40:00;RN;101.0;96;NATAL;Sim;Não guardar distância de segurança;2;Queda de ocupante de veículo;Com Vítimas Feridas;Plena Noite;Decrescente;Céu Claro;Múltipla;Reta;Sim;583261.0;Motocicleta;YAMAHA/FACTOR YBR125 K/FACTOR YBR125 K;2011.0;Condutor;Lesões Leves;50.0;Masculino;0.0;1.0;0.0;0.0;-5,84949622;-35,20890752;SPRF-RN;DEL01-RN;UOP01-DEL01-RN
325198.0;722900.0;2020-12-02;quarta-feira;17:40:00;RN;101.0;96;NATAL;Sim;Não guardar distância de segurança;2;Queda de ocupante de veículo;Com Vítimas Feridas;Plena Noite;Decrescente;Céu Claro;Múltipla;Reta;Sim;583262.0;Automóvel;GM/CELTA 4P LIFE/CELTA 4P LIFE;2008.0;Condutor;Ileso;49.0;Masculino;1.0;0.0;0.0;0.0;-5,84949622;-35,20890752;SPRF-RN;DEL01-RN;UOP01-DEL01-RN
325198.0;722898.0;2020-12-02;quarta-feira;17:40:00;RN;101.0;96;NATAL;Não;Falta de Atenção à Condução;1;Colisão traseira;Com Vítimas Feridas;Plena Noite;Decrescente;Céu Claro;Múltipla;Reta;Sim;583261.0;Motocicleta;YAMAHA/FACTOR YBR125 K/FACTOR YBR125 K;2011.0;Condutor;Lesões Leves;50.0;Masculino;0.0;1.0;0.0;0.0;-5,84949622;-35,20890752;SPRF-RN;DEL01-RN;UOP01-DEL01-RN
325198.0;722900.0;2020-12-02;quarta-feira;17:40:00;RN;101.0;96;NATAL;Não;Falta de Atenção à Condução;1;Colisão traseira;Com Vítimas Feridas;Plena Noite;Decrescente;Céu Claro;Múltipla;Reta;Sim;583262.0;Automóvel;GM/CELTA 4P LIFE/CELTA 4P LIFE;2008.0;Condutor;Ileso;49.0;Masculino;1.0;0.0;0.0;0.0;-5,84949622;-35,20890752;SPRF-RN;DEL01-RN;UOP01-DEL01-RN