id;pesid;data_inversa;dia_semana;horario;uf;br;km;municipio;causa_principal;causa_acidente;ordem_tipo_acidente;tipo_acidente;classificacao_acidente;fase_dia;sentido_via;condicao_metereologica;tipo_pista;tracado_via;uso_solo;id_veiculo;tipo_veiculo;marca;ano_fabricacao_veiculo;tipo_envolvido;estado_fisico;idade;sexo;ilesos;feridos_leves;feridos_graves;mortos;latitude;longitude;regional;delegacia;uop
325198.0;722898.0;2020-12-02;quarta-feira;17:40:00;RN;101.0;96;NATAL;Sim;Não guardar distância de segurança;1;Colisão traseira;Com Vítimas Feridas;Plena Noite;Decrescente;Céu Claro;Múltipla;Reta;Sim;583261.0;Motocicleta;YAMAHA/FACTOR YBR125 K/FACTOR YBR125 K;2011.0;Condutor;Lesões Leves;50.0;Masculino;0.0;1.0;0.0;0.0;-5,84949622;-35,20890752;SPRF-RN;DEL01-RN;UOP01-DEL01-RN
325198.0;722900.0;2020-12-02;quarta-feira;17:40:00;RN;101.0;96;NATAL;Sim;Não guardar distância de segurança;1;Colisão traseira;Com Vítimas Feridas;Plena Noite;Decrescente;Céu Claro;Múltipla;Reta;Sim;583262.0;Automóvel;GM/CELTA 4P LIFE/CELTA 4P LIFE;2008.0;Condutor;Ileso;49.0;Masculino;1.0;0.0;0.0;0.0;-5,84949622;-35,20890752;SPRF-RN;DEL01-RN;UOP01-DEL01-RN
325272.0;725859.0;2020-12-03;quinta-feira;06:15:00;RN;226.0;2;NATAL;Sim;Falta de Atenção à Condução;1;Colisão traseira;Sem Vítimas;Amanhecer;Decrescente;Céu Claro;Simples;Em Obras;Sim;583765.0;Automóvel;GM/CELTA 3 PORTAS SUPER/CELTA 3 PORTAS SUPER;2003.0;Condutor;Ileso;34.0;Masculino;1.0;0.0;0.0;0.0;-5,81364934;-35,2466547;SPRF-RN;DEL01-RN;UOP02-DEL01-RN
325272.0;725856.0;2020-12-03;quinta-feira;06:15:00;RN;226.0;2;NATAL;Sim;Falta de Atenção à Condução;1;Colisão traseira;Sem Vítimas;Amanhecer;Decrescente;Céu Claro;Simples;Em Obras;Sim;583764.0;Caminhonete;VW/NOVA SAVEIRO RB MBVS/NOVA SAVEIRO RB MBVS;2017.0;Condutor;Ileso;17.0;Feminino;1.0;0.0;0.0;0.0;-5,81364934;-35,2466547;SPRF-RN;DEL01-RN;UOP02-DEL01-RN
325272.0;725861.0;2020-12-03;quinta-feira;06:15:00;RN;226.0;2;NATAL;Sim;Falta de Atenção à Condução;1;Colisão traseira;Sem Vítimas;Amanhecer;Decrescente;Céu Claro;Simples;Em Obras;Sim;583766.0;Caminhonete;VW/NOVA SAVEIRO CS/NOVA SAVEIRO CS;2013.0;Condutor;Ileso;60.0;Masculino;1.0;0.0;0.0;0.0;-5,81364934;-35,2466547;SPRF-RN;DEL01-RN;UOP02-DEL01-RN
325616.0;727968.0;2020-12-04;sexta-feira;20:40:00;RN;101.0;99;NATAL;Sim;Desobediência às normas de trânsito pelo condutor;1;Colisão lateral;Com Vítimas Feridas;Plena Noite;Decrescente;Céu Claro;Múltipla;Reta;Sim;584075.0;Motocicleta;HONDA/CG 125 FAN KS/CG 125 FAN KS;2011.0;Condutor;Lesões Leves;41.0;Masculino;0.0;1.0;0.0;0.0;-5,87359183;-35,22063023;SPRF-RN;DEL01-RN;UOP01-DEL01-RN
325616.0;727972.0;2020-12-04;sexta-feira;20:40:00;RN;101.0;99;NATAL;Sim;Desobediência às normas de trânsito pelo condutor;1;Colisão lateral;Com Vítimas Feridas;Plena Noite;Decrescente;Céu Claro;Múltipla;Reta;Sim;584076.0;Automóvel;RENAULT/SANDERO STEP 16/SANDERO STEP 16;2016.0;Condutor;Ileso;24.0;Masculino;1.0;0.0;0.0;0.0;-5,87359183;-35,22063023;SPRF-RN;DEL01-RN;UOP01-DEL01-RN
326118.0;724989.0;2020-12-06;domingo;18:25:00;RN;101.0;97;NATAL;Sim;Desobediência às normas de trânsito pelo condutor;1;Colisão traseira;Sem Vítimas;Plena Noite;Crescente;Céu Claro;Dupla;Viaduto;Sim;584939.0;Automóvel;I/AUDI A3 LM 122CV I/AUDI A3 LM 122CV I;2014.0;Condutor;Não Informado;;Não Informado;0.0;0.0;0.0;0.0;-5,85758898;-35,21271205;SPRF-RN;DEL01-RN;UOP01-DEL01-RN
326118.0;724990.0;2020-12-06;domingo;18:25:00;RN;101.0;97;NATAL;Sim;Desobediência às normas de trânsito pelo condutor;1;Colisão traseira;Sem Vítimas;Plena Noite;Crescente;Céu Claro;Dupla;Viaduto;Sim;584939.0;Automóvel;I/AUDI A3 LM 122CV I/AUDI A3 LM 122CV I;2014.0;Passageiro;Não Informado;;Não Informado;0.0;0.0;0.0;0.0;-5,85758898;-35,21271205;SPRF-RN;DEL01-RN;UOP01-DEL01-RN
326118.0;724983.0;2020-12-06;domingo;18:25:00;RN;101.0;97;NATAL;Sim;Desobediência às normas de trânsito pelo condutor;1;Colisão traseira;Sem Vítimas;Plena Noite;Crescente;Céu Claro;Dupla;Viaduto;Sim;584938.0;Automóvel;NISSAN/KICKS S DRCT CVT/KICKS S DRCT CVT;2019.0;Condutor;Ileso;41.0;Masculino;1.0;0.0;0.0;0.0;-5,85758898;-35,21271205;SPRF-RN;DEL01-RN;UOP01-DEL01-RN
326137.0;724942.0;2020-12-06;domingo;18:45:00;RN;101.0;97;NATAL;Sim;Falta de Atenção à Condução;3;Queda de ocupante de veículo;Com Vítimas Feridas;Plena Noite;Crescente;Céu Claro;Múltipla;Viaduto;Sim;585028.0;Motocicleta;HONDA/CG 160 FAN/CG 160 FAN;2019.0;Condutor;Lesões Leves;44.0;Masculino;0.0;1.0;0.0;0.0;-5,85758898;-35,21271205;SPRF-RN;DEL01-RN;UOP01-DEL01-RN
326137.0;724943.0;2020-12-06;domingo;18:45:00;RN;101.0;97;NATAL;Sim;Falta de Atenção à Condução;3;Queda de ocupante de veículo;Com Vítimas Feridas;Plena Noite;Crescente;Céu Claro;Múltipla;Viaduto;Sim;585029.0;Caminhão-trator;SCANIA/R113 H 4X2 320/R113 H 4X2 320;1992.0;Condutor;Ileso;37.0;Masculino;1.0;0.0;0.0;0.0;-5,85758898;-35,21271205;SPRF-RN;DEL01-RN;UOP01-DEL01-RN
326137.0;;2020-12-06;domingo;18:45:00;RN;101.0;97;NATAL;Sim;Falta de Atenção à Condução;3;Queda de ocupante de veículo;Com Vítimas Feridas;Plena Noite;Crescente;Céu Claro;Múltipla;Viaduto;Sim;585033.0;Semireboque;SR/IMPERIAL CS003027T0 1/IMPERIAL CS003027T0 1;2006.0;;;;;;;;;-5,85758898;-35,21271205;SPRF-RN;DEL01-RN;UOP01-DEL01-RN
326137.0;724942.0;2020-12-06;domingo;18:45:00;RN;101.0;97;NATAL;Sim;Falta de Atenção à Condução;2;Tombamento;Com Vítimas Feridas;Plena Noite;Crescente;Céu Claro;Múltipla;Viaduto;Sim;585028.0;Motocicleta;HONDA/CG 160 FAN/CG 160 FAN;2019.0;Condutor;Lesões Leves;44.0;Masculino;0.0;1.0;0.0;0.0;-5,85758898;-35,21271205;SPRF-RN;DEL01-RN;UOP01-DEL01-RN
326137.0;724943.0;2020-12-06;domingo;18:45:00;RN;101.0;97;NATAL;Sim;Falta de Atenção à Condução;2;Tombamento;Com Vítimas Feridas;Plena Noite;Crescente;Céu Claro;Múltipla;Viaduto;Sim;585029.0;Caminhão-trator;SCANIA/R113 H 4X2 320/R113 H 4X2 320;1992.0;Condutor;Ileso;37.0;Masculino;1.0;0.0;0.0;0.0;-5,85758898;-35,21271205;SPRF-RN;DEL01-RN;UOP01-DEL01-RN
326137.0;;2020-12-06;domingo;18:45:00;RN;101.0;97;NATAL;Sim;Falta de Atenção à Condução;2;Tombamento;Com Vítimas Feridas;Plena Noite;Crescente;Céu Claro;Múltipla;Viaduto;Sim;585033.0;Semireboque;SR/IMPERIAL CS003027T0 1/IMPERIAL CS003027T0 1;2006.0;;;;;;;;;-5,85758898;-35,21271205;SPRF-RN;DEL01-RN;UOP01-DEL01-RN
326137.0;724942.0;2020-12-06;domingo;18:45:00;RN;101.0;97;NATAL;Sim;Falta de Atenção à Condução;1;Colisão traseira;Com Vítimas Feridas;Plena Noite;Crescente;Céu Claro;Múltipla;Viaduto;Sim;585028.0;Motocicleta;HONDA/CG 160 FAN/CG 160 FAN;2019.0;Condutor;Lesões Leves;44.0;Masculino;0.0;1.0;0.0;0.0;-5,85758898;-35,21271205;SPRF-RN;DEL01-RN;UOP01-DEL01-RN
326137.0;724943.0;2020-12-06;domingo;18:45:00;RN;101.0;97;NATAL;Sim;Falta de Atenção à Condução;1;Colisão traseira;Com Vítimas Feridas;Plena Noite;Crescente;Céu Claro;Múltipla;Viaduto;Sim;585029.0;Caminhão-trator;SCANIA/R113 H 4X2 320/R113 H 4X2 320;1992.0;Condutor;Ileso;37.0;Masculino;1.0;0.0;0.0;0.0;-5,85758898;-35,21271205;SPRF-RN;DEL01-RN;UOP01-DEL01-RN
326137.0;;2020-12-06;domingo;18:45:00;RN;101.0;97;NATAL;Sim;Falta de Atenção à Condução;1;Colisão traseira;Com Vítimas Feridas;Plena Noite;Crescente;Céu Claro;Múltipla;Viaduto;Sim;585033.0;Semireboque;SR/IMPERIAL CS003027T0 1/IMPERIAL CS003027T0 1;2006.0;;;;;;;;;-5,85758898;-35,21271205;SPRF-RN;DEL01-RN;UOP01-DEL01-RN
326176.0;728619.0;2020-12-06;domingo;21:15:00;RN;226.0;1;NATAL;Não;Sinalização da via insuficiente ou inadequada;1;Colisão transversal;Com Vítimas Feridas;Plena Noite;Decrescente;Céu Claro;Simples;Em Obras;Sim;585140.0;Motocicleta;HONDA/CBX 250 TWISTER/CBX 250 TWISTER;2005.0;Condutor;Lesões Leves;35.0;Masculino;0.0;1.0;0.0;0.0;-5,80642132;-35,24167278;SPRF-RN;DEL01-RN;UOP02-DEL01-RN
326176.0;728617.0;2020-12-06;domingo;21:15:00;RN;226.0;1;NATAL;Não;Sinalização da via insuficiente ou inadequada;1;Colisão transversal;Com Vítimas Feridas;Plena Noite;Decrescente;Céu Claro;Simples;Em Obras;Sim;585139.0;Automóvel;CHEVROLET/CELTA 1.0L LT/CELTA 1.0L LT;2012.0;Condutor;Ileso;29.0;Masculino;1.0;0.0;0.0;0.0;-5,80642132;-35,24167278;SPRF-RN;DEL01-RN;UOP02-DEL01-RN
326176.0;728619.0;2020-12-06;domingo;21:15:00;RN;226.0;1;NATAL;Sim;Falta de Atenção à Condução;1;Colisão transversal;Com Vítimas Feridas;Plena Noite;Decrescente;Céu Claro;Simples;Em Obras;Sim;585140.0;Motocicleta;HONDA/CBX 250 TWISTER/CBX 250 TWISTER;2005.0;Condutor;Lesões Leves;35.0;Masculino;0.0;1.0;0.0;0.0;-5,80642132;-35,24167278;SPRF-RN;DEL01-RN;UOP02-DEL01-RN
326176.0;728617.0;2020-12-06;domingo;21:15:00;RN;226.0;1;NATAL;Sim;Falta de Atenção à Condução;1;Colisão transversal;Com Vítimas Feridas;Plena Noite;Decrescente;Céu Claro;Simples;Em Obras;Sim;585139.0;Automóvel;CHEVROLET/CELTA 1.0L LT/CELTA 1.0L LT;2012.0;Condutor;Ileso;29.0;Masculino;1.0;0.0;0.0;0.0;-5,80642132;-35,24167278;SPRF-RN;DEL01-RN;UOP02-DEL01-RN
326178.0;726647.0;2020-12-06;domingo;22:00:00;RN;101.0;82,2;NATAL;Sim;Ingestão de Álcool;1;Colisão traseira;Sem Vítimas;Plena Noite;Crescente;Céu Claro;Dupla;Reta;Sim;584980.0;Camioneta;RENAULT/DUSTER 16 D 4X2/DUSTER 16 D 4X2;2013.0;Condutor;Ileso;42.0;Masculino;1.0;0.0;0.0;0.0;-5,76791511;-35,27456305;SPRF-RN;DEL02-RN;UOP01-DEL02-RN
326178.0;726648.0;2020-12-06;domingo;22:00:00;RN;101.0;82,2;NATAL;Sim;Ingestão de Álcool;1;Colisão traseira;Sem Vítimas;Plena Noite;Crescente;Céu Claro;Dupla;Reta;Sim;584979.0;Automóvel;GM/ASTRA EXPRESSION/ASTRA EXPRESSION;2002.0;Condutor;Ileso;55.0;Masculino;1.0;0.0;0.0;0.0;-5,76791511;-35,27456305;SPRF-RN;DEL02-RN;UOP01-DEL02-RN
326293.0;725412.0;2020-12-07;segunda-feira;11:15:00;RN;101.0;72;NATAL;Sim;Desobediência às normas de trânsito pelo condutor;3;Queda de ocupante de veículo;Com Vítimas Feridas;Pleno dia;Decrescente;Céu Claro;Simples;Aclive;Não;585213.0;Motocicleta;HONDA/CG 150 TITAN KS/CG 150 TITAN KS;2004.0;Condutor;Lesões Leves;37.0;Masculino;0.0;1.0;0.0;0.0;-5,69866248;-35,26316835;SPRF-RN;DEL02-RN;UOP01-DEL02-RN
326293.0;725409.0;2020-12-07;segunda-feira;11:15:00;RN;101.0;72;NATAL;Sim;Desobediência às normas de trânsito pelo condutor;3;Queda de ocupante de veículo;Com Vítimas Feridas;Pleno dia;Decrescente;Céu Claro;Simples;Aclive;Não;585212.0;Automóvel;GM/CORSA SUPER/CORSA SUPER;1997.0;Condutor;Ileso;34.0;Masculino;1.0;0.0;0.0;0.0;-5,69866248;-35,26316835;SPRF-RN;DEL02-RN;UOP01-DEL02-RN
326293.0;725412.0;2020-12-07;segunda-feira;11:15:00;RN;101.0;72;NATAL;Sim;Desobediência às normas de trânsito pelo condutor;2;Tombamento;Com Vítimas Feridas;Pleno dia;Decrescente;Céu Claro;Simples;Aclive;Não;585213.0;Motocicleta;HONDA/CG 150 TITAN KS/CG 150 TITAN KS;2004.0;Condutor;Lesões Leves;37.0;Masculino;0.0;1.0;0.0;0.0;-5,69866248;-35,26316835;SPRF-RN;DEL02-RN;UOP01-DEL02-RN
326293.0;725409.0;2020-12-07;segunda-feira;11:15:00;RN;101.0;72;NATAL;Sim;Desobediência às normas de trânsito pelo condutor;2;Tombamento;Com Vítimas Feridas;Pleno dia;Decrescente;Céu Claro;Simples;Aclive;Não;585212.0;Automóvel;GM/CORSA SUPER/CORSA SUPER;1997.0;Condutor;Ileso;34.0;Masculino;1.0;0.0;0.0;0.0;-5,69866248;-35,26316835;SPRF-RN;DEL02-RN;UOP01-DEL02-RN
326293.0;725412.0;2020-12-07;segunda-feira;11:15:00;RN;101.0;72;NATAL;Sim;Desobediência às normas de trânsito pelo condutor;1;Colisão transversal;Com Vítimas Feridas;Pleno dia;Decrescente;Céu Claro;Simples;Aclive;Não;585213.0;Motocicleta;HONDA/CG 150 TITAN KS/CG 150 TITAN KS;2004.0;Condutor;Lesões Leves;37.0;Masculino;0.0;1.0;0.0;0.0;-5,69866248;-35,26316835;SPRF-RN;DEL02-RN;UOP01-DEL02-RN
326293.0;725409.0;2020-12-07;segunda-feira;11:15:00;RN;101.0;72;NATAL;Sim;Desobediência às normas de trânsito pelo condutor;1;Colisão transversal;Com Vítimas Feridas;Pleno dia;Decrescente;Céu Claro;Simples;Aclive;Não;585212.0;Automóvel;GM/CORSA SUPER/CORSA SUPER;1997.0;Condutor;Ileso;34.0;Masculino;1.0;0.0;0.0;0.0;-5,69866248;-35,26316835;SPRF-RN;DEL02-RN;UOP01-DEL02-RN
326369.0;725434.0;2020-12-07;segunda-feira;18:00:00;RN;101.0;81;NATAL;Sim;Defeito Mecânico no Veículo;3;Colisão transversal;Com Vítimas Feridas;Plena Noite;Decrescente;Céu Claro;Dupla;Reta;Sim;585396.0;Caminhão;M.BENZ/L 608 D/L 608 D;1978.0;Condutor;Ileso;38.0;Masculino;1.0;0.0;0.0;0.0;-5,76469466;-35,28295988;SPRF-RN;DEL02-RN;UOP01-DEL02-RN
326369.0;725440.0;2020-12-07;segunda-feira;18:00:00;RN;101.0;81;NATAL;Sim;Defeito Mecânico no Veículo;3;Colisão transversal;Com Vítimas Feridas;Plena Noite;Decrescente;Céu Claro;Dupla;Reta;Sim;585396.0;Caminhão;M.BENZ/L 608 D/L 608 D;1978.0;Passageiro;Lesões Leves;52.0;Masculino;0.0;1.0;0.0;0.0;-5,76469466;-35,28295988;SPRF-RN;DEL02-RN;UOP01-DEL02-RN
326369.0;725441.0;2020-12-07;segunda-feira;18:00:00;RN;101.0;81;NATAL;Sim;Defeito Mecânico no Veículo;3;Colisão transversal;Com Vítimas Feridas;Plena Noite;Decrescente;Céu Claro;Dupla;Reta;Sim;585397.0;Automóvel;I/VW SPACEFOX GII/VW SPACEFOX GII;2010.0;Condutor;Ileso;60.0;Feminino;1.0;0.0;0.0;0.0;-5,76469466;-35,28295988;SPRF-RN;DEL02-RN;UOP01-DEL02-RN
326369.0;725442.0;2020-12-07;segunda-feira;18:00:00;RN;101.0;81;NATAL;Sim;Defeito Mecânico no Veículo;3;Colisão transversal;Com Vítimas Feridas;Plena Noite;Decrescente;Céu Claro;Dupla;Reta;Sim;585398.0;Automóvel;FIAT/SIENA FIRE FLEX/SIENA FIRE FLEX;2008.0;Condutor;Ileso;51.0;Masculino;1.0;0.0;0.0;0.0;-5,76469466;-35,28295988;SPRF-RN;DEL02-RN;UOP01-DEL02-RN
326369.0;725444.0;2020-12-07;segunda-feira;18:00:00;RN;101.0;81;NATAL;Sim;Defeito Mecânico no Veículo;3;Colisão transversal;Com Vítimas Feridas;Plena Noite;Decrescente;Céu Claro;Dupla;Reta;Sim;585399.0;Caminhão;VW/24.280 CRM 6X2/24.280 CRM 6X2;2013.0;Condutor;Ileso;27.0;Masculino;1.0;0.0;0.0;0.0;-5,76469466;-35,28295988;SPRF-RN;DEL02-RN;UOP01-DEL02-RN
326369.0;725434.0;2020-12-07;segunda-feira;18:00:00;RN;101.0;81;NATAL;Sim;Defeito Mecânico no Veículo;2;Colisão com objeto estático;Com Vítimas Feridas;Plena Noite;Decrescente;Céu Claro;Dupla;Reta;Sim;585396.0;Caminhão;M.BENZ/L 608 D/L 608 D;1978.0;Condutor;Ileso;38.0;Masculino;1.0;0.0;0.0;0.0;-5,76469466;-35,28295988;SPRF-RN;DEL02-RN;UOP01-DEL02-RN
326369.0;725440.0;2020-12-07;segunda-feira;18:00:00;RN;101.0;81;NATAL;Sim;Defeito Mecânico no Veículo;2;Colisão com objeto estático;Com Vítimas Feridas;Plena Noite;Decrescente;Céu Claro;Dupla;Reta;Sim;585396.0;Caminhão;M.BENZ/L 608 D/L 608 D;1978.0;Passageiro;Lesões Leves;52.0;Masculino;0.0;1.0;0.0;0.0;-5,76469466;-35,28295988;SPRF-RN;DEL02-RN;UOP01-DEL02-RN
326369.0;725441.0;2020-12-07;segunda-feira;18:00:00;RN;101.0;81;NATAL;Sim;Defeito Mecânico no Veículo;2;Colisão com objeto estático;Com Vítimas Feridas;Plena Noite;Decrescente;Céu Claro;Dupla;Reta;Sim;585397.0;Automóvel;I/VW SPACEFOX GII/VW SPACEFOX GII;2010.0;Condutor;Ileso;60.0;Feminino;1.0;0.0;0.0;0.0;-5,76469466;-35,28295988;SPRF-RN;DEL02-RN;UOP01-DEL02-RN
326369.0;725442.0;2020-12-07;segunda-feira;18:00:00;RN;101.0;81;NATAL;Sim;Defeito Mecânico no Veículo;2;Colisão com objeto estático;Com Vítimas Feridas;Plena Noite;Decrescente;Céu Claro;Dupla;Reta;Sim;585398.0;Automóvel;FIAT/SIENA FIRE FLEX/SIENA FIRE FLEX;2008.0;Condutor;Ileso;51.0;Masculino;1.0;0.0;0.0;0.0;-5,76469466;-35,28295988;SPRF-RN;DEL02-RN;UOP01-DEL02-RN
326369.0;725444.0;2020-12-07;segunda-feira;18:00:00;RN;101.0;81;NATAL;Sim;Defeito Mecânico no Veículo;2;Colisão com objeto estático;Com Vítimas Feridas;Plena Noite;Decrescente;Céu Claro;Dupla;Reta;Sim;585399.0;Caminhão;VW/24.280 CRM 6X2/24.280 CRM 6X2;2013.0;Condutor;Ileso;27.0;Masculino;1.0;0.0;0.0;0.0;-5,76469466;-35,28295988;SPRF-RN;DEL02-RN;UOP01-DEL02-RN
326369.0;725434.0;2020-12-07;segunda-feira;18:00:00;RN;101.0;81;NATAL;Sim;Defeito Mecânico no Veículo;1;Colisão lateral;Com Vítimas Feridas;Plena Noite;Decrescente;Céu Claro;Dupla;Reta;Sim;585396.0;Caminhão;M.BENZ/L 608 D/L 608 D;1978.0;Condutor;Ileso;38.0;Masculino;1.0;0.0;0.0;0.0;-5,76469466;-35,28295988;SPRF-RN;DEL02-RN;UOP01-DEL02-RN
326369.0;725440.0;2020-12-07;segunda-feira;18:00:00;RN;101.0;81;NATAL;Sim;Defeito Mecânico no Veículo;1;Colisão lateral;Com Vítimas Feridas;Plena Noite;Decrescente;Céu Claro;Dupla;Reta;Sim;585396.0;Caminhão;M.BENZ/L 608 D/L 608 D;1978.0;Passageiro;Lesões Leves;52.0;Masculino;0.0;1.0;0.0;0.0;-5,76469466;-35,28295988;SPRF-RN;DEL02-RN;UOP01-DEL02-RN
326369.0;725441.0;2020-12-07;segunda-feira;18:00:00;RN;101.0;81;NATAL;Sim;Defeito Mecânico no Veículo;1;Colisão lateral;Com Vítimas Feridas;Plena Noite;Decrescente;Céu Claro;Dupla;Reta;Sim;585397.0;Automóvel;I/VW SPACEFOX GII/VW SPACEFOX GII;2010.0;Condutor;Ileso;60.0;Feminino;1.0;0.0;0.0;0.0;-5,76469466;-35,28295988;SPRF-RN;DEL02-RN;UOP01-DEL02-RN
326369.0;725442.0;2020-12-07;segunda-feira;18:00:00;RN;101.0;81;NATAL;Sim;Defeito Mecânico no Veículo;1;Colisão lateral;Com Vítimas Feridas;Plena Noite;Decrescente;Céu Claro;Dupla;Reta;Sim;585398.0;Automóvel;FIAT/SIENA FIRE FLEX/SIENA FIRE FLEX;2008.0;Condutor;Ileso;51.0;Masculino;1.0;0.0;0.0;0.0;-5,76469466;-35,28295988;SPRF-RN;DEL02-RN;UOP01-DEL02-RN
326369.0;725444.0;2020-12-07;segunda-feira;18:00:00;RN;101.0;81;NATAL;Sim;Defeito Mecânico no Veículo;1;Colisão lateral;Com Vítimas Feridas;Plena Noite;Decrescente;Céu Claro;Dupla;Reta;Sim;585399.0;Caminhão;VW/24.280 CRM 6X2/24.280 CRM 6X2;2013.0;Condutor;Ileso;27.0;Masculino;1.0;0.0;0.0;0.0;-5,76469466;-35,28295988;SPRF-RN;DEL02-RN;UOP01-DEL02-RN
326419.0;725488.0;2020-12-07;segunda-feira;22:20:00;RN;101.0;82;NATAL;Sim;Desobediência às normas de trânsito pelo condutor;3;Queda de ocupante de veículo;Com Vítimas Feridas;Plena Noite;Decrescente;Céu Claro;Dupla;Reta;Sim;585468.0;Motocicleta;HONDA/CG 125 FAN/CG 125 FAN;2007.0;Condutor;Lesões Leves;34.0;Masculino;0.0;1.0;0.0;0.0;-5,76791511;-35,27456305;SPRF-RN;DEL02-RN;UOP01-DEL02-RN
326419.0;725489.0;2020-12-07;segunda-feira;22:20:00;RN;101.0;82;NATAL;Sim;Desobediência às normas de trânsito pelo condutor;3;Queda de ocupante de veículo;Com Vítimas Feridas;Plena Noite;Decrescente;Céu Claro;Dupla;Reta;Sim;585468.0;Motocicleta;HONDA/CG 125 FAN/CG 125 FAN;2007.0;Passageiro;Lesões Leves;33.0;Feminino;0.0;1.0;0.0;0.0;-5,76791511;-35,27456305;SPRF-RN;DEL02-RN;UOP01-DEL02-RN
326419.0;725491.0;2020-12-07;segunda-feira;22:20:00;RN;101.0;82;NATAL;Sim;Desobediência às normas de trânsito pelo condutor;3;Queda de ocupante de veículo;Com Vítimas Feridas;Plena Noite;Decrescente;Céu Claro;Dupla;Reta;Sim;585469.0;Automóvel;GM/CORSA WIND/CORSA WIND;1999.0;Condutor;Ileso;44.0;Masculino;1.0;0.0;0.0;0.0;-5,76791511;-35,27456305;SPRF-RN;DEL02-RN;UOP01-DEL02-RN
326419.0;725488.0;2020-12-07;segunda-feira;22:20:00;RN;101.0;82;NATAL;Sim;Desobediência às normas de trânsito pelo condutor;2;Tombamento;Com Vítimas Feridas;Plena Noite;Decrescente;Céu Claro;Dupla;Reta;Sim;585468.0;Motocicleta;HONDA/CG 125 FAN/CG 125 FAN;2007.0;Condutor;Lesões Leves;34.0;Masculino;0.0;1.0;0.0;0.0;-5,76791511;-35,27456305;SPRF-RN;DEL02-RN;UOP01-DEL02-RN
326419.0;725489.0;2020-12-07;segunda-feira;22:20:00;RN;101.0;82;NATAL;Sim;Desobediência às normas de trânsito pelo condutor;2;Tombamento;Com Vítimas Feridas;Plena Noite;Decrescente;Céu Claro;Dupla;Reta;Sim;585468.0;Motocicleta;HONDA/CG 125 FAN/CG 125 FAN;2007.0;Passageiro;Lesões Leves;33.0;Feminino;0.0;1.0;0.0;0.0;-5,76791511;-35,27456305;SPRF-RN;DEL02-RN;UOP01-DEL02-RN
326419.0;725491.0;2020-12-07;segunda-feira;22:20:00;RN;101.0;82;NATAL;Sim;Desobediência às normas de trânsito pelo condutor;2;Tombamento;Com Vítimas Feridas;Plena Noite;Decrescente;Céu Claro;Dupla;Reta;Sim;585469.0;Automóvel;GM/CORSA WIND/CORSA WIND;1999.0;Condutor;Ileso;44.0;Masculino;1.0;0.0;0.0;0.0;-5,76791511;-35,27456305;SPRF-RN;DEL02-RN;UOP01-DEL02-RN
326419.0;725488.0;2020-12-07;segunda-feira;22:20:00;RN;101.0;82;NATAL;Sim;Desobediência às normas de trânsito pelo condutor;1;Colisão transversal;Com Vítimas Feridas;Plena Noite;Decrescente;Céu Claro;Dupla;Reta;Sim;585468.0;Motocicleta;HONDA/CG 125 FAN/CG 125 FAN;2007.0;Condutor;Lesões Leves;34.0;Masculino;0.0;1.0;0.0;0.0;-5,76791511;-35,27456305;SPRF-RN;DEL02-RN;UOP01-DEL02-RN
326419.0;725489.0;2020-12-07;segunda-feira;22:20:00;RN;101.0;82;NATAL;Sim;Desobediência às normas de trânsito pelo condutor;1;Colisão transversal;Com Vítimas Feridas;Plena Noite;Decrescente;Céu Claro;Dupla;Reta;Sim;585468.0;Motocicleta;HONDA/CG 125 FAN/CG 125 FAN;2007.0;Passageiro;Lesões Leves;33.0;Feminino;0.0;1.0;0.0;0.0;-5,76791511;-35,27456305;SPRF-RN;DEL02-RN;UOP01-DEL02-RN
326419.0;725491.0;2020-12-07;segunda-feira;22:20:00;RN;101.0;82;NATAL;Sim;Desobediência às normas de trânsito pelo condutor;1;Colisão transversal;Com Vítimas Feridas;Plena Noite;Decrescente;Céu Claro;Dupla;Reta;Sim;585469.0;Automóvel;GM/CORSA WIND/CORSA WIND;1999.0;Condutor;Ileso;44.0;Masculino;1.0;0.0;0.0;0.0;-5,76791511;-35,27456305;SPRF-RN;DEL02-RN;UOP01-DEL02-RN
326786.0;726516.0;2020-12-09;quarta-feira;18:20:00;RN;101.0;98;NATAL;Sim;Falta de Atenção à Condução;1;Colisão lateral;Sem Vítimas;Plena Noite;Crescente;Céu Claro;Múltipla;Interseção de Vias;Sim;586259.0;Automóvel;CHEV/ONIX 10MT HB/ONIX 10MT HB;0.0;Condutor;Ileso;32.0;Masculino;1.0;0.0;0.0;0.0;-5,86567888;-35,21651625;SPRF-RN;DEL01-RN;UOP01-DEL01-RN
327198.0;727395.0;2020-12-11;sexta-feira;18:50:00;RN;101.0;85;NATAL;Sim;Não guardar distância de segurança;1;Colisão lateral;Com Vítimas Feridas;Plena Noite;Decrescente;Céu Claro;Dupla;"Reta;Ponte";Sim;586944.0;Motocicleta;HONDA/CG 150 TITAN KS/CG 150 TITAN KS;2008.0;Condutor;Lesões Leves;46.0;Masculino;0.0;1.0;0.0;0.0;-5,777664;-35,24937;SPRF-RN;DEL02-RN;UOP01-DEL02-RN