id;pesid;data_inversa;dia_semana;horario;uf;br;km;municipio;causa_principal;causa_acidente;ordem_tipo_acidente;tipo_acidente;classificacao_acidente;fase_dia;sentido_via;condicao_metereologica;tipo_pista;tracado_via;uso_solo;id_veiculo;tipo_veiculo;marca;ano_fabricacao_veiculo;tipo_envolvido;estado_fisico;idade;sexo;ilesos;feridos_leves;feridos_graves;mortos;latitude;longitude;regional;delegacia;uop
330717.0;737583.0;2020-12-26;sábado;20:50:00;RN;101.0;83,2;NATAL;Sim;Não guardar distância de segurança;2;Tombamento;Com Vítimas Feridas;Plena Noite;Decrescente;Céu Claro;Dupla;"Reta;Viaduto;Em Obras";Sim;593320.0;Automóvel;VW/GOL SPECIAL/GOL SPECIAL;1998.0;Condutor;Ileso;54.0;Masculino;1.0;0.0;0.0;0.0;-5,77055164;-35,2674222;SPRF-RN;DEL02-RN;UOP01-DEL02-RN
330717.0;737590.0;2020-12-26;sábado;20:50:00;RN;101.0;83,2;NATAL;Sim;Não guardar distância de segurança;2;Tombamento;Com Vítimas Feridas;Plena Noite;Decrescente;Céu Claro;Dupla;"Reta;Viaduto;Em Obras";Sim;593321.0;Motocicleta;HONDA/CG150 START/CG150 START;2015.0;Condutor;Lesões Leves;39.0;Masculino;0.0;1.0;0.0;0.0;-5,77055164;-35,2674222;SPRF-RN;DEL02-RN;UOP01-DEL02-RN
330717.0;737592.0;2020-12-26;sábado;20:50:00;RN;101.0;83,2;NATAL;Sim;Não guardar distância de segurança;2;Tombamento;Com Vítimas Feridas;Plena Noite;Decrescente;Céu Claro;Dupla;"Reta;Viaduto;Em Obras";Sim;593321.0;Motocicleta;HONDA/CG150 START/CG150 START;2015.0;Passageiro;Lesões Leves;37.0;Feminino;0.0;1.0;0.0;0.0;-5,77055164;-35,2674222;SPRF-RN;DEL02-RN;UOP01-DEL02-RN
330717.0;737583.0;2020-12-26;sábado;20:50:00;RN;101.0;83,2;NATAL;Não;Desobediência às normas de trânsito pelo condutor;1;Colisão lateral;Com Vítimas Feridas;Plena Noite;Decrescente;Céu Claro;Dupla;"Reta;Viaduto;Em Obras";Sim;593320.0;Automóvel;VW/GOL SPECIAL/GOL SPECIAL;1998.0;Condutor;Ileso;54.0;Masculino;1.0;0.0;0.0;0.0;-5,77055164;-35,2674222;SPRF-RN;DEL02-RN;UOP01-DEL02-RN
330717.0;737590.0;2020-12-26;sábado;20:50:00;RN;101.0;83,2;NATAL;Não;Desobediência às normas de trânsito pelo condutor;1;Colisão lateral;Com Vítimas Feridas;Plena Noite;Decrescente;Céu Claro;Dupla;"Reta;Viaduto;Em Obras";Sim;593321.0;Motocicleta;HONDA/CG150 START/CG150 START;2015.0;Condutor;Lesões Leves;39.0;Masculino;0.0;1.0;0.0;0.0;-5,77055164;-35,2674222;SPRF-RN;DEL02-RN;UOP01-DEL02-RN
330717.0;737592.0;2020-12-26;sábado;20:50:00;RN;101.0;83,2;NATAL;Não;Desobediência às normas de trânsito pelo condutor;1;Colisão lateral;Com Vítimas Feridas;Plena Noite;Decrescente;Céu Claro;Dupla;"Reta;Viaduto;Em Obras";Sim;593321.0;Motocicleta;HONDA/CG150 START/CG150 START;2015.0;Passageiro;Lesões Leves;37.0;Feminino;0.0;1.0;0.0;0.0;-5,77055164;-35,2674222;SPRF-RN;DEL02-RN;UOP01-DEL02-RN
330717.0;737583.0;2020-12-26;sábado;20:50:00;RN;101.0;83,2;NATAL;Sim;Não guardar distância de segurança;1;Colisão lateral;Com Vítimas Feridas;Plena Noite;Decrescente;Céu Claro;Dupla;"Reta;Viaduto;Em Obras";Sim;593320.0;Automóvel;VW/GOL SPECIAL/GOL SPECIAL;1998.0;Condutor;Ileso;54.0;Masculino;1.0;0.0;0.0;0.0;-5,77055164;-35,2674222;SPRF-RN;DEL02-RN;UOP01-DEL02-RN
330717.0;737590.0;2020-12-26;sábado;20:50:00;RN;101.0;83,2;NATAL;Sim;Não guardar distância de segurança;1;Colisão lateral;Com Vítimas Feridas;Plena Noite;Decrescente;Céu Claro;Dupla;"Reta;Viaduto;Em Obras";Sim;593321.0;Motocicleta;HONDA/CG150 START/CG150 START;2015.0;Condutor;Lesões Leves;39.0;Masculino;0.0;1.0;0.0;0.0;-5,77055164;-35,2674222;SPRF-RN;DEL02-RN;UOP01-DEL02-RN
330717.0;737592.0;2020-12-26;sábado;20:50:00;RN;101.0;83,2;NATAL;Sim;Não guardar distância de segurança;1;Colisão lateral;Com Vítimas Feridas;Plena Noite;Decrescente;Céu Claro;Dupla;"Reta;Viaduto;Em Obras";Sim;593321.0;Motocicleta;HONDA/CG150 START/CG150 START;2015.0;Passageiro;Lesões Leves;37.0;Feminino;0.0;1.0;0.0;0.0;-5,77055164;-35,2674222;SPRF-RN;DEL02-RN;UOP01-DEL02-RN
330842.0;736082.0;2020-12-27;domingo;15:45:00;RN;101.0;103,3;NATAL;Sim;Defeito Mecânico no Veículo;1;Tombamento;Com Vítimas Feridas;Pleno dia;Crescente;Céu Claro;Múltipla;Reta;Sim;593641.0;Motocicleta;HONDA/CG 160 START/CG 160 START;2019.0;Condutor;Lesões Leves;28.0;Masculino;0.0;1.0;0.0;0.0;-5,88858217;-35,24018997;SPRF-RN;DEL01-RN;UOP01-DEL01-RN
330842.0;736083.0;2020-12-27;domingo;15:45:00;RN;101.0;103,3;NATAL;Sim;Defeito Mecânico no Veículo;1;Tombamento;Com Vítimas Feridas;Pleno dia;Crescente;Céu Claro;Múltipla;Reta;Sim;593641.0;Motocicleta;HONDA/CG 160 START/CG 160 START;2019.0;Passageiro;Lesões Leves;27.0;Feminino;0.0;1.0;0.0;0.0;-5,88858217;-35,24018997;SPRF-RN;DEL01-RN;UOP01-DEL01-RN
330886.0;736395.0;2020-12-27;domingo;19:20:00;RN;101.0;97;NATAL;Sim;Falta de Atenção à Condução;1;Colisão lateral;Sem Vítimas;Plena Noite;Decrescente;Garoa/Chuvisco;Simples;Curva;Não;593611.0;Camioneta;RENAULT/DUSTER 20 D 4X2A/DUSTER 20 D 4X2A;2018.0;Condutor;Ileso;44.0;Masculino;1.0;0.0;0.0;0.0;-5,8575889785;-35,212712046;SPRF-RN;DEL01-RN;UOP01-DEL01-RN
330886.0;736398.0;2020-12-27;domingo;19:20:00;RN;101.0;97;NATAL;Sim;Falta de Atenção à Condução;1;Colisão lateral;Sem Vítimas;Plena Noite;Decrescente;Garoa/Chuvisco;Simples;Curva;Não;593763.0;Automóvel;RENAULT/LOGAN EXP 1016V/LOGAN EXP 1016V;2012.0;Condutor;Ileso;24.0;Masculino;1.0;0.0;0.0;0.0;-5,8575889785;-35,212712046;SPRF-RN;DEL01-RN;UOP01-DEL01-RN
374215.0;834236.0;2020-10-09;sexta-feira;16:45:00;RN;101.0;83,6;NATAL;Sim;Reação tardia ou ineficiente do condutor;1;Queda de ocupante de veículo;Com Vítimas Feridas;Pleno dia;Decrescente;Céu Claro;Dupla;Reta;Sim;675905.0;Motoneta;HONDA/BIZ 100 ES/BIZ 100 ES;2013.0;Condutor;Lesões Graves;32.0;Masculino;0.0;0.0;1.0;0.0;-5,7710445;-35,26616981;SPRF-RN;DEL02-RN;UOP01-DEL02-RN
385933.0;861034.0;2020-05-26;terça-feira;16:00:00;RN;101.0;76;NATAL;Sim;Acessar a via sem observar a presença dos outros veículos;1;Colisão transversal;Com Vítimas Feridas;Pleno dia;Decrescente;Céu Claro;Dupla;Reta;Não;698183.0;Motocicleta;DAFRA/SUPER 100/SUPER 100;2009.0;Condutor;Não Informado;;Não Informado;0.0;0.0;0.0;0.0;-5,72603024;-35,28461489;SPRF-RN;DEL02-RN;UOP01-DEL02-RN
385933.0;861033.0;2020-05-26;terça-feira;16:00:00;RN;101.0;76;NATAL;Sim;Acessar a via sem observar a presença dos outros veículos;1;Colisão transversal;Com Vítimas Feridas;Pleno dia;Decrescente;Céu Claro;Dupla;Reta;Não;698183.0;Motocicleta;DAFRA/SUPER 100/SUPER 100;2009.0;Passageiro;Lesões Graves;51.0;Feminino;0.0;0.0;1.0;0.0;-5,72603024;-35,28461489;SPRF-RN;DEL02-RN;UOP01-DEL02-RN
182234.0;402117.0;2019-01-01;terça-feira;04:00:00;RN;101.0;96,7;NATAL;Sim;Falta de Atenção à Condução;1;Colisão lateral;Com Vítimas Feridas;Amanhecer;Decrescente;Ignorado;Dupla;Reta;Não;324898.0;Automóvel;CHEVROLET/ONIX 10MT JOYE/ONIX 10MT JOYE;2018.0;Condutor;Lesões Graves;52.0;Feminino;0.0;0.0;1.0;0.0;-5,849496;-35,208908;SPRF-RN;DEL01-RN;UOP01-DEL01-RN
182234.0;402119.0;2019-01-01;terça-feira;04:00:00;RN;101.0;96,7;NATAL;Sim;Falta de Atenção à Condução;1;Colisão lateral;Com Vítimas Feridas;Amanhecer;Decrescente;Ignorado;Dupla;Reta;Não;324898.0;Automóvel;CHEVROLET/ONIX 10MT JOYE/ONIX 10MT JOYE;2018.0;Passageiro;Lesões Graves;48.0;Feminino;0.0;0.0;1.0;0.0;-5,849496;-35,208908;SPRF-RN;DEL01-RN;UOP01-DEL01-RN
182234.0;402120.0;2019-01-01;terça-feira;04:00:00;RN;101.0;96,7;NATAL;Sim;Falta de Atenção à Condução;1;Colisão lateral;Com Vítimas Feridas;Amanhecer;Decrescente;Ignorado;Dupla;Reta;Não;324898.0;Automóvel;CHEVROLET/ONIX 10MT JOYE/ONIX 10MT JOYE;2018.0;Passageiro;Lesões Graves;56.0;Feminino;0.0;0.0;1.0;0.0;-5,849496;-35,208908;SPRF-RN;DEL01-RN;UOP01-DEL01-RN
182234.0;402122.0;2019-01-01;terça-feira;04:00:00;RN;101.0;96,7;NATAL;Sim;Falta de Atenção à Condução;1;Colisão lateral;Com Vítimas Feridas;Amanhecer;Decrescente;Ignorado;Dupla;Reta;Não;324900.0;Automóvel;CHEV/SPIN 1.8L MT LT/SPIN 1.8L MT LT;2017.0;Condutor;Ileso;30.0;Masculino;1.0;0.0;0.0;0.0;-5,849496;-35,208908;SPRF-RN;DEL01-RN;UOP01-DEL01-RN
182624.0;405083.0;2019-01-02;quarta-feira;22:50:00;RN;101.0;83;NATAL;Sim;Falta de Atenção do Pedestre;1;Atropelamento de Pedestre;Com Vítimas Feridas;Plena Noite;Decrescente;Céu Claro;Dupla;Reta;Sim;325584.0;Motocicleta;YAMAHA/YBR125 FACTOR K/YBR125 FACTOR K;2013.0;Condutor;Lesões Leves;30.0;Masculino;0.0;1.0;0.0;0.0;-5,771044;-35,266171;SPRF-RN;DEL02-RN;UOP01-DEL02-RN
182624.0;405087.0;2019-01-02;quarta-feira;22:50:00;RN;101.0;83;NATAL;Sim;Falta de Atenção do Pedestre;1;Atropelamento de Pedestre;Com Vítimas Feridas;Plena Noite;Decrescente;Céu Claro;Dupla;Reta;Sim;;;NA/NA/NA;;Pedestre;Lesões Leves;19.0;Masculino;0.0;1.0;0.0;0.0;-5,771044;-35,266171;SPRF-RN;DEL02-RN;UOP01-DEL02-RN
183888.0;406972.0;2019-01-07;segunda-feira;09:00:00;RN;101.0;97;NATAL;Sim;Ingestão de Álcool;1;Atropelamento de Pedestre;Com Vítimas Feridas;Pleno dia;Decrescente;Céu Claro;Múltipla;Reta;Sim;327998.0;Camioneta;I/KIA SPORTAGE LX2 OFFG4/KIA SPORTAGE LX2 OFFG4;2013.0;Condutor;Ileso;39.0;Masculino;1.0;0.0;0.0;0.0;-5,857612;-35,212723;SPRF-RN;DEL01-RN;UOP01-DEL01-RN
183888.0;406983.0;2019-01-07;segunda-feira;09:00:00;RN;101.0;97;NATAL;Sim;Ingestão de Álcool;1;Atropelamento de Pedestre;Com Vítimas Feridas;Pleno dia;Decrescente;Céu Claro;Múltipla;Reta;Sim;;;NA/NA/NA;;Pedestre;Lesões Leves;;Masculino;0.0;1.0;0.0;0.0;-5,857612;-35,212723;SPRF-RN;DEL01-RN;UOP01-DEL01-RN
183909.0;406859.0;2019-01-07;segunda-feira;12:20:00;RN;226.0;3,4;NATAL;Sim;Desobediência às normas de trânsito pelo condutor;1;Colisão traseira;Com Vítimas Feridas;Pleno dia;Crescente;Céu Claro;Simples;Reta;Não;327984.0;Automóvel;GM/CELTA 4P SPIRIT/CELTA 4P SPIRIT;2006.0;Condutor;Ileso;29.0;Feminino;1.0;0.0;0.0;0.0;-5,821187;-35,254928;SPRF-RN;DEL01-RN;UOP02-DEL01-RN
183909.0;406861.0;2019-01-07;segunda-feira;12:20:00;RN;226.0;3,4;NATAL;Sim;Desobediência às normas de trânsito pelo condutor;1;Colisão traseira;Com Vítimas Feridas;Pleno dia;Crescente;Céu Claro;Simples;Reta;Não;327985.0;Motocicleta;HONDA/CG 150 TITAN KS/CG 150 TITAN KS;2004.0;Condutor;Lesões Leves;19.0;Masculino;0.0;1.0;0.0;0.0;-5,821187;-35,254928;SPRF-RN;DEL01-RN;UOP02-DEL01-RN
183992.0;407793.0;2019-01-08;terça-feira;08:20:00;RN;226.0;1,4;NATAL;Sim;Desobediência às normas de trânsito pelo condutor;1;Colisão transversal;Com Vítimas Feridas;Pleno dia;Crescente;Nublado;Dupla;Reta;Sim;327244.0;Motocicleta;HONDA/XRE 190/XRE 190;2017.0;Condutor;Lesões Leves;43.0;Masculino;0.0;1.0;0.0;0.0;-5,806421;-35,241673;SPRF-RN;DEL01-RN;UOP02-DEL01-RN
183992.0;407795.0;2019-01-08;terça-feira;08:20:00;RN;226.0;1,4;NATAL;Sim;Desobediência às normas de trânsito pelo condutor;1;Colisão transversal;Com Vítimas Feridas;Pleno dia;Crescente;Nublado;Dupla;Reta;Sim;327245.0;Automóvel;FIAT/PALIO EX/PALIO EX;1998.0;Condutor;Lesões Leves;76.0;Masculino;0.0;1.0;0.0;0.0;-5,806421;-35,241673;SPRF-RN;DEL01-RN;UOP02-DEL01-RN
184760.0;407552.0;2019-01-12;sábado;09:00:00;RN;101.0;84;NATAL;Sim;Não guardar distância de segurança;1;Colisão traseira;Com Vítimas Feridas;Pleno dia;Decrescente;Céu Claro;Dupla;Reta;Sim;328499.0;Ônibus;M.BENZ/MPOLO TORINO U/MPOLO TORINO U;2009.0;Condutor;Ileso;42.0;Masculino;1.0;0.0;0.0;0.0;-5,774175;-35,257801;SPRF-RN;DEL02-RN;UOP01-DEL02-RN
184760.0;407551.0;2019-01-12;sábado;09:00:00;RN;101.0;84;NATAL;Sim;Não guardar distância de segurança;1;Colisão traseira;Com Vítimas Feridas;Pleno dia;Decrescente;Céu Claro;Dupla;Reta;Sim;328498.0;Motocicleta;HONDA/CBX 250 TWISTER/CBX 250 TWISTER;2008.0;Condutor;Lesões Leves;26.0;Masculino;0.0;1.0;0.0;0.0;-5,774175;-35,257801;SPRF-RN;DEL02-RN;UOP01-DEL02-RN
185417.0;409777.0;2019-01-15;terça-feira;17:30:00;RN;101.0;86;NATAL;Não;Falta de Atenção à Condução;2;Queda de ocupante de veículo;Com Vítimas Feridas;Pleno dia;Decrescente;Céu Claro;Simples;Reta;Não;329605.0;Motocicleta;HONDA/CG 125 FAN ESD/CG 125 FAN ESD;2014.0;Condutor;Lesões Leves;24.0;Masculino;0.0;1.0;0.0;0.0;-5,786297;-35,245651;SPRF-RN;DEL02-RN;UOP01-DEL02-RN
185417.0;409778.0;2019-01-15;terça-feira;17:30:00;RN;101.0;86;NATAL;Não;Falta de Atenção à Condução;2;Queda de ocupante de veículo;Com Vítimas Feridas;Pleno dia;Decrescente;Céu Claro;Simples;Reta;Não;329605.0;Motocicleta;HONDA/CG 125 FAN ESD/CG 125 FAN ESD;2014.0;Passageiro;Lesões Leves;21.0;Masculino;0.0;1.0;0.0;0.0;-5,786297;-35,245651;SPRF-RN;DEL02-RN;UOP01-DEL02-RN
185417.0;409775.0;2019-01-15;terça-feira;17:30:00;RN;101.0;86;NATAL;Não;Falta de Atenção à Condução;2;Queda de ocupante de veículo;Com Vítimas Feridas;Pleno dia;Decrescente;Céu Claro;Simples;Reta;Não;329604.0;Motocicleta;HONDA/CG 150 FAN ESI/CG 150 FAN ESI;2010.0;Condutor;Lesões Leves;21.0;Masculino;0.0;1.0;0.0;0.0;-5,786297;-35,245651;SPRF-RN;DEL02-RN;UOP01-DEL02-RN
185417.0;409779.0;2019-01-15;terça-feira;17:30:00;RN;101.0;86;NATAL;Não;Falta de Atenção à Condução;2;Queda de ocupante de veículo;Com Vítimas Feridas;Pleno dia;Decrescente;Céu Claro;Simples;Reta;Não;330248.0;Automóvel;Não Informado/Não Informado/Não Informado;0.0;Condutor;Não Informado;;Não Informado;0.0;0.0;0.0;0.0;-5,786297;-35,245651;SPRF-RN;DEL02-RN;UOP01-DEL02-RN
185417.0;409780.0;2019-01-15;terça-feira;17:30:00;RN;101.0;86;NATAL;Não;Falta de Atenção à Condução;2;Queda de ocupante de veículo;Com Vítimas Feridas;Pleno dia;Decrescente;Céu Claro;Simples;Reta;Não;330249.0;Motocicleta;Não Informado/Não Informado/Não Informado;0.0;Condutor;Não Informado;;Não Informado;0.0;0.0;0.0;0.0;-5,786297;-35,245651;SPRF-RN;DEL02-RN;UOP01-DEL02-RN
185417.0;409777.0;2019-01-15;terça-feira;17:30:00;RN;101.0;86;NATAL;Sim;Não guardar distância de segurança;2;Queda de ocupante de veículo;Com Vítimas Feridas;Pleno dia;Decrescente;Céu Claro;Simples;Reta;Não;329605.0;Motocicleta;HONDA/CG 125 FAN ESD/CG 125 FAN ESD;2014.0;Condutor;Lesões Leves;24.0;Masculino;0.0;1.0;0.0;0.0;-5,786297;-35,245651;SPRF-RN;DEL02-RN;UOP01-DEL02-RN
185417.0;409778.0;2019-01-15;terça-feira;17:30:00;RN;101.0;86;NATAL;Sim;Não guardar distância de segurança;2;Queda de ocupante de veículo;Com Vítimas Feridas;Pleno dia;Decrescente;Céu Claro;Simples;Reta;Não;329605.0;Motocicleta;HONDA/CG 125 FAN ESD/CG 125 FAN ESD;2014.0;Passageiro;Lesões Leves;21.0;Masculino;0.0;1.0;0.0;0.0;-5,786297;-35,245651;SPRF-RN;DEL02-RN;UOP01-DEL02-RN
185417.0;409775.0;2019-01-15;terça-feira;17:30:00;RN;101.0;86;NATAL;Sim;Não guardar distância de segurança;2;Queda de ocupante de veículo;Com Vítimas Feridas;Pleno dia;Decrescente;Céu Claro;Simples;Reta;Não;329604.0;Motocicleta;HONDA/CG 150 FAN ESI/CG 150 FAN ESI;2010.0;Condutor;Lesões Leves;21.0;Masculino;0.0;1.0;0.0;0.0;-5,786297;-35,245651;SPRF-RN;DEL02-RN;UOP01-DEL02-RN
185417.0;409779.0;2019-01-15;terça-feira;17:30:00;RN;101.0;86;NATAL;Sim;Não guardar distância de segurança;2;Queda de ocupante de veículo;Com Vítimas Feridas;Pleno dia;Decrescente;Céu Claro;Simples;Reta;Não;330248.0;Automóvel;Não Informado/Não Informado/Não Informado;0.0;Condutor;Não Informado;;Não Informado;0.0;0.0;0.0;0.0;-5,786297;-35,245651;SPRF-RN;DEL02-RN;UOP01-DEL02-RN
185417.0;409780.0;2019-01-15;terça-feira;17:30:00;RN;101.0;86;NATAL;Sim;Não guardar distância de segurança;2;Queda de ocupante de veículo;Com Vítimas Feridas;Pleno dia;Decrescente;Céu Claro;Simples;Reta;Não;330249.0;Motocicleta;Não Informado/Não Informado/Não Informado;0.0;Condutor;Não Informado;;Não Informado;0.0;0.0;0.0;0.0;-5,786297;-35,245651;SPRF-RN;DEL02-RN;UOP01-DEL02-RN
185417.0;409777.0;2019-01-15;terça-feira;17:30:00;RN;101.0;86;NATAL;Não;Falta de Atenção à Condução;1;Colisão lateral;Com Vítimas Feridas;Pleno dia;Decrescente;Céu Claro;Simples;Reta;Não;329605.0;Motocicleta;HONDA/CG 125 FAN ESD/CG 125 FAN ESD;2014.0;Condutor;Lesões Leves;24.0;Masculino;0.0;1.0;0.0;0.0;-5,786297;-35,245651;SPRF-RN;DEL02-RN;UOP01-DEL02-RN
185417.0;409778.0;2019-01-15;terça-feira;17:30:00;RN;101.0;86;NATAL;Não;Falta de Atenção à Condução;1;Colisão lateral;Com Vítimas Feridas;Pleno dia;Decrescente;Céu Claro;Simples;Reta;Não;329605.0;Motocicleta;HONDA/CG 125 FAN ESD/CG 125 FAN ESD;2014.0;Passageiro;Lesões Leves;21.0;Masculino;0.0;1.0;0.0;0.0;-5,786297;-35,245651;SPRF-RN;DEL02-RN;UOP01-DEL02-RN
185417.0;409775.0;2019-01-15;terça-feira;17:30:00;RN;101.0;86;NATAL;Não;Falta de Atenção à Condução;1;Colisão lateral;Com Vítimas Feridas;Pleno dia;Decrescente;Céu Claro;Simples;Reta;Não;329604.0;Motocicleta;HONDA/CG 150 FAN ESI/CG 150 FAN ESI;2010.0;Condutor;Lesões Leves;21.0;Masculino;0.0;1.0;0.0;0.0;-5,786297;-35,245651;SPRF-RN;DEL02-RN;UOP01-DEL02-RN
185417.0;409779.0;2019-01-15;terça-feira;17:30:00;RN;101.0;86;NATAL;Não;Falta de Atenção à Condução;1;Colisão lateral;Com Vítimas Feridas;Pleno dia;Decrescente;Céu Claro;Simples;Reta;Não;330248.0;Automóvel;Não Informado/Não Informado/Não Informado;0.0;Condutor;Não Informado;;Não Informado;0.0;0.0;0.0;0.0;-5,786297;-35,245651;SPRF-RN;DEL02-RN;UOP01-DEL02-RN
185417.0;409780.0;2019-01-15;terça-feira;17:30:00;RN;101.0;86;NATAL;Não;Falta de Atenção à Condução;1;Colisão lateral;Com Vítimas Feridas;Pleno dia;Decrescente;Céu Claro;Simples;Reta;Não;330249.0;Motocicleta;Não Informado/Não Informado/Não Informado;0.0;Condutor;Não Informado;;Não Informado;0.0;0.0;0.0;0.0;-5,786297;-35,245651;SPRF-RN;DEL02-RN;UOP01-DEL02-RN
185417.0;409777.0;2019-01-15;terça-feira;17:30:00;RN;101.0;86;NATAL;Sim;Não guardar distância de segurança;1;Colisão lateral;Com Vítimas Feridas;Pleno dia;Decrescente;Céu Claro;Simples;Reta;Não;329605.0;Motocicleta;HONDA/CG 125 FAN ESD/CG 125 FAN ESD;2014.0;Condutor;Lesões Leves;24.0;Masculino;0.0;1.0;0.0;0.0;-5,786297;-35,245651;SPRF-RN;DEL02-RN;UOP01-DEL02-RN
185417.0;409778.0;2019-01-15;terça-feira;17:30:00;RN;101.0;86;NATAL;Sim;Não guardar distância de segurança;1;Colisão lateral;Com Vítimas Feridas;Pleno dia;Decrescente;Céu Claro;Simples;Reta;Não;329605.0;Motocicleta;HONDA/CG 125 FAN ESD/CG 125 FAN ESD;2014.0;Passageiro;Lesões Leves;21.0;Masculino;0.0;1.0;0.0;0.0;-5,786297;-35,245651;SPRF-RN;DEL02-RN;UOP01-DEL02-RN
185417.0;409775.0;2019-01-15;terça-feira;17:30:00;RN;101.0;86;NATAL;Sim;Não guardar distância de segurança;1;Colisão lateral;Com Vítimas Feridas;Pleno dia;Decrescente;Céu Claro;Simples;Reta;Não;329604.0;Motocicleta;HONDA/CG 150 FAN ESI/CG 150 FAN ESI;2010.0;Condutor;Lesões Leves;21.0;Masculino;0.0;1.0;0.0;0.0;-5,786297;-35,245651;SPRF-RN;DEL02-RN;UOP01-DEL02-RN
185417.0;409779.0;2019-01-15;terça-feira;17:30:00;RN;101.0;86;NATAL;Sim;Não guardar distância de segurança;1;Colisão lateral;Com Vítimas Feridas;Pleno dia;Decrescente;Céu Claro;Simples;Reta;Não;330248.0;Automóvel;Não Informado/Não Informado/Não Informado;0.0;Condutor;Não Informado;;Não Informado;0.0;0.0;0.0;0.0;-5,786297;-35,245651;SPRF-RN;DEL02-RN;UOP01-DEL02-RN
185417.0;409780.0;2019-01-15;terça-feira;17:30:00;RN;101.0;86;NATAL;Sim;Não guardar distância de segurança;1;Colisão lateral;Com Vítimas Feridas;Pleno dia;Decrescente;Céu Claro;Simples;Reta;Não;330249.0;Motocicleta;Não Informado/Não Informado/Não Informado;0.0;Condutor;Não Informado;;Não Informado;0.0;0.0;0.0;0.0;-5,786297;-35,245651;SPRF-RN;DEL02-RN;UOP01-DEL02-RN
185421.0;409052.0;2019-01-07;segunda-feira;16:13:00;RN;101.0;95;NATAL;Sim;Falta de Atenção à Condução;1;Colisão transversal;Com Vítimas Feridas;Pleno dia;Decrescente;Céu Claro;Múltipla;Reta;Sim;329596.0;Automóvel;CITROEN/C3 XTR 16 FLEX/C3 XTR 16 FLEX;2006.0;Condutor;Ileso;21.0;Masculino;1.0;0.0;0.0;0.0;-5,840768;-35,210358;SPRF-RN;DEL01-RN;UOP01-DEL01-RN
185421.0;409055.0;2019-01-07;segunda-feira;16:13:00;RN;101.0;95;NATAL;Sim;Falta de Atenção à Condução;1;Colisão transversal;Com Vítimas Feridas;Pleno dia;Decrescente;Céu Claro;Múltipla;Reta;Sim;329597.0;Motocicleta;YAMAHA/YS150 FAZER ED/YS150 FAZER ED;2014.0;Condutor;Lesões Graves;57.0;Masculino;0.0;0.0;1.0;0.0;-5,840768;-35,210358;SPRF-RN;DEL01-RN;UOP01-DEL01-RN
185596.0;409349.0;2019-01-16;quarta-feira;16:55:00;RN;101.0;98;NATAL;Sim;Falta de Atenção à Condução;1;Colisão traseira;Com Vítimas Feridas;Pleno dia;Crescente;Céu Claro;Múltipla;Reta;Sim;329947.0;Motocicleta;HONDA/CG 125 TITAN KS/CG 125 TITAN KS;2002.0;Condutor;Lesões Leves;36.0;Masculino;0.0;1.0;0.0;0.0;-5,865723;-35,216537;SPRF-RN;DEL01-RN;UOP01-DEL01-RN
185651.0;410903.0;2019-01-16;quarta-feira;22:15:00;RN;101.0;83;NATAL;Sim;Desobediência às normas de trânsito pelo condutor;1;Colisão transversal;Com Vítimas Feridas;Plena Noite;Decrescente;Céu Claro;Dupla;Reta;Sim;331230.0;Automóvel;RENAULT/SANDERO EXP1016V/SANDERO EXP1016V;2014.0;Condutor;Ileso;60.0;Feminino;1.0;0.0;0.0;0.0;-5,771044;-35,266171;SPRF-RN;DEL02-RN;UOP01-DEL02-RN
185651.0;410890.0;2019-01-16;quarta-feira;22:15:00;RN;101.0;83;NATAL;Sim;Desobediência às normas de trânsito pelo condutor;1;Colisão transversal;Com Vítimas Feridas;Plena Noite;Decrescente;Céu Claro;Dupla;Reta;Sim;330046.0;Motocicleta;HONDA/NXR 160 BROS/NXR 160 BROS;2016.0;Passageiro;Lesões Leves;28.0;Feminino;0.0;1.0;0.0;0.0;-5,771044;-35,266171;SPRF-RN;DEL02-RN;UOP01-DEL02-RN
185651.0;410889.0;2019-01-16;quarta-feira;22:15:00;RN;101.0;83;NATAL;Sim;Desobediência às normas de trânsito pelo condutor;1;Colisão transversal;Com Vítimas Feridas;Plena Noite;Decrescente;Céu Claro;Dupla;Reta;Sim;330046.0;Motocicleta;HONDA/NXR 160 BROS/NXR 160 BROS;2016.0;Condutor;Lesões Leves;30.0;Masculino;0.0;1.0;0.0;0.0;-5,771044;-35,266171;SPRF-RN;DEL02-RN;UOP01-DEL02-RN
185722.0;409704.0;2019-01-17;quinta-feira;09:05:00;RN;226.0;3,9;NATAL;Não;Ultrapassagem Indevida;2;Saída de leito carroçável;Com Vítimas Feridas;Pleno dia;Crescente;Nublado;Simples;Reta;Sim;330190.0;Caminhonete;FORD/COURIER 1.6 L/COURIER 1.6 L;2007.0;Condutor;Lesões Graves;66.0;Masculino;0.0;0.0;1.0;0.0;-5,820857;-35,251869;SPRF-RN;DEL01-RN;UOP02-DEL01-RN
185722.0;409706.0;2019-01-17;quinta-feira;09:05:00;RN;226.0;3,9;NATAL;Não;Ultrapassagem Indevida;2;Saída de leito carroçável;Com Vítimas Feridas;Pleno dia;Crescente;Nublado;Simples;Reta;Sim;330191.0;Automóvel;GM/PRISMA MAXX/PRISMA MAXX;2007.0;Condutor;Lesões Graves;26.0;Masculino;0.0;0.0;1.0;0.0;-5,820857;-35,251869;SPRF-RN;DEL01-RN;UOP02-DEL01-RN