id;pesid;data_inversa;dia_semana;horario;uf;br;km;municipio;causa_principal;causa_acidente;ordem_tipo_acidente;tipo_acidente;classificacao_acidente;fase_dia;sentido_via;condicao_metereologica;tipo_pista;tracado_via;uso_solo;id_veiculo;tipo_veiculo;marca;ano_fabricacao_veiculo;tipo_envolvido;estado_fisico;idade;sexo;ilesos;feridos_leves;feridos_graves;mortos;latitude;longitude;regional;delegacia;uop
189430.0;418502.0;2019-01-28;segunda-feira;22:40:00;RN;101.0;96,3;NATAL;Não;Não guardar distância de segurança;1;Colisão traseira;Com Vítimas Feridas;Plena Noite;Crescente;Céu Claro;Dupla;Reta;Sim;336937.0;Automóvel;HYUNDAI/HB20 1.0M COMFOR/HB20 1.0M COMFOR;2017.0;Condutor;Ileso;38.0;Masculino;1.0;0.0;0.0;0.0;-5,849496;-35,208908;SPRF-RN;DEL01-RN;UOP01-DEL01-RN
189430.0;418499.0;2019-01-28;segunda-feira;22:40:00;RN;101.0;96,3;NATAL;Sim;Falta de Atenção à Condução;1;Colisão traseira;Com Vítimas Feridas;Plena Noite;Crescente;Céu Claro;Dupla;Reta;Sim;336934.0;Motocicleta;HONDA/CG 125 FAN KS/CG 125 FAN KS;2012.0;Condutor;Lesões Leves;47.0;Masculino;0.0;1.0;0.0;0.0;-5,849496;-35,208908;SPRF-RN;DEL01-RN;UOP01-DEL01-RN
189430.0;418500.0;2019-01-28;segunda-feira;22:40:00;RN;101.0;96,3;NATAL;Sim;Falta de Atenção à Condução;1;Colisão traseira;Com Vítimas Feridas;Plena Noite;Crescente;Céu Claro;Dupla;Reta;Sim;336935.0;Automóvel;RENAULT/SANDERO AUT1016V/SANDERO AUT1016V;2011.0;Condutor;Ileso;50.0;Masculino;1.0;0.0;0.0;0.0;-5,849496;-35,208908;SPRF-RN;DEL01-RN;UOP01-DEL01-RN
189430.0;418501.0;2019-01-28;segunda-feira;22:40:00;RN;101.0;96,3;NATAL;Sim;Falta de Atenção à Condução;1;Colisão traseira;Com Vítimas Feridas;Plena Noite;Crescente;Céu Claro;Dupla;Reta;Sim;336936.0;Automóvel;CHEVROLET/COBALT 1.8 LTZ/COBALT 1.8 LTZ;2015.0;Condutor;Ileso;45.0;Masculino;1.0;0.0;0.0;0.0;-5,849496;-35,208908;SPRF-RN;DEL01-RN;UOP01-DEL01-RN
189430.0;418502.0;2019-01-28;segunda-feira;22:40:00;RN;101.0;96,3;NATAL;Sim;Falta de Atenção à Condução;1;Colisão traseira;Com Vítimas Feridas;Plena Noite;Crescente;Céu Claro;Dupla;Reta;Sim;336937.0;Automóvel;HYUNDAI/HB20 1.0M COMFOR/HB20 1.0M COMFOR;2017.0;Condutor;Ileso;38.0;Masculino;1.0;0.0;0.0;0.0;-5,849496;-35,208908;SPRF-RN;DEL01-RN;UOP01-DEL01-RN
189850.0;419786.0;2019-02-07;quinta-feira;11:00:00;RN;101.0;79,9;NATAL;Sim;Animais na Pista;1;Colisão lateral;Sem Vítimas;Pleno dia;Decrescente;Sol;Dupla;Reta;Sim;337730.0;Automóvel;I/GM CLASSIC LIFE/GM CLASSIC LIFE;2006.0;Condutor;Ileso;31.0;Masculino;1.0;0.0;0.0;0.0;-5,749747;-35,289169;SPRF-RN;DEL02-RN;UOP01-DEL02-RN
190060.0;420068.0;2019-02-08;sexta-feira;13:20:00;RN;226.0;0,5;NATAL;Sim;Falta de Atenção à Condução;1;Colisão traseira;Com Vítimas Feridas;Pleno dia;Crescente;Nublado;Simples;Declive;Sim;338129.0;Ciclomotor;I/SHINERAY XY50Q PHOENIX/SHINERAY XY50Q PHOENIX;0.0;Condutor;Lesões Leves;20.0;Masculino;0.0;1.0;0.0;0.0;-5,800019;-35,238174;SPRF-RN;DEL01-RN;UOP02-DEL01-RN
190060.0;420081.0;2019-02-08;sexta-feira;13:20:00;RN;226.0;0,5;NATAL;Sim;Falta de Atenção à Condução;1;Colisão traseira;Com Vítimas Feridas;Pleno dia;Crescente;Nublado;Simples;Declive;Sim;338129.0;Ciclomotor;I/SHINERAY XY50Q PHOENIX/SHINERAY XY50Q PHOENIX;0.0;Passageiro;Lesões Leves;15.0;Feminino;0.0;1.0;0.0;0.0;-5,800019;-35,238174;SPRF-RN;DEL01-RN;UOP02-DEL01-RN
190060.0;420066.0;2019-02-08;sexta-feira;13:20:00;RN;226.0;0,5;NATAL;Sim;Falta de Atenção à Condução;1;Colisão traseira;Com Vítimas Feridas;Pleno dia;Crescente;Nublado;Simples;Declive;Sim;338128.0;Automóvel;FIAT/PALIO FIRE/PALIO FIRE;2014.0;Condutor;Ileso;65.0;Masculino;1.0;0.0;0.0;0.0;-5,800019;-35,238174;SPRF-RN;DEL01-RN;UOP02-DEL01-RN
190332.0;422281.0;2019-02-09;sábado;17:30:00;RN;226.0;2,6;NATAL;Não;Não guardar distância de segurança;1;Colisão lateral;Com Vítimas Feridas;Plena Noite;Crescente;Céu Claro;Simples;Reta;Sim;338619.0;Caminhão;IVECO/TECTOR 240E22/TECTOR 240E22;2013.0;Condutor;Ileso;26.0;Masculino;1.0;0.0;0.0;0.0;-5,81365;-35,246655;SPRF-RN;DEL01-RN;UOP02-DEL01-RN
190332.0;422283.0;2019-02-09;sábado;17:30:00;RN;226.0;2,6;NATAL;Não;Não guardar distância de segurança;1;Colisão lateral;Com Vítimas Feridas;Plena Noite;Crescente;Céu Claro;Simples;Reta;Sim;338621.0;Automóvel;GM/CORSA WIND/CORSA WIND;1995.0;Condutor;Lesões Leves;32.0;Masculino;0.0;1.0;0.0;0.0;-5,81365;-35,246655;SPRF-RN;DEL01-RN;UOP02-DEL01-RN
190332.0;422282.0;2019-02-09;sábado;17:30:00;RN;226.0;2,6;NATAL;Não;Não guardar distância de segurança;1;Colisão lateral;Com Vítimas Feridas;Plena Noite;Crescente;Céu Claro;Simples;Reta;Sim;338620.0;Automóvel;VW/GOL PLUS MI/GOL PLUS MI;1997.0;Condutor;Ileso;53.0;Feminino;1.0;0.0;0.0;0.0;-5,81365;-35,246655;SPRF-RN;DEL01-RN;UOP02-DEL01-RN
190332.0;422281.0;2019-02-09;sábado;17:30:00;RN;226.0;2,6;NATAL;Sim;Falta de Atenção à Condução;1;Colisão lateral;Com Vítimas Feridas;Plena Noite;Crescente;Céu Claro;Simples;Reta;Sim;338619.0;Caminhão;IVECO/TECTOR 240E22/TECTOR 240E22;2013.0;Condutor;Ileso;26.0;Masculino;1.0;0.0;0.0;0.0;-5,81365;-35,246655;SPRF-RN;DEL01-RN;UOP02-DEL01-RN
190332.0;422283.0;2019-02-09;sábado;17:30:00;RN;226.0;2,6;NATAL;Sim;Falta de Atenção à Condução;1;Colisão lateral;Com Vítimas Feridas;Plena Noite;Crescente;Céu Claro;Simples;Reta;Sim;338621.0;Automóvel;GM/CORSA WIND/CORSA WIND;1995.0;Condutor;Lesões Leves;32.0;Masculino;0.0;1.0;0.0;0.0;-5,81365;-35,246655;SPRF-RN;DEL01-RN;UOP02-DEL01-RN
190332.0;422282.0;2019-02-09;sábado;17:30:00;RN;226.0;2,6;NATAL;Sim;Falta de Atenção à Condução;1;Colisão lateral;Com Vítimas Feridas;Plena Noite;Crescente;Céu Claro;Simples;Reta;Sim;338620.0;Automóvel;VW/GOL PLUS MI/GOL PLUS MI;1997.0;Condutor;Ileso;53.0;Feminino;1.0;0.0;0.0;0.0;-5,81365;-35,246655;SPRF-RN;DEL01-RN;UOP02-DEL01-RN
190377.0;420711.0;2019-02-09;sábado;21:00:00;RN;101.0;84,7;NATAL;Sim;Não guardar distância de segurança;1;Colisão traseira;Sem Vítimas;Plena Noite;Decrescente;Céu Claro;Dupla;Viaduto;Sim;338649.0;Automóvel;VW/GOL 1.0/GOL 1.0;2009.0;Condutor;Ileso;30.0;Masculino;1.0;0.0;0.0;0.0;-5,774175;-35,257801;SPRF-RN;DEL02-RN;UOP01-DEL02-RN
190377.0;420714.0;2019-02-09;sábado;21:00:00;RN;101.0;84,7;NATAL;Sim;Não guardar distância de segurança;1;Colisão traseira;Sem Vítimas;Plena Noite;Decrescente;Céu Claro;Dupla;Viaduto;Sim;338651.0;Automóvel;I/CHEVROLET CLASSIC LS/CHEVROLET CLASSIC LS;2014.0;Condutor;Ileso;21.0;Masculino;1.0;0.0;0.0;0.0;-5,774175;-35,257801;SPRF-RN;DEL02-RN;UOP01-DEL02-RN
190377.0;420712.0;2019-02-09;sábado;21:00:00;RN;101.0;84,7;NATAL;Sim;Não guardar distância de segurança;1;Colisão traseira;Sem Vítimas;Plena Noite;Decrescente;Céu Claro;Dupla;Viaduto;Sim;338650.0;Caminhonete;VW/SAVEIRO 1.6/SAVEIRO 1.6;2004.0;Condutor;Ileso;;Masculino;1.0;0.0;0.0;0.0;-5,774175;-35,257801;SPRF-RN;DEL02-RN;UOP01-DEL02-RN
191030.0;422575.0;2019-02-13;quarta-feira;07:25:00;RN;101.0;73;NATAL;Sim;Falta de Atenção à Condução;1;Colisão transversal;Com Vítimas Feridas;Pleno dia;Crescente;Céu Claro;Simples;Interseção de Vias;Não;339893.0;Automóvel;FORD/FIESTA 1.6 FLEX/FIESTA 1.6 FLEX;2010.0;Condutor;Ileso;48.0;Masculino;1.0;0.0;0.0;0.0;-5,706872;-35,266884;SPRF-RN;DEL02-RN;UOP01-DEL02-RN
191030.0;422576.0;2019-02-13;quarta-feira;07:25:00;RN;101.0;73;NATAL;Sim;Falta de Atenção à Condução;1;Colisão transversal;Com Vítimas Feridas;Pleno dia;Crescente;Céu Claro;Simples;Interseção de Vias;Não;339894.0;Ciclomotor;TRAXX/JL50 Q2/JL50 Q2;2013.0;Condutor;Lesões Leves;57.0;Masculino;0.0;1.0;0.0;0.0;-5,706872;-35,266884;SPRF-RN;DEL02-RN;UOP01-DEL02-RN
191292.0;426570.0;2019-01-01;terça-feira;14:00:00;RN;226.0;3,1;NATAL;Sim;Falta de Atenção à Condução;1;Colisão lateral;Sem Vítimas;Pleno dia;Decrescente;Céu Claro;Dupla;Curva;Sim;343163.0;Automóvel;I/PEUGEOT 207HB XR/PEUGEOT 207HB XR;0.0;Condutor;Não Informado;;Não Informado;0.0;0.0;0.0;0.0;-5,82188575;-35,25247249;SPRF-RN;DEL01-RN;UOP02-DEL01-RN
191292.0;422977.0;2019-01-01;terça-feira;14:00:00;RN;226.0;3,1;NATAL;Sim;Falta de Atenção à Condução;1;Colisão lateral;Sem Vítimas;Pleno dia;Decrescente;Céu Claro;Dupla;Curva;Sim;340369.0;Caminhonete;CHEVROLET/S10 LS DS2/S10 LS DS2;2013.0;Condutor;Ileso;;Masculino;1.0;0.0;0.0;0.0;-5,82188575;-35,25247249;SPRF-RN;DEL01-RN;UOP02-DEL01-RN
191315.0;423027.0;2019-01-25;sexta-feira;12:25:00;RN;101.0;95,8;NATAL;Sim;Não guardar distância de segurança;2;Queda de ocupante de veículo;Com Vítimas Feridas;Pleno dia;Crescente;Céu Claro;Múltipla;Reta;Sim;340422.0;Motocicleta;HONDA/CG 125 FAN/CG 125 FAN;2005.0;Condutor;Lesões Leves;27.0;Masculino;0.0;1.0;0.0;0.0;-5,840768;-35,210358;SPRF-RN;DEL01-RN;UOP01-DEL01-RN
191315.0;423028.0;2019-01-25;sexta-feira;12:25:00;RN;101.0;95,8;NATAL;Sim;Não guardar distância de segurança;2;Queda de ocupante de veículo;Com Vítimas Feridas;Pleno dia;Crescente;Céu Claro;Múltipla;Reta;Sim;340423.0;Automóvel;FIAT/PALIO ESSENCE 1.6/PALIO ESSENCE 1.6;2015.0;Condutor;Ileso;32.0;Masculino;1.0;0.0;0.0;0.0;-5,840768;-35,210358;SPRF-RN;DEL01-RN;UOP01-DEL01-RN
191315.0;423027.0;2019-01-25;sexta-feira;12:25:00;RN;101.0;95,8;NATAL;Sim;Não guardar distância de segurança;1;Colisão lateral;Com Vítimas Feridas;Pleno dia;Crescente;Céu Claro;Múltipla;Reta;Sim;340422.0;Motocicleta;HONDA/CG 125 FAN/CG 125 FAN;2005.0;Condutor;Lesões Leves;27.0;Masculino;0.0;1.0;0.0;0.0;-5,840768;-35,210358;SPRF-RN;DEL01-RN;UOP01-DEL01-RN
191315.0;423028.0;2019-01-25;sexta-feira;12:25:00;RN;101.0;95,8;NATAL;Sim;Não guardar distância de segurança;1;Colisão lateral;Com Vítimas Feridas;Pleno dia;Crescente;Céu Claro;Múltipla;Reta;Sim;340423.0;Automóvel;FIAT/PALIO ESSENCE 1.6/PALIO ESSENCE 1.6;2015.0;Condutor;Ileso;32.0;Masculino;1.0;0.0;0.0;0.0;-5,840768;-35,210358;SPRF-RN;DEL01-RN;UOP01-DEL01-RN
191789.0;424045.0;2019-02-16;sábado;11:15:00;RN;101.0;80,5;NATAL;Sim;Desobediência às normas de trânsito pelo condutor;1;Colisão lateral;Com Vítimas Feridas;Pleno dia;Crescente;Nublado;Dupla;Interseção de Vias;Não;341244.0;Automóvel;FIAT/UNO MILLE FIRE/UNO MILLE FIRE;2005.0;Condutor;Ileso;44.0;Masculino;1.0;0.0;0.0;0.0;-5,76301542;-35,28676629;SPRF-RN;DEL02-RN;UOP01-DEL02-RN
191789.0;424048.0;2019-02-16;sábado;11:15:00;RN;101.0;80,5;NATAL;Sim;Desobediência às normas de trânsito pelo condutor;1;Colisão lateral;Com Vítimas Feridas;Pleno dia;Crescente;Nublado;Dupla;Interseção de Vias;Não;341240.0;Motoneta;LHM/PHOENIX/PHOENIX;0.0;Condutor;Lesões Leves;38.0;Masculino;0.0;1.0;0.0;0.0;-5,76301542;-35,28676629;SPRF-RN;DEL02-RN;UOP01-DEL02-RN
192048.0;426149.0;2019-02-17;domingo;22:10:00;RN;101.0;96,3;NATAL;Sim;Falta de Atenção do Pedestre;1;Atropelamento de Pedestre;Com Vítimas Feridas;Plena Noite;Crescente;Céu Claro;Múltipla;Reta;Sim;341674.0;Motocicleta;Não Informado/Não Informado/Não Informado;0.0;Condutor;Não Informado;;Não Informado;0.0;0.0;0.0;0.0;-5,840768;-35,210358;SPRF-RN;DEL01-RN;UOP01-DEL01-RN
192048.0;426139.0;2019-02-17;domingo;22:10:00;RN;101.0;96,3;NATAL;Sim;Falta de Atenção do Pedestre;1;Atropelamento de Pedestre;Com Vítimas Feridas;Plena Noite;Crescente;Céu Claro;Múltipla;Reta;Sim;;;NA/NA/NA;;Pedestre;Lesões Graves;20.0;Masculino;0.0;0.0;1.0;0.0;-5,840768;-35,210358;SPRF-RN;DEL01-RN;UOP01-DEL01-RN
192281.0;425350.0;2019-02-19;terça-feira;07:40:00;RN;101.0;99;NATAL;Sim;Falta de Atenção à Condução;1;Engavetamento;Sem Vítimas;Pleno dia;Crescente;Céu Claro;Dupla;"Viaduto;Reta";Sim;342194.0;Caminhonete;FIAT/STRADA WORKING CD/STRADA WORKING CD;2013.0;Condutor;Ileso;30.0;Masculino;1.0;0.0;0.0;0.0;-5,87365;-35,220673;SPRF-RN;DEL01-RN;UOP01-DEL01-RN
192281.0;425358.0;2019-02-19;terça-feira;07:40:00;RN;101.0;99;NATAL;Sim;Falta de Atenção à Condução;1;Engavetamento;Sem Vítimas;Pleno dia;Crescente;Céu Claro;Dupla;"Viaduto;Reta";Sim;342196.0;Automóvel;I/RENAULT CLIO PRI1016VS/RENAULT CLIO PRI1016VS;2008.0;Condutor;Ileso;62.0;Masculino;1.0;0.0;0.0;0.0;-5,87365;-35,220673;SPRF-RN;DEL01-RN;UOP01-DEL01-RN
192281.0;425352.0;2019-02-19;terça-feira;07:40:00;RN;101.0;99;NATAL;Sim;Falta de Atenção à Condução;1;Engavetamento;Sem Vítimas;Pleno dia;Crescente;Céu Claro;Dupla;"Viaduto;Reta";Sim;342195.0;Automóvel;FIAT/LINEA ESSENCE 1.8/LINEA ESSENCE 1.8;2012.0;Condutor;Ileso;44.0;Masculino;1.0;0.0;0.0;0.0;-5,87365;-35,220673;SPRF-RN;DEL01-RN;UOP01-DEL01-RN
192293.0;425359.0;2019-02-19;terça-feira;09:00:00;RN;101.0;95,1;NATAL;Não;Desobediência às normas de trânsito pelo condutor;1;Colisão traseira;Com Vítimas Feridas;Pleno dia;Decrescente;Céu Claro;Múltipla;Reta;Sim;342169.0;Camioneta;I/KIA SOUL EX 1.6 FF AT/KIA SOUL EX 1.6 FF AT;2010.0;Condutor;Ileso;32.0;Feminino;1.0;0.0;0.0;0.0;-5,840768;-35,210358;SPRF-RN;DEL01-RN;UOP01-DEL01-RN
192293.0;425360.0;2019-02-19;terça-feira;09:00:00;RN;101.0;95,1;NATAL;Não;Desobediência às normas de trânsito pelo condutor;1;Colisão traseira;Com Vítimas Feridas;Pleno dia;Decrescente;Céu Claro;Múltipla;Reta;Sim;342170.0;Motocicleta;HONDA/NXR150 BROS ES/NXR150 BROS ES;2009.0;Condutor;Lesões Leves;22.0;Masculino;0.0;1.0;0.0;0.0;-5,840768;-35,210358;SPRF-RN;DEL01-RN;UOP01-DEL01-RN
192293.0;425359.0;2019-02-19;terça-feira;09:00:00;RN;101.0;95,1;NATAL;Sim;Não guardar distância de segurança;1;Colisão traseira;Com Vítimas Feridas;Pleno dia;Decrescente;Céu Claro;Múltipla;Reta;Sim;342169.0;Camioneta;I/KIA SOUL EX 1.6 FF AT/KIA SOUL EX 1.6 FF AT;2010.0;Condutor;Ileso;32.0;Feminino;1.0;0.0;0.0;0.0;-5,840768;-35,210358;SPRF-RN;DEL01-RN;UOP01-DEL01-RN
192293.0;425360.0;2019-02-19;terça-feira;09:00:00;RN;101.0;95,1;NATAL;Sim;Não guardar distância de segurança;1;Colisão traseira;Com Vítimas Feridas;Pleno dia;Decrescente;Céu Claro;Múltipla;Reta;Sim;342170.0;Motocicleta;HONDA/NXR150 BROS ES/NXR150 BROS ES;2009.0;Condutor;Lesões Leves;22.0;Masculino;0.0;1.0;0.0;0.0;-5,840768;-35,210358;SPRF-RN;DEL01-RN;UOP01-DEL01-RN
192634.0;426318.0;2019-02-21;quinta-feira;07:50:00;RN;101.0;97,2;NATAL;Sim;Não guardar distância de segurança;1;Colisão traseira;Com Vítimas Feridas;Pleno dia;Decrescente;Céu Claro;Dupla;Reta;Sim;342937.0;Automóvel;GM/CELTA 4P SPIRIT/CELTA 4P SPIRIT;2010.0;Condutor;Ileso;23.0;Masculino;1.0;0.0;0.0;0.0;-5,857612;-35,212723;SPRF-RN;DEL01-RN;UOP01-DEL01-RN
192634.0;428164.0;2019-02-21;quinta-feira;07:50:00;RN;101.0;97,2;NATAL;Sim;Não guardar distância de segurança;1;Colisão traseira;Com Vítimas Feridas;Pleno dia;Decrescente;Céu Claro;Dupla;Reta;Sim;342937.0;Automóvel;GM/CELTA 4P SPIRIT/CELTA 4P SPIRIT;2010.0;Passageiro;Lesões Leves;25.0;Feminino;0.0;1.0;0.0;0.0;-5,857612;-35,212723;SPRF-RN;DEL01-RN;UOP01-DEL01-RN
192634.0;426320.0;2019-02-21;quinta-feira;07:50:00;RN;101.0;97,2;NATAL;Sim;Não guardar distância de segurança;1;Colisão traseira;Com Vítimas Feridas;Pleno dia;Decrescente;Céu Claro;Dupla;Reta;Sim;342939.0;Automóvel;HYUNDAI/HB20S 1.6A COMF/HB20S 1.6A COMF;2016.0;Condutor;Ileso;39.0;Feminino;1.0;0.0;0.0;0.0;-5,857612;-35,212723;SPRF-RN;DEL01-RN;UOP01-DEL01-RN
192634.0;426319.0;2019-02-21;quinta-feira;07:50:00;RN;101.0;97,2;NATAL;Sim;Não guardar distância de segurança;1;Colisão traseira;Com Vítimas Feridas;Pleno dia;Decrescente;Céu Claro;Dupla;Reta;Sim;342938.0;Automóvel;RENAULT/LOGAN DYNA 16 M/LOGAN DYNA 16 M;2013.0;Condutor;Ileso;35.0;Feminino;1.0;0.0;0.0;0.0;-5,857612;-35,212723;SPRF-RN;DEL01-RN;UOP01-DEL01-RN
192982.0;429066.0;2019-02-22;sexta-feira;23:30:00;RN;101.0;83,4;NATAL;Sim;Avarias e/ou desgaste excessivo no pneu;1;Tombamento;Com Vítimas Feridas;Plena Noite;Decrescente;Chuva;Dupla;Reta;Sim;343464.0;Motocicleta;HONDA/CG 160 START/CG 160 START;2018.0;Condutor;Lesões Leves;29.0;Masculino;0.0;1.0;0.0;0.0;-5,771044;-35,266171;SPRF-RN;DEL02-RN;UOP01-DEL02-RN
193938.0;429145.0;2019-02-27;quarta-feira;15:45:00;RN;226.0;0,8;NATAL;Sim;Desobediência às normas de trânsito pelo condutor;1;Colisão transversal;Com Vítimas Feridas;Pleno dia;Decrescente;Céu Claro;Dupla;Interseção de Vias;Sim;345314.0;Motocicleta;HONDA/CG 150 TITAN ES/CG 150 TITAN ES;2004.0;Condutor;Lesões Leves;42.0;Masculino;0.0;1.0;0.0;0.0;-5,80546675;-35,24018168;SPRF-RN;DEL01-RN;UOP02-DEL01-RN
193938.0;429144.0;2019-02-27;quarta-feira;15:45:00;RN;226.0;0,8;NATAL;Sim;Desobediência às normas de trânsito pelo condutor;1;Colisão transversal;Com Vítimas Feridas;Pleno dia;Decrescente;Céu Claro;Dupla;Interseção de Vias;Sim;345313.0;Caminhonete;I/TOYOTA HILUX CSLSTM4FD/TOYOTA HILUX CSLSTM4FD;2016.0;Condutor;Ileso;55.0;Masculino;1.0;0.0;0.0;0.0;-5,80546675;-35,24018168;SPRF-RN;DEL01-RN;UOP02-DEL01-RN
193944.0;428994.0;2019-02-22;sexta-feira;15:20:00;RN;101.0;95;NATAL;Não;Não guardar distância de segurança;1;Colisão traseira;Com Vítimas Feridas;Pleno dia;Crescente;Sol;Múltipla;Interseção de Vias;Sim;345198.0;Automóvel;PEUGEOT/206 SOLEIL/206 SOLEIL;2003.0;Condutor;Ileso;38.0;Feminino;1.0;0.0;0.0;0.0;-5,840768;-35,210358;SPRF-RN;DEL01-RN;UOP01-DEL01-RN
193944.0;428997.0;2019-02-22;sexta-feira;15:20:00;RN;101.0;95;NATAL;Não;Não guardar distância de segurança;1;Colisão traseira;Com Vítimas Feridas;Pleno dia;Crescente;Sol;Múltipla;Interseção de Vias;Sim;345198.0;Automóvel;PEUGEOT/206 SOLEIL/206 SOLEIL;2003.0;Passageiro;Lesões Leves;25.0;Feminino;0.0;1.0;0.0;0.0;-5,840768;-35,210358;SPRF-RN;DEL01-RN;UOP01-DEL01-RN
193944.0;428992.0;2019-02-22;sexta-feira;15:20:00;RN;101.0;95;NATAL;Não;Não guardar distância de segurança;1;Colisão traseira;Com Vítimas Feridas;Pleno dia;Crescente;Sol;Múltipla;Interseção de Vias;Sim;345202.0;Ônibus;MARCOPOLO/VOLARE W8 ON/VOLARE W8 ON;2010.0;Condutor;Ileso;48.0;Masculino;1.0;0.0;0.0;0.0;-5,840768;-35,210358;SPRF-RN;DEL01-RN;UOP01-DEL01-RN
193944.0;428994.0;2019-02-22;sexta-feira;15:20:00;RN;101.0;95;NATAL;Sim;Falta de Atenção à Condução;1;Colisão traseira;Com Vítimas Feridas;Pleno dia;Crescente;Sol;Múltipla;Interseção de Vias;Sim;345198.0;Automóvel;PEUGEOT/206 SOLEIL/206 SOLEIL;2003.0;Condutor;Ileso;38.0;Feminino;1.0;0.0;0.0;0.0;-5,840768;-35,210358;SPRF-RN;DEL01-RN;UOP01-DEL01-RN
193944.0;428997.0;2019-02-22;sexta-feira;15:20:00;RN;101.0;95;NATAL;Sim;Falta de Atenção à Condução;1;Colisão traseira;Com Vítimas Feridas;Pleno dia;Crescente;Sol;Múltipla;Interseção de Vias;Sim;345198.0;Automóvel;PEUGEOT/206 SOLEIL/206 SOLEIL;2003.0;Passageiro;Lesões Leves;25.0;Feminino;0.0;1.0;0.0;0.0;-5,840768;-35,210358;SPRF-RN;DEL01-RN;UOP01-DEL01-RN
193944.0;428992.0;2019-02-22;sexta-feira;15:20:00;RN;101.0;95;NATAL;Sim;Falta de Atenção à Condução;1;Colisão traseira;Com Vítimas Feridas;Pleno dia;Crescente;Sol;Múltipla;Interseção de Vias;Sim;345202.0;Ônibus;MARCOPOLO/VOLARE W8 ON/VOLARE W8 ON;2010.0;Condutor;Ileso;48.0;Masculino;1.0;0.0;0.0;0.0;-5,840768;-35,210358;SPRF-RN;DEL01-RN;UOP01-DEL01-RN
194405.0;432055.0;2019-03-01;sexta-feira;18:00:00;RN;226.0;1,8;NATAL;Sim;Desobediência às normas de trânsito pelo condutor;1;Colisão lateral;Com Vítimas Feridas;Plena Noite;Decrescente;Chuva;Dupla;Reta;Sim;346113.0;Automóvel;CHEVROLET/CELTA 1.0L LT/CELTA 1.0L LT;2012.0;Condutor;Ileso;27.0;Masculino;1.0;0.0;0.0;0.0;-5,806421;-35,241673;SPRF-RN;DEL01-RN;UOP02-DEL01-RN
194405.0;432054.0;2019-03-01;sexta-feira;18:00:00;RN;226.0;1,8;NATAL;Sim;Desobediência às normas de trânsito pelo condutor;1;Colisão lateral;Com Vítimas Feridas;Plena Noite;Decrescente;Chuva;Dupla;Reta;Sim;346112.0;Motocicleta;HONDA/CB 300R/CB 300R;2014.0;Condutor;Lesões Leves;23.0;Masculino;0.0;1.0;0.0;0.0;-5,806421;-35,241673;SPRF-RN;DEL01-RN;UOP02-DEL01-RN
194873.0;431095.0;2019-03-03;domingo;16:45:00;RN;226.0;5,2;NATAL;Sim;Falta de Atenção à Condução;1;Colisão traseira;Com Vítimas Feridas;Anoitecer;Crescente;Garoa/Chuvisco;Simples;Reta;Sim;346953.0;Automóvel;GM/PRISMA JOY/PRISMA JOY;2010.0;Condutor;Ileso;48.0;Masculino;1.0;0.0;0.0;0.0;-5,8215326;-35,26998304;SPRF-RN;DEL01-RN;UOP02-DEL01-RN
194873.0;431096.0;2019-03-03;domingo;16:45:00;RN;226.0;5,2;NATAL;Sim;Falta de Atenção à Condução;1;Colisão traseira;Com Vítimas Feridas;Anoitecer;Crescente;Garoa/Chuvisco;Simples;Reta;Sim;346954.0;Motocicleta;HONDA/POP100/POP100;2007.0;Condutor;Lesões Leves;23.0;Masculino;0.0;1.0;0.0;0.0;-5,8215326;-35,26998304;SPRF-RN;DEL01-RN;UOP02-DEL01-RN
195018.0;431450.0;2019-03-04;segunda-feira;07:55:00;RN;101.0;82,9;NATAL;Não;Desobediência às normas de trânsito pelo condutor;3;Queda de ocupante de veículo;Com Vítimas Feridas;Pleno dia;Decrescente;Garoa/Chuvisco;Dupla;Interseção de Vias;Sim;347238.0;Motocicleta;HONDA/CG 150 TITAN ESD/CG 150 TITAN ESD;2012.0;Condutor;Lesões Leves;38.0;Masculino;0.0;1.0;0.0;0.0;-5,767915;-35,274563;SPRF-RN;DEL02-RN;UOP01-DEL02-RN
195018.0;431451.0;2019-03-04;segunda-feira;07:55:00;RN;101.0;82,9;NATAL;Não;Desobediência às normas de trânsito pelo condutor;3;Queda de ocupante de veículo;Com Vítimas Feridas;Pleno dia;Decrescente;Garoa/Chuvisco;Dupla;Interseção de Vias;Sim;347239.0;Automóvel;RENAULT/SANDERO GTL 16HP/SANDERO GTL 16HP;2013.0;Condutor;Ileso;29.0;Masculino;1.0;0.0;0.0;0.0;-5,767915;-35,274563;SPRF-RN;DEL02-RN;UOP01-DEL02-RN
195018.0;431450.0;2019-03-04;segunda-feira;07:55:00;RN;101.0;82,9;NATAL;Sim;Falta de Atenção à Condução;3;Queda de ocupante de veículo;Com Vítimas Feridas;Pleno dia;Decrescente;Garoa/Chuvisco;Dupla;Interseção de Vias;Sim;347238.0;Motocicleta;HONDA/CG 150 TITAN ESD/CG 150 TITAN ESD;2012.0;Condutor;Lesões Leves;38.0;Masculino;0.0;1.0;0.0;0.0;-5,767915;-35,274563;SPRF-RN;DEL02-RN;UOP01-DEL02-RN
195018.0;431451.0;2019-03-04;segunda-feira;07:55:00;RN;101.0;82,9;NATAL;Sim;Falta de Atenção à Condução;3;Queda de ocupante de veículo;Com Vítimas Feridas;Pleno dia;Decrescente;Garoa/Chuvisco;Dupla;Interseção de Vias;Sim;347239.0;Automóvel;RENAULT/SANDERO GTL 16HP/SANDERO GTL 16HP;2013.0;Condutor;Ileso;29.0;Masculino;1.0;0.0;0.0;0.0;-5,767915;-35,274563;SPRF-RN;DEL02-RN;UOP01-DEL02-RN