id;pesid;data_inversa;dia_semana;horario;uf;br;km;municipio;causa_principal;causa_acidente;ordem_tipo_acidente;tipo_acidente;classificacao_acidente;fase_dia;sentido_via;condicao_metereologica;tipo_pista;tracado_via;uso_solo;id_veiculo;tipo_veiculo;marca;ano_fabricacao_veiculo;tipo_envolvido;estado_fisico;idade;sexo;ilesos;feridos_leves;feridos_graves;mortos;latitude;longitude;regional;delegacia;uop
199102.0;442421.0;2019-03-24;domingo;23:00:00;RN;101.0;94;NATAL;Sim;Não guardar distância de segurança;1;Colisão traseira;Com Vítimas Feridas;Plena Noite;Crescente;Céu Claro;Múltipla;Reta;Sim;354704.0;Automóvel;I/FIAT SIENA EL FLEX/FIAT SIENA EL FLEX;2010.0;Condutor;Ileso;34.0;Masculino;1.0;0.0;0.0;0.0;-5,83176615;-35,21191342;SPRF-RN;DEL01-RN;UOP01-DEL01-RN
199594.0;443689.0;2019-03-27;quarta-feira;19:05:00;RN;101.0;0;NATAL;Sim;Não guardar distância de segurança;1;Colisão traseira;Com Vítimas Feridas;Plena Noite;Decrescente;Céu Claro;Dupla;Reta;Não;355691.0;Motocicleta;HONDA/CBX 250 TWISTER/CBX 250 TWISTER;2008.0;Passageiro;Lesões Leves;22.0;Masculino;0.0;1.0;0.0;0.0;-5,77273555;-35,26180413;SPRF-RN;DEL02-RN;UOP01-DEL02-RN
199594.0;443688.0;2019-03-27;quarta-feira;19:05:00;RN;101.0;0;NATAL;Sim;Não guardar distância de segurança;1;Colisão traseira;Com Vítimas Feridas;Plena Noite;Decrescente;Céu Claro;Dupla;Reta;Não;355691.0;Motocicleta;HONDA/CBX 250 TWISTER/CBX 250 TWISTER;2008.0;Condutor;Lesões Leves;23.0;Masculino;0.0;1.0;0.0;0.0;-5,77273555;-35,26180413;SPRF-RN;DEL02-RN;UOP01-DEL02-RN
199594.0;443691.0;2019-03-27;quarta-feira;19:05:00;RN;101.0;0;NATAL;Sim;Não guardar distância de segurança;1;Colisão traseira;Com Vítimas Feridas;Plena Noite;Decrescente;Céu Claro;Dupla;Reta;Não;356965.0;Automóvel;PEUGEOT/206 10 SENSAT/206 10 SENSAT;2005.0;Condutor;Ileso;36.0;Masculino;1.0;0.0;0.0;0.0;-5,77273555;-35,26180413;SPRF-RN;DEL02-RN;UOP01-DEL02-RN
199907.0;443177.0;2019-03-29;sexta-feira;13:45:00;RN;101.0;100;NATAL;Sim;Sinalização da via insuficiente ou inadequada;2;Tombamento;Com Vítimas Feridas;Pleno dia;Crescente;Nublado;Dupla;Reta;Sim;356314.0;Automóvel;TOYOTA/COROLLA GLI18 CVT/COROLLA GLI18 CVT;2017.0;Condutor;Ileso;32.0;Feminino;1.0;0.0;0.0;0.0;-5,88106901;-35,22542396;SPRF-RN;DEL01-RN;UOP01-DEL01-RN
199907.0;443178.0;2019-03-29;sexta-feira;13:45:00;RN;101.0;100;NATAL;Sim;Sinalização da via insuficiente ou inadequada;2;Tombamento;Com Vítimas Feridas;Pleno dia;Crescente;Nublado;Dupla;Reta;Sim;356315.0;Motocicleta;HONDA/CG 160 START/CG 160 START;2018.0;Condutor;Lesões Leves;31.0;Masculino;0.0;1.0;0.0;0.0;-5,88106901;-35,22542396;SPRF-RN;DEL01-RN;UOP01-DEL01-RN
199907.0;443177.0;2019-03-29;sexta-feira;13:45:00;RN;101.0;100;NATAL;Sim;Sinalização da via insuficiente ou inadequada;1;Colisão lateral;Com Vítimas Feridas;Pleno dia;Crescente;Nublado;Dupla;Reta;Sim;356314.0;Automóvel;TOYOTA/COROLLA GLI18 CVT/COROLLA GLI18 CVT;2017.0;Condutor;Ileso;32.0;Feminino;1.0;0.0;0.0;0.0;-5,88106901;-35,22542396;SPRF-RN;DEL01-RN;UOP01-DEL01-RN
199907.0;443178.0;2019-03-29;sexta-feira;13:45:00;RN;101.0;100;NATAL;Sim;Sinalização da via insuficiente ou inadequada;1;Colisão lateral;Com Vítimas Feridas;Pleno dia;Crescente;Nublado;Dupla;Reta;Sim;356315.0;Motocicleta;HONDA/CG 160 START/CG 160 START;2018.0;Condutor;Lesões Leves;31.0;Masculino;0.0;1.0;0.0;0.0;-5,88106901;-35,22542396;SPRF-RN;DEL01-RN;UOP01-DEL01-RN
200075.0;443302.0;2019-03-30;sábado;09:38:00;RN;101.0;93,9;NATAL;Sim;Falta de Atenção à Condução;1;Colisão lateral;Com Vítimas Feridas;Pleno dia;Decrescente;Sol;Dupla;Interseção de Vias;Sim;356589.0;Motocicleta;HONDA/CBX 250 TWISTER/CBX 250 TWISTER;2004.0;Condutor;Lesões Leves;28.0;Masculino;0.0;1.0;0.0;0.0;-5,82309126;-35,20879637;SPRF-RN;DEL01-RN;UOP01-DEL01-RN
200075.0;443300.0;2019-03-30;sábado;09:38:00;RN;101.0;93,9;NATAL;Sim;Falta de Atenção à Condução;1;Colisão lateral;Com Vítimas Feridas;Pleno dia;Decrescente;Sol;Dupla;Interseção de Vias;Sim;356588.0;Motocicleta;YAMAHA/FACTOR YBR125 E/FACTOR YBR125 E;2010.0;Condutor;Lesões Leves;24.0;Masculino;0.0;1.0;0.0;0.0;-5,82309126;-35,20879637;SPRF-RN;DEL01-RN;UOP01-DEL01-RN
200549.0;444300.0;2019-04-01;segunda-feira;11:40:00;RN;101.0;99;NATAL;Sim;Falta de Atenção à Condução;1;Colisão traseira;Com Vítimas Feridas;Pleno dia;Crescente;Garoa/Chuvisco;Múltipla;Viaduto;Sim;357425.0;Automóvel;FIAT/PALIO EX/PALIO EX;1998.0;Condutor;Ileso;38.0;Masculino;1.0;0.0;0.0;0.0;-5,87359183;-35,22063023;SPRF-RN;DEL01-RN;UOP01-DEL01-RN
200549.0;444298.0;2019-04-01;segunda-feira;11:40:00;RN;101.0;99;NATAL;Sim;Falta de Atenção à Condução;1;Colisão traseira;Com Vítimas Feridas;Pleno dia;Crescente;Garoa/Chuvisco;Múltipla;Viaduto;Sim;357424.0;Motocicleta;HONDA/CG 160 TITAN EX/CG 160 TITAN EX;2016.0;Condutor;Lesões Leves;22.0;Masculino;0.0;1.0;0.0;0.0;-5,87359183;-35,22063023;SPRF-RN;DEL01-RN;UOP01-DEL01-RN
201549.0;446765.0;2019-04-06;sábado;12:30:00;RN;101.0;98,4;NATAL;Sim;Falta de Atenção à Condução;1;Colisão lateral;Com Vítimas Feridas;Pleno dia;Crescente;Nublado;Dupla;"Reta;Aclive";Sim;359298.0;Automóvel;HONDA/FIT LX FLEX/FIT LX FLEX;2013.0;Condutor;Ileso;48.0;Masculino;1.0;0.0;0.0;0.0;-5,86567888;-35,21651625;SPRF-RN;DEL01-RN;UOP01-DEL01-RN
201549.0;446768.0;2019-04-06;sábado;12:30:00;RN;101.0;98,4;NATAL;Sim;Falta de Atenção à Condução;1;Colisão lateral;Com Vítimas Feridas;Pleno dia;Crescente;Nublado;Dupla;"Reta;Aclive";Sim;359302.0;Motocicleta;HONDA/CB 250F TWISTER/CB 250F TWISTER;2016.0;Condutor;Lesões Leves;55.0;Masculino;0.0;1.0;0.0;0.0;-5,86567888;-35,21651625;SPRF-RN;DEL01-RN;UOP01-DEL01-RN
201570.0;446855.0;2019-04-06;sábado;14:40:00;RN;101.0;81;NATAL;Sim;Falta de Atenção à Condução;2;Colisão traseira;Com Vítimas Feridas;Pleno dia;Decrescente;Chuva;Dupla;Reta;Sim;359309.0;Caminhão-trator;VOLVO/FH 420 6X2T/FH 420 6X2T;2013.0;Condutor;Ileso;42.0;Masculino;1.0;0.0;0.0;0.0;-5,76469466;-35,28295988;SPRF-RN;DEL02-RN;UOP01-DEL02-RN
201570.0;446858.0;2019-04-06;sábado;14:40:00;RN;101.0;81;NATAL;Sim;Falta de Atenção à Condução;2;Colisão traseira;Com Vítimas Feridas;Pleno dia;Decrescente;Chuva;Dupla;Reta;Sim;359311.0;Motocicleta;YAMAHA/YS150 FAZER SED/YS150 FAZER SED;2015.0;Condutor;Lesões Graves;24.0;Masculino;0.0;0.0;1.0;0.0;-5,76469466;-35,28295988;SPRF-RN;DEL02-RN;UOP01-DEL02-RN
201570.0;;2019-04-06;sábado;14:40:00;RN;101.0;81;NATAL;Sim;Falta de Atenção à Condução;2;Colisão traseira;Com Vítimas Feridas;Pleno dia;Decrescente;Chuva;Dupla;Reta;Sim;359362.0;Semireboque;SR/KRONORTE TANQUE 3E/KRONORTE TANQUE 3E;2013.0;;;;;;;;;-5,76469466;-35,28295988;SPRF-RN;DEL02-RN;UOP01-DEL02-RN
201570.0;446855.0;2019-04-06;sábado;14:40:00;RN;101.0;81;NATAL;Sim;Falta de Atenção à Condução;1;Queda de ocupante de veículo;Com Vítimas Feridas;Pleno dia;Decrescente;Chuva;Dupla;Reta;Sim;359309.0;Caminhão-trator;VOLVO/FH 420 6X2T/FH 420 6X2T;2013.0;Condutor;Ileso;42.0;Masculino;1.0;0.0;0.0;0.0;-5,76469466;-35,28295988;SPRF-RN;DEL02-RN;UOP01-DEL02-RN
201570.0;446858.0;2019-04-06;sábado;14:40:00;RN;101.0;81;NATAL;Sim;Falta de Atenção à Condução;1;Queda de ocupante de veículo;Com Vítimas Feridas;Pleno dia;Decrescente;Chuva;Dupla;Reta;Sim;359311.0;Motocicleta;YAMAHA/YS150 FAZER SED/YS150 FAZER SED;2015.0;Condutor;Lesões Graves;24.0;Masculino;0.0;0.0;1.0;0.0;-5,76469466;-35,28295988;SPRF-RN;DEL02-RN;UOP01-DEL02-RN
201570.0;;2019-04-06;sábado;14:40:00;RN;101.0;81;NATAL;Sim;Falta de Atenção à Condução;1;Queda de ocupante de veículo;Com Vítimas Feridas;Pleno dia;Decrescente;Chuva;Dupla;Reta;Sim;359362.0;Semireboque;SR/KRONORTE TANQUE 3E/KRONORTE TANQUE 3E;2013.0;;;;;;;;;-5,76469466;-35,28295988;SPRF-RN;DEL02-RN;UOP01-DEL02-RN
201764.0;449421.0;2019-04-07;domingo;07:00:00;RN;226.0;6,8;NATAL;Sim;Falta de Atenção à Condução;1;Queda de ocupante de veículo;Com Vítimas Feridas;Pleno dia;Decrescente;Céu Claro;Simples;Reta;Sim;359713.0;Motocicleta;YAMAHA/YS150 FAZER SED/YS150 FAZER SED;2014.0;Condutor;Lesões Leves;26.0;Masculino;0.0;1.0;0.0;0.0;-5,82099198;-35,27688801;SPRF-RN;DEL01-RN;UOP02-DEL01-RN
202019.0;447823.0;2019-04-08;segunda-feira;08:40:00;RN;101.0;96;NATAL;Sim;Falta de Atenção à Condução;1;Colisão lateral;Com Vítimas Feridas;Pleno dia;Decrescente;Céu Claro;Dupla;Reta;Sim;360155.0;Motocicleta;HONDA/CB 300R/CB 300R;2010.0;Condutor;Lesões Leves;25.0;Masculino;0.0;1.0;0.0;0.0;-5,84949622;-35,20890752;SPRF-RN;DEL01-RN;UOP01-DEL01-RN
202019.0;447824.0;2019-04-08;segunda-feira;08:40:00;RN;101.0;96;NATAL;Sim;Falta de Atenção à Condução;1;Colisão lateral;Com Vítimas Feridas;Pleno dia;Decrescente;Céu Claro;Dupla;Reta;Sim;360156.0;Automóvel;CITROEN/C3 90M ORIGINE/C3 90M ORIGINE;2013.0;Condutor;Ileso;21.0;Masculino;1.0;0.0;0.0;0.0;-5,84949622;-35,20890752;SPRF-RN;DEL01-RN;UOP01-DEL01-RN
202201.0;452378.0;2019-04-09;terça-feira;07:25:00;RN;101.0;97;NATAL;Sim;Falta de Atenção à Condução;1;Colisão traseira;Com Vítimas Feridas;Pleno dia;Decrescente;Sol;Dupla;Reta;Sim;360621.0;Automóvel;NISSAN/VERSA 16 SL/VERSA 16 SL;2015.0;Condutor;Ileso;29.0;Masculino;1.0;0.0;0.0;0.0;-5,85758898;-35,21271205;SPRF-RN;DEL01-RN;UOP01-DEL01-RN
202201.0;452384.0;2019-04-09;terça-feira;07:25:00;RN;101.0;97;NATAL;Sim;Falta de Atenção à Condução;1;Colisão traseira;Com Vítimas Feridas;Pleno dia;Decrescente;Sol;Dupla;Reta;Sim;363731.0;Ciclomotor;Não Informado/Não Informado/Não Informado;0.0;Condutor;Lesões Leves;29.0;Masculino;0.0;1.0;0.0;0.0;-5,85758898;-35,21271205;SPRF-RN;DEL01-RN;UOP01-DEL01-RN
202219.0;448245.0;2019-04-09;terça-feira;09:30:00;RN;101.0;100;NATAL;Sim;Falta de Atenção à Condução;1;Colisão lateral;Com Vítimas Feridas;Pleno dia;Crescente;Céu Claro;Múltipla;Reta;Sim;360508.0;Automóvel;HYUNDAI/HB20 1.6M COMF/HB20 1.6M COMF;2015.0;Condutor;Ileso;60.0;Feminino;1.0;0.0;0.0;0.0;-5,88106901;-35,22542396;SPRF-RN;DEL01-RN;UOP01-DEL01-RN
202219.0;448248.0;2019-04-09;terça-feira;09:30:00;RN;101.0;100;NATAL;Sim;Falta de Atenção à Condução;1;Colisão lateral;Com Vítimas Feridas;Pleno dia;Crescente;Céu Claro;Múltipla;Reta;Sim;360509.0;Motocicleta;HONDA/CG 150 FAN ESI/CG 150 FAN ESI;2012.0;Condutor;Lesões Leves;31.0;Masculino;0.0;1.0;0.0;0.0;-5,88106901;-35,22542396;SPRF-RN;DEL01-RN;UOP01-DEL01-RN
202531.0;450921.0;2019-04-11;quinta-feira;06:30:00;RN;101.0;94;NATAL;Sim;Defeito Mecânico no Veículo;3;Queda de ocupante de veículo;Com Vítimas Feridas;Pleno dia;Crescente;Céu Claro;Múltipla;Reta;Sim;361049.0;Caminhonete;VW/NOVA SAVEIRO CS/NOVA SAVEIRO CS;2013.0;Condutor;Ileso;59.0;Masculino;1.0;0.0;0.0;0.0;-5,83176615;-35,21191342;SPRF-RN;DEL01-RN;UOP01-DEL01-RN
202531.0;450924.0;2019-04-11;quinta-feira;06:30:00;RN;101.0;94;NATAL;Sim;Defeito Mecânico no Veículo;3;Queda de ocupante de veículo;Com Vítimas Feridas;Pleno dia;Crescente;Céu Claro;Múltipla;Reta;Sim;361050.0;Motocicleta;HONDA/CG 150 TITAN ES/CG 150 TITAN ES;2008.0;Condutor;Lesões Graves;33.0;Masculino;0.0;0.0;1.0;0.0;-5,83176615;-35,21191342;SPRF-RN;DEL01-RN;UOP01-DEL01-RN
202531.0;450921.0;2019-04-11;quinta-feira;06:30:00;RN;101.0;94;NATAL;Sim;Defeito Mecânico no Veículo;2;Tombamento;Com Vítimas Feridas;Pleno dia;Crescente;Céu Claro;Múltipla;Reta;Sim;361049.0;Caminhonete;VW/NOVA SAVEIRO CS/NOVA SAVEIRO CS;2013.0;Condutor;Ileso;59.0;Masculino;1.0;0.0;0.0;0.0;-5,83176615;-35,21191342;SPRF-RN;DEL01-RN;UOP01-DEL01-RN
202531.0;450924.0;2019-04-11;quinta-feira;06:30:00;RN;101.0;94;NATAL;Sim;Defeito Mecânico no Veículo;2;Tombamento;Com Vítimas Feridas;Pleno dia;Crescente;Céu Claro;Múltipla;Reta;Sim;361050.0;Motocicleta;HONDA/CG 150 TITAN ES/CG 150 TITAN ES;2008.0;Condutor;Lesões Graves;33.0;Masculino;0.0;0.0;1.0;0.0;-5,83176615;-35,21191342;SPRF-RN;DEL01-RN;UOP01-DEL01-RN
202531.0;450921.0;2019-04-11;quinta-feira;06:30:00;RN;101.0;94;NATAL;Sim;Defeito Mecânico no Veículo;1;Colisão traseira;Com Vítimas Feridas;Pleno dia;Crescente;Céu Claro;Múltipla;Reta;Sim;361049.0;Caminhonete;VW/NOVA SAVEIRO CS/NOVA SAVEIRO CS;2013.0;Condutor;Ileso;59.0;Masculino;1.0;0.0;0.0;0.0;-5,83176615;-35,21191342;SPRF-RN;DEL01-RN;UOP01-DEL01-RN
202531.0;450924.0;2019-04-11;quinta-feira;06:30:00;RN;101.0;94;NATAL;Sim;Defeito Mecânico no Veículo;1;Colisão traseira;Com Vítimas Feridas;Pleno dia;Crescente;Céu Claro;Múltipla;Reta;Sim;361050.0;Motocicleta;HONDA/CG 150 TITAN ES/CG 150 TITAN ES;2008.0;Condutor;Lesões Graves;33.0;Masculino;0.0;0.0;1.0;0.0;-5,83176615;-35,21191342;SPRF-RN;DEL01-RN;UOP01-DEL01-RN
202709.0;449554.0;2019-04-12;sexta-feira;05:15:00;RN;226.0;0,6;NATAL;Sim;Falta de Atenção à Condução;1;Colisão transversal;Com Vítimas Fatais;Pleno dia;Decrescente;Garoa/Chuvisco;Simples;Reta;Sim;361398.0;Motocicleta;I/SHINERAY XY 150 GY/SHINERAY XY 150 GY;2012.0;Condutor;Óbito;25.0;Masculino;0.0;0.0;0.0;1.0;-5,800019;-35,238174;SPRF-RN;DEL01-RN;UOP02-DEL01-RN
202709.0;450790.0;2019-04-12;sexta-feira;05:15:00;RN;226.0;0,6;NATAL;Sim;Falta de Atenção à Condução;1;Colisão transversal;Com Vítimas Fatais;Pleno dia;Decrescente;Garoa/Chuvisco;Simples;Reta;Sim;361399.0;Automóvel;GM/MERIVA JOY/MERIVA JOY;2010.0;Condutor;Ileso;63.0;Masculino;1.0;0.0;0.0;0.0;-5,800019;-35,238174;SPRF-RN;DEL01-RN;UOP02-DEL01-RN
203185.0;451885.0;2019-04-14;domingo;06:15:00;RN;101.0;80,6;NATAL;Sim;Ingestão de Álcool;1;Colisão traseira;Sem Vítimas;Pleno dia;Decrescente;Céu Claro;Dupla;Reta;Não;362174.0;Automóvel;GM/ASTRA GLS/ASTRA GLS;2000.0;Condutor;Ileso;25.0;Masculino;1.0;0.0;0.0;0.0;-5,76337243;-35,28622888;SPRF-RN;DEL02-RN;UOP01-DEL02-RN
203185.0;451887.0;2019-04-14;domingo;06:15:00;RN;101.0;80,6;NATAL;Sim;Ingestão de Álcool;1;Colisão traseira;Sem Vítimas;Pleno dia;Decrescente;Céu Claro;Dupla;Reta;Não;363343.0;Caminhonete;GM/S10 DELUXE/S10 DELUXE;1995.0;Condutor;Ileso;44.0;Masculino;1.0;0.0;0.0;0.0;-5,76337243;-35,28622888;SPRF-RN;DEL02-RN;UOP01-DEL02-RN
203185.0;451889.0;2019-04-14;domingo;06:15:00;RN;101.0;80,6;NATAL;Sim;Ingestão de Álcool;1;Colisão traseira;Sem Vítimas;Pleno dia;Decrescente;Céu Claro;Dupla;Reta;Não;363345.0;Automóvel;VW/GOL/GOL;1980.0;Condutor;Ileso;63.0;Masculino;1.0;0.0;0.0;0.0;-5,76337243;-35,28622888;SPRF-RN;DEL02-RN;UOP01-DEL02-RN
203225.0;450752.0;2019-04-14;domingo;04:00:00;RN;226.0;0,7;NATAL;Não;Pista Escorregadia;2;Capotamento;Com Vítimas Feridas;Plena Noite;Crescente;Garoa/Chuvisco;Dupla;Curva;Sim;362211.0;Automóvel;GM/CORSA SEDAN MAXX/CORSA SEDAN MAXX;2005.0;Condutor;Lesões Leves;;Masculino;0.0;1.0;0.0;0.0;-5,800019;-35,238174;SPRF-RN;DEL01-RN;UOP02-DEL01-RN
203225.0;450752.0;2019-04-14;domingo;04:00:00;RN;226.0;0,7;NATAL;Sim;Falta de Atenção à Condução;2;Capotamento;Com Vítimas Feridas;Plena Noite;Crescente;Garoa/Chuvisco;Dupla;Curva;Sim;362211.0;Automóvel;GM/CORSA SEDAN MAXX/CORSA SEDAN MAXX;2005.0;Condutor;Lesões Leves;;Masculino;0.0;1.0;0.0;0.0;-5,800019;-35,238174;SPRF-RN;DEL01-RN;UOP02-DEL01-RN
203225.0;450752.0;2019-04-14;domingo;04:00:00;RN;226.0;0,7;NATAL;Não;Pista Escorregadia;1;Colisão frontal;Com Vítimas Feridas;Plena Noite;Crescente;Garoa/Chuvisco;Dupla;Curva;Sim;362211.0;Automóvel;GM/CORSA SEDAN MAXX/CORSA SEDAN MAXX;2005.0;Condutor;Lesões Leves;;Masculino;0.0;1.0;0.0;0.0;-5,800019;-35,238174;SPRF-RN;DEL01-RN;UOP02-DEL01-RN
203225.0;450752.0;2019-04-14;domingo;04:00:00;RN;226.0;0,7;NATAL;Sim;Falta de Atenção à Condução;1;Colisão frontal;Com Vítimas Feridas;Plena Noite;Crescente;Garoa/Chuvisco;Dupla;Curva;Sim;362211.0;Automóvel;GM/CORSA SEDAN MAXX/CORSA SEDAN MAXX;2005.0;Condutor;Lesões Leves;;Masculino;0.0;1.0;0.0;0.0;-5,800019;-35,238174;SPRF-RN;DEL01-RN;UOP02-DEL01-RN
203428.0;450920.0;2019-04-15;segunda-feira;08:20:00;RN;101.0;94,2;NATAL;Sim;Não guardar distância de segurança;1;Colisão traseira;Sem Vítimas;Pleno dia;Decrescente;Sol;Dupla;Reta;Sim;362637.0;Automóvel;TOYOTA/ETIOS SD XLS/ETIOS SD XLS;2012.0;Condutor;Ileso;36.0;Feminino;1.0;0.0;0.0;0.0;-5,83279687;-35,21204179;SPRF-RN;DEL01-RN;UOP01-DEL01-RN
203428.0;450923.0;2019-04-15;segunda-feira;08:20:00;RN;101.0;94,2;NATAL;Sim;Não guardar distância de segurança;1;Colisão traseira;Sem Vítimas;Pleno dia;Decrescente;Sol;Dupla;Reta;Sim;362638.0;Caminhonete;VW/NOVA SAVEIRO RB MBVS/NOVA SAVEIRO RB MBVS;2018.0;Condutor;Ileso;54.0;Masculino;1.0;0.0;0.0;0.0;-5,83279687;-35,21204179;SPRF-RN;DEL01-RN;UOP01-DEL01-RN
203597.0;453346.0;2019-04-16;terça-feira;07:30:00;RN;101.0;85,4;NATAL;Sim;Desobediência às normas de trânsito pelo condutor;2;Queda de ocupante de veículo;Com Vítimas Feridas;Pleno dia;Crescente;Céu Claro;Dupla;Ponte;Não;362888.0;Automóvel;GM/VECTRA GLS/VECTRA GLS;1998.0;Condutor;Ileso;21.0;Masculino;1.0;0.0;0.0;0.0;-5,78107657;-35,24798155;SPRF-RN;DEL02-RN;UOP01-DEL02-RN
203597.0;453341.0;2019-04-16;terça-feira;07:30:00;RN;101.0;85,4;NATAL;Sim;Desobediência às normas de trânsito pelo condutor;2;Queda de ocupante de veículo;Com Vítimas Feridas;Pleno dia;Crescente;Céu Claro;Dupla;Ponte;Não;362887.0;Motocicleta;HONDA/CB 250F TWISTER/CB 250F TWISTER;2017.0;Condutor;Lesões Leves;30.0;Masculino;0.0;1.0;0.0;0.0;-5,78107657;-35,24798155;SPRF-RN;DEL02-RN;UOP01-DEL02-RN
203597.0;453346.0;2019-04-16;terça-feira;07:30:00;RN;101.0;85,4;NATAL;Sim;Desobediência às normas de trânsito pelo condutor;1;Colisão lateral;Com Vítimas Feridas;Pleno dia;Crescente;Céu Claro;Dupla;Ponte;Não;362888.0;Automóvel;GM/VECTRA GLS/VECTRA GLS;1998.0;Condutor;Ileso;21.0;Masculino;1.0;0.0;0.0;0.0;-5,78107657;-35,24798155;SPRF-RN;DEL02-RN;UOP01-DEL02-RN
203597.0;453341.0;2019-04-16;terça-feira;07:30:00;RN;101.0;85,4;NATAL;Sim;Desobediência às normas de trânsito pelo condutor;1;Colisão lateral;Com Vítimas Feridas;Pleno dia;Crescente;Céu Claro;Dupla;Ponte;Não;362887.0;Motocicleta;HONDA/CB 250F TWISTER/CB 250F TWISTER;2017.0;Condutor;Lesões Leves;30.0;Masculino;0.0;1.0;0.0;0.0;-5,78107657;-35,24798155;SPRF-RN;DEL02-RN;UOP01-DEL02-RN
203613.0;451567.0;2019-04-16;terça-feira;08:30:00;RN;101.0;95;NATAL;Sim;Falta de Atenção à Condução;1;Colisão traseira;Com Vítimas Feridas;Pleno dia;Crescente;Céu Claro;Dupla;Reta;Sim;362938.0;Camioneta;I/LR EVOQUE PURE P5D/LR EVOQUE PURE P5D;2012.0;Condutor;Ileso;33.0;Masculino;1.0;0.0;0.0;0.0;-5,84076841;-35,21035949;SPRF-RN;DEL01-RN;UOP01-DEL01-RN
203613.0;451566.0;2019-04-16;terça-feira;08:30:00;RN;101.0;95;NATAL;Sim;Falta de Atenção à Condução;1;Colisão traseira;Com Vítimas Feridas;Pleno dia;Crescente;Céu Claro;Dupla;Reta;Sim;362937.0;Motocicleta;YAMAHA/FACTOR YBR125 K/FACTOR YBR125 K;2011.0;Condutor;Lesões Leves;29.0;Masculino;0.0;1.0;0.0;0.0;-5,84076841;-35,21035949;SPRF-RN;DEL01-RN;UOP01-DEL01-RN
203716.0;451580.0;2019-04-16;terça-feira;20:25:00;RN;101.0;80;NATAL;Sim;Animais na Pista;1;Atropelamento de Animal;Com Vítimas Feridas;Plena Noite;Decrescente;Céu Claro;Dupla;Reta;Sim;363121.0;Motocicleta;HONDA/CG150 FAN ESDI/CG150 FAN ESDI;2014.0;Condutor;Lesões Leves;41.0;Masculino;0.0;1.0;0.0;0.0;-5,75852229;-35,28806121;SPRF-RN;DEL02-RN;UOP01-DEL02-RN
203716.0;451582.0;2019-04-16;terça-feira;20:25:00;RN;101.0;80;NATAL;Sim;Animais na Pista;1;Atropelamento de Animal;Com Vítimas Feridas;Plena Noite;Decrescente;Céu Claro;Dupla;Reta;Sim;363121.0;Motocicleta;HONDA/CG150 FAN ESDI/CG150 FAN ESDI;2014.0;Passageiro;Lesões Leves;43.0;Feminino;0.0;1.0;0.0;0.0;-5,75852229;-35,28806121;SPRF-RN;DEL02-RN;UOP01-DEL02-RN
204262.0;453055.0;2019-04-19;sexta-feira;07:00:00;RN;101.0;81,3;NATAL;Sim;Desobediência às normas de trânsito pelo condutor;1;Colisão lateral;Com Vítimas Feridas;Pleno dia;Crescente;Céu Claro;Dupla;Reta;Não;364216.0;Motocicleta;HONDA/CG 125 FAN KS/CG 125 FAN KS;2012.0;Condutor;Lesões Leves;38.0;Masculino;0.0;1.0;0.0;0.0;-5,76469466;-35,28295988;SPRF-RN;DEL02-RN;UOP01-DEL02-RN
204262.0;453058.0;2019-04-19;sexta-feira;07:00:00;RN;101.0;81,3;NATAL;Sim;Desobediência às normas de trânsito pelo condutor;1;Colisão lateral;Com Vítimas Feridas;Pleno dia;Crescente;Céu Claro;Dupla;Reta;Não;364223.0;Motocicleta;Não Informado/Não Informado/Não Informado;0.0;Condutor;Não Informado;;Não Informado;0.0;0.0;0.0;0.0;-5,76469466;-35,28295988;SPRF-RN;DEL02-RN;UOP01-DEL02-RN
205115.0;454915.0;2019-04-23;terça-feira;08:30:00;RN;101.0;98;NATAL;Sim;Falta de Atenção à Condução;1;Colisão traseira;Com Vítimas Feridas;Pleno dia;Decrescente;Céu Claro;Dupla;"Reta;Declive";Sim;365676.0;Automóvel;RENAULT/LOGAN AUT 1016V/LOGAN AUT 1016V;2010.0;Condutor;Ileso;54.0;Masculino;1.0;0.0;0.0;0.0;-5,86567888;-35,21651625;SPRF-RN;DEL01-RN;UOP01-DEL01-RN
205115.0;454916.0;2019-04-23;terça-feira;08:30:00;RN;101.0;98;NATAL;Sim;Falta de Atenção à Condução;1;Colisão traseira;Com Vítimas Feridas;Pleno dia;Decrescente;Céu Claro;Dupla;"Reta;Declive";Sim;365677.0;Motoneta;HONDA/PCX 150/PCX 150;2017.0;Condutor;Lesões Leves;23.0;Masculino;0.0;1.0;0.0;0.0;-5,86567888;-35,21651625;SPRF-RN;DEL01-RN;UOP01-DEL01-RN
205120.0;455151.0;2019-04-23;terça-feira;08:20:00;RN;101.0;95,4;NATAL;Não;Falta de Atenção à Condução;1;Colisão traseira;Sem Vítimas;Pleno dia;Decrescente;Céu Claro;Múltipla;Reta;Sim;365706.0;Automóvel;FIAT/SIENA TETRAFUEL 1.4/SIENA TETRAFUEL 1.4;2013.0;Condutor;Ileso;31.0;Masculino;1.0;0.0;0.0;0.0;-5,84076841;-35,21035949;SPRF-RN;DEL01-RN;UOP01-DEL01-RN
205120.0;455147.0;2019-04-23;terça-feira;08:20:00;RN;101.0;95,4;NATAL;Não;Falta de Atenção à Condução;1;Colisão traseira;Sem Vítimas;Pleno dia;Decrescente;Céu Claro;Múltipla;Reta;Sim;365705.0;Caminhonete;VW/S GREENCAR AMB M12/S GREENCAR AMB M12;2018.0;Condutor;Ileso;47.0;Masculino;1.0;0.0;0.0;0.0;-5,84076841;-35,21035949;SPRF-RN;DEL01-RN;UOP01-DEL01-RN
205120.0;455151.0;2019-04-23;terça-feira;08:20:00;RN;101.0;95,4;NATAL;Não;Velocidade Incompatível;1;Colisão traseira;Sem Vítimas;Pleno dia;Decrescente;Céu Claro;Múltipla;Reta;Sim;365706.0;Automóvel;FIAT/SIENA TETRAFUEL 1.4/SIENA TETRAFUEL 1.4;2013.0;Condutor;Ileso;31.0;Masculino;1.0;0.0;0.0;0.0;-5,84076841;-35,21035949;SPRF-RN;DEL01-RN;UOP01-DEL01-RN