id;pesid;data_inversa;dia_semana;horario;uf;br;km;municipio;causa_principal;causa_acidente;ordem_tipo_acidente;tipo_acidente;classificacao_acidente;fase_dia;sentido_via;condicao_metereologica;tipo_pista;tracado_via;uso_solo;id_veiculo;tipo_veiculo;marca;ano_fabricacao_veiculo;tipo_envolvido;estado_fisico;idade;sexo;ilesos;feridos_leves;feridos_graves;mortos;latitude;longitude;regional;delegacia;uop
226195.0;;2019-08-02;sexta-feira;17:40:00;RN;101.0;78,2;NATAL;Sim;Desobediência às normas de trânsito pelo condutor;2;Colisão lateral;Com Vítimas Feridas;Anoitecer;Decrescente;Céu Claro;Dupla;Reta;Sim;403985.0;Semireboque;SR/RANDONSP SRFG CG/RANDONSP SRFG CG;2013.0;;;;;;;;;-5,74071896;-35,29021064;SPRF-RN;DEL02-RN;UOP01-DEL02-RN
226195.0;503123.0;2019-08-02;sexta-feira;17:40:00;RN;101.0;78,2;NATAL;Sim;Desobediência às normas de trânsito pelo condutor;2;Colisão lateral;Com Vítimas Feridas;Anoitecer;Decrescente;Céu Claro;Dupla;Reta;Sim;403980.0;Caminhão-trator;VOLVO/FH 540 6X4T/FH 540 6X4T;2015.0;Condutor;Ileso;40.0;Masculino;1.0;0.0;0.0;0.0;-5,74071896;-35,29021064;SPRF-RN;DEL02-RN;UOP01-DEL02-RN
226195.0;503121.0;2019-08-02;sexta-feira;17:40:00;RN;101.0;78,2;NATAL;Sim;Desobediência às normas de trânsito pelo condutor;1;Queda de ocupante de veículo;Com Vítimas Feridas;Anoitecer;Decrescente;Céu Claro;Dupla;Reta;Sim;403979.0;Motocicleta;HONDA/CB 250F TWISTER/CB 250F TWISTER;2017.0;Condutor;Lesões Leves;25.0;Masculino;0.0;1.0;0.0;0.0;-5,74071896;-35,29021064;SPRF-RN;DEL02-RN;UOP01-DEL02-RN
226195.0;;2019-08-02;sexta-feira;17:40:00;RN;101.0;78,2;NATAL;Sim;Desobediência às normas de trânsito pelo condutor;1;Queda de ocupante de veículo;Com Vítimas Feridas;Anoitecer;Decrescente;Céu Claro;Dupla;Reta;Sim;403985.0;Semireboque;SR/RANDONSP SRFG CG/RANDONSP SRFG CG;2013.0;;;;;;;;;-5,74071896;-35,29021064;SPRF-RN;DEL02-RN;UOP01-DEL02-RN
226195.0;503123.0;2019-08-02;sexta-feira;17:40:00;RN;101.0;78,2;NATAL;Sim;Desobediência às normas de trânsito pelo condutor;1;Queda de ocupante de veículo;Com Vítimas Feridas;Anoitecer;Decrescente;Céu Claro;Dupla;Reta;Sim;403980.0;Caminhão-trator;VOLVO/FH 540 6X4T/FH 540 6X4T;2015.0;Condutor;Ileso;40.0;Masculino;1.0;0.0;0.0;0.0;-5,74071896;-35,29021064;SPRF-RN;DEL02-RN;UOP01-DEL02-RN
226866.0;504499.0;2019-08-05;segunda-feira;14:15:00;RN;101.0;83,4;NATAL;Sim;Falta de Atenção à Condução;3;Queda de ocupante de veículo;Com Vítimas Feridas;Pleno dia;Decrescente;Nublado;Dupla;Reta;Sim;405200.0;Motocicleta;HONDA/CG 125 FAN KS/CG 125 FAN KS;2013.0;Condutor;Lesões Leves;48.0;Masculino;0.0;1.0;0.0;0.0;-5,7710445;-35,26616981;SPRF-RN;DEL02-RN;UOP01-DEL02-RN
226866.0;504502.0;2019-08-05;segunda-feira;14:15:00;RN;101.0;83,4;NATAL;Sim;Falta de Atenção à Condução;3;Queda de ocupante de veículo;Com Vítimas Feridas;Pleno dia;Decrescente;Nublado;Dupla;Reta;Sim;405201.0;Automóvel;I/FIAT SIENA EL FLEX/FIAT SIENA EL FLEX;2010.0;Condutor;Ileso;43.0;Feminino;1.0;0.0;0.0;0.0;-5,7710445;-35,26616981;SPRF-RN;DEL02-RN;UOP01-DEL02-RN
226866.0;504499.0;2019-08-05;segunda-feira;14:15:00;RN;101.0;83,4;NATAL;Sim;Falta de Atenção à Condução;2;Tombamento;Com Vítimas Feridas;Pleno dia;Decrescente;Nublado;Dupla;Reta;Sim;405200.0;Motocicleta;HONDA/CG 125 FAN KS/CG 125 FAN KS;2013.0;Condutor;Lesões Leves;48.0;Masculino;0.0;1.0;0.0;0.0;-5,7710445;-35,26616981;SPRF-RN;DEL02-RN;UOP01-DEL02-RN
226866.0;504502.0;2019-08-05;segunda-feira;14:15:00;RN;101.0;83,4;NATAL;Sim;Falta de Atenção à Condução;2;Tombamento;Com Vítimas Feridas;Pleno dia;Decrescente;Nublado;Dupla;Reta;Sim;405201.0;Automóvel;I/FIAT SIENA EL FLEX/FIAT SIENA EL FLEX;2010.0;Condutor;Ileso;43.0;Feminino;1.0;0.0;0.0;0.0;-5,7710445;-35,26616981;SPRF-RN;DEL02-RN;UOP01-DEL02-RN
226866.0;504499.0;2019-08-05;segunda-feira;14:15:00;RN;101.0;83,4;NATAL;Sim;Falta de Atenção à Condução;1;Colisão lateral;Com Vítimas Feridas;Pleno dia;Decrescente;Nublado;Dupla;Reta;Sim;405200.0;Motocicleta;HONDA/CG 125 FAN KS/CG 125 FAN KS;2013.0;Condutor;Lesões Leves;48.0;Masculino;0.0;1.0;0.0;0.0;-5,7710445;-35,26616981;SPRF-RN;DEL02-RN;UOP01-DEL02-RN
226866.0;504502.0;2019-08-05;segunda-feira;14:15:00;RN;101.0;83,4;NATAL;Sim;Falta de Atenção à Condução;1;Colisão lateral;Com Vítimas Feridas;Pleno dia;Decrescente;Nublado;Dupla;Reta;Sim;405201.0;Automóvel;I/FIAT SIENA EL FLEX/FIAT SIENA EL FLEX;2010.0;Condutor;Ileso;43.0;Feminino;1.0;0.0;0.0;0.0;-5,7710445;-35,26616981;SPRF-RN;DEL02-RN;UOP01-DEL02-RN
227159.0;505192.0;2019-08-07;quarta-feira;07:20:00;RN;226.0;2,9;NATAL;Sim;Defeito Mecânico no Veículo;1;Colisão com objeto em movimento;Sem Vítimas;Pleno dia;Crescente;Céu Claro;Simples;Curva;Sim;405779.0;Automóvel;FIAT/PALIO SPORTING 1.6/PALIO SPORTING 1.6;2015.0;Condutor;Ileso;42.0;Masculino;1.0;0.0;0.0;0.0;-5,81364934;-35,2466547;SPRF-RN;DEL01-RN;UOP02-DEL01-RN
227159.0;505194.0;2019-08-07;quarta-feira;07:20:00;RN;226.0;2,9;NATAL;Sim;Defeito Mecânico no Veículo;1;Colisão com objeto em movimento;Sem Vítimas;Pleno dia;Crescente;Céu Claro;Simples;Curva;Sim;405779.0;Automóvel;FIAT/PALIO SPORTING 1.6/PALIO SPORTING 1.6;2015.0;Passageiro;Ileso;33.0;Feminino;1.0;0.0;0.0;0.0;-5,81364934;-35,2466547;SPRF-RN;DEL01-RN;UOP02-DEL01-RN
227159.0;505196.0;2019-08-07;quarta-feira;07:20:00;RN;226.0;2,9;NATAL;Sim;Defeito Mecânico no Veículo;1;Colisão com objeto em movimento;Sem Vítimas;Pleno dia;Crescente;Céu Claro;Simples;Curva;Sim;405780.0;Automóvel;GM/CORSA WIND/CORSA WIND;1999.0;Condutor;Ileso;55.0;Masculino;1.0;0.0;0.0;0.0;-5,81364934;-35,2466547;SPRF-RN;DEL01-RN;UOP02-DEL01-RN
227174.0;505512.0;2019-08-07;quarta-feira;08:40:00;RN;101.0;84,9;NATAL;Sim;Falta de Atenção à Condução;1;Colisão lateral;Com Vítimas Feridas;Pleno dia;Crescente;Chuva;Dupla;Viaduto;Sim;406052.0;Motocicleta;HONDA/CG 125 FAN ES/CG 125 FAN ES;2011.0;Condutor;Lesões Leves;36.0;Masculino;0.0;1.0;0.0;0.0;-5,774175;-35,2578;SPRF-RN;DEL02-RN;UOP01-DEL02-RN
227174.0;505511.0;2019-08-07;quarta-feira;08:40:00;RN;101.0;84,9;NATAL;Sim;Falta de Atenção à Condução;1;Colisão lateral;Com Vítimas Feridas;Pleno dia;Crescente;Chuva;Dupla;Viaduto;Sim;406051.0;Camioneta;LR/DEFENDER110 SW5L/DEFENDER110 SW5L;2003.0;Condutor;Ileso;41.0;Masculino;1.0;0.0;0.0;0.0;-5,774175;-35,2578;SPRF-RN;DEL02-RN;UOP01-DEL02-RN
227232.0;505534.0;2019-08-07;quarta-feira;14:20:00;RN;101.0;94;NATAL;Sim;Falta de Atenção à Condução;1;Colisão lateral;Sem Vítimas;Pleno dia;Decrescente;Céu Claro;Simples;Reta;Sim;405952.0;Utilitário;MMC/PAJERO TR4 FLEX/PAJERO TR4 FLEX;2008.0;Condutor;Ileso;64.0;Masculino;1.0;0.0;0.0;0.0;-5,83176615;-35,21191342;SPRF-RN;DEL01-RN;UOP01-DEL01-RN
227388.0;506089.0;2019-08-08;quinta-feira;08:40:00;RN;101.0;95;NATAL;Sim;Não guardar distância de segurança;1;Colisão traseira;Sem Vítimas;Pleno dia;Decrescente;Céu Claro;Múltipla;Reta;Sim;406294.0;Caminhonete;CHEVROLET/S10 LT DD4A/S10 LT DD4A;2016.0;Condutor;Ileso;59.0;Masculino;1.0;0.0;0.0;0.0;-5,84076841;-35,21035949;SPRF-RN;DEL01-RN;UOP01-DEL01-RN
227388.0;506092.0;2019-08-08;quinta-feira;08:40:00;RN;101.0;95;NATAL;Sim;Não guardar distância de segurança;1;Colisão traseira;Sem Vítimas;Pleno dia;Decrescente;Céu Claro;Múltipla;Reta;Sim;406295.0;Automóvel;FIAT/PALIO ELX FLEX/PALIO ELX FLEX;2007.0;Condutor;Ileso;33.0;Masculino;1.0;0.0;0.0;0.0;-5,84076841;-35,21035949;SPRF-RN;DEL01-RN;UOP01-DEL01-RN
227699.0;508465.0;2019-08-09;sexta-feira;18:20:00;RN;101.0;96;NATAL;Não;Ingestão de Álcool;1;Colisão transversal;Sem Vítimas;Plena Noite;Crescente;Céu Claro;Dupla;Reta;Sim;406797.0;Automóvel;HYUNDAI/HB20 1.0M COMFOR/HB20 1.0M COMFOR;2015.0;Condutor;Ileso;38.0;Masculino;1.0;0.0;0.0;0.0;-5,84949622;-35,20890752;SPRF-RN;DEL01-RN;UOP01-DEL01-RN
227699.0;508467.0;2019-08-09;sexta-feira;18:20:00;RN;101.0;96;NATAL;Não;Ingestão de Álcool;1;Colisão transversal;Sem Vítimas;Plena Noite;Crescente;Céu Claro;Dupla;Reta;Sim;406798.0;Automóvel;I/NISSAN SENTRA 20SV CVT/NISSAN SENTRA 20SV CVT;2014.0;Condutor;Ileso;39.0;Masculino;1.0;0.0;0.0;0.0;-5,84949622;-35,20890752;SPRF-RN;DEL01-RN;UOP01-DEL01-RN
227699.0;508465.0;2019-08-09;sexta-feira;18:20:00;RN;101.0;96;NATAL;Sim;Desobediência às normas de trânsito pelo condutor;1;Colisão transversal;Sem Vítimas;Plena Noite;Crescente;Céu Claro;Dupla;Reta;Sim;406797.0;Automóvel;HYUNDAI/HB20 1.0M COMFOR/HB20 1.0M COMFOR;2015.0;Condutor;Ileso;38.0;Masculino;1.0;0.0;0.0;0.0;-5,84949622;-35,20890752;SPRF-RN;DEL01-RN;UOP01-DEL01-RN
227699.0;508467.0;2019-08-09;sexta-feira;18:20:00;RN;101.0;96;NATAL;Sim;Desobediência às normas de trânsito pelo condutor;1;Colisão transversal;Sem Vítimas;Plena Noite;Crescente;Céu Claro;Dupla;Reta;Sim;406798.0;Automóvel;I/NISSAN SENTRA 20SV CVT/NISSAN SENTRA 20SV CVT;2014.0;Condutor;Ileso;39.0;Masculino;1.0;0.0;0.0;0.0;-5,84949622;-35,20890752;SPRF-RN;DEL01-RN;UOP01-DEL01-RN
228596.0;508354.0;2019-08-13;terça-feira;17:55:00;RN;101.0;95,7;NATAL;Não;Desobediência às normas de trânsito pelo condutor;1;Colisão traseira;Com Vítimas Feridas;Anoitecer;Crescente;Nublado;Múltipla;Reta;Sim;408395.0;Motocicleta;HONDA/NXR160 BROS ESD/NXR160 BROS ESD;2015.0;Condutor;Lesões Leves;45.0;Masculino;0.0;1.0;0.0;0.0;-5,84076841;-35,21035949;SPRF-RN;DEL01-RN;UOP01-DEL01-RN
228596.0;508355.0;2019-08-13;terça-feira;17:55:00;RN;101.0;95,7;NATAL;Não;Desobediência às normas de trânsito pelo condutor;1;Colisão traseira;Com Vítimas Feridas;Anoitecer;Crescente;Nublado;Múltipla;Reta;Sim;408396.0;Automóvel;I/NISSAN MARCH 16SV FLEX/NISSAN MARCH 16SV FLEX;2012.0;Condutor;Ileso;27.0;Feminino;1.0;0.0;0.0;0.0;-5,84076841;-35,21035949;SPRF-RN;DEL01-RN;UOP01-DEL01-RN
228596.0;508354.0;2019-08-13;terça-feira;17:55:00;RN;101.0;95,7;NATAL;Sim;Falta de Atenção à Condução;1;Colisão traseira;Com Vítimas Feridas;Anoitecer;Crescente;Nublado;Múltipla;Reta;Sim;408395.0;Motocicleta;HONDA/NXR160 BROS ESD/NXR160 BROS ESD;2015.0;Condutor;Lesões Leves;45.0;Masculino;0.0;1.0;0.0;0.0;-5,84076841;-35,21035949;SPRF-RN;DEL01-RN;UOP01-DEL01-RN
228596.0;508355.0;2019-08-13;terça-feira;17:55:00;RN;101.0;95,7;NATAL;Sim;Falta de Atenção à Condução;1;Colisão traseira;Com Vítimas Feridas;Anoitecer;Crescente;Nublado;Múltipla;Reta;Sim;408396.0;Automóvel;I/NISSAN MARCH 16SV FLEX/NISSAN MARCH 16SV FLEX;2012.0;Condutor;Ileso;27.0;Feminino;1.0;0.0;0.0;0.0;-5,84076841;-35,21035949;SPRF-RN;DEL01-RN;UOP01-DEL01-RN
228905.0;509155.0;2019-08-15;quinta-feira;14:45:00;RN;101.0;94;NATAL;Sim;Não guardar distância de segurança;1;Colisão traseira;Com Vítimas Feridas;Pleno dia;Decrescente;Céu Claro;Dupla;Reta;Sim;409006.0;Automóvel;RENAULT/KWID ZEN 10MT/KWID ZEN 10MT;2018.0;Condutor;Lesões Leves;38.0;Masculino;0.0;1.0;0.0;0.0;-5,83176615;-35,21191342;SPRF-RN;DEL01-RN;UOP01-DEL01-RN
228905.0;509156.0;2019-08-15;quinta-feira;14:45:00;RN;101.0;94;NATAL;Sim;Não guardar distância de segurança;1;Colisão traseira;Com Vítimas Feridas;Pleno dia;Decrescente;Céu Claro;Dupla;Reta;Sim;409007.0;Caminhão;VW/26.280 CRM 6X4/26.280 CRM 6X4;2012.0;Condutor;Ileso;22.0;Masculino;1.0;0.0;0.0;0.0;-5,83176615;-35,21191342;SPRF-RN;DEL01-RN;UOP01-DEL01-RN
228935.0;509193.0;2019-08-15;quinta-feira;17:35:00;RN;226.0;2;NATAL;Sim;Falta de Atenção à Condução;1;Queda de ocupante de veículo;Com Vítimas Feridas;Pleno dia;Decrescente;Céu Claro;Dupla;Reta;Sim;409046.0;Motocicleta;HONDA/CG 125 FAN KS/CG 125 FAN KS;2009.0;Condutor;Lesões Graves;43.0;Masculino;0.0;0.0;1.0;0.0;-5,81364934;-35,2466547;SPRF-RN;DEL01-RN;UOP02-DEL01-RN
228956.0;509262.0;2019-08-15;quinta-feira;21:40:00;RN;226.0;2;NATAL;Sim;Desobediência às normas de trânsito pelo condutor;1;Colisão transversal;Com Vítimas Fatais;Plena Noite;Decrescente;Céu Claro;Simples;Reta;Sim;409105.0;Automóvel;TOYOTA/YARIS HB XL 13 AT/YARIS HB XL 13 AT;2019.0;Condutor;Óbito;17.0;Masculino;0.0;0.0;0.0;1.0;-5,81364934;-35,2466547;SPRF-RN;DEL01-RN;UOP02-DEL01-RN
228956.0;510855.0;2019-08-15;quinta-feira;21:40:00;RN;226.0;2;NATAL;Sim;Desobediência às normas de trânsito pelo condutor;1;Colisão transversal;Com Vítimas Fatais;Plena Noite;Decrescente;Céu Claro;Simples;Reta;Sim;409106.0;Automóvel;VW/NOVO GOL TL MBV/NOVO GOL TL MBV;2017.0;Condutor;Ileso;33.0;Masculino;1.0;0.0;0.0;0.0;-5,81364934;-35,2466547;SPRF-RN;DEL01-RN;UOP02-DEL01-RN
228994.0;510748.0;2019-08-16;sexta-feira;05:10:00;RN;101.0;84,1;NATAL;Sim;Falta de Atenção à Condução;1;Colisão traseira;Com Vítimas Feridas;Amanhecer;Crescente;Céu Claro;Dupla;Reta;Sim;410358.0;Motocicleta;HONDA/CG 125 FAN ES/CG 125 FAN ES;2014.0;Condutor;Lesões Graves;51.0;Masculino;0.0;0.0;1.0;0.0;-5,774175;-35,2578;SPRF-RN;DEL02-RN;UOP01-DEL02-RN
228994.0;510745.0;2019-08-16;sexta-feira;05:10:00;RN;101.0;84,1;NATAL;Sim;Falta de Atenção à Condução;1;Colisão traseira;Com Vítimas Feridas;Amanhecer;Crescente;Céu Claro;Dupla;Reta;Sim;409153.0;Caminhão;FORD/F4000 G/F4000 G;2001.0;Condutor;Ileso;71.0;Masculino;1.0;0.0;0.0;0.0;-5,774175;-35,2578;SPRF-RN;DEL02-RN;UOP01-DEL02-RN
229019.0;509771.0;2019-08-16;sexta-feira;07:40:00;RN;101.0;97;NATAL;Não;Não guardar distância de segurança;1;Colisão traseira;Sem Vítimas;Pleno dia;Decrescente;Céu Claro;Múltipla;Reta;Não;409500.0;Automóvel;VW/GOL 1.0 SELECAO/GOL 1.0 SELECAO;2014.0;Condutor;Ileso;33.0;Masculino;1.0;0.0;0.0;0.0;-5,85758898;-35,21271205;SPRF-RN;DEL01-RN;UOP01-DEL01-RN
229019.0;509774.0;2019-08-16;sexta-feira;07:40:00;RN;101.0;97;NATAL;Não;Não guardar distância de segurança;1;Colisão traseira;Sem Vítimas;Pleno dia;Decrescente;Céu Claro;Múltipla;Reta;Não;409501.0;Automóvel;I/NISSAN VERSA 16SL FLEX/NISSAN VERSA 16SL FLEX;2014.0;Condutor;Ileso;55.0;Masculino;1.0;0.0;0.0;0.0;-5,85758898;-35,21271205;SPRF-RN;DEL01-RN;UOP01-DEL01-RN
229019.0;509771.0;2019-08-16;sexta-feira;07:40:00;RN;101.0;97;NATAL;Sim;Ingestão de Álcool;1;Colisão traseira;Sem Vítimas;Pleno dia;Decrescente;Céu Claro;Múltipla;Reta;Não;409500.0;Automóvel;VW/GOL 1.0 SELECAO/GOL 1.0 SELECAO;2014.0;Condutor;Ileso;33.0;Masculino;1.0;0.0;0.0;0.0;-5,85758898;-35,21271205;SPRF-RN;DEL01-RN;UOP01-DEL01-RN
229019.0;509774.0;2019-08-16;sexta-feira;07:40:00;RN;101.0;97;NATAL;Sim;Ingestão de Álcool;1;Colisão traseira;Sem Vítimas;Pleno dia;Decrescente;Céu Claro;Múltipla;Reta;Não;409501.0;Automóvel;I/NISSAN VERSA 16SL FLEX/NISSAN VERSA 16SL FLEX;2014.0;Condutor;Ileso;55.0;Masculino;1.0;0.0;0.0;0.0;-5,85758898;-35,21271205;SPRF-RN;DEL01-RN;UOP01-DEL01-RN
229300.0;510183.0;2019-08-17;sábado;11:20:00;RN;101.0;85;NATAL;Sim;Desobediência às normas de trânsito pelo condutor;1;Engavetamento;Sem Vítimas;Pleno dia;Crescente;Céu Claro;Dupla;Reta;Sim;409694.0;Automóvel;FIAT/MOBI LIKE/MOBI LIKE;2019.0;Condutor;Ileso;61.0;Masculino;1.0;0.0;0.0;0.0;-5,78026533;-35,24828196;SPRF-RN;DEL02-RN;UOP01-DEL02-RN
229516.0;512613.0;2019-08-18;domingo;10:30:00;RN;101.0;94;NATAL;Sim;Não guardar distância de segurança;2;Colisão com objeto estático;Sem Vítimas;Pleno dia;Crescente;Céu Claro;Dupla;Reta;Sim;410053.0;Utilitário;JEEP/RENEGADE SPORT AT D/RENEGADE SPORT AT D;2017.0;Condutor;Ileso;33.0;Masculino;1.0;0.0;0.0;0.0;-5,83176615;-35,21191342;SPRF-RN;DEL01-RN;UOP01-DEL01-RN
229516.0;512614.0;2019-08-18;domingo;10:30:00;RN;101.0;94;NATAL;Sim;Não guardar distância de segurança;2;Colisão com objeto estático;Sem Vítimas;Pleno dia;Crescente;Céu Claro;Dupla;Reta;Sim;410054.0;Automóvel;CHEV/PRISMA 1.0MT LT/PRISMA 1.0MT LT;2016.0;Condutor;Ileso;48.0;Feminino;1.0;0.0;0.0;0.0;-5,83176615;-35,21191342;SPRF-RN;DEL01-RN;UOP01-DEL01-RN
229516.0;512613.0;2019-08-18;domingo;10:30:00;RN;101.0;94;NATAL;Sim;Não guardar distância de segurança;1;Colisão lateral;Sem Vítimas;Pleno dia;Crescente;Céu Claro;Dupla;Reta;Sim;410053.0;Utilitário;JEEP/RENEGADE SPORT AT D/RENEGADE SPORT AT D;2017.0;Condutor;Ileso;33.0;Masculino;1.0;0.0;0.0;0.0;-5,83176615;-35,21191342;SPRF-RN;DEL01-RN;UOP01-DEL01-RN
229516.0;512614.0;2019-08-18;domingo;10:30:00;RN;101.0;94;NATAL;Sim;Não guardar distância de segurança;1;Colisão lateral;Sem Vítimas;Pleno dia;Crescente;Céu Claro;Dupla;Reta;Sim;410054.0;Automóvel;CHEV/PRISMA 1.0MT LT/PRISMA 1.0MT LT;2016.0;Condutor;Ileso;48.0;Feminino;1.0;0.0;0.0;0.0;-5,83176615;-35,21191342;SPRF-RN;DEL01-RN;UOP01-DEL01-RN
229592.0;512388.0;2019-08-18;domingo;18:45:00;RN;101.0;72,7;NATAL;Sim;Desobediência às normas de trânsito pelo condutor;2;Queda de ocupante de veículo;Com Vítimas Feridas;Plena Noite;Decrescente;Céu Claro;Simples;Interseção de Vias;Não;410212.0;Automóvel;FIAT/PALIO FIRE FLEX/PALIO FIRE FLEX;2007.0;Condutor;Ileso;33.0;Masculino;1.0;0.0;0.0;0.0;-5,69866248;-35,26316835;SPRF-RN;DEL02-RN;UOP01-DEL02-RN
229592.0;512479.0;2019-08-18;domingo;18:45:00;RN;101.0;72,7;NATAL;Sim;Desobediência às normas de trânsito pelo condutor;2;Queda de ocupante de veículo;Com Vítimas Feridas;Plena Noite;Decrescente;Céu Claro;Simples;Interseção de Vias;Não;410213.0;Motocicleta;HONDA/CG 125 FAN KS/CG 125 FAN KS;2010.0;Condutor;Lesões Leves;36.0;Masculino;0.0;1.0;0.0;0.0;-5,69866248;-35,26316835;SPRF-RN;DEL02-RN;UOP01-DEL02-RN
229592.0;512481.0;2019-08-18;domingo;18:45:00;RN;101.0;72,7;NATAL;Sim;Desobediência às normas de trânsito pelo condutor;2;Queda de ocupante de veículo;Com Vítimas Feridas;Plena Noite;Decrescente;Céu Claro;Simples;Interseção de Vias;Não;410213.0;Motocicleta;HONDA/CG 125 FAN KS/CG 125 FAN KS;2010.0;Passageiro;Lesões Graves;25.0;Feminino;0.0;0.0;1.0;0.0;-5,69866248;-35,26316835;SPRF-RN;DEL02-RN;UOP01-DEL02-RN
229592.0;512388.0;2019-08-18;domingo;18:45:00;RN;101.0;72,7;NATAL;Sim;Desobediência às normas de trânsito pelo condutor;1;Colisão frontal;Com Vítimas Feridas;Plena Noite;Decrescente;Céu Claro;Simples;Interseção de Vias;Não;410212.0;Automóvel;FIAT/PALIO FIRE FLEX/PALIO FIRE FLEX;2007.0;Condutor;Ileso;33.0;Masculino;1.0;0.0;0.0;0.0;-5,69866248;-35,26316835;SPRF-RN;DEL02-RN;UOP01-DEL02-RN
229592.0;512479.0;2019-08-18;domingo;18:45:00;RN;101.0;72,7;NATAL;Sim;Desobediência às normas de trânsito pelo condutor;1;Colisão frontal;Com Vítimas Feridas;Plena Noite;Decrescente;Céu Claro;Simples;Interseção de Vias;Não;410213.0;Motocicleta;HONDA/CG 125 FAN KS/CG 125 FAN KS;2010.0;Condutor;Lesões Leves;36.0;Masculino;0.0;1.0;0.0;0.0;-5,69866248;-35,26316835;SPRF-RN;DEL02-RN;UOP01-DEL02-RN
229592.0;512481.0;2019-08-18;domingo;18:45:00;RN;101.0;72,7;NATAL;Sim;Desobediência às normas de trânsito pelo condutor;1;Colisão frontal;Com Vítimas Feridas;Plena Noite;Decrescente;Céu Claro;Simples;Interseção de Vias;Não;410213.0;Motocicleta;HONDA/CG 125 FAN KS/CG 125 FAN KS;2010.0;Passageiro;Lesões Graves;25.0;Feminino;0.0;0.0;1.0;0.0;-5,69866248;-35,26316835;SPRF-RN;DEL02-RN;UOP01-DEL02-RN
229967.0;511599.0;2019-08-20;terça-feira;13:50:00;RN;101.0;98;NATAL;Sim;Falta de Atenção à Condução;1;Colisão lateral;Com Vítimas Feridas;Pleno dia;Decrescente;Sol;Dupla;Aclive;Sim;410876.0;Motocicleta;HONDA/NXR150 BROS ESD/NXR150 BROS ESD;2013.0;Condutor;Ileso;;Masculino;1.0;0.0;0.0;0.0;-5,86567888;-35,21651625;SPRF-RN;DEL01-RN;UOP01-DEL01-RN
229967.0;511600.0;2019-08-20;terça-feira;13:50:00;RN;101.0;98;NATAL;Sim;Falta de Atenção à Condução;1;Colisão lateral;Com Vítimas Feridas;Pleno dia;Decrescente;Sol;Dupla;Aclive;Sim;410877.0;Motocicleta;HONDA/CG 150 TITAN KS/CG 150 TITAN KS;2008.0;Condutor;Lesões Leves;24.0;Masculino;0.0;1.0;0.0;0.0;-5,86567888;-35,21651625;SPRF-RN;DEL01-RN;UOP01-DEL01-RN
229967.0;511601.0;2019-08-20;terça-feira;13:50:00;RN;101.0;98;NATAL;Sim;Falta de Atenção à Condução;1;Colisão lateral;Com Vítimas Feridas;Pleno dia;Decrescente;Sol;Dupla;Aclive;Sim;410877.0;Motocicleta;HONDA/CG 150 TITAN KS/CG 150 TITAN KS;2008.0;Passageiro;Lesões Leves;19.0;Feminino;0.0;1.0;0.0;0.0;-5,86567888;-35,21651625;SPRF-RN;DEL01-RN;UOP01-DEL01-RN
230055.0;513127.0;2019-08-20;terça-feira;21:05:00;RN;101.0;76,1;NATAL;Sim;Animais na Pista;1;Atropelamento de Animal;Sem Vítimas;Plena Noite;Decrescente;Céu Claro;Dupla;Reta;Sim;410972.0;Caminhão;IMP/KIA K2400/KIA K2400;1996.0;Condutor;Ileso;22.0;Masculino;1.0;0.0;0.0;0.0;-5,72603024;-35,28461489;SPRF-RN;DEL02-RN;UOP01-DEL02-RN
230099.0;513387.0;2019-08-21;quarta-feira;05:45:00;RN;101.0;81;NATAL;Sim;Falta de Atenção à Condução;1;Colisão lateral;Com Vítimas Feridas;Pleno dia;Crescente;Céu Claro;Dupla;Interseção de Vias;Sim;411090.0;Automóvel;FORD/FIESTA FLEX/FIESTA FLEX;2008.0;Condutor;Ileso;64.0;Masculino;1.0;0.0;0.0;0.0;-5,76469466;-35,28295988;SPRF-RN;DEL02-RN;UOP01-DEL02-RN
230099.0;513388.0;2019-08-21;quarta-feira;05:45:00;RN;101.0;81;NATAL;Sim;Falta de Atenção à Condução;1;Colisão lateral;Com Vítimas Feridas;Pleno dia;Crescente;Céu Claro;Dupla;Interseção de Vias;Sim;411091.0;Motocicleta;HONDA/CB 250F TWISTER/CB 250F TWISTER;2018.0;Condutor;Lesões Leves;57.0;Masculino;0.0;1.0;0.0;0.0;-5,76469466;-35,28295988;SPRF-RN;DEL02-RN;UOP01-DEL02-RN
230520.0;512836.0;2019-08-23;sexta-feira;08:53:00;RN;101.0;94,6;NATAL;Sim;Falta de Atenção à Condução;1;Colisão lateral;Com Vítimas Feridas;Pleno dia;Crescente;Sol;Dupla;Viaduto;Sim;411944.0;Motocicleta;YAMAHA/FAZER250 BLUEFLEX/FAZER250 BLUEFLEX;2016.0;Condutor;Lesões Leves;26.0;Masculino;0.0;1.0;0.0;0.0;-5,83176615;-35,21191342;SPRF-RN;DEL01-RN;UOP01-DEL01-RN
230520.0;512886.0;2019-08-23;sexta-feira;08:53:00;RN;101.0;94,6;NATAL;Sim;Falta de Atenção à Condução;1;Colisão lateral;Com Vítimas Feridas;Pleno dia;Crescente;Sol;Dupla;Viaduto;Sim;411943.0;Caminhonete;FIAT/STRADA FIRE FLEX/STRADA FIRE FLEX;0.0;Condutor;Não Informado;;Não Informado;0.0;0.0;0.0;0.0;-5,83176615;-35,21191342;SPRF-RN;DEL01-RN;UOP01-DEL01-RN
230896.0;514800.0;2019-08-24;sábado;22:40:00;RN;101.0;99;NATAL;Sim;Ingestão de Álcool;1;Colisão traseira;Sem Vítimas;Plena Noite;Decrescente;Céu Claro;Dupla;Reta;Não;412557.0;Automóvel;I/VW SPACEFOX/VW SPACEFOX;2009.0;Condutor;Ileso;59.0;Masculino;1.0;0.0;0.0;0.0;-5,87359183;-35,22063023;SPRF-RN;DEL01-RN;UOP01-DEL01-RN