id;pesid;data_inversa;dia_semana;horario;uf;br;km;municipio;causa_principal;causa_acidente;ordem_tipo_acidente;tipo_acidente;classificacao_acidente;fase_dia;sentido_via;condicao_metereologica;tipo_pista;tracado_via;uso_solo;id_veiculo;tipo_veiculo;marca;ano_fabricacao_veiculo;tipo_envolvido;estado_fisico;idade;sexo;ilesos;feridos_leves;feridos_graves;mortos;latitude;longitude;regional;delegacia;uop
230896.0;514805.0;2019-08-24;sábado;22:40:00;RN;101.0;99;NATAL;Sim;Ingestão de Álcool;1;Colisão traseira;Sem Vítimas;Plena Noite;Decrescente;Céu Claro;Dupla;Reta;Não;412558.0;Automóvel;RENAULT/SANDERO EXPR 10/SANDERO EXPR 10;2018.0;Condutor;Ileso;32.0;Masculino;1.0;0.0;0.0;0.0;-5,87359183;-35,22063023;SPRF-RN;DEL01-RN;UOP01-DEL01-RN
231214.0;516471.0;2019-08-27;terça-feira;13:45:00;RN;101.0;94;NATAL;Sim;Falta de Atenção à Condução;1;Colisão transversal;Sem Vítimas;Pleno dia;Crescente;Céu Claro;Dupla;Reta;Sim;412971.0;Ônibus;M.BENZ/OF1722M NEOBUS MG/OF1722M NEOBUS MG;2010.0;Condutor;Ileso;30.0;Masculino;1.0;0.0;0.0;0.0;-5,83176615;-35,21191342;SPRF-RN;DEL01-RN;UOP01-DEL01-RN
231214.0;516472.0;2019-08-27;terça-feira;13:45:00;RN;101.0;94;NATAL;Sim;Falta de Atenção à Condução;1;Colisão transversal;Sem Vítimas;Pleno dia;Crescente;Céu Claro;Dupla;Reta;Sim;412972.0;Camioneta;RENAULT/DUSTER 20 D 4X2/DUSTER 20 D 4X2;2018.0;Condutor;Ileso;35.0;Masculino;1.0;0.0;0.0;0.0;-5,83176615;-35,21191342;SPRF-RN;DEL01-RN;UOP01-DEL01-RN
231286.0;514387.0;2019-08-27;terça-feira;08:55:00;RN;101.0;94;NATAL;Não;Falta de Atenção à Condução;1;Engavetamento;Com Vítimas Feridas;Pleno dia;Decrescente;Céu Claro;Múltipla;Reta;Sim;413315.0;Automóvel;Não Informado/Não Informado/Não Informado;0.0;Condutor;Não Informado;;Não Informado;0.0;0.0;0.0;0.0;-5,83176615;-35,21191342;SPRF-RN;DEL01-RN;UOP01-DEL01-RN
231286.0;514393.0;2019-08-27;terça-feira;08:55:00;RN;101.0;94;NATAL;Não;Falta de Atenção à Condução;1;Engavetamento;Com Vítimas Feridas;Pleno dia;Decrescente;Céu Claro;Múltipla;Reta;Sim;413316.0;Automóvel;RENAULT/LOGAN EXPR 16 M/LOGAN EXPR 16 M;2016.0;Condutor;Ileso;62.0;Masculino;1.0;0.0;0.0;0.0;-5,83176615;-35,21191342;SPRF-RN;DEL01-RN;UOP01-DEL01-RN
231286.0;514396.0;2019-08-27;terça-feira;08:55:00;RN;101.0;94;NATAL;Não;Falta de Atenção à Condução;1;Engavetamento;Com Vítimas Feridas;Pleno dia;Decrescente;Céu Claro;Múltipla;Reta;Sim;413317.0;Automóvel;I/CHEVROLET CLASSIC LS/CHEVROLET CLASSIC LS;2012.0;Condutor;Ileso;40.0;Masculino;1.0;0.0;0.0;0.0;-5,83176615;-35,21191342;SPRF-RN;DEL01-RN;UOP01-DEL01-RN
231286.0;514397.0;2019-08-27;terça-feira;08:55:00;RN;101.0;94;NATAL;Não;Falta de Atenção à Condução;1;Engavetamento;Com Vítimas Feridas;Pleno dia;Decrescente;Céu Claro;Múltipla;Reta;Sim;413318.0;Automóvel;FIAT/MOBI EASY/MOBI EASY;2019.0;Condutor;Ileso;38.0;Masculino;1.0;0.0;0.0;0.0;-5,83176615;-35,21191342;SPRF-RN;DEL01-RN;UOP01-DEL01-RN
231286.0;514410.0;2019-08-27;terça-feira;08:55:00;RN;101.0;94;NATAL;Não;Falta de Atenção à Condução;1;Engavetamento;Com Vítimas Feridas;Pleno dia;Decrescente;Céu Claro;Múltipla;Reta;Sim;413318.0;Automóvel;FIAT/MOBI EASY/MOBI EASY;2019.0;Passageiro;Ileso;38.0;Masculino;1.0;0.0;0.0;0.0;-5,83176615;-35,21191342;SPRF-RN;DEL01-RN;UOP01-DEL01-RN
231286.0;514398.0;2019-08-27;terça-feira;08:55:00;RN;101.0;94;NATAL;Não;Falta de Atenção à Condução;1;Engavetamento;Com Vítimas Feridas;Pleno dia;Decrescente;Céu Claro;Múltipla;Reta;Sim;413318.0;Automóvel;FIAT/MOBI EASY/MOBI EASY;2019.0;Passageiro;Lesões Leves;10.0;Masculino;0.0;1.0;0.0;0.0;-5,83176615;-35,21191342;SPRF-RN;DEL01-RN;UOP01-DEL01-RN
231286.0;514409.0;2019-08-27;terça-feira;08:55:00;RN;101.0;94;NATAL;Não;Falta de Atenção à Condução;1;Engavetamento;Com Vítimas Feridas;Pleno dia;Decrescente;Céu Claro;Múltipla;Reta;Sim;413318.0;Automóvel;FIAT/MOBI EASY/MOBI EASY;2019.0;Passageiro;Lesões Leves;36.0;Feminino;0.0;1.0;0.0;0.0;-5,83176615;-35,21191342;SPRF-RN;DEL01-RN;UOP01-DEL01-RN
231286.0;514387.0;2019-08-27;terça-feira;08:55:00;RN;101.0;94;NATAL;Sim;Não guardar distância de segurança;1;Engavetamento;Com Vítimas Feridas;Pleno dia;Decrescente;Céu Claro;Múltipla;Reta;Sim;413315.0;Automóvel;Não Informado/Não Informado/Não Informado;0.0;Condutor;Não Informado;;Não Informado;0.0;0.0;0.0;0.0;-5,83176615;-35,21191342;SPRF-RN;DEL01-RN;UOP01-DEL01-RN
231286.0;514393.0;2019-08-27;terça-feira;08:55:00;RN;101.0;94;NATAL;Sim;Não guardar distância de segurança;1;Engavetamento;Com Vítimas Feridas;Pleno dia;Decrescente;Céu Claro;Múltipla;Reta;Sim;413316.0;Automóvel;RENAULT/LOGAN EXPR 16 M/LOGAN EXPR 16 M;2016.0;Condutor;Ileso;62.0;Masculino;1.0;0.0;0.0;0.0;-5,83176615;-35,21191342;SPRF-RN;DEL01-RN;UOP01-DEL01-RN
231286.0;514396.0;2019-08-27;terça-feira;08:55:00;RN;101.0;94;NATAL;Sim;Não guardar distância de segurança;1;Engavetamento;Com Vítimas Feridas;Pleno dia;Decrescente;Céu Claro;Múltipla;Reta;Sim;413317.0;Automóvel;I/CHEVROLET CLASSIC LS/CHEVROLET CLASSIC LS;2012.0;Condutor;Ileso;40.0;Masculino;1.0;0.0;0.0;0.0;-5,83176615;-35,21191342;SPRF-RN;DEL01-RN;UOP01-DEL01-RN
231286.0;514397.0;2019-08-27;terça-feira;08:55:00;RN;101.0;94;NATAL;Sim;Não guardar distância de segurança;1;Engavetamento;Com Vítimas Feridas;Pleno dia;Decrescente;Céu Claro;Múltipla;Reta;Sim;413318.0;Automóvel;FIAT/MOBI EASY/MOBI EASY;2019.0;Condutor;Ileso;38.0;Masculino;1.0;0.0;0.0;0.0;-5,83176615;-35,21191342;SPRF-RN;DEL01-RN;UOP01-DEL01-RN
231286.0;514410.0;2019-08-27;terça-feira;08:55:00;RN;101.0;94;NATAL;Sim;Não guardar distância de segurança;1;Engavetamento;Com Vítimas Feridas;Pleno dia;Decrescente;Céu Claro;Múltipla;Reta;Sim;413318.0;Automóvel;FIAT/MOBI EASY/MOBI EASY;2019.0;Passageiro;Ileso;38.0;Masculino;1.0;0.0;0.0;0.0;-5,83176615;-35,21191342;SPRF-RN;DEL01-RN;UOP01-DEL01-RN
231286.0;514398.0;2019-08-27;terça-feira;08:55:00;RN;101.0;94;NATAL;Sim;Não guardar distância de segurança;1;Engavetamento;Com Vítimas Feridas;Pleno dia;Decrescente;Céu Claro;Múltipla;Reta;Sim;413318.0;Automóvel;FIAT/MOBI EASY/MOBI EASY;2019.0;Passageiro;Lesões Leves;10.0;Masculino;0.0;1.0;0.0;0.0;-5,83176615;-35,21191342;SPRF-RN;DEL01-RN;UOP01-DEL01-RN
231286.0;514409.0;2019-08-27;terça-feira;08:55:00;RN;101.0;94;NATAL;Sim;Não guardar distância de segurança;1;Engavetamento;Com Vítimas Feridas;Pleno dia;Decrescente;Céu Claro;Múltipla;Reta;Sim;413318.0;Automóvel;FIAT/MOBI EASY/MOBI EASY;2019.0;Passageiro;Lesões Leves;36.0;Feminino;0.0;1.0;0.0;0.0;-5,83176615;-35,21191342;SPRF-RN;DEL01-RN;UOP01-DEL01-RN
231535.0;514828.0;2019-08-28;quarta-feira;18:00:00;RN;101.0;80;NATAL;Sim;Falta de Atenção à Condução;1;Colisão transversal;Com Vítimas Feridas;Plena Noite;Crescente;Céu Claro;Dupla;Rotatória;Sim;413602.0;Automóvel;Não Informado/Não Informado/Não Informado;0.0;Condutor;Ileso;;Ignorado;1.0;0.0;0.0;0.0;-5,75852229;-35,28806121;SPRF-RN;DEL02-RN;UOP01-DEL02-RN
231535.0;514682.0;2019-08-28;quarta-feira;18:00:00;RN;101.0;80;NATAL;Sim;Falta de Atenção à Condução;1;Colisão transversal;Com Vítimas Feridas;Plena Noite;Crescente;Céu Claro;Dupla;Rotatória;Sim;413586.0;Motocicleta;HONDA/NXR160 BROS ESDD/NXR160 BROS ESDD;2017.0;Condutor;Lesões Graves;24.0;Masculino;0.0;0.0;1.0;0.0;-5,75852229;-35,28806121;SPRF-RN;DEL02-RN;UOP01-DEL02-RN
231614.0;515076.0;2019-08-29;quinta-feira;07:40:00;RN;101.0;98,3;NATAL;Não;Falta de Atenção à Condução;1;Colisão traseira;Com Vítimas Feridas;Pleno dia;Decrescente;Céu Claro;Múltipla;Viaduto;Sim;413870.0;Automóvel;VW/GOL 1.0L MC4/GOL 1.0L MC4;2018.0;Condutor;Ileso;47.0;Masculino;1.0;0.0;0.0;0.0;-5,86567888;-35,21651625;SPRF-RN;DEL01-RN;UOP01-DEL01-RN
231614.0;515077.0;2019-08-29;quinta-feira;07:40:00;RN;101.0;98,3;NATAL;Não;Falta de Atenção à Condução;1;Colisão traseira;Com Vítimas Feridas;Pleno dia;Decrescente;Céu Claro;Múltipla;Viaduto;Sim;413871.0;Automóvel;FORD/KA/KA;2006.0;Condutor;Ileso;22.0;Masculino;1.0;0.0;0.0;0.0;-5,86567888;-35,21651625;SPRF-RN;DEL01-RN;UOP01-DEL01-RN
231614.0;515079.0;2019-08-29;quinta-feira;07:40:00;RN;101.0;98,3;NATAL;Não;Falta de Atenção à Condução;1;Colisão traseira;Com Vítimas Feridas;Pleno dia;Decrescente;Céu Claro;Múltipla;Viaduto;Sim;413872.0;Automóvel;RENAULT/SANDERO EXP1016V/SANDERO EXP1016V;2010.0;Condutor;Ileso;27.0;Masculino;1.0;0.0;0.0;0.0;-5,86567888;-35,21651625;SPRF-RN;DEL01-RN;UOP01-DEL01-RN
231614.0;515081.0;2019-08-29;quinta-feira;07:40:00;RN;101.0;98,3;NATAL;Não;Falta de Atenção à Condução;1;Colisão traseira;Com Vítimas Feridas;Pleno dia;Decrescente;Céu Claro;Múltipla;Viaduto;Sim;413872.0;Automóvel;RENAULT/SANDERO EXP1016V/SANDERO EXP1016V;2010.0;Passageiro;Lesões Leves;50.0;Feminino;0.0;1.0;0.0;0.0;-5,86567888;-35,21651625;SPRF-RN;DEL01-RN;UOP01-DEL01-RN
231614.0;515082.0;2019-08-29;quinta-feira;07:40:00;RN;101.0;98,3;NATAL;Não;Falta de Atenção à Condução;1;Colisão traseira;Com Vítimas Feridas;Pleno dia;Decrescente;Céu Claro;Múltipla;Viaduto;Sim;413872.0;Automóvel;RENAULT/SANDERO EXP1016V/SANDERO EXP1016V;2010.0;Passageiro;Ileso;72.0;Feminino;1.0;0.0;0.0;0.0;-5,86567888;-35,21651625;SPRF-RN;DEL01-RN;UOP01-DEL01-RN
231614.0;515083.0;2019-08-29;quinta-feira;07:40:00;RN;101.0;98,3;NATAL;Não;Falta de Atenção à Condução;1;Colisão traseira;Com Vítimas Feridas;Pleno dia;Decrescente;Céu Claro;Múltipla;Viaduto;Sim;413872.0;Automóvel;RENAULT/SANDERO EXP1016V/SANDERO EXP1016V;2010.0;Passageiro;Ileso;81.0;Masculino;1.0;0.0;0.0;0.0;-5,86567888;-35,21651625;SPRF-RN;DEL01-RN;UOP01-DEL01-RN
231614.0;515076.0;2019-08-29;quinta-feira;07:40:00;RN;101.0;98,3;NATAL;Sim;Não guardar distância de segurança;1;Colisão traseira;Com Vítimas Feridas;Pleno dia;Decrescente;Céu Claro;Múltipla;Viaduto;Sim;413870.0;Automóvel;VW/GOL 1.0L MC4/GOL 1.0L MC4;2018.0;Condutor;Ileso;47.0;Masculino;1.0;0.0;0.0;0.0;-5,86567888;-35,21651625;SPRF-RN;DEL01-RN;UOP01-DEL01-RN
231614.0;515077.0;2019-08-29;quinta-feira;07:40:00;RN;101.0;98,3;NATAL;Sim;Não guardar distância de segurança;1;Colisão traseira;Com Vítimas Feridas;Pleno dia;Decrescente;Céu Claro;Múltipla;Viaduto;Sim;413871.0;Automóvel;FORD/KA/KA;2006.0;Condutor;Ileso;22.0;Masculino;1.0;0.0;0.0;0.0;-5,86567888;-35,21651625;SPRF-RN;DEL01-RN;UOP01-DEL01-RN
231614.0;515079.0;2019-08-29;quinta-feira;07:40:00;RN;101.0;98,3;NATAL;Sim;Não guardar distância de segurança;1;Colisão traseira;Com Vítimas Feridas;Pleno dia;Decrescente;Céu Claro;Múltipla;Viaduto;Sim;413872.0;Automóvel;RENAULT/SANDERO EXP1016V/SANDERO EXP1016V;2010.0;Condutor;Ileso;27.0;Masculino;1.0;0.0;0.0;0.0;-5,86567888;-35,21651625;SPRF-RN;DEL01-RN;UOP01-DEL01-RN
231614.0;515081.0;2019-08-29;quinta-feira;07:40:00;RN;101.0;98,3;NATAL;Sim;Não guardar distância de segurança;1;Colisão traseira;Com Vítimas Feridas;Pleno dia;Decrescente;Céu Claro;Múltipla;Viaduto;Sim;413872.0;Automóvel;RENAULT/SANDERO EXP1016V/SANDERO EXP1016V;2010.0;Passageiro;Lesões Leves;50.0;Feminino;0.0;1.0;0.0;0.0;-5,86567888;-35,21651625;SPRF-RN;DEL01-RN;UOP01-DEL01-RN
231614.0;515082.0;2019-08-29;quinta-feira;07:40:00;RN;101.0;98,3;NATAL;Sim;Não guardar distância de segurança;1;Colisão traseira;Com Vítimas Feridas;Pleno dia;Decrescente;Céu Claro;Múltipla;Viaduto;Sim;413872.0;Automóvel;RENAULT/SANDERO EXP1016V/SANDERO EXP1016V;2010.0;Passageiro;Ileso;72.0;Feminino;1.0;0.0;0.0;0.0;-5,86567888;-35,21651625;SPRF-RN;DEL01-RN;UOP01-DEL01-RN
231614.0;515083.0;2019-08-29;quinta-feira;07:40:00;RN;101.0;98,3;NATAL;Sim;Não guardar distância de segurança;1;Colisão traseira;Com Vítimas Feridas;Pleno dia;Decrescente;Céu Claro;Múltipla;Viaduto;Sim;413872.0;Automóvel;RENAULT/SANDERO EXP1016V/SANDERO EXP1016V;2010.0;Passageiro;Ileso;81.0;Masculino;1.0;0.0;0.0;0.0;-5,86567888;-35,21651625;SPRF-RN;DEL01-RN;UOP01-DEL01-RN
232286.0;516549.0;2019-08-31;sábado;17:10:00;RN;101.0;95;NATAL;Sim;Falta de Atenção à Condução;1;Colisão lateral;Sem Vítimas;Pleno dia;Crescente;Céu Claro;Múltipla;Aclive;Sim;415122.0;Caminhonete;RENAULT/OROCH 20 DYN42AT/OROCH 20 DYN42AT;2017.0;Condutor;Ileso;48.0;Masculino;1.0;0.0;0.0;0.0;-5,84076841;-35,21035949;SPRF-RN;DEL01-RN;UOP01-DEL01-RN
232286.0;516548.0;2019-08-31;sábado;17:10:00;RN;101.0;95;NATAL;Sim;Falta de Atenção à Condução;1;Colisão lateral;Sem Vítimas;Pleno dia;Crescente;Céu Claro;Múltipla;Aclive;Sim;415121.0;Camioneta;I/HYUNDAI TUCSON GL 20L/HYUNDAI TUCSON GL 20L;2009.0;Condutor;Ileso;49.0;Masculino;1.0;0.0;0.0;0.0;-5,84076841;-35,21035949;SPRF-RN;DEL01-RN;UOP01-DEL01-RN
232588.0;518899.0;2019-09-01;domingo;18:40:00;RN;101.0;83,8;NATAL;Sim;Ingestão de Álcool;1;Colisão com objeto estático;Sem Vítimas;Plena Noite;Crescente;Céu Claro;Dupla;Reta;Sim;415483.0;Automóvel;FIAT/DOBLO HLX 1.8 FLEX/DOBLO HLX 1.8 FLEX;2010.0;Condutor;Ileso;62.0;Masculino;1.0;0.0;0.0;0.0;-5,7710445;-35,26616981;SPRF-RN;DEL02-RN;UOP01-DEL02-RN
232755.0;517269.0;2019-08-17;sábado;21:10:00;RN;101.0;79;NATAL;Sim;Desobediência às normas de trânsito pelo condutor;1;Tombamento;Com Vítimas Feridas;Plena Noite;Decrescente;Céu Claro;Dupla;Reta;Sim;415717.0;Motocicleta;HONDA/CG 160 TITAN EX/CG 160 TITAN EX;2015.0;Condutor;Lesões Leves;22.0;Masculino;0.0;1.0;0.0;0.0;-5,74962896;-35,28918369;SPRF-RN;DEL02-RN;UOP01-DEL02-RN
232755.0;517270.0;2019-08-17;sábado;21:10:00;RN;101.0;79;NATAL;Sim;Desobediência às normas de trânsito pelo condutor;1;Tombamento;Com Vítimas Feridas;Plena Noite;Decrescente;Céu Claro;Dupla;Reta;Sim;415717.0;Motocicleta;HONDA/CG 160 TITAN EX/CG 160 TITAN EX;2015.0;Passageiro;Lesões Leves;25.0;Masculino;0.0;1.0;0.0;0.0;-5,74962896;-35,28918369;SPRF-RN;DEL02-RN;UOP01-DEL02-RN
232755.0;517273.0;2019-08-17;sábado;21:10:00;RN;101.0;79;NATAL;Sim;Desobediência às normas de trânsito pelo condutor;1;Tombamento;Com Vítimas Feridas;Plena Noite;Decrescente;Céu Claro;Dupla;Reta;Sim;415718.0;Automóvel;Não Informado/Não Informado/Não Informado;0.0;Condutor;Não Informado;;Não Informado;0.0;0.0;0.0;0.0;-5,74962896;-35,28918369;SPRF-RN;DEL02-RN;UOP01-DEL02-RN
232755.0;517271.0;2019-08-17;sábado;21:10:00;RN;101.0;79;NATAL;Sim;Desobediência às normas de trânsito pelo condutor;1;Tombamento;Com Vítimas Feridas;Plena Noite;Decrescente;Céu Claro;Dupla;Reta;Sim;;;NA/NA/NA;;Testemunha;Não Informado;;Não Informado;0.0;0.0;0.0;0.0;-5,74962896;-35,28918369;SPRF-RN;DEL02-RN;UOP01-DEL02-RN
232755.0;517272.0;2019-08-17;sábado;21:10:00;RN;101.0;79;NATAL;Sim;Desobediência às normas de trânsito pelo condutor;1;Tombamento;Com Vítimas Feridas;Plena Noite;Decrescente;Céu Claro;Dupla;Reta;Sim;;;NA/NA/NA;;Testemunha;Não Informado;;Não Informado;0.0;0.0;0.0;0.0;-5,74962896;-35,28918369;SPRF-RN;DEL02-RN;UOP01-DEL02-RN
232865.0;518253.0;2019-09-02;segunda-feira;22:10:00;RN;101.0;94;NATAL;Não;Ultrapassagem Indevida;1;Colisão lateral;Sem Vítimas;Plena Noite;Crescente;Céu Claro;Simples;Reta;Sim;415956.0;Automóvel;CHEVROLET/PRISMA 1.4L LT/PRISMA 1.4L LT;2011.0;Condutor;Ileso;25.0;Masculino;1.0;0.0;0.0;0.0;-5,83130745;-35,21216869;SPRF-RN;DEL01-RN;UOP01-DEL01-RN
232865.0;518257.0;2019-09-02;segunda-feira;22:10:00;RN;101.0;94;NATAL;Não;Ultrapassagem Indevida;1;Colisão lateral;Sem Vítimas;Plena Noite;Crescente;Céu Claro;Simples;Reta;Sim;415955.0;Ônibus;M.BENZ/OF 1519 R.ORE/OF 1519 R.ORE;2017.0;Condutor;Ileso;34.0;Masculino;1.0;0.0;0.0;0.0;-5,83130745;-35,21216869;SPRF-RN;DEL01-RN;UOP01-DEL01-RN
232865.0;518253.0;2019-09-02;segunda-feira;22:10:00;RN;101.0;94;NATAL;Sim;Falta de Atenção à Condução;1;Colisão lateral;Sem Vítimas;Plena Noite;Crescente;Céu Claro;Simples;Reta;Sim;415956.0;Automóvel;CHEVROLET/PRISMA 1.4L LT/PRISMA 1.4L LT;2011.0;Condutor;Ileso;25.0;Masculino;1.0;0.0;0.0;0.0;-5,83130745;-35,21216869;SPRF-RN;DEL01-RN;UOP01-DEL01-RN
232865.0;518257.0;2019-09-02;segunda-feira;22:10:00;RN;101.0;94;NATAL;Sim;Falta de Atenção à Condução;1;Colisão lateral;Sem Vítimas;Plena Noite;Crescente;Céu Claro;Simples;Reta;Sim;415955.0;Ônibus;M.BENZ/OF 1519 R.ORE/OF 1519 R.ORE;2017.0;Condutor;Ileso;34.0;Masculino;1.0;0.0;0.0;0.0;-5,83130745;-35,21216869;SPRF-RN;DEL01-RN;UOP01-DEL01-RN
232994.0;519791.0;2019-09-03;terça-feira;17:15:00;RN;101.0;97,9;NATAL;Sim;Falta de Atenção à Condução;2;Tombamento;Com Vítimas Feridas;Anoitecer;Crescente;Céu Claro;Dupla;Reta;Sim;416262.0;Automóvel;I/RENAULT FLUENCE DYN20M/RENAULT FLUENCE DYN20M;2012.0;Condutor;Ileso;34.0;Masculino;1.0;0.0;0.0;0.0;-5,85758898;-35,21271205;SPRF-RN;DEL01-RN;UOP01-DEL01-RN
232994.0;519792.0;2019-09-03;terça-feira;17:15:00;RN;101.0;97,9;NATAL;Sim;Falta de Atenção à Condução;2;Tombamento;Com Vítimas Feridas;Anoitecer;Crescente;Céu Claro;Dupla;Reta;Sim;416263.0;Motocicleta;HONDA/CG 125 FAN/CG 125 FAN;2006.0;Condutor;Lesões Leves;26.0;Masculino;0.0;1.0;0.0;0.0;-5,85758898;-35,21271205;SPRF-RN;DEL01-RN;UOP01-DEL01-RN
232994.0;519791.0;2019-09-03;terça-feira;17:15:00;RN;101.0;97,9;NATAL;Sim;Falta de Atenção à Condução;1;Colisão lateral;Com Vítimas Feridas;Anoitecer;Crescente;Céu Claro;Dupla;Reta;Sim;416262.0;Automóvel;I/RENAULT FLUENCE DYN20M/RENAULT FLUENCE DYN20M;2012.0;Condutor;Ileso;34.0;Masculino;1.0;0.0;0.0;0.0;-5,85758898;-35,21271205;SPRF-RN;DEL01-RN;UOP01-DEL01-RN
232994.0;519792.0;2019-09-03;terça-feira;17:15:00;RN;101.0;97,9;NATAL;Sim;Falta de Atenção à Condução;1;Colisão lateral;Com Vítimas Feridas;Anoitecer;Crescente;Céu Claro;Dupla;Reta;Sim;416263.0;Motocicleta;HONDA/CG 125 FAN/CG 125 FAN;2006.0;Condutor;Lesões Leves;26.0;Masculino;0.0;1.0;0.0;0.0;-5,85758898;-35,21271205;SPRF-RN;DEL01-RN;UOP01-DEL01-RN
233488.0;519270.0;2019-09-06;sexta-feira;09:50:00;RN;101.0;94;NATAL;Sim;Falta de Atenção à Condução;1;Colisão transversal;Sem Vítimas;Pleno dia;Decrescente;Céu Claro;Múltipla;Interseção de Vias;Sim;417253.0;Automóvel;I/HYUNDAI ELANTRA GLS/HYUNDAI ELANTRA GLS;2012.0;Condutor;Ileso;40.0;Feminino;1.0;0.0;0.0;0.0;-5,82797736;-35,21053791;SPRF-RN;DEL01-RN;UOP01-DEL01-RN
233488.0;519291.0;2019-09-06;sexta-feira;09:50:00;RN;101.0;94;NATAL;Sim;Falta de Atenção à Condução;1;Colisão transversal;Sem Vítimas;Pleno dia;Decrescente;Céu Claro;Múltipla;Interseção de Vias;Sim;417290.0;Automóvel;VW/GOL I PLUS/GOL I PLUS;1996.0;Condutor;Ileso;;Masculino;1.0;0.0;0.0;0.0;-5,82797736;-35,21053791;SPRF-RN;DEL01-RN;UOP01-DEL01-RN
233544.0;519587.0;2019-09-06;sexta-feira;14:30:00;RN;101.0;72,9;NATAL;Sim;Desobediência às normas de trânsito pelo condutor;1;Colisão transversal;Com Vítimas Feridas;Pleno dia;Decrescente;Céu Claro;Simples;Interseção de Vias;Não;417417.0;Automóvel;GM/PRISMA MAXX/PRISMA MAXX;2009.0;Condutor;Lesões Leves;23.0;Masculino;0.0;1.0;0.0;0.0;-5,70454274;-35,26573962;SPRF-RN;DEL02-RN;UOP01-DEL02-RN
233544.0;519586.0;2019-09-06;sexta-feira;14:30:00;RN;101.0;72,9;NATAL;Sim;Desobediência às normas de trânsito pelo condutor;1;Colisão transversal;Com Vítimas Feridas;Pleno dia;Decrescente;Céu Claro;Simples;Interseção de Vias;Não;417416.0;Motoneta;I/BASHAN JONNY HYPE 50/BASHAN JONNY HYPE 50;0.0;Condutor;Lesões Leves;46.0;Masculino;0.0;1.0;0.0;0.0;-5,70454274;-35,26573962;SPRF-RN;DEL02-RN;UOP01-DEL02-RN
233994.0;521537.0;2019-09-08;domingo;05:50:00;RN;101.0;94;NATAL;Sim;Defeito Mecânico no Veículo;1;Colisão com objeto estático;Com Vítimas Feridas;Pleno dia;Crescente;Céu Claro;Dupla;Reta;Sim;418037.0;Automóvel;I/PEUGEOT 207HB XR S/PEUGEOT 207HB XR S;2012.0;Condutor;Ileso;33.0;Masculino;1.0;0.0;0.0;0.0;-5,83176615;-35,21191342;SPRF-RN;DEL01-RN;UOP01-DEL01-RN
233994.0;521540.0;2019-09-08;domingo;05:50:00;RN;101.0;94;NATAL;Sim;Defeito Mecânico no Veículo;1;Colisão com objeto estático;Com Vítimas Feridas;Pleno dia;Crescente;Céu Claro;Dupla;Reta;Sim;418037.0;Automóvel;I/PEUGEOT 207HB XR S/PEUGEOT 207HB XR S;2012.0;Passageiro;Lesões Leves;11.0;Feminino;0.0;1.0;0.0;0.0;-5,83176615;-35,21191342;SPRF-RN;DEL01-RN;UOP01-DEL01-RN
233994.0;521539.0;2019-09-08;domingo;05:50:00;RN;101.0;94;NATAL;Sim;Defeito Mecânico no Veículo;1;Colisão com objeto estático;Com Vítimas Feridas;Pleno dia;Crescente;Céu Claro;Dupla;Reta;Sim;418037.0;Automóvel;I/PEUGEOT 207HB XR S/PEUGEOT 207HB XR S;2012.0;Passageiro;Lesões Leves;32.0;Feminino;0.0;1.0;0.0;0.0;-5,83176615;-35,21191342;SPRF-RN;DEL01-RN;UOP01-DEL01-RN
234126.0;521073.0;2019-09-08;domingo;17:50:00;RN;101.0;81,1;NATAL;Sim;Ingestão de Álcool;3;Queda de ocupante de veículo;Com Vítimas Feridas;Anoitecer;Decrescente;Céu Claro;Dupla;Reta;Sim;418326.0;Automóvel;VW/NOVO GOL TRACK MCV/NOVO GOL TRACK MCV;2017.0;Condutor;Ileso;34.0;Masculino;1.0;0.0;0.0;0.0;-5,76469466;-35,28295988;SPRF-RN;DEL02-RN;UOP01-DEL02-RN
234126.0;521082.0;2019-09-08;domingo;17:50:00;RN;101.0;81,1;NATAL;Sim;Ingestão de Álcool;3;Queda de ocupante de veículo;Com Vítimas Feridas;Anoitecer;Decrescente;Céu Claro;Dupla;Reta;Sim;418943.0;Ciclomotor;I/TRAXX JL50Q 8/TRAXX JL50Q 8;0.0;Condutor;Lesões Graves;34.0;Masculino;0.0;0.0;1.0;0.0;-5,76469466;-35,28295988;SPRF-RN;DEL02-RN;UOP01-DEL02-RN
234126.0;521073.0;2019-09-08;domingo;17:50:00;RN;101.0;81,1;NATAL;Sim;Ingestão de Álcool;2;Tombamento;Com Vítimas Feridas;Anoitecer;Decrescente;Céu Claro;Dupla;Reta;Sim;418326.0;Automóvel;VW/NOVO GOL TRACK MCV/NOVO GOL TRACK MCV;2017.0;Condutor;Ileso;34.0;Masculino;1.0;0.0;0.0;0.0;-5,76469466;-35,28295988;SPRF-RN;DEL02-RN;UOP01-DEL02-RN
234126.0;521082.0;2019-09-08;domingo;17:50:00;RN;101.0;81,1;NATAL;Sim;Ingestão de Álcool;2;Tombamento;Com Vítimas Feridas;Anoitecer;Decrescente;Céu Claro;Dupla;Reta;Sim;418943.0;Ciclomotor;I/TRAXX JL50Q 8/TRAXX JL50Q 8;0.0;Condutor;Lesões Graves;34.0;Masculino;0.0;0.0;1.0;0.0;-5,76469466;-35,28295988;SPRF-RN;DEL02-RN;UOP01-DEL02-RN
234126.0;521073.0;2019-09-08;domingo;17:50:00;RN;101.0;81,1;NATAL;Sim;Ingestão de Álcool;1;Colisão traseira;Com Vítimas Feridas;Anoitecer;Decrescente;Céu Claro;Dupla;Reta;Sim;418326.0;Automóvel;VW/NOVO GOL TRACK MCV/NOVO GOL TRACK MCV;2017.0;Condutor;Ileso;34.0;Masculino;1.0;0.0;0.0;0.0;-5,76469466;-35,28295988;SPRF-RN;DEL02-RN;UOP01-DEL02-RN