id;pesid;data_inversa;dia_semana;horario;uf;br;km;municipio;causa_principal;causa_acidente;ordem_tipo_acidente;tipo_acidente;classificacao_acidente;fase_dia;sentido_via;condicao_metereologica;tipo_pista;tracado_via;uso_solo;id_veiculo;tipo_veiculo;marca;ano_fabricacao_veiculo;tipo_envolvido;estado_fisico;idade;sexo;ilesos;feridos_leves;feridos_graves;mortos;latitude;longitude;regional;delegacia;uop
234126.0;521082.0;2019-09-08;domingo;17:50:00;RN;101.0;81,1;NATAL;Sim;Ingestão de Álcool;1;Colisão traseira;Com Vítimas Feridas;Anoitecer;Decrescente;Céu Claro;Dupla;Reta;Sim;418943.0;Ciclomotor;I/TRAXX JL50Q 8/TRAXX JL50Q 8;0.0;Condutor;Lesões Graves;34.0;Masculino;0.0;0.0;1.0;0.0;-5,76469466;-35,28295988;SPRF-RN;DEL02-RN;UOP01-DEL02-RN
234263.0;520959.0;2019-09-09;segunda-feira;07:40:00;RN;101.0;82,5;NATAL;Sim;Falta de Atenção à Condução;1;Atropelamento de Pedestre;Com Vítimas Feridas;Pleno dia;Crescente;Céu Claro;Dupla;Reta;Não;418589.0;Motocicleta;HONDA/CG 125 FAN KS/CG 125 FAN KS;2012.0;Condutor;Ileso;54.0;Masculino;1.0;0.0;0.0;0.0;-5,76791511;-35,27456305;SPRF-RN;DEL02-RN;UOP01-DEL02-RN
234263.0;520960.0;2019-09-09;segunda-feira;07:40:00;RN;101.0;82,5;NATAL;Sim;Falta de Atenção à Condução;1;Atropelamento de Pedestre;Com Vítimas Feridas;Pleno dia;Crescente;Céu Claro;Dupla;Reta;Não;;;NA/NA/NA;;Pedestre;Lesões Leves;13.0;Feminino;0.0;1.0;0.0;0.0;-5,76791511;-35,27456305;SPRF-RN;DEL02-RN;UOP01-DEL02-RN
234507.0;521191.0;2019-09-10;terça-feira;11:30:00;RN;101.0;85,6;NATAL;Sim;Falta de Atenção à Condução;1;Colisão transversal;Com Vítimas Feridas;Pleno dia;Decrescente;Sol;Simples;Ponte;Sim;419005.0;Motocicleta;HONDA/CG 125 TITAN/CG 125 TITAN;1996.0;Condutor;Lesões Graves;20.0;Masculino;0.0;0.0;1.0;0.0;-5,782195;-35,247414;SPRF-RN;DEL02-RN;UOP01-DEL02-RN
234507.0;521195.0;2019-09-10;terça-feira;11:30:00;RN;101.0;85,6;NATAL;Sim;Falta de Atenção à Condução;1;Colisão transversal;Com Vítimas Feridas;Pleno dia;Decrescente;Sol;Simples;Ponte;Sim;419006.0;Motocicleta;YAMAHA/YS150 FAZER SED/YS150 FAZER SED;2016.0;Condutor;Lesões Leves;38.0;Masculino;0.0;1.0;0.0;0.0;-5,782195;-35,247414;SPRF-RN;DEL02-RN;UOP01-DEL02-RN
234507.0;521197.0;2019-09-10;terça-feira;11:30:00;RN;101.0;85,6;NATAL;Sim;Falta de Atenção à Condução;1;Colisão transversal;Com Vítimas Feridas;Pleno dia;Decrescente;Sol;Simples;Ponte;Sim;419006.0;Motocicleta;YAMAHA/YS150 FAZER SED/YS150 FAZER SED;2016.0;Passageiro;Lesões Graves;13.0;Feminino;0.0;0.0;1.0;0.0;-5,782195;-35,247414;SPRF-RN;DEL02-RN;UOP01-DEL02-RN
234558.0;523305.0;2019-09-10;terça-feira;18:05:00;RN;101.0;97;NATAL;Sim;Desobediência às normas de trânsito pelo condutor;2;Tombamento;Com Vítimas Feridas;Plena Noite;Decrescente;Céu Claro;Múltipla;Reta;Sim;420699.0;Utilitário;I/JEEP CHEROKEE LTD 3.7/JEEP CHEROKEE LTD 3.7;2012.0;Condutor;Não Informado;;Não Informado;0.0;0.0;0.0;0.0;-5,85540728;-35,21173954;SPRF-RN;DEL01-RN;UOP01-DEL01-RN
234558.0;521402.0;2019-09-10;terça-feira;18:05:00;RN;101.0;97;NATAL;Sim;Desobediência às normas de trânsito pelo condutor;2;Tombamento;Com Vítimas Feridas;Plena Noite;Decrescente;Céu Claro;Múltipla;Reta;Sim;419168.0;Motocicleta;KASINSKI/COMET 250/COMET 250;2011.0;Condutor;Lesões Graves;32.0;Masculino;0.0;0.0;1.0;0.0;-5,85540728;-35,21173954;SPRF-RN;DEL01-RN;UOP01-DEL01-RN
234558.0;523305.0;2019-09-10;terça-feira;18:05:00;RN;101.0;97;NATAL;Sim;Desobediência às normas de trânsito pelo condutor;1;Colisão lateral;Com Vítimas Feridas;Plena Noite;Decrescente;Céu Claro;Múltipla;Reta;Sim;420699.0;Utilitário;I/JEEP CHEROKEE LTD 3.7/JEEP CHEROKEE LTD 3.7;2012.0;Condutor;Não Informado;;Não Informado;0.0;0.0;0.0;0.0;-5,85540728;-35,21173954;SPRF-RN;DEL01-RN;UOP01-DEL01-RN
234558.0;521402.0;2019-09-10;terça-feira;18:05:00;RN;101.0;97;NATAL;Sim;Desobediência às normas de trânsito pelo condutor;1;Colisão lateral;Com Vítimas Feridas;Plena Noite;Decrescente;Céu Claro;Múltipla;Reta;Sim;419168.0;Motocicleta;KASINSKI/COMET 250/COMET 250;2011.0;Condutor;Lesões Graves;32.0;Masculino;0.0;0.0;1.0;0.0;-5,85540728;-35,21173954;SPRF-RN;DEL01-RN;UOP01-DEL01-RN
234586.0;521400.0;2019-09-10;terça-feira;19:45:00;RN;226.0;2,9;NATAL;Sim;Desobediência às normas de trânsito pelo condutor;2;Queda de ocupante de veículo;Com Vítimas Feridas;Plena Noite;Decrescente;Céu Claro;Simples;"Curva;Aclive";Sim;419148.0;Motocicleta;YAMAHA/XTZ 125E/XTZ 125E;2011.0;Condutor;Lesões Leves;38.0;Masculino;0.0;1.0;0.0;0.0;-5,81364934;-35,2466547;SPRF-RN;DEL01-RN;UOP02-DEL01-RN
234586.0;521403.0;2019-09-10;terça-feira;19:45:00;RN;226.0;2,9;NATAL;Sim;Desobediência às normas de trânsito pelo condutor;2;Queda de ocupante de veículo;Com Vítimas Feridas;Plena Noite;Decrescente;Céu Claro;Simples;"Curva;Aclive";Sim;419149.0;Caminhonete;FORD/COURIER 1.6 L/COURIER 1.6 L;2005.0;Condutor;Ileso;54.0;Masculino;1.0;0.0;0.0;0.0;-5,81364934;-35,2466547;SPRF-RN;DEL01-RN;UOP02-DEL01-RN
234586.0;521405.0;2019-09-10;terça-feira;19:45:00;RN;226.0;2,9;NATAL;Sim;Desobediência às normas de trânsito pelo condutor;2;Queda de ocupante de veículo;Com Vítimas Feridas;Plena Noite;Decrescente;Céu Claro;Simples;"Curva;Aclive";Sim;;;NA/NA/NA;;Testemunha;Não Informado;;Não Informado;0.0;0.0;0.0;0.0;-5,81364934;-35,2466547;SPRF-RN;DEL01-RN;UOP02-DEL01-RN
234586.0;521400.0;2019-09-10;terça-feira;19:45:00;RN;226.0;2,9;NATAL;Sim;Desobediência às normas de trânsito pelo condutor;1;Colisão transversal;Com Vítimas Feridas;Plena Noite;Decrescente;Céu Claro;Simples;"Curva;Aclive";Sim;419148.0;Motocicleta;YAMAHA/XTZ 125E/XTZ 125E;2011.0;Condutor;Lesões Leves;38.0;Masculino;0.0;1.0;0.0;0.0;-5,81364934;-35,2466547;SPRF-RN;DEL01-RN;UOP02-DEL01-RN
234586.0;521403.0;2019-09-10;terça-feira;19:45:00;RN;226.0;2,9;NATAL;Sim;Desobediência às normas de trânsito pelo condutor;1;Colisão transversal;Com Vítimas Feridas;Plena Noite;Decrescente;Céu Claro;Simples;"Curva;Aclive";Sim;419149.0;Caminhonete;FORD/COURIER 1.6 L/COURIER 1.6 L;2005.0;Condutor;Ileso;54.0;Masculino;1.0;0.0;0.0;0.0;-5,81364934;-35,2466547;SPRF-RN;DEL01-RN;UOP02-DEL01-RN
234586.0;521405.0;2019-09-10;terça-feira;19:45:00;RN;226.0;2,9;NATAL;Sim;Desobediência às normas de trânsito pelo condutor;1;Colisão transversal;Com Vítimas Feridas;Plena Noite;Decrescente;Céu Claro;Simples;"Curva;Aclive";Sim;;;NA/NA/NA;;Testemunha;Não Informado;;Não Informado;0.0;0.0;0.0;0.0;-5,81364934;-35,2466547;SPRF-RN;DEL01-RN;UOP02-DEL01-RN
234598.0;521470.0;2019-09-10;terça-feira;21:15:00;RN;101.0;95,7;NATAL;Sim;Desobediência às normas de trânsito pelo condutor;1;Colisão traseira;Com Vítimas Feridas;Plena Noite;Decrescente;Céu Claro;Múltipla;Curva;Sim;419177.0;Motocicleta;JTA/SUZUKI EN125 YES/SUZUKI EN125 YES;2009.0;Condutor;Lesões Leves;41.0;Masculino;0.0;1.0;0.0;0.0;-5,84526314;-35,20844763;SPRF-RN;DEL01-RN;UOP01-DEL01-RN
234598.0;521471.0;2019-09-10;terça-feira;21:15:00;RN;101.0;95,7;NATAL;Sim;Desobediência às normas de trânsito pelo condutor;1;Colisão traseira;Com Vítimas Feridas;Plena Noite;Decrescente;Céu Claro;Múltipla;Curva;Sim;419177.0;Motocicleta;JTA/SUZUKI EN125 YES/SUZUKI EN125 YES;2009.0;Passageiro;Lesões Leves;;Feminino;0.0;1.0;0.0;0.0;-5,84526314;-35,20844763;SPRF-RN;DEL01-RN;UOP01-DEL01-RN
234598.0;521472.0;2019-09-10;terça-feira;21:15:00;RN;101.0;95,7;NATAL;Sim;Desobediência às normas de trânsito pelo condutor;1;Colisão traseira;Com Vítimas Feridas;Plena Noite;Decrescente;Céu Claro;Múltipla;Curva;Sim;419178.0;Motocicleta;YAMAHA/FAZER YS250/FAZER YS250;2007.0;Condutor;Lesões Leves;34.0;Masculino;0.0;1.0;0.0;0.0;-5,84526314;-35,20844763;SPRF-RN;DEL01-RN;UOP01-DEL01-RN
235042.0;524183.0;2019-09-13;sexta-feira;06:10:00;RN;226.0;4;NATAL;Sim;Velocidade Incompatível;1;Colisão traseira;Com Vítimas Feridas;Pleno dia;Decrescente;Céu Claro;Simples;Reta;Não;421474.0;Motocicleta;HONDA/CG 160 START/CG 160 START;2018.0;Condutor;Lesões Leves;32.0;Masculino;0.0;1.0;0.0;0.0;-5,81958019;-35,25969486;SPRF-RN;DEL01-RN;UOP02-DEL01-RN
235042.0;524185.0;2019-09-13;sexta-feira;06:10:00;RN;226.0;4;NATAL;Sim;Velocidade Incompatível;1;Colisão traseira;Com Vítimas Feridas;Pleno dia;Decrescente;Céu Claro;Simples;Reta;Não;421474.0;Motocicleta;HONDA/CG 160 START/CG 160 START;2018.0;Passageiro;Lesões Leves;46.0;Feminino;0.0;1.0;0.0;0.0;-5,81958019;-35,25969486;SPRF-RN;DEL01-RN;UOP02-DEL01-RN
235081.0;524794.0;2019-09-13;sexta-feira;08:28:00;RN;101.0;84,6;NATAL;Sim;Falta de Atenção à Condução;1;Colisão lateral;Sem Vítimas;Pleno dia;Decrescente;Céu Claro;Dupla;Reta;Sim;420141.0;Automóvel;GM/CELTA 4P LIFE/CELTA 4P LIFE;2006.0;Condutor;Ileso;56.0;Masculino;1.0;0.0;0.0;0.0;-5,774175;-35,2578;SPRF-RN;DEL02-RN;UOP01-DEL02-RN
235081.0;524795.0;2019-09-13;sexta-feira;08:28:00;RN;101.0;84,6;NATAL;Sim;Falta de Atenção à Condução;1;Colisão lateral;Sem Vítimas;Pleno dia;Decrescente;Céu Claro;Dupla;Reta;Sim;420142.0;Caminhão;VW/13.190 CRM 4X2 4P/13.190 CRM 4X2 4P;2015.0;Condutor;Ileso;62.0;Masculino;1.0;0.0;0.0;0.0;-5,774175;-35,2578;SPRF-RN;DEL02-RN;UOP01-DEL02-RN
235700.0;525615.0;2019-09-15;domingo;19:45:00;RN;101.0;74,6;NATAL;Sim;Animais na Pista;1;Atropelamento de Animal;Com Vítimas Feridas;Plena Noite;Crescente;Céu Claro;Simples;Reta;Não;421159.0;Motocicleta;YAMAHA/YBR125 FACTOR K1/YBR125 FACTOR K1;2013.0;Condutor;Lesões Leves;39.0;Masculino;0.0;1.0;0.0;0.0;-5,71406254;-35,27232767;SPRF-RN;DEL02-RN;UOP01-DEL02-RN
235900.0;524471.0;2019-09-16;segunda-feira;11:00:00;RN;101.0;80;NATAL;Sim;Falta de Atenção à Condução;1;Colisão transversal;Com Vítimas Feridas;Pleno dia;Decrescente;Céu Claro;Dupla;Reta;Sim;421657.0;Ciclomotor;I/SHINERAY/SHINERAY;0.0;Condutor;Lesões Leves;31.0;Masculino;0.0;1.0;0.0;0.0;-5,75852229;-35,28806121;SPRF-RN;DEL02-RN;UOP01-DEL02-RN
235900.0;524473.0;2019-09-16;segunda-feira;11:00:00;RN;101.0;80;NATAL;Sim;Falta de Atenção à Condução;1;Colisão transversal;Com Vítimas Feridas;Pleno dia;Decrescente;Céu Claro;Dupla;Reta;Sim;421658.0;Automóvel;GM/CELTA 5 PORTAS/CELTA 5 PORTAS;2002.0;Condutor;Ileso;38.0;Masculino;1.0;0.0;0.0;0.0;-5,75852229;-35,28806121;SPRF-RN;DEL02-RN;UOP01-DEL02-RN
236394.0;529031.0;2019-09-18;quarta-feira;22:00:00;RN;226.0;2,7;NATAL;Não;Ingestão de Álcool;1;Colisão lateral;Com Vítimas Feridas;Plena Noite;Decrescente;Céu Claro;Simples;Reta;Sim;422518.0;Automóvel;FORD/KA/KA;2006.0;Condutor;Ileso;36.0;Masculino;1.0;0.0;0.0;0.0;-5,81364934;-35,2466547;SPRF-RN;DEL01-RN;UOP02-DEL01-RN
236394.0;529033.0;2019-09-18;quarta-feira;22:00:00;RN;226.0;2,7;NATAL;Não;Ingestão de Álcool;1;Colisão lateral;Com Vítimas Feridas;Plena Noite;Decrescente;Céu Claro;Simples;Reta;Sim;422519.0;Motocicleta;HONDA/CG 150 JOB/CG 150 JOB;2004.0;Condutor;Lesões Graves;26.0;Feminino;0.0;0.0;1.0;0.0;-5,81364934;-35,2466547;SPRF-RN;DEL01-RN;UOP02-DEL01-RN
236394.0;529108.0;2019-09-18;quarta-feira;22:00:00;RN;226.0;2,7;NATAL;Não;Ingestão de Álcool;1;Colisão lateral;Com Vítimas Feridas;Plena Noite;Decrescente;Céu Claro;Simples;Reta;Sim;;;NA/NA/NA;;Testemunha;Não Informado;;Não Informado;0.0;0.0;0.0;0.0;-5,81364934;-35,2466547;SPRF-RN;DEL01-RN;UOP02-DEL01-RN
236394.0;529031.0;2019-09-18;quarta-feira;22:00:00;RN;226.0;2,7;NATAL;Sim;Desobediência às normas de trânsito pelo condutor;1;Colisão lateral;Com Vítimas Feridas;Plena Noite;Decrescente;Céu Claro;Simples;Reta;Sim;422518.0;Automóvel;FORD/KA/KA;2006.0;Condutor;Ileso;36.0;Masculino;1.0;0.0;0.0;0.0;-5,81364934;-35,2466547;SPRF-RN;DEL01-RN;UOP02-DEL01-RN
236394.0;529033.0;2019-09-18;quarta-feira;22:00:00;RN;226.0;2,7;NATAL;Sim;Desobediência às normas de trânsito pelo condutor;1;Colisão lateral;Com Vítimas Feridas;Plena Noite;Decrescente;Céu Claro;Simples;Reta;Sim;422519.0;Motocicleta;HONDA/CG 150 JOB/CG 150 JOB;2004.0;Condutor;Lesões Graves;26.0;Feminino;0.0;0.0;1.0;0.0;-5,81364934;-35,2466547;SPRF-RN;DEL01-RN;UOP02-DEL01-RN
236394.0;529108.0;2019-09-18;quarta-feira;22:00:00;RN;226.0;2,7;NATAL;Sim;Desobediência às normas de trânsito pelo condutor;1;Colisão lateral;Com Vítimas Feridas;Plena Noite;Decrescente;Céu Claro;Simples;Reta;Sim;;;NA/NA/NA;;Testemunha;Não Informado;;Não Informado;0.0;0.0;0.0;0.0;-5,81364934;-35,2466547;SPRF-RN;DEL01-RN;UOP02-DEL01-RN
236475.0;525778.0;2019-09-19;quinta-feira;10:05:00;RN;101.0;95,2;NATAL;Não;Não guardar distância de segurança;1;Colisão traseira;Sem Vítimas;Pleno dia;Decrescente;Céu Claro;Múltipla;Reta;Sim;422712.0;Automóvel;I/FIAT PALIO FIRE ECONOM/FIAT PALIO FIRE ECONOM;2011.0;Condutor;Ileso;33.0;Masculino;1.0;0.0;0.0;0.0;-5,84076841;-35,21035949;SPRF-RN;DEL01-RN;UOP01-DEL01-RN
236475.0;525777.0;2019-09-19;quinta-feira;10:05:00;RN;101.0;95,2;NATAL;Não;Não guardar distância de segurança;1;Colisão traseira;Sem Vítimas;Pleno dia;Decrescente;Céu Claro;Múltipla;Reta;Sim;422711.0;Caminhonete;CHEVROLET/S10 LT FD2/S10 LT FD2;2015.0;Condutor;Ileso;35.0;Masculino;1.0;0.0;0.0;0.0;-5,84076841;-35,21035949;SPRF-RN;DEL01-RN;UOP01-DEL01-RN
236475.0;525778.0;2019-09-19;quinta-feira;10:05:00;RN;101.0;95,2;NATAL;Sim;Falta de Atenção à Condução;1;Colisão traseira;Sem Vítimas;Pleno dia;Decrescente;Céu Claro;Múltipla;Reta;Sim;422712.0;Automóvel;I/FIAT PALIO FIRE ECONOM/FIAT PALIO FIRE ECONOM;2011.0;Condutor;Ileso;33.0;Masculino;1.0;0.0;0.0;0.0;-5,84076841;-35,21035949;SPRF-RN;DEL01-RN;UOP01-DEL01-RN
236475.0;525777.0;2019-09-19;quinta-feira;10:05:00;RN;101.0;95,2;NATAL;Sim;Falta de Atenção à Condução;1;Colisão traseira;Sem Vítimas;Pleno dia;Decrescente;Céu Claro;Múltipla;Reta;Sim;422711.0;Caminhonete;CHEVROLET/S10 LT FD2/S10 LT FD2;2015.0;Condutor;Ileso;35.0;Masculino;1.0;0.0;0.0;0.0;-5,84076841;-35,21035949;SPRF-RN;DEL01-RN;UOP01-DEL01-RN
236497.0;525612.0;2019-08-26;segunda-feira;10:50:00;RN;101.0;95,3;NATAL;Sim;Velocidade Incompatível;2;Colisão lateral;Com Vítimas Feridas;Pleno dia;Crescente;Céu Claro;Dupla;Reta;Sim;422616.0;Automóvel;TOYOTA/ETIOS HB X/ETIOS HB X;2012.0;Condutor;Lesões Leves;33.0;Masculino;0.0;1.0;0.0;0.0;-5,84268;-35,20963;SPRF-RN;DEL01-RN;UOP01-DEL01-RN
236497.0;525613.0;2019-08-26;segunda-feira;10:50:00;RN;101.0;95,3;NATAL;Sim;Velocidade Incompatível;2;Colisão lateral;Com Vítimas Feridas;Pleno dia;Crescente;Céu Claro;Dupla;Reta;Sim;422617.0;Automóvel;VW/GOL MI/GOL MI;1997.0;Condutor;Ileso;39.0;Masculino;1.0;0.0;0.0;0.0;-5,84268;-35,20963;SPRF-RN;DEL01-RN;UOP01-DEL01-RN
236497.0;525614.0;2019-08-26;segunda-feira;10:50:00;RN;101.0;95,3;NATAL;Sim;Velocidade Incompatível;2;Colisão lateral;Com Vítimas Feridas;Pleno dia;Crescente;Céu Claro;Dupla;Reta;Sim;422618.0;Automóvel;HYUNDAI/CRETA 16M ATTITU/CRETA 16M ATTITU;2018.0;Condutor;Ileso;37.0;Feminino;1.0;0.0;0.0;0.0;-5,84268;-35,20963;SPRF-RN;DEL01-RN;UOP01-DEL01-RN
236497.0;525612.0;2019-08-26;segunda-feira;10:50:00;RN;101.0;95,3;NATAL;Sim;Velocidade Incompatível;1;Colisão traseira;Com Vítimas Feridas;Pleno dia;Crescente;Céu Claro;Dupla;Reta;Sim;422616.0;Automóvel;TOYOTA/ETIOS HB X/ETIOS HB X;2012.0;Condutor;Lesões Leves;33.0;Masculino;0.0;1.0;0.0;0.0;-5,84268;-35,20963;SPRF-RN;DEL01-RN;UOP01-DEL01-RN
236497.0;525613.0;2019-08-26;segunda-feira;10:50:00;RN;101.0;95,3;NATAL;Sim;Velocidade Incompatível;1;Colisão traseira;Com Vítimas Feridas;Pleno dia;Crescente;Céu Claro;Dupla;Reta;Sim;422617.0;Automóvel;VW/GOL MI/GOL MI;1997.0;Condutor;Ileso;39.0;Masculino;1.0;0.0;0.0;0.0;-5,84268;-35,20963;SPRF-RN;DEL01-RN;UOP01-DEL01-RN
236497.0;525614.0;2019-08-26;segunda-feira;10:50:00;RN;101.0;95,3;NATAL;Sim;Velocidade Incompatível;1;Colisão traseira;Com Vítimas Feridas;Pleno dia;Crescente;Céu Claro;Dupla;Reta;Sim;422618.0;Automóvel;HYUNDAI/CRETA 16M ATTITU/CRETA 16M ATTITU;2018.0;Condutor;Ileso;37.0;Feminino;1.0;0.0;0.0;0.0;-5,84268;-35,20963;SPRF-RN;DEL01-RN;UOP01-DEL01-RN
236584.0;527652.0;2019-09-19;quinta-feira;19:45:00;RN;226.0;8;NATAL;Sim;Velocidade Incompatível;2;Colisão com objeto estático;Com Vítimas Feridas;Plena Noite;Decrescente;Céu Claro;Simples;Curva;Sim;422898.0;Motocicleta;HONDA/CG 160 START/CG 160 START;2018.0;Condutor;Lesões Leves;36.0;Masculino;0.0;1.0;0.0;0.0;-5,83583319;-35,28030896;SPRF-RN;DEL01-RN;UOP02-DEL01-RN
236584.0;527652.0;2019-09-19;quinta-feira;19:45:00;RN;226.0;8;NATAL;Sim;Velocidade Incompatível;1;Saída de leito carroçável;Com Vítimas Feridas;Plena Noite;Decrescente;Céu Claro;Simples;Curva;Sim;422898.0;Motocicleta;HONDA/CG 160 START/CG 160 START;2018.0;Condutor;Lesões Leves;36.0;Masculino;0.0;1.0;0.0;0.0;-5,83583319;-35,28030896;SPRF-RN;DEL01-RN;UOP02-DEL01-RN
236701.0;528085.0;2019-09-20;sexta-feira;09:45:00;RN;101.0;96;NATAL;Sim;Falta de Atenção à Condução;1;Colisão lateral;Com Vítimas Feridas;Pleno dia;Decrescente;Céu Claro;Dupla;Reta;Sim;423031.0;Motocicleta;HONDA/CG 125 FAN KS/CG 125 FAN KS;2012.0;Condutor;Lesões Graves;30.0;Masculino;0.0;0.0;1.0;0.0;-5,84421234;-35,20888936;SPRF-RN;DEL01-RN;UOP01-DEL01-RN
236739.0;528386.0;2019-09-20;sexta-feira;13:00:00;RN;101.0;97;NATAL;Sim;Falta de Atenção à Condução;1;Colisão traseira;Com Vítimas Feridas;Pleno dia;Decrescente;Céu Claro;Dupla;Reta;Não;423172.0;Motocicleta;HONDA/CG 150 TITAN ESD/CG 150 TITAN ESD;2011.0;Condutor;Lesões Leves;40.0;Masculino;0.0;1.0;0.0;0.0;-5,85758898;-35,21271205;SPRF-RN;DEL01-RN;UOP01-DEL01-RN
236739.0;528389.0;2019-09-20;sexta-feira;13:00:00;RN;101.0;97;NATAL;Sim;Falta de Atenção à Condução;1;Colisão traseira;Com Vítimas Feridas;Pleno dia;Decrescente;Céu Claro;Dupla;Reta;Não;423172.0;Motocicleta;HONDA/CG 150 TITAN ESD/CG 150 TITAN ESD;2011.0;Passageiro;Lesões Leves;28.0;Masculino;0.0;1.0;0.0;0.0;-5,85758898;-35,21271205;SPRF-RN;DEL01-RN;UOP01-DEL01-RN
236739.0;528390.0;2019-09-20;sexta-feira;13:00:00;RN;101.0;97;NATAL;Sim;Falta de Atenção à Condução;1;Colisão traseira;Com Vítimas Feridas;Pleno dia;Decrescente;Céu Claro;Dupla;Reta;Não;423173.0;Caminhonete;GM/MONTANA CONQUEST/MONTANA CONQUEST;2008.0;Condutor;Ileso;60.0;Masculino;1.0;0.0;0.0;0.0;-5,85758898;-35,21271205;SPRF-RN;DEL01-RN;UOP01-DEL01-RN
236769.0;526406.0;2019-09-20;sexta-feira;16:25:00;RN;226.0;0,8;NATAL;Sim;Desobediência às normas de trânsito pelo condutor;1;Colisão traseira;Com Vítimas Feridas;Pleno dia;Crescente;Céu Claro;Dupla;Reta;Sim;423282.0;Motocicleta;HONDA/CG 150 TITAN KS/CG 150 TITAN KS;2008.0;Passageiro;Lesões Leves;33.0;Masculino;0.0;1.0;0.0;0.0;-5,800019;-35,238174;SPRF-RN;DEL01-RN;UOP02-DEL01-RN
236769.0;526403.0;2019-09-20;sexta-feira;16:25:00;RN;226.0;0,8;NATAL;Sim;Desobediência às normas de trânsito pelo condutor;1;Colisão traseira;Com Vítimas Feridas;Pleno dia;Crescente;Céu Claro;Dupla;Reta;Sim;423282.0;Motocicleta;HONDA/CG 150 TITAN KS/CG 150 TITAN KS;2008.0;Condutor;Lesões Graves;28.0;Masculino;0.0;0.0;1.0;0.0;-5,800019;-35,238174;SPRF-RN;DEL01-RN;UOP02-DEL01-RN
236769.0;526413.0;2019-09-20;sexta-feira;16:25:00;RN;226.0;0,8;NATAL;Sim;Desobediência às normas de trânsito pelo condutor;1;Colisão traseira;Com Vítimas Feridas;Pleno dia;Crescente;Céu Claro;Dupla;Reta;Sim;423283.0;Reboque;R/MILTON BRASILIA CA/MILTON BRASILIA CA;2010.0;Condutor;Ileso;63.0;Masculino;1.0;0.0;0.0;0.0;-5,800019;-35,238174;SPRF-RN;DEL01-RN;UOP02-DEL01-RN
236858.0;526494.0;2019-09-20;sexta-feira;22:40:00;RN;101.0;82;NATAL;Sim;Falta de Atenção do Pedestre;1;Atropelamento de Pedestre;Com Vítimas Feridas;Plena Noite;Decrescente;Céu Claro;Dupla;Reta;Sim;423358.0;Motocicleta;HONDA/CB 250F TWISTER/CB 250F TWISTER;2016.0;Condutor;Lesões Leves;24.0;Masculino;0.0;1.0;0.0;0.0;-5,76791511;-35,27456305;SPRF-RN;DEL02-RN;UOP01-DEL02-RN
236858.0;526498.0;2019-09-20;sexta-feira;22:40:00;RN;101.0;82;NATAL;Sim;Falta de Atenção do Pedestre;1;Atropelamento de Pedestre;Com Vítimas Feridas;Plena Noite;Decrescente;Céu Claro;Dupla;Reta;Sim;;;NA/NA/NA;;Pedestre;Lesões Leves;34.0;Feminino;0.0;1.0;0.0;0.0;-5,76791511;-35,27456305;SPRF-RN;DEL02-RN;UOP01-DEL02-RN
236917.0;526942.0;2019-09-21;sábado;08:24:00;RN;101.0;83,9;NATAL;Sim;Falta de Atenção à Condução;1;Colisão traseira;Com Vítimas Feridas;Pleno dia;Crescente;Chuva;Dupla;Reta;Sim;423462.0;Motocicleta;HONDA/NXR125 BROS ES/NXR125 BROS ES;2004.0;Condutor;Ileso;35.0;Masculino;1.0;0.0;0.0;0.0;-5,7710445;-35,26616981;SPRF-RN;DEL02-RN;UOP01-DEL02-RN
236917.0;526948.0;2019-09-21;sábado;08:24:00;RN;101.0;83,9;NATAL;Sim;Falta de Atenção à Condução;1;Colisão traseira;Com Vítimas Feridas;Pleno dia;Crescente;Chuva;Dupla;Reta;Sim;423463.0;Motocicleta;YAMAHA/YS150 FAZER ED/YS150 FAZER ED;2014.0;Condutor;Lesões Graves;29.0;Masculino;0.0;0.0;1.0;0.0;-5,7710445;-35,26616981;SPRF-RN;DEL02-RN;UOP01-DEL02-RN
236917.0;530828.0;2019-09-21;sábado;08:24:00;RN;101.0;83,9;NATAL;Sim;Falta de Atenção à Condução;1;Colisão traseira;Com Vítimas Feridas;Pleno dia;Crescente;Chuva;Dupla;Reta;Sim;423463.0;Motocicleta;YAMAHA/YS150 FAZER ED/YS150 FAZER ED;2014.0;Passageiro;Lesões Graves;23.0;Feminino;0.0;0.0;1.0;0.0;-5,7710445;-35,26616981;SPRF-RN;DEL02-RN;UOP01-DEL02-RN
236989.0;528720.0;2019-09-21;sábado;15:30:00;RN;101.0;96;NATAL;Sim;Não guardar distância de segurança;1;Engavetamento;Sem Vítimas;Pleno dia;Decrescente;Céu Claro;Múltipla;Reta;Sim;423728.0;Automóvel;GM/CELTA/CELTA;2002.0;Condutor;Não Informado;;Não Informado;0.0;0.0;0.0;0.0;-5,84949622;-35,20890752;SPRF-RN;DEL01-RN;UOP01-DEL01-RN
236989.0;528719.0;2019-09-21;sábado;15:30:00;RN;101.0;96;NATAL;Sim;Não guardar distância de segurança;1;Engavetamento;Sem Vítimas;Pleno dia;Decrescente;Céu Claro;Múltipla;Reta;Sim;423729.0;Automóvel;HYUNDAI/HB20 1.0M 1.0 M/HB20 1.0M 1.0 M;2013.0;Condutor;Ileso;27.0;Masculino;1.0;0.0;0.0;0.0;-5,84949622;-35,20890752;SPRF-RN;DEL01-RN;UOP01-DEL01-RN