id;pesid;data_inversa;dia_semana;horario;uf;br;km;municipio;causa_principal;causa_acidente;ordem_tipo_acidente;tipo_acidente;classificacao_acidente;fase_dia;sentido_via;condicao_metereologica;tipo_pista;tracado_via;uso_solo;id_veiculo;tipo_veiculo;marca;ano_fabricacao_veiculo;tipo_envolvido;estado_fisico;idade;sexo;ilesos;feridos_leves;feridos_graves;mortos;latitude;longitude;regional;delegacia;uop
242808.0;539545.0;2019-10-16;quarta-feira;15:33:00;RN;101.0;98,6;NATAL;Sim;Não guardar distância de segurança;1;Colisão traseira;Com Vítimas Feridas;Pleno dia;Crescente;Sol;Dupla;Reta;Sim;433858.0;Ônibus;MARCOPOLO/VOLARE WL ON/VOLARE WL ON;2014.0;Condutor;Ileso;28.0;Masculino;1.0;0.0;0.0;0.0;-5,86868416;-35,21830559;SPRF-RN;DEL01-RN;UOP01-DEL01-RN
242808.0;539546.0;2019-10-16;quarta-feira;15:33:00;RN;101.0;98,6;NATAL;Sim;Não guardar distância de segurança;1;Colisão traseira;Com Vítimas Feridas;Pleno dia;Crescente;Sol;Dupla;Reta;Sim;433859.0;Caminhonete;VW/NOVA SAVEIRO RB MBVS/NOVA SAVEIRO RB MBVS;2018.0;Condutor;Lesões Leves;54.0;Masculino;0.0;1.0;0.0;0.0;-5,86868416;-35,21830559;SPRF-RN;DEL01-RN;UOP01-DEL01-RN
244770.0;546393.0;2019-10-24;quinta-feira;07:00:00;RN;101.0;99;NATAL;Sim;Desobediência às normas de trânsito pelo condutor;2;Colisão transversal;Com Vítimas Feridas;Pleno dia;Decrescente;Céu Claro;Dupla;Interseção de Vias;Sim;436872.0;Automóvel;CHEV/PRISMA 1.4AT LTZ/PRISMA 1.4AT LTZ;2016.0;Condutor;Ileso;32.0;Feminino;1.0;0.0;0.0;0.0;-5,80148541;-35,17204285;SPRF-RN;DEL01-RN;UOP01-DEL01-RN
244770.0;546391.0;2019-10-24;quinta-feira;07:00:00;RN;101.0;99;NATAL;Sim;Desobediência às normas de trânsito pelo condutor;2;Colisão transversal;Com Vítimas Feridas;Pleno dia;Decrescente;Céu Claro;Dupla;Interseção de Vias;Sim;436871.0;Motoneta;HONDA/BIZ 125/BIZ 125;2016.0;Condutor;Lesões Graves;47.0;Feminino;0.0;0.0;1.0;0.0;-5,80148541;-35,17204285;SPRF-RN;DEL01-RN;UOP01-DEL01-RN
244770.0;546394.0;2019-10-24;quinta-feira;07:00:00;RN;101.0;99;NATAL;Sim;Desobediência às normas de trânsito pelo condutor;2;Colisão transversal;Com Vítimas Feridas;Pleno dia;Decrescente;Céu Claro;Dupla;Interseção de Vias;Sim;436873.0;Caminhão;M.BENZ/ACCELO 815/ACCELO 815;2012.0;Condutor;Ileso;45.0;Masculino;1.0;0.0;0.0;0.0;-5,80148541;-35,17204285;SPRF-RN;DEL01-RN;UOP01-DEL01-RN
244770.0;546393.0;2019-10-24;quinta-feira;07:00:00;RN;101.0;99;NATAL;Sim;Desobediência às normas de trânsito pelo condutor;1;Colisão traseira;Com Vítimas Feridas;Pleno dia;Decrescente;Céu Claro;Dupla;Interseção de Vias;Sim;436872.0;Automóvel;CHEV/PRISMA 1.4AT LTZ/PRISMA 1.4AT LTZ;2016.0;Condutor;Ileso;32.0;Feminino;1.0;0.0;0.0;0.0;-5,80148541;-35,17204285;SPRF-RN;DEL01-RN;UOP01-DEL01-RN
244770.0;546391.0;2019-10-24;quinta-feira;07:00:00;RN;101.0;99;NATAL;Sim;Desobediência às normas de trânsito pelo condutor;1;Colisão traseira;Com Vítimas Feridas;Pleno dia;Decrescente;Céu Claro;Dupla;Interseção de Vias;Sim;436871.0;Motoneta;HONDA/BIZ 125/BIZ 125;2016.0;Condutor;Lesões Graves;47.0;Feminino;0.0;0.0;1.0;0.0;-5,80148541;-35,17204285;SPRF-RN;DEL01-RN;UOP01-DEL01-RN
244770.0;546394.0;2019-10-24;quinta-feira;07:00:00;RN;101.0;99;NATAL;Sim;Desobediência às normas de trânsito pelo condutor;1;Colisão traseira;Com Vítimas Feridas;Pleno dia;Decrescente;Céu Claro;Dupla;Interseção de Vias;Sim;436873.0;Caminhão;M.BENZ/ACCELO 815/ACCELO 815;2012.0;Condutor;Ileso;45.0;Masculino;1.0;0.0;0.0;0.0;-5,80148541;-35,17204285;SPRF-RN;DEL01-RN;UOP01-DEL01-RN
244799.0;543241.0;2019-10-24;quinta-feira;11:00:00;RN;226.0;0,5;NATAL;Sim;Ingestão de Álcool;1;Atropelamento de Pedestre;Com Vítimas Feridas;Pleno dia;Decrescente;Céu Claro;Simples;Reta;Sim;436702.0;Motocicleta;HONDA/POP100/POP100;2008.0;Condutor;Lesões Leves;40.0;Masculino;0.0;1.0;0.0;0.0;-5,800019;-35,238174;SPRF-RN;DEL01-RN;UOP02-DEL01-RN
244799.0;543243.0;2019-10-24;quinta-feira;11:00:00;RN;226.0;0,5;NATAL;Sim;Ingestão de Álcool;1;Atropelamento de Pedestre;Com Vítimas Feridas;Pleno dia;Decrescente;Céu Claro;Simples;Reta;Sim;436702.0;Motocicleta;HONDA/POP100/POP100;2008.0;Passageiro;Lesões Leves;26.0;Feminino;0.0;1.0;0.0;0.0;-5,800019;-35,238174;SPRF-RN;DEL01-RN;UOP02-DEL01-RN
244799.0;543246.0;2019-10-24;quinta-feira;11:00:00;RN;226.0;0,5;NATAL;Sim;Ingestão de Álcool;1;Atropelamento de Pedestre;Com Vítimas Feridas;Pleno dia;Decrescente;Céu Claro;Simples;Reta;Sim;;;NA/NA/NA;;Pedestre;Lesões Leves;48.0;Masculino;0.0;1.0;0.0;0.0;-5,800019;-35,238174;SPRF-RN;DEL01-RN;UOP02-DEL01-RN
245084.0;543831.0;2019-10-25;sexta-feira;19:15:00;RN;101.0;84,7;NATAL;Sim;Falta de Atenção à Condução;2;Queda de ocupante de veículo;Com Vítimas Feridas;Plena Noite;Decrescente;Céu Claro;Dupla;Viaduto;Sim;437205.0;Motocicleta;HONDA/NXR160 BROS ESDD/NXR160 BROS ESDD;2015.0;Condutor;Lesões Leves;48.0;Masculino;0.0;1.0;0.0;0.0;-5,774175;-35,2578;SPRF-RN;DEL02-RN;UOP01-DEL02-RN
245084.0;543830.0;2019-10-25;sexta-feira;19:15:00;RN;101.0;84,7;NATAL;Sim;Falta de Atenção à Condução;2;Queda de ocupante de veículo;Com Vítimas Feridas;Plena Noite;Decrescente;Céu Claro;Dupla;Viaduto;Sim;437204.0;Automóvel;FORD/KA FLEX/KA FLEX;2010.0;Condutor;Ileso;35.0;Masculino;1.0;0.0;0.0;0.0;-5,774175;-35,2578;SPRF-RN;DEL02-RN;UOP01-DEL02-RN
245084.0;543831.0;2019-10-25;sexta-feira;19:15:00;RN;101.0;84,7;NATAL;Sim;Falta de Atenção à Condução;1;Colisão lateral;Com Vítimas Feridas;Plena Noite;Decrescente;Céu Claro;Dupla;Viaduto;Sim;437205.0;Motocicleta;HONDA/NXR160 BROS ESDD/NXR160 BROS ESDD;2015.0;Condutor;Lesões Leves;48.0;Masculino;0.0;1.0;0.0;0.0;-5,774175;-35,2578;SPRF-RN;DEL02-RN;UOP01-DEL02-RN
245084.0;543830.0;2019-10-25;sexta-feira;19:15:00;RN;101.0;84,7;NATAL;Sim;Falta de Atenção à Condução;1;Colisão lateral;Com Vítimas Feridas;Plena Noite;Decrescente;Céu Claro;Dupla;Viaduto;Sim;437204.0;Automóvel;FORD/KA FLEX/KA FLEX;2010.0;Condutor;Ileso;35.0;Masculino;1.0;0.0;0.0;0.0;-5,774175;-35,2578;SPRF-RN;DEL02-RN;UOP01-DEL02-RN
245121.0;543980.0;2019-10-25;sexta-feira;21:30:00;RN;101.0;73,9;NATAL;Sim;Falta de Atenção à Condução;1;Capotamento;Sem Vítimas;Plena Noite;Decrescente;Céu Claro;Simples;Reta;Não;437239.0;Automóvel;RENAULT/SANDERO EXP1016V/SANDERO EXP1016V;2013.0;Condutor;Não Informado;;Não Informado;0.0;0.0;0.0;0.0;-5,70687202;-35,26688397;SPRF-RN;DEL02-RN;UOP01-DEL02-RN
245243.0;544349.0;2019-10-26;sábado;13:15:00;RN;101.0;99,2;NATAL;Sim;Falta de Atenção à Condução;2;Colisão com objeto estático;Com Vítimas Feridas;Pleno dia;Decrescente;Sol;Múltipla;Reta;Sim;437662.0;Automóvel;FIAT/PALIO FIRE WAY/PALIO FIRE WAY;2014.0;Condutor;Lesões Leves;40.0;Masculino;0.0;1.0;0.0;0.0;-5,87311327;-35,22032261;SPRF-RN;DEL01-RN;UOP01-DEL01-RN
245243.0;544371.0;2019-10-26;sábado;13:15:00;RN;101.0;99,2;NATAL;Sim;Falta de Atenção à Condução;2;Colisão com objeto estático;Com Vítimas Feridas;Pleno dia;Decrescente;Sol;Múltipla;Reta;Sim;437663.0;Automóvel;I/VW JETTA 2.0T/VW JETTA 2.0T;2012.0;Condutor;Ileso;33.0;Masculino;1.0;0.0;0.0;0.0;-5,87311327;-35,22032261;SPRF-RN;DEL01-RN;UOP01-DEL01-RN
245243.0;544349.0;2019-10-26;sábado;13:15:00;RN;101.0;99,2;NATAL;Sim;Falta de Atenção à Condução;1;Colisão traseira;Com Vítimas Feridas;Pleno dia;Decrescente;Sol;Múltipla;Reta;Sim;437662.0;Automóvel;FIAT/PALIO FIRE WAY/PALIO FIRE WAY;2014.0;Condutor;Lesões Leves;40.0;Masculino;0.0;1.0;0.0;0.0;-5,87311327;-35,22032261;SPRF-RN;DEL01-RN;UOP01-DEL01-RN
245243.0;544371.0;2019-10-26;sábado;13:15:00;RN;101.0;99,2;NATAL;Sim;Falta de Atenção à Condução;1;Colisão traseira;Com Vítimas Feridas;Pleno dia;Decrescente;Sol;Múltipla;Reta;Sim;437663.0;Automóvel;I/VW JETTA 2.0T/VW JETTA 2.0T;2012.0;Condutor;Ileso;33.0;Masculino;1.0;0.0;0.0;0.0;-5,87311327;-35,22032261;SPRF-RN;DEL01-RN;UOP01-DEL01-RN
245389.0;545028.0;2019-10-27;domingo;00:09:00;RN;101.0;95,6;NATAL;Sim;Ingestão de Álcool;1;Colisão traseira;Com Vítimas Feridas;Plena Noite;Decrescente;Céu Claro;Múltipla;Reta;Não;437789.0;Automóvel;I/PEUGEOT 207 5P/PEUGEOT 207 5P;2010.0;Condutor;Não Informado;;Não Informado;0.0;0.0;0.0;0.0;-5,84076841;-35,21035949;SPRF-RN;DEL01-RN;UOP01-DEL01-RN
245389.0;545047.0;2019-10-27;domingo;00:09:00;RN;101.0;95,6;NATAL;Sim;Ingestão de Álcool;1;Colisão traseira;Com Vítimas Feridas;Plena Noite;Decrescente;Céu Claro;Múltipla;Reta;Não;437790.0;Automóvel;I/CHEVROLET AGILE LT/CHEVROLET AGILE LT;2011.0;Condutor;Ileso;37.0;Masculino;1.0;0.0;0.0;0.0;-5,84076841;-35,21035949;SPRF-RN;DEL01-RN;UOP01-DEL01-RN
245389.0;545049.0;2019-10-27;domingo;00:09:00;RN;101.0;95,6;NATAL;Sim;Ingestão de Álcool;1;Colisão traseira;Com Vítimas Feridas;Plena Noite;Decrescente;Céu Claro;Múltipla;Reta;Não;437790.0;Automóvel;I/CHEVROLET AGILE LT/CHEVROLET AGILE LT;2011.0;Passageiro;Ileso;29.0;Masculino;1.0;0.0;0.0;0.0;-5,84076841;-35,21035949;SPRF-RN;DEL01-RN;UOP01-DEL01-RN
245389.0;545052.0;2019-10-27;domingo;00:09:00;RN;101.0;95,6;NATAL;Sim;Ingestão de Álcool;1;Colisão traseira;Com Vítimas Feridas;Plena Noite;Decrescente;Céu Claro;Múltipla;Reta;Não;437790.0;Automóvel;I/CHEVROLET AGILE LT/CHEVROLET AGILE LT;2011.0;Passageiro;Lesões Leves;30.0;Masculino;0.0;1.0;0.0;0.0;-5,84076841;-35,21035949;SPRF-RN;DEL01-RN;UOP01-DEL01-RN
245389.0;545055.0;2019-10-27;domingo;00:09:00;RN;101.0;95,6;NATAL;Sim;Ingestão de Álcool;1;Colisão traseira;Com Vítimas Feridas;Plena Noite;Decrescente;Céu Claro;Múltipla;Reta;Não;437791.0;Motocicleta;HONDA/NXR125 BROS ES/NXR125 BROS ES;2015.0;Condutor;Lesões Graves;35.0;Feminino;0.0;0.0;1.0;0.0;-5,84076841;-35,21035949;SPRF-RN;DEL01-RN;UOP01-DEL01-RN
245452.0;546069.0;2019-10-27;domingo;06:15:00;RN;101.0;83,1;NATAL;Sim;Falta de Atenção à Condução;1;Atropelamento de Pedestre;Com Vítimas Feridas;Pleno dia;Decrescente;Céu Claro;Dupla;Reta;Sim;437852.0;Motocicleta;HONDA/CG 160 FAN ESDI/CG 160 FAN ESDI;2015.0;Condutor;Lesões Leves;35.0;Masculino;0.0;1.0;0.0;0.0;-5,7710445;-35,26616981;SPRF-RN;DEL02-RN;UOP01-DEL02-RN
245452.0;546074.0;2019-10-27;domingo;06:15:00;RN;101.0;83,1;NATAL;Sim;Falta de Atenção à Condução;1;Atropelamento de Pedestre;Com Vítimas Feridas;Pleno dia;Decrescente;Céu Claro;Dupla;Reta;Sim;;;NA/NA/NA;;Pedestre;Lesões Graves;67.0;Masculino;0.0;0.0;1.0;0.0;-5,7710445;-35,26616981;SPRF-RN;DEL02-RN;UOP01-DEL02-RN
245471.0;544616.0;2019-10-27;domingo;08:30:00;RN;101.0;97,4;NATAL;Sim;Ingestão de Álcool;2;Colisão com objeto estático;Sem Vítimas;Pleno dia;Decrescente;Céu Claro;Dupla;Reta;Sim;437938.0;Caminhonete;FIAT/TORO FREEDOM AT/TORO FREEDOM AT;2016.0;Condutor;Ileso;29.0;Masculino;1.0;0.0;0.0;0.0;-5,85758898;-35,21271205;SPRF-RN;DEL01-RN;UOP01-DEL01-RN
245471.0;544614.0;2019-10-27;domingo;08:30:00;RN;101.0;97,4;NATAL;Sim;Ingestão de Álcool;2;Colisão com objeto estático;Sem Vítimas;Pleno dia;Decrescente;Céu Claro;Dupla;Reta;Sim;437939.0;Automóvel;TOYOTA/COROLLA XEI18VVT/COROLLA XEI18VVT;2006.0;Condutor;Ileso;48.0;Masculino;1.0;0.0;0.0;0.0;-5,85758898;-35,21271205;SPRF-RN;DEL01-RN;UOP01-DEL01-RN
245471.0;544616.0;2019-10-27;domingo;08:30:00;RN;101.0;97,4;NATAL;Sim;Ingestão de Álcool;1;Colisão com objeto estático;Sem Vítimas;Pleno dia;Decrescente;Céu Claro;Dupla;Reta;Sim;437938.0;Caminhonete;FIAT/TORO FREEDOM AT/TORO FREEDOM AT;2016.0;Condutor;Ileso;29.0;Masculino;1.0;0.0;0.0;0.0;-5,85758898;-35,21271205;SPRF-RN;DEL01-RN;UOP01-DEL01-RN
245471.0;544614.0;2019-10-27;domingo;08:30:00;RN;101.0;97,4;NATAL;Sim;Ingestão de Álcool;1;Colisão com objeto estático;Sem Vítimas;Pleno dia;Decrescente;Céu Claro;Dupla;Reta;Sim;437939.0;Automóvel;TOYOTA/COROLLA XEI18VVT/COROLLA XEI18VVT;2006.0;Condutor;Ileso;48.0;Masculino;1.0;0.0;0.0;0.0;-5,85758898;-35,21271205;SPRF-RN;DEL01-RN;UOP01-DEL01-RN
245862.0;545758.0;2019-10-29;terça-feira;08:45:00;RN;101.0;96;NATAL;Sim;Não guardar distância de segurança;1;Colisão lateral;Com Vítimas Feridas;Pleno dia;Decrescente;Céu Claro;Dupla;Reta;Sim;438760.0;Caminhonete;FIAT/TORO VOLCANO AT D4/TORO VOLCANO AT D4;2019.0;Condutor;Ileso;42.0;Feminino;1.0;0.0;0.0;0.0;-5,84949622;-35,20890752;SPRF-RN;DEL01-RN;UOP01-DEL01-RN
245862.0;545759.0;2019-10-29;terça-feira;08:45:00;RN;101.0;96;NATAL;Sim;Não guardar distância de segurança;1;Colisão lateral;Com Vítimas Feridas;Pleno dia;Decrescente;Céu Claro;Dupla;Reta;Sim;438761.0;Motocicleta;HONDA/XR 200R/XR 200R;1998.0;Condutor;Lesões Graves;37.0;Masculino;0.0;0.0;1.0;0.0;-5,84949622;-35,20890752;SPRF-RN;DEL01-RN;UOP01-DEL01-RN
245967.0;545890.0;2019-10-29;terça-feira;19:25:00;RN;101.0;96;NATAL;Sim;Falta de Atenção à Condução;1;Colisão com objeto estático;Com Vítimas Feridas;Plena Noite;Decrescente;Céu Claro;Dupla;Reta;Sim;438765.0;Camioneta;I/SUZUKI SX4 4WD/SUZUKI SX4 4WD;2011.0;Condutor;Ileso;38.0;Masculino;1.0;0.0;0.0;0.0;-5,84949622;-35,20890752;SPRF-RN;DEL01-RN;UOP01-DEL01-RN
245967.0;545891.0;2019-10-29;terça-feira;19:25:00;RN;101.0;96;NATAL;Sim;Falta de Atenção à Condução;1;Colisão com objeto estático;Com Vítimas Feridas;Plena Noite;Decrescente;Céu Claro;Dupla;Reta;Sim;438766.0;Automóvel;GM/PRISMA MAXX/PRISMA MAXX;2009.0;Condutor;Lesões Leves;28.0;Masculino;0.0;1.0;0.0;0.0;-5,84949622;-35,20890752;SPRF-RN;DEL01-RN;UOP01-DEL01-RN
245967.0;545893.0;2019-10-29;terça-feira;19:25:00;RN;101.0;96;NATAL;Sim;Falta de Atenção à Condução;1;Colisão com objeto estático;Com Vítimas Feridas;Plena Noite;Decrescente;Céu Claro;Dupla;Reta;Sim;;;NA/NA/NA;;Pedestre;Lesões Leves;43.0;Masculino;0.0;1.0;0.0;0.0;-5,84949622;-35,20890752;SPRF-RN;DEL01-RN;UOP01-DEL01-RN
245967.0;545894.0;2019-10-29;terça-feira;19:25:00;RN;101.0;96;NATAL;Sim;Falta de Atenção à Condução;1;Colisão com objeto estático;Com Vítimas Feridas;Plena Noite;Decrescente;Céu Claro;Dupla;Reta;Sim;;;NA/NA/NA;;Pedestre;Lesões Leves;22.0;Masculino;0.0;1.0;0.0;0.0;-5,84949622;-35,20890752;SPRF-RN;DEL01-RN;UOP01-DEL01-RN
246081.0;546161.0;2019-10-30;quarta-feira;10:40:00;RN;101.0;96;NATAL;Sim;Não guardar distância de segurança;1;Colisão traseira;Sem Vítimas;Pleno dia;Crescente;Céu Claro;Dupla;Curva;Sim;439021.0;Ônibus;M.BENZ/LO915 NEOBUS TH/LO915 NEOBUS TH;2010.0;Condutor;Ileso;36.0;Masculino;1.0;0.0;0.0;0.0;-5,84949622;-35,20890752;SPRF-RN;DEL01-RN;UOP01-DEL01-RN
246081.0;546162.0;2019-10-30;quarta-feira;10:40:00;RN;101.0;96;NATAL;Sim;Não guardar distância de segurança;1;Colisão traseira;Sem Vítimas;Pleno dia;Crescente;Céu Claro;Dupla;Curva;Sim;439022.0;Caminhão;VW/23.220/23.220;2005.0;Condutor;Ileso;51.0;Masculino;1.0;0.0;0.0;0.0;-5,84949622;-35,20890752;SPRF-RN;DEL01-RN;UOP01-DEL01-RN
246284.0;547763.0;2019-10-31;quinta-feira;11:57:00;RN;101.0;81,1;NATAL;Sim;Desobediência às normas de trânsito pelo condutor;1;Colisão transversal;Com Vítimas Feridas;Pleno dia;Decrescente;Sol;Dupla;Reta;Sim;439431.0;Motocicleta;HONDA/NXR150 BROS ES/NXR150 BROS ES;2014.0;Condutor;Ileso;29.0;Masculino;1.0;0.0;0.0;0.0;-5,76469466;-35,28295988;SPRF-RN;DEL02-RN;UOP01-DEL02-RN
246284.0;547769.0;2019-10-31;quinta-feira;11:57:00;RN;101.0;81,1;NATAL;Sim;Desobediência às normas de trânsito pelo condutor;1;Colisão transversal;Com Vítimas Feridas;Pleno dia;Decrescente;Sol;Dupla;Reta;Sim;439431.0;Motocicleta;HONDA/NXR150 BROS ES/NXR150 BROS ES;2014.0;Passageiro;Ileso;;Feminino;1.0;0.0;0.0;0.0;-5,76469466;-35,28295988;SPRF-RN;DEL02-RN;UOP01-DEL02-RN
246284.0;547764.0;2019-10-31;quinta-feira;11:57:00;RN;101.0;81,1;NATAL;Sim;Desobediência às normas de trânsito pelo condutor;1;Colisão transversal;Com Vítimas Feridas;Pleno dia;Decrescente;Sol;Dupla;Reta;Sim;439432.0;Motocicleta;HONDA/CG 150 TITAN ESD/CG 150 TITAN ESD;2007.0;Condutor;Lesões Leves;27.0;Masculino;0.0;1.0;0.0;0.0;-5,76469466;-35,28295988;SPRF-RN;DEL02-RN;UOP01-DEL02-RN
246322.0;548640.0;2019-10-31;quinta-feira;16:15:00;RN;101.0;78;NATAL;Sim;Falta de Atenção à Condução;1;Colisão traseira;Com Vítimas Feridas;Pleno dia;Crescente;Céu Claro;Dupla;Reta;Sim;439562.0;Motocicleta;HONDA/CG 125 FAN ES/CG 125 FAN ES;2009.0;Condutor;Lesões Leves;32.0;Masculino;0.0;1.0;0.0;0.0;-5,74071896;-35,29021064;SPRF-RN;DEL02-RN;UOP01-DEL02-RN
246322.0;548643.0;2019-10-31;quinta-feira;16:15:00;RN;101.0;78;NATAL;Sim;Falta de Atenção à Condução;1;Colisão traseira;Com Vítimas Feridas;Pleno dia;Crescente;Céu Claro;Dupla;Reta;Sim;439563.0;Automóvel;GM/CELTA 2P LIFE/CELTA 2P LIFE;2007.0;Condutor;Ileso;42.0;Feminino;1.0;0.0;0.0;0.0;-5,74071896;-35,29021064;SPRF-RN;DEL02-RN;UOP01-DEL02-RN
246702.0;547779.0;2019-11-02;sábado;06:30:00;RN;101.0;98;NATAL;Sim;Falta de Atenção à Condução;1;Colisão lateral;Com Vítimas Feridas;Pleno dia;Crescente;Céu Claro;Dupla;Curva;Sim;440271.0;Motocicleta;YAMAHA/YBR150 FACTOR E/YBR150 FACTOR E;2016.0;Condutor;Lesões Leves;39.0;Masculino;0.0;1.0;0.0;0.0;-5,86567888;-35,21651625;SPRF-RN;DEL01-RN;UOP01-DEL01-RN
246702.0;547780.0;2019-11-02;sábado;06:30:00;RN;101.0;98;NATAL;Sim;Falta de Atenção à Condução;1;Colisão lateral;Com Vítimas Feridas;Pleno dia;Crescente;Céu Claro;Dupla;Curva;Sim;440272.0;Automóvel;CHEVROLET/CELTA 1.0L LT/CELTA 1.0L LT;2012.0;Condutor;Ileso;26.0;Masculino;1.0;0.0;0.0;0.0;-5,86567888;-35,21651625;SPRF-RN;DEL01-RN;UOP01-DEL01-RN
247509.0;549364.0;2019-10-17;quinta-feira;12:50:00;RN;101.0;95;NATAL;Sim;Ingestão de Álcool;1;Colisão traseira;Com Vítimas Feridas;Pleno dia;Crescente;Céu Claro;Dupla;Reta;Sim;441738.0;Motocicleta;YAMAHA/FACTOR YBR125 K/FACTOR YBR125 K;2009.0;Condutor;Lesões Leves;49.0;Masculino;0.0;1.0;0.0;0.0;-5,83176615;-35,21191342;SPRF-RN;DEL01-RN;UOP01-DEL01-RN
247509.0;549365.0;2019-10-17;quinta-feira;12:50:00;RN;101.0;95;NATAL;Sim;Ingestão de Álcool;1;Colisão traseira;Com Vítimas Feridas;Pleno dia;Crescente;Céu Claro;Dupla;Reta;Sim;441739.0;Caminhonete;I/TOYOTA HILUX CDSRVA4FD/TOYOTA HILUX CDSRVA4FD;2016.0;Condutor;Ileso;67.0;Masculino;1.0;0.0;0.0;0.0;-5,83176615;-35,21191342;SPRF-RN;DEL01-RN;UOP01-DEL01-RN
247898.0;554694.0;2019-11-08;sexta-feira;08:30:00;RN;101.0;95;NATAL;Sim;Falta de Atenção à Condução;2;Tombamento;Com Vítimas Feridas;Pleno dia;Decrescente;Sol;Dupla;Reta;Sim;442641.0;Ônibus;M.BENZ/MPOLO TORINO U/MPOLO TORINO U;2009.0;Condutor;Ileso;60.0;Masculino;1.0;0.0;0.0;0.0;-5,84076841;-35,21035949;SPRF-RN;DEL01-RN;UOP01-DEL01-RN
247898.0;554695.0;2019-11-08;sexta-feira;08:30:00;RN;101.0;95;NATAL;Sim;Falta de Atenção à Condução;2;Tombamento;Com Vítimas Feridas;Pleno dia;Decrescente;Sol;Dupla;Reta;Sim;442642.0;Bicicleta;Não Informado/Não Informado/Não Informado;0.0;Condutor;Lesões Leves;23.0;Feminino;0.0;1.0;0.0;0.0;-5,84076841;-35,21035949;SPRF-RN;DEL01-RN;UOP01-DEL01-RN
247898.0;554694.0;2019-11-08;sexta-feira;08:30:00;RN;101.0;95;NATAL;Sim;Falta de Atenção à Condução;1;Colisão traseira;Com Vítimas Feridas;Pleno dia;Decrescente;Sol;Dupla;Reta;Sim;442641.0;Ônibus;M.BENZ/MPOLO TORINO U/MPOLO TORINO U;2009.0;Condutor;Ileso;60.0;Masculino;1.0;0.0;0.0;0.0;-5,84076841;-35,21035949;SPRF-RN;DEL01-RN;UOP01-DEL01-RN
247898.0;554695.0;2019-11-08;sexta-feira;08:30:00;RN;101.0;95;NATAL;Sim;Falta de Atenção à Condução;1;Colisão traseira;Com Vítimas Feridas;Pleno dia;Decrescente;Sol;Dupla;Reta;Sim;442642.0;Bicicleta;Não Informado/Não Informado/Não Informado;0.0;Condutor;Lesões Leves;23.0;Feminino;0.0;1.0;0.0;0.0;-5,84076841;-35,21035949;SPRF-RN;DEL01-RN;UOP01-DEL01-RN
248053.0;552272.0;2019-11-08;sexta-feira;20:30:00;RN;226.0;2,2;NATAL;Sim;Animais na Pista;1;Atropelamento de Animal;Com Vítimas Feridas;Plena Noite;Crescente;Céu Claro;Simples;Reta;Sim;442769.0;Motocicleta;YAMAHA/FACTOR YBR125 K/FACTOR YBR125 K;2011.0;Condutor;Lesões Leves;28.0;Masculino;0.0;1.0;0.0;0.0;-5,81364934;-35,2466547;SPRF-RN;DEL01-RN;UOP02-DEL01-RN
248053.0;552278.0;2019-11-08;sexta-feira;20:30:00;RN;226.0;2,2;NATAL;Sim;Animais na Pista;1;Atropelamento de Animal;Com Vítimas Feridas;Plena Noite;Crescente;Céu Claro;Simples;Reta;Sim;442769.0;Motocicleta;YAMAHA/FACTOR YBR125 K/FACTOR YBR125 K;2011.0;Passageiro;Lesões Leves;20.0;Feminino;0.0;1.0;0.0;0.0;-5,81364934;-35,2466547;SPRF-RN;DEL01-RN;UOP02-DEL01-RN
248247.0;551019.0;2019-11-09;sábado;18:05:00;RN;226.0;2,7;NATAL;Não;Ingestão de Álcool;1;Colisão transversal;Com Vítimas Feridas;Plena Noite;Crescente;Céu Claro;Simples;Reta;Sim;443182.0;Motocicleta;HONDA/CB600F HORNET/CB600F HORNET;2008.0;Condutor;Lesões Leves;39.0;Masculino;0.0;1.0;0.0;0.0;-5,81814642;-35,25028763;SPRF-RN;DEL01-RN;UOP02-DEL01-RN
248247.0;551021.0;2019-11-09;sábado;18:05:00;RN;226.0;2,7;NATAL;Não;Ingestão de Álcool;1;Colisão transversal;Com Vítimas Feridas;Plena Noite;Crescente;Céu Claro;Simples;Reta;Sim;443183.0;Motocicleta;YAMAHA/YBR125I FACTOR ED/YBR125I FACTOR ED;2017.0;Condutor;Lesões Graves;41.0;Masculino;0.0;0.0;1.0;0.0;-5,81814642;-35,25028763;SPRF-RN;DEL01-RN;UOP02-DEL01-RN
248247.0;551019.0;2019-11-09;sábado;18:05:00;RN;226.0;2,7;NATAL;Sim;Desobediência às normas de trânsito pelo condutor;1;Colisão transversal;Com Vítimas Feridas;Plena Noite;Crescente;Céu Claro;Simples;Reta;Sim;443182.0;Motocicleta;HONDA/CB600F HORNET/CB600F HORNET;2008.0;Condutor;Lesões Leves;39.0;Masculino;0.0;1.0;0.0;0.0;-5,81814642;-35,25028763;SPRF-RN;DEL01-RN;UOP02-DEL01-RN
248247.0;551021.0;2019-11-09;sábado;18:05:00;RN;226.0;2,7;NATAL;Sim;Desobediência às normas de trânsito pelo condutor;1;Colisão transversal;Com Vítimas Feridas;Plena Noite;Crescente;Céu Claro;Simples;Reta;Sim;443183.0;Motocicleta;YAMAHA/YBR125I FACTOR ED/YBR125I FACTOR ED;2017.0;Condutor;Lesões Graves;41.0;Masculino;0.0;0.0;1.0;0.0;-5,81814642;-35,25028763;SPRF-RN;DEL01-RN;UOP02-DEL01-RN
248924.0;555258.0;2019-11-12;terça-feira;07:50:00;RN;101.0;95;NATAL;Sim;Falta de Atenção à Condução;2;Engavetamento;Sem Vítimas;Pleno dia;Decrescente;Céu Claro;Dupla;Reta;Sim;444427.0;Caminhonete;MMC/L200 TRITON SPT GL/L200 TRITON SPT GL;2019.0;Condutor;Ileso;44.0;Masculino;1.0;0.0;0.0;0.0;-5,84076841;-35,21035949;SPRF-RN;DEL01-RN;UOP01-DEL01-RN