id;pesid;data_inversa;dia_semana;horario;uf;br;km;municipio;causa_principal;causa_acidente;ordem_tipo_acidente;tipo_acidente;classificacao_acidente;fase_dia;sentido_via;condicao_metereologica;tipo_pista;tracado_via;uso_solo;id_veiculo;tipo_veiculo;marca;ano_fabricacao_veiculo;tipo_envolvido;estado_fisico;idade;sexo;ilesos;feridos_leves;feridos_graves;mortos;latitude;longitude;regional;delegacia;uop
252949.0;561380.0;2019-11-30;sábado;20:40:00;RN;101.0;95;NATAL;Sim;Falta de Atenção do Pedestre;1;Atropelamento de Pedestre;Com Vítimas Feridas;Plena Noite;Decrescente;Céu Claro;Dupla;Reta;Sim;;;NA/NA/NA;;Pedestre;Lesões Graves;55.0;Masculino;0.0;0.0;1.0;0.0;-5,84076841;-35,21035949;SPRF-RN;DEL01-RN;UOP01-DEL01-RN
252997.0;561443.0;2019-12-01;domingo;00:05:00;RN;101.0;96;NATAL;Sim;Falta de Atenção à Condução;1;Colisão traseira;Sem Vítimas;Plena Noite;Crescente;Céu Claro;Dupla;Viaduto;Sim;451474.0;Automóvel;RENAULT/SANDERO AUTH 10/SANDERO AUTH 10;2015.0;Condutor;Ileso;46.0;Masculino;1.0;0.0;0.0;0.0;-5,84949622;-35,20890752;SPRF-RN;DEL01-RN;UOP01-DEL01-RN
252997.0;561444.0;2019-12-01;domingo;00:05:00;RN;101.0;96;NATAL;Sim;Falta de Atenção à Condução;1;Colisão traseira;Sem Vítimas;Plena Noite;Crescente;Céu Claro;Dupla;Viaduto;Sim;451475.0;Automóvel;HONDA/FIT EXL CVT/FIT EXL CVT;2017.0;Condutor;Ileso;36.0;Masculino;1.0;0.0;0.0;0.0;-5,84949622;-35,20890752;SPRF-RN;DEL01-RN;UOP01-DEL01-RN
253100.0;561731.0;2019-12-01;domingo;12:00:00;RN;101.0;95,9;NATAL;Sim;Ingestão de Álcool;1;Queda de ocupante de veículo;Com Vítimas Feridas;Pleno dia;Decrescente;Sol;Dupla;Reta;Sim;451689.0;Motocicleta;YAMAHA/FACTOR YBR125 K/FACTOR YBR125 K;2012.0;Condutor;Lesões Leves;29.0;Masculino;0.0;1.0;0.0;0.0;-5,7437581;-35,15590668;SPRF-RN;DEL01-RN;UOP01-DEL01-RN
253444.0;564845.0;2019-12-03;terça-feira;06:20:00;RN;101.0;95;NATAL;Sim;Não guardar distância de segurança;1;Colisão traseira;Sem Vítimas;Pleno dia;Decrescente;Sol;Múltipla;Reta;Sim;452664.0;Automóvel;FIAT/PUNTO ATTRACTIVE/PUNTO ATTRACTIVE;0.0;Condutor;Não Informado;;Não Informado;0.0;0.0;0.0;0.0;-5,84076841;-35,21035949;SPRF-RN;DEL01-RN;UOP01-DEL01-RN
253444.0;564846.0;2019-12-03;terça-feira;06:20:00;RN;101.0;95;NATAL;Sim;Não guardar distância de segurança;1;Colisão traseira;Sem Vítimas;Pleno dia;Decrescente;Sol;Múltipla;Reta;Sim;452665.0;Caminhonete;FIAT/STRADA WORKING CD/STRADA WORKING CD;0.0;Condutor;Não Informado;;Não Informado;0.0;0.0;0.0;0.0;-5,84076841;-35,21035949;SPRF-RN;DEL01-RN;UOP01-DEL01-RN
253444.0;565067.0;2019-12-03;terça-feira;06:20:00;RN;101.0;95;NATAL;Sim;Não guardar distância de segurança;1;Colisão traseira;Sem Vítimas;Pleno dia;Decrescente;Sol;Múltipla;Reta;Sim;452668.0;Caminhonete;GM/S10 DELUXE 2.2 D/S10 DELUXE 2.2 D;1996.0;Condutor;Ileso;38.0;Masculino;1.0;0.0;0.0;0.0;-5,84076841;-35,21035949;SPRF-RN;DEL01-RN;UOP01-DEL01-RN
253444.0;565062.0;2019-12-03;terça-feira;06:20:00;RN;101.0;95;NATAL;Sim;Não guardar distância de segurança;1;Colisão traseira;Sem Vítimas;Pleno dia;Decrescente;Sol;Múltipla;Reta;Sim;452666.0;Caminhonete;RENAULT/OROCH DYN 16 SCE/OROCH DYN 16 SCE;2019.0;Condutor;Ileso;55.0;Masculino;1.0;0.0;0.0;0.0;-5,84076841;-35,21035949;SPRF-RN;DEL01-RN;UOP01-DEL01-RN
253444.0;565065.0;2019-12-03;terça-feira;06:20:00;RN;101.0;95;NATAL;Sim;Não guardar distância de segurança;1;Colisão traseira;Sem Vítimas;Pleno dia;Decrescente;Sol;Múltipla;Reta;Sim;452667.0;Micro-ônibus;RENAULT/MASTER MBUS L3H2/MASTER MBUS L3H2;2015.0;Condutor;Ileso;44.0;Masculino;1.0;0.0;0.0;0.0;-5,84076841;-35,21035949;SPRF-RN;DEL01-RN;UOP01-DEL01-RN
253448.0;563098.0;2019-12-03;terça-feira;06:20:00;RN;101.0;95;NATAL;Não;Não guardar distância de segurança;3;Colisão traseira;Com Vítimas Feridas;Pleno dia;Crescente;Céu Claro;Múltipla;Viaduto;Sim;452439.0;Motocicleta;YAMAHA/YBR125I FACTOR ED/YBR125I FACTOR ED;2017.0;Condutor;Lesões Leves;28.0;Masculino;0.0;1.0;0.0;0.0;-5,84076841;-35,21035949;SPRF-RN;DEL01-RN;UOP01-DEL01-RN
253448.0;563101.0;2019-12-03;terça-feira;06:20:00;RN;101.0;95;NATAL;Não;Não guardar distância de segurança;3;Colisão traseira;Com Vítimas Feridas;Pleno dia;Crescente;Céu Claro;Múltipla;Viaduto;Sim;452439.0;Motocicleta;YAMAHA/YBR125I FACTOR ED/YBR125I FACTOR ED;2017.0;Passageiro;Lesões Leves;31.0;Masculino;0.0;1.0;0.0;0.0;-5,84076841;-35,21035949;SPRF-RN;DEL01-RN;UOP01-DEL01-RN
253448.0;563087.0;2019-12-03;terça-feira;06:20:00;RN;101.0;95;NATAL;Não;Não guardar distância de segurança;3;Colisão traseira;Com Vítimas Feridas;Pleno dia;Crescente;Céu Claro;Múltipla;Viaduto;Sim;452436.0;Automóvel;CHEVROLET/CELTA 1.0L LT/CELTA 1.0L LT;2011.0;Condutor;Ileso;31.0;Masculino;1.0;0.0;0.0;0.0;-5,84076841;-35,21035949;SPRF-RN;DEL01-RN;UOP01-DEL01-RN
253448.0;563093.0;2019-12-03;terça-feira;06:20:00;RN;101.0;95;NATAL;Não;Não guardar distância de segurança;3;Colisão traseira;Com Vítimas Feridas;Pleno dia;Crescente;Céu Claro;Múltipla;Viaduto;Sim;452438.0;Automóvel;RENAULT/SANDERO EXPR 10/SANDERO EXPR 10;2018.0;Condutor;Ileso;32.0;Masculino;1.0;0.0;0.0;0.0;-5,84076841;-35,21035949;SPRF-RN;DEL01-RN;UOP01-DEL01-RN
253448.0;563090.0;2019-12-03;terça-feira;06:20:00;RN;101.0;95;NATAL;Não;Não guardar distância de segurança;3;Colisão traseira;Com Vítimas Feridas;Pleno dia;Crescente;Céu Claro;Múltipla;Viaduto;Sim;452437.0;Automóvel;CHEV/PRISMA 1.0MT LT/PRISMA 1.0MT LT;2013.0;Condutor;Ileso;55.0;Feminino;1.0;0.0;0.0;0.0;-5,84076841;-35,21035949;SPRF-RN;DEL01-RN;UOP01-DEL01-RN
253448.0;563098.0;2019-12-03;terça-feira;06:20:00;RN;101.0;95;NATAL;Sim;Defeito Mecânico no Veículo;3;Colisão traseira;Com Vítimas Feridas;Pleno dia;Crescente;Céu Claro;Múltipla;Viaduto;Sim;452439.0;Motocicleta;YAMAHA/YBR125I FACTOR ED/YBR125I FACTOR ED;2017.0;Condutor;Lesões Leves;28.0;Masculino;0.0;1.0;0.0;0.0;-5,84076841;-35,21035949;SPRF-RN;DEL01-RN;UOP01-DEL01-RN
253448.0;563101.0;2019-12-03;terça-feira;06:20:00;RN;101.0;95;NATAL;Sim;Defeito Mecânico no Veículo;3;Colisão traseira;Com Vítimas Feridas;Pleno dia;Crescente;Céu Claro;Múltipla;Viaduto;Sim;452439.0;Motocicleta;YAMAHA/YBR125I FACTOR ED/YBR125I FACTOR ED;2017.0;Passageiro;Lesões Leves;31.0;Masculino;0.0;1.0;0.0;0.0;-5,84076841;-35,21035949;SPRF-RN;DEL01-RN;UOP01-DEL01-RN
253448.0;563087.0;2019-12-03;terça-feira;06:20:00;RN;101.0;95;NATAL;Sim;Defeito Mecânico no Veículo;3;Colisão traseira;Com Vítimas Feridas;Pleno dia;Crescente;Céu Claro;Múltipla;Viaduto;Sim;452436.0;Automóvel;CHEVROLET/CELTA 1.0L LT/CELTA 1.0L LT;2011.0;Condutor;Ileso;31.0;Masculino;1.0;0.0;0.0;0.0;-5,84076841;-35,21035949;SPRF-RN;DEL01-RN;UOP01-DEL01-RN
253448.0;563093.0;2019-12-03;terça-feira;06:20:00;RN;101.0;95;NATAL;Sim;Defeito Mecânico no Veículo;3;Colisão traseira;Com Vítimas Feridas;Pleno dia;Crescente;Céu Claro;Múltipla;Viaduto;Sim;452438.0;Automóvel;RENAULT/SANDERO EXPR 10/SANDERO EXPR 10;2018.0;Condutor;Ileso;32.0;Masculino;1.0;0.0;0.0;0.0;-5,84076841;-35,21035949;SPRF-RN;DEL01-RN;UOP01-DEL01-RN
253448.0;563090.0;2019-12-03;terça-feira;06:20:00;RN;101.0;95;NATAL;Sim;Defeito Mecânico no Veículo;3;Colisão traseira;Com Vítimas Feridas;Pleno dia;Crescente;Céu Claro;Múltipla;Viaduto;Sim;452437.0;Automóvel;CHEV/PRISMA 1.0MT LT/PRISMA 1.0MT LT;2013.0;Condutor;Ileso;55.0;Feminino;1.0;0.0;0.0;0.0;-5,84076841;-35,21035949;SPRF-RN;DEL01-RN;UOP01-DEL01-RN
253448.0;563098.0;2019-12-03;terça-feira;06:20:00;RN;101.0;95;NATAL;Não;Não guardar distância de segurança;2;Colisão traseira;Com Vítimas Feridas;Pleno dia;Crescente;Céu Claro;Múltipla;Viaduto;Sim;452439.0;Motocicleta;YAMAHA/YBR125I FACTOR ED/YBR125I FACTOR ED;2017.0;Condutor;Lesões Leves;28.0;Masculino;0.0;1.0;0.0;0.0;-5,84076841;-35,21035949;SPRF-RN;DEL01-RN;UOP01-DEL01-RN
253448.0;563101.0;2019-12-03;terça-feira;06:20:00;RN;101.0;95;NATAL;Não;Não guardar distância de segurança;2;Colisão traseira;Com Vítimas Feridas;Pleno dia;Crescente;Céu Claro;Múltipla;Viaduto;Sim;452439.0;Motocicleta;YAMAHA/YBR125I FACTOR ED/YBR125I FACTOR ED;2017.0;Passageiro;Lesões Leves;31.0;Masculino;0.0;1.0;0.0;0.0;-5,84076841;-35,21035949;SPRF-RN;DEL01-RN;UOP01-DEL01-RN
253448.0;563087.0;2019-12-03;terça-feira;06:20:00;RN;101.0;95;NATAL;Não;Não guardar distância de segurança;2;Colisão traseira;Com Vítimas Feridas;Pleno dia;Crescente;Céu Claro;Múltipla;Viaduto;Sim;452436.0;Automóvel;CHEVROLET/CELTA 1.0L LT/CELTA 1.0L LT;2011.0;Condutor;Ileso;31.0;Masculino;1.0;0.0;0.0;0.0;-5,84076841;-35,21035949;SPRF-RN;DEL01-RN;UOP01-DEL01-RN
253448.0;563093.0;2019-12-03;terça-feira;06:20:00;RN;101.0;95;NATAL;Não;Não guardar distância de segurança;2;Colisão traseira;Com Vítimas Feridas;Pleno dia;Crescente;Céu Claro;Múltipla;Viaduto;Sim;452438.0;Automóvel;RENAULT/SANDERO EXPR 10/SANDERO EXPR 10;2018.0;Condutor;Ileso;32.0;Masculino;1.0;0.0;0.0;0.0;-5,84076841;-35,21035949;SPRF-RN;DEL01-RN;UOP01-DEL01-RN
253448.0;563090.0;2019-12-03;terça-feira;06:20:00;RN;101.0;95;NATAL;Não;Não guardar distância de segurança;2;Colisão traseira;Com Vítimas Feridas;Pleno dia;Crescente;Céu Claro;Múltipla;Viaduto;Sim;452437.0;Automóvel;CHEV/PRISMA 1.0MT LT/PRISMA 1.0MT LT;2013.0;Condutor;Ileso;55.0;Feminino;1.0;0.0;0.0;0.0;-5,84076841;-35,21035949;SPRF-RN;DEL01-RN;UOP01-DEL01-RN
253448.0;563098.0;2019-12-03;terça-feira;06:20:00;RN;101.0;95;NATAL;Sim;Defeito Mecânico no Veículo;2;Colisão traseira;Com Vítimas Feridas;Pleno dia;Crescente;Céu Claro;Múltipla;Viaduto;Sim;452439.0;Motocicleta;YAMAHA/YBR125I FACTOR ED/YBR125I FACTOR ED;2017.0;Condutor;Lesões Leves;28.0;Masculino;0.0;1.0;0.0;0.0;-5,84076841;-35,21035949;SPRF-RN;DEL01-RN;UOP01-DEL01-RN
253448.0;563101.0;2019-12-03;terça-feira;06:20:00;RN;101.0;95;NATAL;Sim;Defeito Mecânico no Veículo;2;Colisão traseira;Com Vítimas Feridas;Pleno dia;Crescente;Céu Claro;Múltipla;Viaduto;Sim;452439.0;Motocicleta;YAMAHA/YBR125I FACTOR ED/YBR125I FACTOR ED;2017.0;Passageiro;Lesões Leves;31.0;Masculino;0.0;1.0;0.0;0.0;-5,84076841;-35,21035949;SPRF-RN;DEL01-RN;UOP01-DEL01-RN
253448.0;563087.0;2019-12-03;terça-feira;06:20:00;RN;101.0;95;NATAL;Sim;Defeito Mecânico no Veículo;2;Colisão traseira;Com Vítimas Feridas;Pleno dia;Crescente;Céu Claro;Múltipla;Viaduto;Sim;452436.0;Automóvel;CHEVROLET/CELTA 1.0L LT/CELTA 1.0L LT;2011.0;Condutor;Ileso;31.0;Masculino;1.0;0.0;0.0;0.0;-5,84076841;-35,21035949;SPRF-RN;DEL01-RN;UOP01-DEL01-RN
253448.0;563093.0;2019-12-03;terça-feira;06:20:00;RN;101.0;95;NATAL;Sim;Defeito Mecânico no Veículo;2;Colisão traseira;Com Vítimas Feridas;Pleno dia;Crescente;Céu Claro;Múltipla;Viaduto;Sim;452438.0;Automóvel;RENAULT/SANDERO EXPR 10/SANDERO EXPR 10;2018.0;Condutor;Ileso;32.0;Masculino;1.0;0.0;0.0;0.0;-5,84076841;-35,21035949;SPRF-RN;DEL01-RN;UOP01-DEL01-RN
253448.0;563090.0;2019-12-03;terça-feira;06:20:00;RN;101.0;95;NATAL;Sim;Defeito Mecânico no Veículo;2;Colisão traseira;Com Vítimas Feridas;Pleno dia;Crescente;Céu Claro;Múltipla;Viaduto;Sim;452437.0;Automóvel;CHEV/PRISMA 1.0MT LT/PRISMA 1.0MT LT;2013.0;Condutor;Ileso;55.0;Feminino;1.0;0.0;0.0;0.0;-5,84076841;-35,21035949;SPRF-RN;DEL01-RN;UOP01-DEL01-RN
253448.0;563098.0;2019-12-03;terça-feira;06:20:00;RN;101.0;95;NATAL;Não;Não guardar distância de segurança;1;Colisão traseira;Com Vítimas Feridas;Pleno dia;Crescente;Céu Claro;Múltipla;Viaduto;Sim;452439.0;Motocicleta;YAMAHA/YBR125I FACTOR ED/YBR125I FACTOR ED;2017.0;Condutor;Lesões Leves;28.0;Masculino;0.0;1.0;0.0;0.0;-5,84076841;-35,21035949;SPRF-RN;DEL01-RN;UOP01-DEL01-RN
253448.0;563101.0;2019-12-03;terça-feira;06:20:00;RN;101.0;95;NATAL;Não;Não guardar distância de segurança;1;Colisão traseira;Com Vítimas Feridas;Pleno dia;Crescente;Céu Claro;Múltipla;Viaduto;Sim;452439.0;Motocicleta;YAMAHA/YBR125I FACTOR ED/YBR125I FACTOR ED;2017.0;Passageiro;Lesões Leves;31.0;Masculino;0.0;1.0;0.0;0.0;-5,84076841;-35,21035949;SPRF-RN;DEL01-RN;UOP01-DEL01-RN
253448.0;563087.0;2019-12-03;terça-feira;06:20:00;RN;101.0;95;NATAL;Não;Não guardar distância de segurança;1;Colisão traseira;Com Vítimas Feridas;Pleno dia;Crescente;Céu Claro;Múltipla;Viaduto;Sim;452436.0;Automóvel;CHEVROLET/CELTA 1.0L LT/CELTA 1.0L LT;2011.0;Condutor;Ileso;31.0;Masculino;1.0;0.0;0.0;0.0;-5,84076841;-35,21035949;SPRF-RN;DEL01-RN;UOP01-DEL01-RN
253448.0;563093.0;2019-12-03;terça-feira;06:20:00;RN;101.0;95;NATAL;Não;Não guardar distância de segurança;1;Colisão traseira;Com Vítimas Feridas;Pleno dia;Crescente;Céu Claro;Múltipla;Viaduto;Sim;452438.0;Automóvel;RENAULT/SANDERO EXPR 10/SANDERO EXPR 10;2018.0;Condutor;Ileso;32.0;Masculino;1.0;0.0;0.0;0.0;-5,84076841;-35,21035949;SPRF-RN;DEL01-RN;UOP01-DEL01-RN
253448.0;563090.0;2019-12-03;terça-feira;06:20:00;RN;101.0;95;NATAL;Não;Não guardar distância de segurança;1;Colisão traseira;Com Vítimas Feridas;Pleno dia;Crescente;Céu Claro;Múltipla;Viaduto;Sim;452437.0;Automóvel;CHEV/PRISMA 1.0MT LT/PRISMA 1.0MT LT;2013.0;Condutor;Ileso;55.0;Feminino;1.0;0.0;0.0;0.0;-5,84076841;-35,21035949;SPRF-RN;DEL01-RN;UOP01-DEL01-RN
253448.0;563098.0;2019-12-03;terça-feira;06:20:00;RN;101.0;95;NATAL;Sim;Defeito Mecânico no Veículo;1;Colisão traseira;Com Vítimas Feridas;Pleno dia;Crescente;Céu Claro;Múltipla;Viaduto;Sim;452439.0;Motocicleta;YAMAHA/YBR125I FACTOR ED/YBR125I FACTOR ED;2017.0;Condutor;Lesões Leves;28.0;Masculino;0.0;1.0;0.0;0.0;-5,84076841;-35,21035949;SPRF-RN;DEL01-RN;UOP01-DEL01-RN
253448.0;563101.0;2019-12-03;terça-feira;06:20:00;RN;101.0;95;NATAL;Sim;Defeito Mecânico no Veículo;1;Colisão traseira;Com Vítimas Feridas;Pleno dia;Crescente;Céu Claro;Múltipla;Viaduto;Sim;452439.0;Motocicleta;YAMAHA/YBR125I FACTOR ED/YBR125I FACTOR ED;2017.0;Passageiro;Lesões Leves;31.0;Masculino;0.0;1.0;0.0;0.0;-5,84076841;-35,21035949;SPRF-RN;DEL01-RN;UOP01-DEL01-RN
253448.0;563087.0;2019-12-03;terça-feira;06:20:00;RN;101.0;95;NATAL;Sim;Defeito Mecânico no Veículo;1;Colisão traseira;Com Vítimas Feridas;Pleno dia;Crescente;Céu Claro;Múltipla;Viaduto;Sim;452436.0;Automóvel;CHEVROLET/CELTA 1.0L LT/CELTA 1.0L LT;2011.0;Condutor;Ileso;31.0;Masculino;1.0;0.0;0.0;0.0;-5,84076841;-35,21035949;SPRF-RN;DEL01-RN;UOP01-DEL01-RN
253448.0;563093.0;2019-12-03;terça-feira;06:20:00;RN;101.0;95;NATAL;Sim;Defeito Mecânico no Veículo;1;Colisão traseira;Com Vítimas Feridas;Pleno dia;Crescente;Céu Claro;Múltipla;Viaduto;Sim;452438.0;Automóvel;RENAULT/SANDERO EXPR 10/SANDERO EXPR 10;2018.0;Condutor;Ileso;32.0;Masculino;1.0;0.0;0.0;0.0;-5,84076841;-35,21035949;SPRF-RN;DEL01-RN;UOP01-DEL01-RN
253448.0;563090.0;2019-12-03;terça-feira;06:20:00;RN;101.0;95;NATAL;Sim;Defeito Mecânico no Veículo;1;Colisão traseira;Com Vítimas Feridas;Pleno dia;Crescente;Céu Claro;Múltipla;Viaduto;Sim;452437.0;Automóvel;CHEV/PRISMA 1.0MT LT/PRISMA 1.0MT LT;2013.0;Condutor;Ileso;55.0;Feminino;1.0;0.0;0.0;0.0;-5,84076841;-35,21035949;SPRF-RN;DEL01-RN;UOP01-DEL01-RN
253507.0;562867.0;2019-12-03;terça-feira;12:10:00;RN;101.0;94;NATAL;Sim;Falta de Atenção à Condução;1;Colisão transversal;Com Vítimas Feridas;Pleno dia;Crescente;Céu Claro;Múltipla;Reta;Sim;452543.0;Automóvel;RENAULT/CAPTUR INTEN 16A/CAPTUR INTEN 16A;2018.0;Condutor;Ileso;53.0;Masculino;1.0;0.0;0.0;0.0;-5,83176615;-35,21191342;SPRF-RN;DEL01-RN;UOP01-DEL01-RN
253507.0;562872.0;2019-12-03;terça-feira;12:10:00;RN;101.0;94;NATAL;Sim;Falta de Atenção à Condução;1;Colisão transversal;Com Vítimas Feridas;Pleno dia;Crescente;Céu Claro;Múltipla;Reta;Sim;452544.0;Motocicleta;HONDA/POP100/POP100;2008.0;Condutor;Lesões Leves;64.0;Masculino;0.0;1.0;0.0;0.0;-5,83176615;-35,21191342;SPRF-RN;DEL01-RN;UOP01-DEL01-RN
253915.0;563927.0;2019-12-05;quinta-feira;12:40:00;RN;101.0;98,1;NATAL;Sim;Falta de Atenção à Condução;1;Colisão lateral;Sem Vítimas;Pleno dia;Decrescente;Céu Claro;Dupla;Reta;Sim;453305.0;Automóvel;FIAT/PALIO FIRE/PALIO FIRE;2014.0;Condutor;Não Informado;;Não Informado;0.0;0.0;0.0;0.0;-5,86567888;-35,21651625;SPRF-RN;DEL01-RN;UOP01-DEL01-RN
253915.0;563929.0;2019-12-05;quinta-feira;12:40:00;RN;101.0;98,1;NATAL;Sim;Falta de Atenção à Condução;1;Colisão lateral;Sem Vítimas;Pleno dia;Decrescente;Céu Claro;Dupla;Reta;Sim;453306.0;Automóvel;GM/MERIVA JOY/MERIVA JOY;2008.0;Condutor;Ileso;54.0;Masculino;1.0;0.0;0.0;0.0;-5,86567888;-35,21651625;SPRF-RN;DEL01-RN;UOP01-DEL01-RN
254115.0;564631.0;2019-12-06;sexta-feira;11:00:00;RN;101.0;84;NATAL;Sim;Falta de Atenção à Condução;1;Colisão traseira;Com Vítimas Feridas;Pleno dia;Crescente;Céu Claro;Dupla;Reta;Sim;453649.0;Caminhonete;FIAT/FIORINO FLEX/FIORINO FLEX;2010.0;Condutor;Ileso;38.0;Masculino;1.0;0.0;0.0;0.0;-5,774175;-35,2578;SPRF-RN;DEL02-RN;UOP01-DEL02-RN
254115.0;564633.0;2019-12-06;sexta-feira;11:00:00;RN;101.0;84;NATAL;Sim;Falta de Atenção à Condução;1;Colisão traseira;Com Vítimas Feridas;Pleno dia;Crescente;Céu Claro;Dupla;Reta;Sim;453951.0;Motocicleta;HONDA/CG 150 TITAN ESD/CG 150 TITAN ESD;2009.0;Condutor;Lesões Graves;17.0;Masculino;0.0;0.0;1.0;0.0;-5,774175;-35,2578;SPRF-RN;DEL02-RN;UOP01-DEL02-RN
254130.0;566152.0;2019-12-06;sexta-feira;12:45:00;RN;101.0;95;NATAL;Sim;Falta de Atenção à Condução;1;Colisão lateral;Sem Vítimas;Pleno dia;Crescente;Céu Claro;Simples;Reta;Sim;455301.0;Ônibus;VW/15.190 EOD E.S.ORE/15.190 EOD E.S.ORE;2011.0;Condutor;Ileso;41.0;Masculino;1.0;0.0;0.0;0.0;-5,84076841;-35,21035949;SPRF-RN;DEL01-RN;UOP01-DEL01-RN
254130.0;566151.0;2019-12-06;sexta-feira;12:45:00;RN;101.0;95;NATAL;Sim;Falta de Atenção à Condução;1;Colisão lateral;Sem Vítimas;Pleno dia;Crescente;Céu Claro;Simples;Reta;Sim;453884.0;Automóvel;NISSAN/VERSA 16SL CVT/VERSA 16SL CVT;2017.0;Condutor;Ileso;31.0;Masculino;1.0;0.0;0.0;0.0;-5,84076841;-35,21035949;SPRF-RN;DEL01-RN;UOP01-DEL01-RN
254223.0;564782.0;2019-12-06;sexta-feira;18:15:00;RN;101.0;97;NATAL;Sim;Desobediência às normas de trânsito pelo condutor;1;Colisão lateral;Com Vítimas Feridas;Plena Noite;Crescente;Céu Claro;Múltipla;Reta;Sim;453881.0;Motoneta;YAMAHA/T115 CRYPTON ED/T115 CRYPTON ED;2011.0;Condutor;Lesões Leves;25.0;Feminino;0.0;1.0;0.0;0.0;-5,85758898;-35,21271205;SPRF-RN;DEL01-RN;UOP01-DEL01-RN
254507.0;578271.0;2019-12-07;sábado;17:40:00;RN;226.0;4;NATAL;Sim;Falta de Atenção à Condução;1;Colisão lateral;Com Vítimas Feridas;Anoitecer;Crescente;Ignorado;Simples;Reta;Sim;454367.0;Automóvel;FIAT/PALIO ED/PALIO ED;0.0;Condutor;Ileso;20.0;Masculino;1.0;0.0;0.0;0.0;-5,81958019;-35,25969486;SPRF-RN;DEL01-RN;UOP02-DEL01-RN
254507.0;578280.0;2019-12-07;sábado;17:40:00;RN;226.0;4;NATAL;Sim;Falta de Atenção à Condução;1;Colisão lateral;Com Vítimas Feridas;Anoitecer;Crescente;Ignorado;Simples;Reta;Sim;454368.0;Motocicleta;HONDA/CG 125 FAN/CG 125 FAN;0.0;Condutor;Lesões Leves;20.0;Masculino;0.0;1.0;0.0;0.0;-5,81958019;-35,25969486;SPRF-RN;DEL01-RN;UOP02-DEL01-RN
254736.0;567650.0;2019-12-08;domingo;16:40:00;RN;226.0;0;NATAL;Sim;Falta de Atenção à Condução;1;Colisão transversal;Com Vítimas Feridas;Anoitecer;Crescente;Céu Claro;Simples;Curva;Sim;454739.0;Motocicleta;HONDA/NXR150BROS MIX ESD/NXR150BROS MIX ESD;2010.0;Condutor;Lesões Graves;46.0;Masculino;0.0;0.0;1.0;0.0;-5,800019;-35,238174;SPRF-RN;DEL01-RN;UOP02-DEL01-RN
254736.0;567652.0;2019-12-08;domingo;16:40:00;RN;226.0;0;NATAL;Sim;Falta de Atenção à Condução;1;Colisão transversal;Com Vítimas Feridas;Anoitecer;Crescente;Céu Claro;Simples;Curva;Sim;454740.0;Automóvel;FIAT/UNO VIVACE 1.0/UNO VIVACE 1.0;2012.0;Condutor;Ileso;26.0;Feminino;1.0;0.0;0.0;0.0;-5,800019;-35,238174;SPRF-RN;DEL01-RN;UOP02-DEL01-RN
254747.0;566942.0;2019-12-08;domingo;17:51:00;RN;101.0;99;NATAL;Não;Não guardar distância de segurança;1;Colisão lateral;Sem Vítimas;Plena Noite;Crescente;Céu Claro;Múltipla;Aclive;Sim;454724.0;Automóvel;I/FIAT 500 SPORT AIR AT/FIAT 500 SPORT AIR AT;2011.0;Condutor;Ileso;33.0;Feminino;1.0;0.0;0.0;0.0;-5,87359183;-35,22063023;SPRF-RN;DEL01-RN;UOP01-DEL01-RN
254747.0;566865.0;2019-12-08;domingo;17:51:00;RN;101.0;99;NATAL;Não;Não guardar distância de segurança;1;Colisão lateral;Sem Vítimas;Plena Noite;Crescente;Céu Claro;Múltipla;Aclive;Sim;454723.0;Automóvel;VW/NOVO GOL 1.0/NOVO GOL 1.0;2013.0;Condutor;Ileso;22.0;Masculino;1.0;0.0;0.0;0.0;-5,87359183;-35,22063023;SPRF-RN;DEL01-RN;UOP01-DEL01-RN
254747.0;566942.0;2019-12-08;domingo;17:51:00;RN;101.0;99;NATAL;Não;Falta de Atenção à Condução;1;Colisão lateral;Sem Vítimas;Plena Noite;Crescente;Céu Claro;Múltipla;Aclive;Sim;454724.0;Automóvel;I/FIAT 500 SPORT AIR AT/FIAT 500 SPORT AIR AT;2011.0;Condutor;Ileso;33.0;Feminino;1.0;0.0;0.0;0.0;-5,87359183;-35,22063023;SPRF-RN;DEL01-RN;UOP01-DEL01-RN
254747.0;566865.0;2019-12-08;domingo;17:51:00;RN;101.0;99;NATAL;Não;Falta de Atenção à Condução;1;Colisão lateral;Sem Vítimas;Plena Noite;Crescente;Céu Claro;Múltipla;Aclive;Sim;454723.0;Automóvel;VW/NOVO GOL 1.0/NOVO GOL 1.0;2013.0;Condutor;Ileso;22.0;Masculino;1.0;0.0;0.0;0.0;-5,87359183;-35,22063023;SPRF-RN;DEL01-RN;UOP01-DEL01-RN
254747.0;566942.0;2019-12-08;domingo;17:51:00;RN;101.0;99;NATAL;Sim;Desobediência às normas de trânsito pelo condutor;1;Colisão lateral;Sem Vítimas;Plena Noite;Crescente;Céu Claro;Múltipla;Aclive;Sim;454724.0;Automóvel;I/FIAT 500 SPORT AIR AT/FIAT 500 SPORT AIR AT;2011.0;Condutor;Ileso;33.0;Feminino;1.0;0.0;0.0;0.0;-5,87359183;-35,22063023;SPRF-RN;DEL01-RN;UOP01-DEL01-RN
254747.0;566865.0;2019-12-08;domingo;17:51:00;RN;101.0;99;NATAL;Sim;Desobediência às normas de trânsito pelo condutor;1;Colisão lateral;Sem Vítimas;Plena Noite;Crescente;Céu Claro;Múltipla;Aclive;Sim;454723.0;Automóvel;VW/NOVO GOL 1.0/NOVO GOL 1.0;2013.0;Condutor;Ileso;22.0;Masculino;1.0;0.0;0.0;0.0;-5,87359183;-35,22063023;SPRF-RN;DEL01-RN;UOP01-DEL01-RN
254747.0;566942.0;2019-12-08;domingo;17:51:00;RN;101.0;99;NATAL;Não;Ingestão de Álcool;1;Colisão lateral;Sem Vítimas;Plena Noite;Crescente;Céu Claro;Múltipla;Aclive;Sim;454724.0;Automóvel;I/FIAT 500 SPORT AIR AT/FIAT 500 SPORT AIR AT;2011.0;Condutor;Ileso;33.0;Feminino;1.0;0.0;0.0;0.0;-5,87359183;-35,22063023;SPRF-RN;DEL01-RN;UOP01-DEL01-RN