id;pesid;data_inversa;dia_semana;horario;uf;br;km;municipio;causa_principal;causa_acidente;ordem_tipo_acidente;tipo_acidente;classificacao_acidente;fase_dia;sentido_via;condicao_metereologica;tipo_pista;tracado_via;uso_solo;id_veiculo;tipo_veiculo;marca;ano_fabricacao_veiculo;tipo_envolvido;estado_fisico;idade;sexo;ilesos;feridos_leves;feridos_graves;mortos;latitude;longitude;regional;delegacia;uop
254747.0;566865.0;2019-12-08;domingo;17:51:00;RN;101.0;99;NATAL;Não;Ingestão de Álcool;1;Colisão lateral;Sem Vítimas;Plena Noite;Crescente;Céu Claro;Múltipla;Aclive;Sim;454723.0;Automóvel;VW/NOVO GOL 1.0/NOVO GOL 1.0;2013.0;Condutor;Ileso;22.0;Masculino;1.0;0.0;0.0;0.0;-5,87359183;-35,22063023;SPRF-RN;DEL01-RN;UOP01-DEL01-RN
255066.0;566117.0;2019-12-09;segunda-feira;21:55:00;RN;226.0;6;NATAL;Sim;Desobediência às normas de trânsito pelo condutor;1;Colisão lateral;Sem Vítimas;Plena Noite;Decrescente;Céu Claro;Simples;Reta;Sim;455271.0;Camioneta;RENAULT/DUSTER 20 D 4X2/DUSTER 20 D 4X2;2018.0;Condutor;Ileso;36.0;Masculino;1.0;0.0;0.0;0.0;-5,82099198;-35,27688801;SPRF-RN;DEL01-RN;UOP02-DEL01-RN
255066.0;566118.0;2019-12-09;segunda-feira;21:55:00;RN;226.0;6;NATAL;Sim;Desobediência às normas de trânsito pelo condutor;1;Colisão lateral;Sem Vítimas;Plena Noite;Decrescente;Céu Claro;Simples;Reta;Sim;455272.0;Motocicleta;HONDA/CG 160 START/CG 160 START;2019.0;Condutor;Ileso;22.0;Masculino;1.0;0.0;0.0;0.0;-5,82099198;-35,27688801;SPRF-RN;DEL01-RN;UOP02-DEL01-RN
255317.0;567011.0;2019-12-11;quarta-feira;10:05:00;RN;101.0;82,4;NATAL;Sim;Não guardar distância de segurança;1;Engavetamento;Sem Vítimas;Pleno dia;Decrescente;Céu Claro;Dupla;Reta;Sim;455772.0;Automóvel;HYUNDAI/HB20 1.0M COMFOR/HB20 1.0M COMFOR;2016.0;Condutor;Ileso;35.0;Masculino;1.0;0.0;0.0;0.0;-5,76791511;-35,27456305;SPRF-RN;DEL02-RN;UOP01-DEL02-RN
255317.0;567014.0;2019-12-11;quarta-feira;10:05:00;RN;101.0;82,4;NATAL;Sim;Não guardar distância de segurança;1;Engavetamento;Sem Vítimas;Pleno dia;Decrescente;Céu Claro;Dupla;Reta;Sim;455773.0;Automóvel;GM/CELTA 3 PORTAS SUPER/CELTA 3 PORTAS SUPER;2002.0;Condutor;Ileso;67.0;Masculino;1.0;0.0;0.0;0.0;-5,76791511;-35,27456305;SPRF-RN;DEL02-RN;UOP01-DEL02-RN
255317.0;567009.0;2019-12-11;quarta-feira;10:05:00;RN;101.0;82,4;NATAL;Sim;Não guardar distância de segurança;1;Engavetamento;Sem Vítimas;Pleno dia;Decrescente;Céu Claro;Dupla;Reta;Sim;455771.0;Automóvel;I/CHEVROLET CLASSIC LS/CHEVROLET CLASSIC LS;2014.0;Condutor;Ileso;49.0;Masculino;1.0;0.0;0.0;0.0;-5,76791511;-35,27456305;SPRF-RN;DEL02-RN;UOP01-DEL02-RN
255569.0;569620.0;2019-12-12;quinta-feira;17:20:00;RN;226.0;0,2;NATAL;Sim;Objeto estático sobre o leito carroçável;1;Colisão com objeto estático;Sem Vítimas;Anoitecer;Decrescente;Céu Claro;Simples;Reta;Sim;456354.0;Caminhonete;MMC/L200 TRITON GL D/L200 TRITON GL D;2015.0;Condutor;Ileso;37.0;Masculino;1.0;0.0;0.0;0.0;-5,800019;-35,238174;SPRF-RN;DEL01-RN;UOP02-DEL01-RN
255569.0;569618.0;2019-12-12;quinta-feira;17:20:00;RN;226.0;0,2;NATAL;Sim;Objeto estático sobre o leito carroçável;1;Colisão com objeto estático;Sem Vítimas;Anoitecer;Decrescente;Céu Claro;Simples;Reta;Sim;456353.0;Caminhão-trator;SCANIA/R 400 A4X2/R 400 A4X2;2017.0;Condutor;Ileso;40.0;Masculino;1.0;0.0;0.0;0.0;-5,800019;-35,238174;SPRF-RN;DEL01-RN;UOP02-DEL01-RN
255569.0;;2019-12-12;quinta-feira;17:20:00;RN;226.0;0,2;NATAL;Sim;Objeto estático sobre o leito carroçável;1;Colisão com objeto estático;Sem Vítimas;Anoitecer;Decrescente;Céu Claro;Simples;Reta;Sim;457938.0;Semireboque;SR/NIJU NJSRFR 3E/NIJU NJSRFR 3E;2011.0;;;;;;;;;-5,800019;-35,238174;SPRF-RN;DEL01-RN;UOP02-DEL01-RN
255817.0;568157.0;2019-12-13;sexta-feira;19:45:00;RN;101.0;94;NATAL;Sim;Ingestão de Álcool;3;Tombamento;Com Vítimas Feridas;Plena Noite;Decrescente;Céu Claro;Dupla;Reta;Sim;456747.0;Motocicleta;HONDA/NXR150 BROS KS/NXR150 BROS KS;2008.0;Condutor;Lesões Graves;31.0;Masculino;0.0;0.0;1.0;0.0;-5,83176615;-35,21191342;SPRF-RN;DEL01-RN;UOP01-DEL01-RN
255817.0;568158.0;2019-12-13;sexta-feira;19:45:00;RN;101.0;94;NATAL;Sim;Ingestão de Álcool;3;Tombamento;Com Vítimas Feridas;Plena Noite;Decrescente;Céu Claro;Dupla;Reta;Sim;;;NA/NA/NA;;Pedestre;Lesões Graves;;Masculino;0.0;0.0;1.0;0.0;-5,83176615;-35,21191342;SPRF-RN;DEL01-RN;UOP01-DEL01-RN
255817.0;568157.0;2019-12-13;sexta-feira;19:45:00;RN;101.0;94;NATAL;Sim;Ingestão de Álcool;2;Queda de ocupante de veículo;Com Vítimas Feridas;Plena Noite;Decrescente;Céu Claro;Dupla;Reta;Sim;456747.0;Motocicleta;HONDA/NXR150 BROS KS/NXR150 BROS KS;2008.0;Condutor;Lesões Graves;31.0;Masculino;0.0;0.0;1.0;0.0;-5,83176615;-35,21191342;SPRF-RN;DEL01-RN;UOP01-DEL01-RN
255817.0;568158.0;2019-12-13;sexta-feira;19:45:00;RN;101.0;94;NATAL;Sim;Ingestão de Álcool;2;Queda de ocupante de veículo;Com Vítimas Feridas;Plena Noite;Decrescente;Céu Claro;Dupla;Reta;Sim;;;NA/NA/NA;;Pedestre;Lesões Graves;;Masculino;0.0;0.0;1.0;0.0;-5,83176615;-35,21191342;SPRF-RN;DEL01-RN;UOP01-DEL01-RN
255817.0;568157.0;2019-12-13;sexta-feira;19:45:00;RN;101.0;94;NATAL;Sim;Ingestão de Álcool;1;Atropelamento de Pedestre;Com Vítimas Feridas;Plena Noite;Decrescente;Céu Claro;Dupla;Reta;Sim;456747.0;Motocicleta;HONDA/NXR150 BROS KS/NXR150 BROS KS;2008.0;Condutor;Lesões Graves;31.0;Masculino;0.0;0.0;1.0;0.0;-5,83176615;-35,21191342;SPRF-RN;DEL01-RN;UOP01-DEL01-RN
255817.0;568158.0;2019-12-13;sexta-feira;19:45:00;RN;101.0;94;NATAL;Sim;Ingestão de Álcool;1;Atropelamento de Pedestre;Com Vítimas Feridas;Plena Noite;Decrescente;Céu Claro;Dupla;Reta;Sim;;;NA/NA/NA;;Pedestre;Lesões Graves;;Masculino;0.0;0.0;1.0;0.0;-5,83176615;-35,21191342;SPRF-RN;DEL01-RN;UOP01-DEL01-RN
256063.0;570865.0;2019-12-14;sábado;19:40:00;RN;101.0;99;NATAL;Sim;Não guardar distância de segurança;1;Colisão traseira;Com Vítimas Feridas;Plena Noite;Decrescente;Céu Claro;Simples;Reta;Não;457231.0;Camioneta;I/KIA SORENTO EX2 2.4G17/KIA SORENTO EX2 2.4G17;2011.0;Condutor;Ileso;39.0;Masculino;1.0;0.0;0.0;0.0;-5,86856192;-35,21771735;SPRF-RN;DEL01-RN;UOP01-DEL01-RN
256063.0;570866.0;2019-12-14;sábado;19:40:00;RN;101.0;99;NATAL;Sim;Não guardar distância de segurança;1;Colisão traseira;Com Vítimas Feridas;Plena Noite;Decrescente;Céu Claro;Simples;Reta;Não;457232.0;Automóvel;HONDA/FIT LX FLEX/FIT LX FLEX;2010.0;Condutor;Ileso;29.0;Masculino;1.0;0.0;0.0;0.0;-5,86856192;-35,21771735;SPRF-RN;DEL01-RN;UOP01-DEL01-RN
256063.0;570869.0;2019-12-14;sábado;19:40:00;RN;101.0;99;NATAL;Sim;Não guardar distância de segurança;1;Colisão traseira;Com Vítimas Feridas;Plena Noite;Decrescente;Céu Claro;Simples;Reta;Não;457232.0;Automóvel;HONDA/FIT LX FLEX/FIT LX FLEX;2010.0;Passageiro;Lesões Leves;41.0;Feminino;0.0;1.0;0.0;0.0;-5,86856192;-35,21771735;SPRF-RN;DEL01-RN;UOP01-DEL01-RN
256687.0;570093.0;2019-12-17;terça-feira;11:40:00;RN;101.0;97;NATAL;Sim;Falta de Atenção à Condução;2;Colisão frontal;Com Vítimas Feridas;Pleno dia;Decrescente;Céu Claro;Dupla;Reta;Sim;458186.0;Motocicleta;HONDA/CG 125 FAN KS/CG 125 FAN KS;2010.0;Condutor;Lesões Leves;30.0;Masculino;0.0;1.0;0.0;0.0;-5,85758898;-35,21271205;SPRF-RN;DEL01-RN;UOP01-DEL01-RN
256687.0;570094.0;2019-12-17;terça-feira;11:40:00;RN;101.0;97;NATAL;Sim;Falta de Atenção à Condução;2;Colisão frontal;Com Vítimas Feridas;Pleno dia;Decrescente;Céu Claro;Dupla;Reta;Sim;458187.0;Automóvel;FORD/KA FLEX/KA FLEX;2010.0;Condutor;Ileso;53.0;Masculino;1.0;0.0;0.0;0.0;-5,85758898;-35,21271205;SPRF-RN;DEL01-RN;UOP01-DEL01-RN
256687.0;570095.0;2019-12-17;terça-feira;11:40:00;RN;101.0;97;NATAL;Sim;Falta de Atenção à Condução;2;Colisão frontal;Com Vítimas Feridas;Pleno dia;Decrescente;Céu Claro;Dupla;Reta;Sim;458188.0;Ônibus;MARCOPOLO/VOLARE WL ON/VOLARE WL ON;2014.0;Condutor;Ileso;28.0;Masculino;1.0;0.0;0.0;0.0;-5,85758898;-35,21271205;SPRF-RN;DEL01-RN;UOP01-DEL01-RN
256687.0;570093.0;2019-12-17;terça-feira;11:40:00;RN;101.0;97;NATAL;Sim;Falta de Atenção à Condução;1;Colisão lateral;Com Vítimas Feridas;Pleno dia;Decrescente;Céu Claro;Dupla;Reta;Sim;458186.0;Motocicleta;HONDA/CG 125 FAN KS/CG 125 FAN KS;2010.0;Condutor;Lesões Leves;30.0;Masculino;0.0;1.0;0.0;0.0;-5,85758898;-35,21271205;SPRF-RN;DEL01-RN;UOP01-DEL01-RN
256687.0;570094.0;2019-12-17;terça-feira;11:40:00;RN;101.0;97;NATAL;Sim;Falta de Atenção à Condução;1;Colisão lateral;Com Vítimas Feridas;Pleno dia;Decrescente;Céu Claro;Dupla;Reta;Sim;458187.0;Automóvel;FORD/KA FLEX/KA FLEX;2010.0;Condutor;Ileso;53.0;Masculino;1.0;0.0;0.0;0.0;-5,85758898;-35,21271205;SPRF-RN;DEL01-RN;UOP01-DEL01-RN
256687.0;570095.0;2019-12-17;terça-feira;11:40:00;RN;101.0;97;NATAL;Sim;Falta de Atenção à Condução;1;Colisão lateral;Com Vítimas Feridas;Pleno dia;Decrescente;Céu Claro;Dupla;Reta;Sim;458188.0;Ônibus;MARCOPOLO/VOLARE WL ON/VOLARE WL ON;2014.0;Condutor;Ileso;28.0;Masculino;1.0;0.0;0.0;0.0;-5,85758898;-35,21271205;SPRF-RN;DEL01-RN;UOP01-DEL01-RN
256944.0;573816.0;2019-12-18;quarta-feira;13:50:00;RN;101.0;96;NATAL;Sim;Falta de Atenção à Condução;1;Colisão traseira;Com Vítimas Feridas;Pleno dia;Decrescente;Céu Claro;Dupla;Reta;Sim;461159.0;Automóvel;FIAT/PALIO FIRE FLEX/PALIO FIRE FLEX;2007.0;Condutor;Ileso;32.0;Feminino;1.0;0.0;0.0;0.0;-5,84949622;-35,20890752;SPRF-RN;DEL01-RN;UOP01-DEL01-RN
256944.0;573820.0;2019-12-18;quarta-feira;13:50:00;RN;101.0;96;NATAL;Sim;Falta de Atenção à Condução;1;Colisão traseira;Com Vítimas Feridas;Pleno dia;Decrescente;Céu Claro;Dupla;Reta;Sim;461159.0;Automóvel;FIAT/PALIO FIRE FLEX/PALIO FIRE FLEX;2007.0;Passageiro;Ileso;2.0;Feminino;1.0;0.0;0.0;0.0;-5,84949622;-35,20890752;SPRF-RN;DEL01-RN;UOP01-DEL01-RN
256944.0;573822.0;2019-12-18;quarta-feira;13:50:00;RN;101.0;96;NATAL;Sim;Falta de Atenção à Condução;1;Colisão traseira;Com Vítimas Feridas;Pleno dia;Decrescente;Céu Claro;Dupla;Reta;Sim;461159.0;Automóvel;FIAT/PALIO FIRE FLEX/PALIO FIRE FLEX;2007.0;Passageiro;Ileso;11.0;Masculino;1.0;0.0;0.0;0.0;-5,84949622;-35,20890752;SPRF-RN;DEL01-RN;UOP01-DEL01-RN
256944.0;573818.0;2019-12-18;quarta-feira;13:50:00;RN;101.0;96;NATAL;Sim;Falta de Atenção à Condução;1;Colisão traseira;Com Vítimas Feridas;Pleno dia;Decrescente;Céu Claro;Dupla;Reta;Sim;461159.0;Automóvel;FIAT/PALIO FIRE FLEX/PALIO FIRE FLEX;2007.0;Passageiro;Lesões Leves;88.0;Feminino;0.0;1.0;0.0;0.0;-5,84949622;-35,20890752;SPRF-RN;DEL01-RN;UOP01-DEL01-RN
256944.0;573813.0;2019-12-18;quarta-feira;13:50:00;RN;101.0;96;NATAL;Sim;Falta de Atenção à Condução;1;Colisão traseira;Com Vítimas Feridas;Pleno dia;Decrescente;Céu Claro;Dupla;Reta;Sim;458901.0;Automóvel;VW/FOX CL MCV/FOX CL MCV;2016.0;Condutor;Ileso;30.0;Feminino;1.0;0.0;0.0;0.0;-5,84949622;-35,20890752;SPRF-RN;DEL01-RN;UOP01-DEL01-RN
256956.0;570849.0;2019-12-18;quarta-feira;16:15:00;RN;101.0;82,8;NATAL;Sim;Falta de Atenção à Condução;1;Colisão com objeto estático;Com Vítimas Feridas;Pleno dia;Decrescente;Sol;Dupla;Reta;Sim;458876.0;Motocicleta;YAMAHA/YS150 FAZER ED/YS150 FAZER ED;2013.0;Condutor;Lesões Leves;38.0;Masculino;0.0;1.0;0.0;0.0;-5,76791511;-35,27456305;SPRF-RN;DEL02-RN;UOP01-DEL02-RN
257256.0;573501.0;2019-11-16;sábado;13:00:00;RN;101.0;97;NATAL;Sim;Desobediência às normas de trânsito pelo condutor;1;Queda de ocupante de veículo;Com Vítimas Feridas;Pleno dia;Decrescente;Céu Claro;Dupla;Interseção de Vias;Sim;459236.0;Motoneta;HONDA/BIZ 125 EX/BIZ 125 EX;2011.0;Condutor;Lesões Leves;;Feminino;0.0;1.0;0.0;0.0;-5,85590407;-35,21182721;SPRF-RN;DEL01-RN;UOP01-DEL01-RN
257256.0;573504.0;2019-11-16;sábado;13:00:00;RN;101.0;97;NATAL;Sim;Desobediência às normas de trânsito pelo condutor;1;Queda de ocupante de veículo;Com Vítimas Feridas;Pleno dia;Decrescente;Céu Claro;Dupla;Interseção de Vias;Sim;459237.0;Motocicleta;HONDA/NXR160 BROS ESDD/NXR160 BROS ESDD;2015.0;Condutor;Ileso;;Masculino;1.0;0.0;0.0;0.0;-5,85590407;-35,21182721;SPRF-RN;DEL01-RN;UOP01-DEL01-RN
257256.0;573507.0;2019-11-16;sábado;13:00:00;RN;101.0;97;NATAL;Sim;Desobediência às normas de trânsito pelo condutor;1;Queda de ocupante de veículo;Com Vítimas Feridas;Pleno dia;Decrescente;Céu Claro;Dupla;Interseção de Vias;Sim;;;NA/NA/NA;;Testemunha;Não Informado;;Não Informado;0.0;0.0;0.0;0.0;-5,85590407;-35,21182721;SPRF-RN;DEL01-RN;UOP01-DEL01-RN
257256.0;573501.0;2019-11-16;sábado;13:00:00;RN;101.0;97;NATAL;Não;Ultrapassagem Indevida;1;Queda de ocupante de veículo;Com Vítimas Feridas;Pleno dia;Decrescente;Céu Claro;Dupla;Interseção de Vias;Sim;459236.0;Motoneta;HONDA/BIZ 125 EX/BIZ 125 EX;2011.0;Condutor;Lesões Leves;;Feminino;0.0;1.0;0.0;0.0;-5,85590407;-35,21182721;SPRF-RN;DEL01-RN;UOP01-DEL01-RN
257256.0;573504.0;2019-11-16;sábado;13:00:00;RN;101.0;97;NATAL;Não;Ultrapassagem Indevida;1;Queda de ocupante de veículo;Com Vítimas Feridas;Pleno dia;Decrescente;Céu Claro;Dupla;Interseção de Vias;Sim;459237.0;Motocicleta;HONDA/NXR160 BROS ESDD/NXR160 BROS ESDD;2015.0;Condutor;Ileso;;Masculino;1.0;0.0;0.0;0.0;-5,85590407;-35,21182721;SPRF-RN;DEL01-RN;UOP01-DEL01-RN
257256.0;573507.0;2019-11-16;sábado;13:00:00;RN;101.0;97;NATAL;Não;Ultrapassagem Indevida;1;Queda de ocupante de veículo;Com Vítimas Feridas;Pleno dia;Decrescente;Céu Claro;Dupla;Interseção de Vias;Sim;;;NA/NA/NA;;Testemunha;Não Informado;;Não Informado;0.0;0.0;0.0;0.0;-5,85590407;-35,21182721;SPRF-RN;DEL01-RN;UOP01-DEL01-RN
258260.0;573648.0;2019-12-23;segunda-feira;13:20:00;RN;101.0;98,8;NATAL;Sim;Não guardar distância de segurança;1;Colisão traseira;Com Vítimas Feridas;Pleno dia;Decrescente;Nublado;Dupla;Viaduto;Sim;461050.0;Automóvel;FIAT/ARGO DRIVE 1.0/ARGO DRIVE 1.0;2017.0;Condutor;Ileso;32.0;Feminino;1.0;0.0;0.0;0.0;-5,86567888;-35,21651625;SPRF-RN;DEL01-RN;UOP01-DEL01-RN
258260.0;573649.0;2019-12-23;segunda-feira;13:20:00;RN;101.0;98,8;NATAL;Sim;Não guardar distância de segurança;1;Colisão traseira;Com Vítimas Feridas;Pleno dia;Decrescente;Nublado;Dupla;Viaduto;Sim;461051.0;Automóvel;FIAT/PALIO ATTRACTIV 1.0/PALIO ATTRACTIV 1.0;2012.0;Condutor;Lesões Leves;36.0;Masculino;0.0;1.0;0.0;0.0;-5,86567888;-35,21651625;SPRF-RN;DEL01-RN;UOP01-DEL01-RN
258260.0;573650.0;2019-12-23;segunda-feira;13:20:00;RN;101.0;98,8;NATAL;Sim;Não guardar distância de segurança;1;Colisão traseira;Com Vítimas Feridas;Pleno dia;Decrescente;Nublado;Dupla;Viaduto;Sim;461051.0;Automóvel;FIAT/PALIO ATTRACTIV 1.0/PALIO ATTRACTIV 1.0;2012.0;Passageiro;Lesões Leves;34.0;Feminino;0.0;1.0;0.0;0.0;-5,86567888;-35,21651625;SPRF-RN;DEL01-RN;UOP01-DEL01-RN
258473.0;574430.0;2019-12-24;terça-feira;11:10:00;RN;101.0;97;NATAL;Sim;Falta de Atenção à Condução;1;Colisão com objeto estático;Com Vítimas Feridas;Pleno dia;Crescente;Céu Claro;Dupla;Túnel;Sim;461505.0;Caminhão;M.BENZ/AXOR 28316X4/AXOR 28316X4;2007.0;Condutor;Lesões Leves;36.0;Masculino;0.0;1.0;0.0;0.0;-5,861641;-35,215003;SPRF-RN;DEL01-RN;UOP01-DEL01-RN
258525.0;576910.0;2019-12-24;terça-feira;15:00:00;RN;101.0;84,8;NATAL;Sim;Não guardar distância de segurança;1;Colisão traseira;Com Vítimas Feridas;Pleno dia;Decrescente;Céu Claro;Dupla;Aclive;Sim;461521.0;Automóvel;HYUNDAI/HB20 1.0M COMFOR/HB20 1.0M COMFOR;2016.0;Condutor;Ileso;33.0;Masculino;1.0;0.0;0.0;0.0;-5,774175;-35,2578;SPRF-RN;DEL02-RN;UOP01-DEL02-RN
258525.0;576914.0;2019-12-24;terça-feira;15:00:00;RN;101.0;84,8;NATAL;Sim;Não guardar distância de segurança;1;Colisão traseira;Com Vítimas Feridas;Pleno dia;Decrescente;Céu Claro;Dupla;Aclive;Sim;461727.0;Motocicleta;HONDA/NXR150 BROS ESD/NXR150 BROS ESD;2011.0;Condutor;Lesões Leves;30.0;Masculino;0.0;1.0;0.0;0.0;-5,774175;-35,2578;SPRF-RN;DEL02-RN;UOP01-DEL02-RN
258537.0;577349.0;2019-12-24;terça-feira;16:14:00;RN;101.0;84,9;NATAL;Sim;Desobediência às normas de trânsito pelo condutor;1;Colisão traseira;Sem Vítimas;Pleno dia;Decrescente;Sol;Múltipla;Viaduto;Sim;461661.0;Automóvel;VW/GOL 1.0 GIV/GOL 1.0 GIV;2011.0;Condutor;Ileso;28.0;Masculino;1.0;0.0;0.0;0.0;-5,774175;-35,2578;SPRF-RN;DEL02-RN;UOP01-DEL02-RN
258537.0;577350.0;2019-12-24;terça-feira;16:14:00;RN;101.0;84,9;NATAL;Sim;Desobediência às normas de trânsito pelo condutor;1;Colisão traseira;Sem Vítimas;Pleno dia;Decrescente;Sol;Múltipla;Viaduto;Sim;461662.0;Automóvel;GM/CORSA SEDAN PREMIUM/CORSA SEDAN PREMIUM;2010.0;Condutor;Ileso;41.0;Masculino;1.0;0.0;0.0;0.0;-5,774175;-35,2578;SPRF-RN;DEL02-RN;UOP01-DEL02-RN
259632.0;577674.0;2019-12-30;segunda-feira;09:45:00;RN;101.0;96,4;NATAL;Não;Falta de Atenção à Condução;1;Colisão traseira;Com Vítimas Feridas;Pleno dia;Decrescente;Céu Claro;Dupla;Reta;Sim;463560.0;Motocicleta;YAMAHA/YBR125 FACTOR K1/YBR125 FACTOR K1;2013.0;Condutor;Lesões Leves;26.0;Masculino;0.0;1.0;0.0;0.0;-5,84949622;-35,20890752;SPRF-RN;DEL01-RN;UOP01-DEL01-RN
259632.0;577675.0;2019-12-30;segunda-feira;09:45:00;RN;101.0;96,4;NATAL;Não;Falta de Atenção à Condução;1;Colisão traseira;Com Vítimas Feridas;Pleno dia;Decrescente;Céu Claro;Dupla;Reta;Sim;463561.0;Utilitário;I/BMW X1 SDRIVE20I/BMW X1 SDRIVE20I;2015.0;Condutor;Ileso;38.0;Masculino;1.0;0.0;0.0;0.0;-5,84949622;-35,20890752;SPRF-RN;DEL01-RN;UOP01-DEL01-RN
259632.0;577674.0;2019-12-30;segunda-feira;09:45:00;RN;101.0;96,4;NATAL;Sim;Não guardar distância de segurança;1;Colisão traseira;Com Vítimas Feridas;Pleno dia;Decrescente;Céu Claro;Dupla;Reta;Sim;463560.0;Motocicleta;YAMAHA/YBR125 FACTOR K1/YBR125 FACTOR K1;2013.0;Condutor;Lesões Leves;26.0;Masculino;0.0;1.0;0.0;0.0;-5,84949622;-35,20890752;SPRF-RN;DEL01-RN;UOP01-DEL01-RN
259632.0;577675.0;2019-12-30;segunda-feira;09:45:00;RN;101.0;96,4;NATAL;Sim;Não guardar distância de segurança;1;Colisão traseira;Com Vítimas Feridas;Pleno dia;Decrescente;Céu Claro;Dupla;Reta;Sim;463561.0;Utilitário;I/BMW X1 SDRIVE20I/BMW X1 SDRIVE20I;2015.0;Condutor;Ileso;38.0;Masculino;1.0;0.0;0.0;0.0;-5,84949622;-35,20890752;SPRF-RN;DEL01-RN;UOP01-DEL01-RN
259638.0;577647.0;2019-11-28;quinta-feira;12:30:00;RN;101.0;96;NATAL;Sim;Falta de Atenção à Condução;1;Engavetamento;Com Vítimas Feridas;Pleno dia;Decrescente;Céu Claro;Dupla;Reta;Sim;463540.0;Automóvel;GM/CELTA 2P LIFE/CELTA 2P LIFE;2006.0;Condutor;Ileso;25.0;Masculino;1.0;0.0;0.0;0.0;-5,8512662;-35,20979762;SPRF-RN;DEL01-RN;UOP01-DEL01-RN
259638.0;577648.0;2019-11-28;quinta-feira;12:30:00;RN;101.0;96;NATAL;Sim;Falta de Atenção à Condução;1;Engavetamento;Com Vítimas Feridas;Pleno dia;Decrescente;Céu Claro;Dupla;Reta;Sim;463541.0;Automóvel;HONDA/FIT LX FLEX/FIT LX FLEX;2008.0;Condutor;Ileso;31.0;Feminino;1.0;0.0;0.0;0.0;-5,8512662;-35,20979762;SPRF-RN;DEL01-RN;UOP01-DEL01-RN
259638.0;577649.0;2019-11-28;quinta-feira;12:30:00;RN;101.0;96;NATAL;Sim;Falta de Atenção à Condução;1;Engavetamento;Com Vítimas Feridas;Pleno dia;Decrescente;Céu Claro;Dupla;Reta;Sim;463542.0;Automóvel;FIAT/SIENA TETRAFUEL 1.4/SIENA TETRAFUEL 1.4;2012.0;Condutor;Ileso;28.0;Masculino;1.0;0.0;0.0;0.0;-5,8512662;-35,20979762;SPRF-RN;DEL01-RN;UOP01-DEL01-RN
259638.0;577650.0;2019-11-28;quinta-feira;12:30:00;RN;101.0;96;NATAL;Sim;Falta de Atenção à Condução;1;Engavetamento;Com Vítimas Feridas;Pleno dia;Decrescente;Céu Claro;Dupla;Reta;Sim;463543.0;Automóvel;TOYOTA/COROLLA GLI18 CVT/COROLLA GLI18 CVT;2018.0;Condutor;Ileso;36.0;Masculino;1.0;0.0;0.0;0.0;-5,8512662;-35,20979762;SPRF-RN;DEL01-RN;UOP01-DEL01-RN
259638.0;577651.0;2019-11-28;quinta-feira;12:30:00;RN;101.0;96;NATAL;Sim;Falta de Atenção à Condução;1;Engavetamento;Com Vítimas Feridas;Pleno dia;Decrescente;Céu Claro;Dupla;Reta;Sim;463544.0;Automóvel;CHEVROLET/ONIX 1.4AT LT/ONIX 1.4AT LT;2019.0;Condutor;Ileso;27.0;Feminino;1.0;0.0;0.0;0.0;-5,8512662;-35,20979762;SPRF-RN;DEL01-RN;UOP01-DEL01-RN
259638.0;577652.0;2019-11-28;quinta-feira;12:30:00;RN;101.0;96;NATAL;Sim;Falta de Atenção à Condução;1;Engavetamento;Com Vítimas Feridas;Pleno dia;Decrescente;Céu Claro;Dupla;Reta;Sim;463545.0;Automóvel;I/FORD FIESTA SD 1.6LSEA/FORD FIESTA SD 1.6LSEA;2015.0;Condutor;Ileso;58.0;Masculino;1.0;0.0;0.0;0.0;-5,8512662;-35,20979762;SPRF-RN;DEL01-RN;UOP01-DEL01-RN
259638.0;577653.0;2019-11-28;quinta-feira;12:30:00;RN;101.0;96;NATAL;Sim;Falta de Atenção à Condução;1;Engavetamento;Com Vítimas Feridas;Pleno dia;Decrescente;Céu Claro;Dupla;Reta;Sim;463546.0;Caminhonete;I/VW AMAROK CD 4X4 TREND/VW AMAROK CD 4X4 TREND;2018.0;Condutor;Lesões Leves;33.0;Masculino;0.0;1.0;0.0;0.0;-5,8512662;-35,20979762;SPRF-RN;DEL01-RN;UOP01-DEL01-RN
259638.0;577654.0;2019-11-28;quinta-feira;12:30:00;RN;101.0;96;NATAL;Sim;Falta de Atenção à Condução;1;Engavetamento;Com Vítimas Feridas;Pleno dia;Decrescente;Céu Claro;Dupla;Reta;Sim;463547.0;Camioneta;JEEP/RENEGADE SPORT AT/RENEGADE SPORT AT;2019.0;Condutor;Ileso;38.0;Feminino;1.0;0.0;0.0;0.0;-5,8512662;-35,20979762;SPRF-RN;DEL01-RN;UOP01-DEL01-RN
259681.0;577792.0;2019-12-30;segunda-feira;15:45:00;RN;226.0;0,4;NATAL;Sim;Falta de Atenção à Condução;1;Colisão transversal;Com Vítimas Feridas;Pleno dia;Crescente;Céu Claro;Simples;Curva;Sim;463669.0;Automóvel;FIAT/PALIO ELX FLEX/PALIO ELX FLEX;2009.0;Condutor;Ileso;;Masculino;1.0;0.0;0.0;0.0;-5,800019;-35,238174;SPRF-RN;DEL01-RN;UOP02-DEL01-RN
259681.0;577789.0;2019-12-30;segunda-feira;15:45:00;RN;226.0;0,4;NATAL;Sim;Falta de Atenção à Condução;1;Colisão transversal;Com Vítimas Feridas;Pleno dia;Crescente;Céu Claro;Simples;Curva;Sim;463667.0;Motocicleta;HONDA/CG 160 FAN ESDI/CG 160 FAN ESDI;2015.0;Condutor;Lesões Leves;23.0;Masculino;0.0;1.0;0.0;0.0;-5,800019;-35,238174;SPRF-RN;DEL01-RN;UOP02-DEL01-RN
259681.0;577791.0;2019-12-30;segunda-feira;15:45:00;RN;226.0;0,4;NATAL;Sim;Falta de Atenção à Condução;1;Colisão transversal;Com Vítimas Feridas;Pleno dia;Crescente;Céu Claro;Simples;Curva;Sim;463667.0;Motocicleta;HONDA/CG 160 FAN ESDI/CG 160 FAN ESDI;2015.0;Passageiro;Lesões Graves;24.0;Feminino;0.0;0.0;1.0;0.0;-5,800019;-35,238174;SPRF-RN;DEL01-RN;UOP02-DEL01-RN