id;pesid;data_inversa;dia_semana;horario;uf;br;km;municipio;causa_principal;causa_acidente;ordem_tipo_acidente;tipo_acidente;classificacao_acidente;fase_dia;sentido_via;condicao_metereologica;tipo_pista;tracado_via;uso_solo;id_veiculo;tipo_veiculo;marca;ano_fabricacao_veiculo;tipo_envolvido;estado_fisico;idade;sexo;ilesos;feridos_leves;feridos_graves;mortos;latitude;longitude;regional;delegacia;uop
259690.0;577960.0;2019-12-30;segunda-feira;16:00:00;RN;101.0;80,6;NATAL;Sim;Falta de Atenção à Condução;1;Colisão traseira;Sem Vítimas;Pleno dia;Decrescente;Céu Claro;Dupla;Rotatória;Sim;463641.0;Caminhonete;VW/NOVA SAVEIRO RB MBVD/NOVA SAVEIRO RB MBVD;2019.0;Condutor;Ileso;30.0;Masculino;1.0;0.0;0.0;0.0;-5,76295337;-35,28702043;SPRF-RN;DEL02-RN;UOP01-DEL02-RN
259690.0;577961.0;2019-12-30;segunda-feira;16:00:00;RN;101.0;80,6;NATAL;Sim;Falta de Atenção à Condução;1;Colisão traseira;Sem Vítimas;Pleno dia;Decrescente;Céu Claro;Dupla;Rotatória;Sim;463642.0;Caminhonete;FIAT/STRADA ADVENTURE CD/STRADA ADVENTURE CD;0.0;Condutor;Ileso;;Masculino;1.0;0.0;0.0;0.0;-5,76295337;-35,28702043;SPRF-RN;DEL02-RN;UOP01-DEL02-RN
259886.0;580146.0;2019-12-31;terça-feira;17:55:00;RN;226.0;4,7;NATAL;Não;Falta de Atenção à Condução;1;Colisão frontal;Com Vítimas Feridas;Plena Noite;Crescente;Nublado;Simples;Curva;Sim;464040.0;Motocicleta;HONDA/NXR150 BROS ES/NXR150 BROS ES;2007.0;Condutor;Lesões Graves;24.0;Masculino;0.0;0.0;1.0;0.0;-5,81958019;-35,25969486;SPRF-RN;DEL01-RN;UOP02-DEL01-RN
259886.0;580147.0;2019-12-31;terça-feira;17:55:00;RN;226.0;4,7;NATAL;Não;Falta de Atenção à Condução;1;Colisão frontal;Com Vítimas Feridas;Plena Noite;Crescente;Nublado;Simples;Curva;Sim;464041.0;Automóvel;FIAT/UNO/UNO;0.0;Condutor;Não Informado;;Não Informado;0.0;0.0;0.0;0.0;-5,81958019;-35,25969486;SPRF-RN;DEL01-RN;UOP02-DEL01-RN
259886.0;580146.0;2019-12-31;terça-feira;17:55:00;RN;226.0;4,7;NATAL;Sim;Ultrapassagem Indevida;1;Colisão frontal;Com Vítimas Feridas;Plena Noite;Crescente;Nublado;Simples;Curva;Sim;464040.0;Motocicleta;HONDA/NXR150 BROS ES/NXR150 BROS ES;2007.0;Condutor;Lesões Graves;24.0;Masculino;0.0;0.0;1.0;0.0;-5,81958019;-35,25969486;SPRF-RN;DEL01-RN;UOP02-DEL01-RN
259886.0;580147.0;2019-12-31;terça-feira;17:55:00;RN;226.0;4,7;NATAL;Sim;Ultrapassagem Indevida;1;Colisão frontal;Com Vítimas Feridas;Plena Noite;Crescente;Nublado;Simples;Curva;Sim;464041.0;Automóvel;FIAT/UNO/UNO;0.0;Condutor;Não Informado;;Não Informado;0.0;0.0;0.0;0.0;-5,81958019;-35,25969486;SPRF-RN;DEL01-RN;UOP02-DEL01-RN
262756.0;584910.0;2019-12-17;terça-feira;09:35:00;RN;101.0;96;NATAL;Sim;Falta de Atenção à Condução;1;Colisão traseira;Com Vítimas Feridas;Pleno dia;Decrescente;Céu Claro;Múltipla;Reta;Sim;468623.0;Motocicleta;YAMAHA/MT03 ABS/MT03 ABS;2019.0;Condutor;Lesões Leves;31.0;Masculino;0.0;1.0;0.0;0.0;-5,84949622;-35,20890752;SPRF-RN;DEL01-RN;UOP01-DEL01-RN
262756.0;584911.0;2019-12-17;terça-feira;09:35:00;RN;101.0;96;NATAL;Sim;Falta de Atenção à Condução;1;Colisão traseira;Com Vítimas Feridas;Pleno dia;Decrescente;Céu Claro;Múltipla;Reta;Sim;468624.0;Caminhonete;MMC/L200 OUTDOOR/L200 OUTDOOR;2011.0;Condutor;Ileso;43.0;Masculino;1.0;0.0;0.0;0.0;-5,84949622;-35,20890752;SPRF-RN;DEL01-RN;UOP01-DEL01-RN
262756.0;584910.0;2019-12-17;terça-feira;09:35:00;RN;101.0;96;NATAL;Não;Velocidade Incompatível;1;Colisão traseira;Com Vítimas Feridas;Pleno dia;Decrescente;Céu Claro;Múltipla;Reta;Sim;468623.0;Motocicleta;YAMAHA/MT03 ABS/MT03 ABS;2019.0;Condutor;Lesões Leves;31.0;Masculino;0.0;1.0;0.0;0.0;-5,84949622;-35,20890752;SPRF-RN;DEL01-RN;UOP01-DEL01-RN
262756.0;584911.0;2019-12-17;terça-feira;09:35:00;RN;101.0;96;NATAL;Não;Velocidade Incompatível;1;Colisão traseira;Com Vítimas Feridas;Pleno dia;Decrescente;Céu Claro;Múltipla;Reta;Sim;468624.0;Caminhonete;MMC/L200 OUTDOOR/L200 OUTDOOR;2011.0;Condutor;Ileso;43.0;Masculino;1.0;0.0;0.0;0.0;-5,84949622;-35,20890752;SPRF-RN;DEL01-RN;UOP01-DEL01-RN
270236.0;602378.0;2019-06-28;sexta-feira;12:18:00;RN;101.0;80;NATAL;Sim;Falta de Atenção à Condução;1;Queda de ocupante de veículo;Com Vítimas Feridas;Pleno dia;Crescente;Céu Claro;Dupla;Reta;Sim;482306.0;Motocicleta;YAMAHA/XTZ150 CROSSER ED/XTZ150 CROSSER ED;0.0;Condutor;Lesões Leves;29.0;Masculino;0.0;1.0;0.0;0.0;-5,75852229;-35,28806121;SPRF-RN;DEL02-RN;UOP01-DEL02-RN
289588.0;644323.0;2019-11-27;quarta-feira;08:10:00;RN;101.0;96,5;NATAL;Sim;Não guardar distância de segurança;1;Colisão traseira;Com Vítimas Feridas;Pleno dia;Decrescente;Céu Claro;Múltipla;Reta;Sim;517132.0;Camioneta;FORD/ECOSPORT XLS 1.6L/ECOSPORT XLS 1.6L;0.0;Condutor;Lesões Leves;;Feminino;0.0;1.0;0.0;0.0;-5,85377513;-35,21076402;SPRF-RN;DEL01-RN;UOP01-DEL01-RN
289588.0;644328.0;2019-11-27;quarta-feira;08:10:00;RN;101.0;96,5;NATAL;Sim;Não guardar distância de segurança;1;Colisão traseira;Com Vítimas Feridas;Pleno dia;Decrescente;Céu Claro;Múltipla;Reta;Sim;517133.0;Automóvel;HYUNDAI/CRETA 16M ATTITU/CRETA 16M ATTITU;0.0;Condutor;Ileso;;Masculino;1.0;0.0;0.0;0.0;-5,85377513;-35,21076402;SPRF-RN;DEL01-RN;UOP01-DEL01-RN
298932.0;664344.0;2019-03-16;sábado;01:00:00;RN;226.0;8;NATAL;Não;Desobediência às normas de trânsito pelo condutor;1;Atropelamento de Pedestre;Com Vítimas Feridas;Plena Noite;Crescente;Ignorado;Simples;Reta;Sim;534496.0;Automóvel;Não Informado/Não Informado/Não Informado;0.0;Condutor;Ileso;;Masculino;1.0;0.0;0.0;0.0;-5,83570484;-35,2799964;SPRF-RN;DEL01-RN;UOP02-DEL01-RN
298932.0;664345.0;2019-03-16;sábado;01:00:00;RN;226.0;8;NATAL;Não;Desobediência às normas de trânsito pelo condutor;1;Atropelamento de Pedestre;Com Vítimas Feridas;Plena Noite;Crescente;Ignorado;Simples;Reta;Sim;;;NA/NA/NA;;Pedestre;Lesões Graves;;Masculino;0.0;0.0;1.0;0.0;-5,83570484;-35,2799964;SPRF-RN;DEL01-RN;UOP02-DEL01-RN
298932.0;664344.0;2019-03-16;sábado;01:00:00;RN;226.0;8;NATAL;Sim;Falta de Atenção à Condução;1;Atropelamento de Pedestre;Com Vítimas Feridas;Plena Noite;Crescente;Ignorado;Simples;Reta;Sim;534496.0;Automóvel;Não Informado/Não Informado/Não Informado;0.0;Condutor;Ileso;;Masculino;1.0;0.0;0.0;0.0;-5,83570484;-35,2799964;SPRF-RN;DEL01-RN;UOP02-DEL01-RN
298932.0;664345.0;2019-03-16;sábado;01:00:00;RN;226.0;8;NATAL;Sim;Falta de Atenção à Condução;1;Atropelamento de Pedestre;Com Vítimas Feridas;Plena Noite;Crescente;Ignorado;Simples;Reta;Sim;;;NA/NA/NA;;Pedestre;Lesões Graves;;Masculino;0.0;0.0;1.0;0.0;-5,83570484;-35,2799964;SPRF-RN;DEL01-RN;UOP02-DEL01-RN
100107.0;219350.0;2018-01-01;segunda-feira;15:20:00;RN;101.0;72,3;NATAL;Sim;Falta de Atenção à Condução;1;Colisão traseira;Com Vítimas Feridas;Pleno dia;Crescente;Céu Claro;Simples;Interseção de Vias;Não;177901.0;Motocicleta;HONDA/CG 125 FAN KS;2011.0;Condutor;Lesões Leves;34.0;Masculino;0.0;1.0;0.0;0.0;-5,69202484;-35,26298583;SPRF-RN;DEL02-RN;UOP01-DEL02-RN
100107.0;219353.0;2018-01-01;segunda-feira;15:20:00;RN;101.0;72,3;NATAL;Sim;Falta de Atenção à Condução;1;Colisão traseira;Com Vítimas Feridas;Pleno dia;Crescente;Céu Claro;Simples;Interseção de Vias;Não;177902.0;Automóvel;FIAT/UNO MILLE FIRE;2003.0;Condutor;Ileso;53.0;Masculino;1.0;0.0;0.0;0.0;-5,69202484;-35,26298583;SPRF-RN;DEL02-RN;UOP01-DEL02-RN
101096.0;224909.0;2018-01-05;sexta-feira;09:30:00;RN;101.0;97,7;NATAL;Não;Falta de Atenção à Condução;1;Colisão traseira;Com Vítimas Feridas;Pleno dia;Decrescente;Céu Claro;Dupla;Reta;Sim;179915.0;Automóvel;VW/GOL 1.0;2011.0;Condutor;Ileso;48.0;Feminino;1.0;0.0;0.0;0.0;-5,86329167;-35,21538716;SPRF-RN;DEL01-RN;UOP01-DEL01-RN
101096.0;224910.0;2018-01-05;sexta-feira;09:30:00;RN;101.0;97,7;NATAL;Não;Falta de Atenção à Condução;1;Colisão traseira;Com Vítimas Feridas;Pleno dia;Decrescente;Céu Claro;Dupla;Reta;Sim;179916.0;Caminhonete;FIAT/STRADA HD WK CD E;2017.0;Condutor;Ileso;48.0;Masculino;1.0;0.0;0.0;0.0;-5,86329167;-35,21538716;SPRF-RN;DEL01-RN;UOP01-DEL01-RN
101096.0;224911.0;2018-01-05;sexta-feira;09:30:00;RN;101.0;97,7;NATAL;Não;Falta de Atenção à Condução;1;Colisão traseira;Com Vítimas Feridas;Pleno dia;Decrescente;Céu Claro;Dupla;Reta;Sim;179917.0;Automóvel;GM/PRISMA MAXX;2009.0;Condutor;Ileso;52.0;Feminino;1.0;0.0;0.0;0.0;-5,86329167;-35,21538716;SPRF-RN;DEL01-RN;UOP01-DEL01-RN
101096.0;224912.0;2018-01-05;sexta-feira;09:30:00;RN;101.0;97,7;NATAL;Não;Falta de Atenção à Condução;1;Colisão traseira;Com Vítimas Feridas;Pleno dia;Decrescente;Céu Claro;Dupla;Reta;Sim;179918.0;Caminhonete;GM/MONTANA MODIFICAR AB1;2013.0;Condutor;Ileso;26.0;Masculino;1.0;0.0;0.0;0.0;-5,86329167;-35,21538716;SPRF-RN;DEL01-RN;UOP01-DEL01-RN
101096.0;224914.0;2018-01-05;sexta-feira;09:30:00;RN;101.0;97,7;NATAL;Não;Falta de Atenção à Condução;1;Colisão traseira;Com Vítimas Feridas;Pleno dia;Decrescente;Céu Claro;Dupla;Reta;Sim;179918.0;Caminhonete;GM/MONTANA MODIFICAR AB1;2013.0;Passageiro;Lesões Leves;30.0;Feminino;0.0;1.0;0.0;0.0;-5,86329167;-35,21538716;SPRF-RN;DEL01-RN;UOP01-DEL01-RN
101096.0;224913.0;2018-01-05;sexta-feira;09:30:00;RN;101.0;97,7;NATAL;Não;Falta de Atenção à Condução;1;Colisão traseira;Com Vítimas Feridas;Pleno dia;Decrescente;Céu Claro;Dupla;Reta;Sim;179919.0;Automóvel;IMP/SUZUKI GVITARA 1.6 V;2000.0;Condutor;Ileso;67.0;Feminino;1.0;0.0;0.0;0.0;-5,86329167;-35,21538716;SPRF-RN;DEL01-RN;UOP01-DEL01-RN
101096.0;224909.0;2018-01-05;sexta-feira;09:30:00;RN;101.0;97,7;NATAL;Sim;Não guardar distância de segurança;1;Colisão traseira;Com Vítimas Feridas;Pleno dia;Decrescente;Céu Claro;Dupla;Reta;Sim;179915.0;Automóvel;VW/GOL 1.0;2011.0;Condutor;Ileso;48.0;Feminino;1.0;0.0;0.0;0.0;-5,86329167;-35,21538716;SPRF-RN;DEL01-RN;UOP01-DEL01-RN
101096.0;224910.0;2018-01-05;sexta-feira;09:30:00;RN;101.0;97,7;NATAL;Sim;Não guardar distância de segurança;1;Colisão traseira;Com Vítimas Feridas;Pleno dia;Decrescente;Céu Claro;Dupla;Reta;Sim;179916.0;Caminhonete;FIAT/STRADA HD WK CD E;2017.0;Condutor;Ileso;48.0;Masculino;1.0;0.0;0.0;0.0;-5,86329167;-35,21538716;SPRF-RN;DEL01-RN;UOP01-DEL01-RN
101096.0;224911.0;2018-01-05;sexta-feira;09:30:00;RN;101.0;97,7;NATAL;Sim;Não guardar distância de segurança;1;Colisão traseira;Com Vítimas Feridas;Pleno dia;Decrescente;Céu Claro;Dupla;Reta;Sim;179917.0;Automóvel;GM/PRISMA MAXX;2009.0;Condutor;Ileso;52.0;Feminino;1.0;0.0;0.0;0.0;-5,86329167;-35,21538716;SPRF-RN;DEL01-RN;UOP01-DEL01-RN
101096.0;224912.0;2018-01-05;sexta-feira;09:30:00;RN;101.0;97,7;NATAL;Sim;Não guardar distância de segurança;1;Colisão traseira;Com Vítimas Feridas;Pleno dia;Decrescente;Céu Claro;Dupla;Reta;Sim;179918.0;Caminhonete;GM/MONTANA MODIFICAR AB1;2013.0;Condutor;Ileso;26.0;Masculino;1.0;0.0;0.0;0.0;-5,86329167;-35,21538716;SPRF-RN;DEL01-RN;UOP01-DEL01-RN
101096.0;224914.0;2018-01-05;sexta-feira;09:30:00;RN;101.0;97,7;NATAL;Sim;Não guardar distância de segurança;1;Colisão traseira;Com Vítimas Feridas;Pleno dia;Decrescente;Céu Claro;Dupla;Reta;Sim;179918.0;Caminhonete;GM/MONTANA MODIFICAR AB1;2013.0;Passageiro;Lesões Leves;30.0;Feminino;0.0;1.0;0.0;0.0;-5,86329167;-35,21538716;SPRF-RN;DEL01-RN;UOP01-DEL01-RN
101096.0;224913.0;2018-01-05;sexta-feira;09:30:00;RN;101.0;97,7;NATAL;Sim;Não guardar distância de segurança;1;Colisão traseira;Com Vítimas Feridas;Pleno dia;Decrescente;Céu Claro;Dupla;Reta;Sim;179919.0;Automóvel;IMP/SUZUKI GVITARA 1.6 V;2000.0;Condutor;Ileso;67.0;Feminino;1.0;0.0;0.0;0.0;-5,86329167;-35,21538716;SPRF-RN;DEL01-RN;UOP01-DEL01-RN
101140.0;219624.0;2018-01-05;sexta-feira;12:20:00;RN;101.0;77,3;NATAL;Não;Restrição de Visibilidade;1;Colisão transversal;Com Vítimas Feridas;Pleno dia;Decrescente;Céu Claro;Dupla;Interseção de Vias;Sim;179747.0;Automóvel;I/CHEV CRUZE LT NB AT;2016.0;Condutor;Ileso;46.0;Masculino;1.0;0.0;0.0;0.0;-5,73377867;-35,29089232;SPRF-RN;DEL02-RN;UOP01-DEL02-RN
101140.0;219627.0;2018-01-05;sexta-feira;12:20:00;RN;101.0;77,3;NATAL;Não;Restrição de Visibilidade;1;Colisão transversal;Com Vítimas Feridas;Pleno dia;Decrescente;Céu Claro;Dupla;Interseção de Vias;Sim;179748.0;Motocicleta;HONDA/NXR160 BROS ESDD;2016.0;Condutor;Ileso;28.0;Masculino;1.0;0.0;0.0;0.0;-5,73377867;-35,29089232;SPRF-RN;DEL02-RN;UOP01-DEL02-RN
101140.0;221703.0;2018-01-05;sexta-feira;12:20:00;RN;101.0;77,3;NATAL;Não;Restrição de Visibilidade;1;Colisão transversal;Com Vítimas Feridas;Pleno dia;Decrescente;Céu Claro;Dupla;Interseção de Vias;Sim;179748.0;Motocicleta;HONDA/NXR160 BROS ESDD;2016.0;Passageiro;Lesões Leves;18.0;Feminino;0.0;1.0;0.0;0.0;-5,73377867;-35,29089232;SPRF-RN;DEL02-RN;UOP01-DEL02-RN
101140.0;219624.0;2018-01-05;sexta-feira;12:20:00;RN;101.0;77,3;NATAL;Sim;Falta de Atenção à Condução;1;Colisão transversal;Com Vítimas Feridas;Pleno dia;Decrescente;Céu Claro;Dupla;Interseção de Vias;Sim;179747.0;Automóvel;I/CHEV CRUZE LT NB AT;2016.0;Condutor;Ileso;46.0;Masculino;1.0;0.0;0.0;0.0;-5,73377867;-35,29089232;SPRF-RN;DEL02-RN;UOP01-DEL02-RN
101140.0;219627.0;2018-01-05;sexta-feira;12:20:00;RN;101.0;77,3;NATAL;Sim;Falta de Atenção à Condução;1;Colisão transversal;Com Vítimas Feridas;Pleno dia;Decrescente;Céu Claro;Dupla;Interseção de Vias;Sim;179748.0;Motocicleta;HONDA/NXR160 BROS ESDD;2016.0;Condutor;Ileso;28.0;Masculino;1.0;0.0;0.0;0.0;-5,73377867;-35,29089232;SPRF-RN;DEL02-RN;UOP01-DEL02-RN
101140.0;221703.0;2018-01-05;sexta-feira;12:20:00;RN;101.0;77,3;NATAL;Sim;Falta de Atenção à Condução;1;Colisão transversal;Com Vítimas Feridas;Pleno dia;Decrescente;Céu Claro;Dupla;Interseção de Vias;Sim;179748.0;Motocicleta;HONDA/NXR160 BROS ESDD;2016.0;Passageiro;Lesões Leves;18.0;Feminino;0.0;1.0;0.0;0.0;-5,73377867;-35,29089232;SPRF-RN;DEL02-RN;UOP01-DEL02-RN
101181.0;219301.0;2018-01-05;sexta-feira;14:10:00;RN;406.0;170;NATAL;Sim;Falta de Atenção à Condução;1;Colisão traseira;Sem Vítimas;Pleno dia;Decrescente;Céu Claro;Dupla;Reta;Sim;179732.0;Automóvel;RENAULT/SANDERO EXP1016V;2010.0;Condutor;Ileso;32.0;Feminino;1.0;0.0;0.0;0.0;-5,7954106;-35,209732;SPRF-RN;DEL02-RN;UOP01-DEL02-RN
101181.0;219293.0;2018-01-05;sexta-feira;14:10:00;RN;406.0;170;NATAL;Sim;Falta de Atenção à Condução;1;Colisão traseira;Sem Vítimas;Pleno dia;Decrescente;Céu Claro;Dupla;Reta;Sim;179727.0;Caminhonete;VW/SAVEIRO 1.8;2001.0;Condutor;Ileso;41.0;Masculino;1.0;0.0;0.0;0.0;-5,7954106;-35,209732;SPRF-RN;DEL02-RN;UOP01-DEL02-RN
101267.0;219664.0;2018-01-05;sexta-feira;18:25:00;RN;101.0;96,3;NATAL;Sim;Falta de Atenção à Condução;1;Colisão transversal;Com Vítimas Feridas;Plena Noite;Crescente;Céu Claro;Múltipla;Interseção de Vias;Sim;179921.0;Motocicleta;HONDA/CG 150 TITAN KS;2009.0;Condutor;Lesões Leves;24.0;Masculino;0.0;1.0;0.0;0.0;-5,84870741;-35,2088216;SPRF-RN;DEL01-RN;UOP01-DEL01-RN
101267.0;219663.0;2018-01-05;sexta-feira;18:25:00;RN;101.0;96,3;NATAL;Sim;Falta de Atenção à Condução;1;Colisão transversal;Com Vítimas Feridas;Plena Noite;Crescente;Céu Claro;Múltipla;Interseção de Vias;Sim;179920.0;Automóvel;HYUNDAI/HB20 1.0M COMFOR;2017.0;Condutor;Ileso;60.0;Feminino;1.0;0.0;0.0;0.0;-5,84870741;-35,2088216;SPRF-RN;DEL01-RN;UOP01-DEL01-RN
101635.0;222301.0;2018-01-07;domingo;02:35:00;RN;101.0;98;NATAL;Sim;Ingestão de Álcool;1;Colisão traseira;Com Vítimas Feridas;Plena Noite;Crescente;Céu Claro;Dupla;Em Obras;Sim;180731.0;Motocicleta;HONDA/CG150 TITAN MIX KS;2009.0;Passageiro;Lesões Graves;38.0;Masculino;0.0;0.0;1.0;0.0;-5,865949;-35,216979;SPRF-RN;DEL01-RN;UOP01-DEL01-RN
101635.0;222298.0;2018-01-07;domingo;02:35:00;RN;101.0;98;NATAL;Sim;Ingestão de Álcool;1;Colisão traseira;Com Vítimas Feridas;Plena Noite;Crescente;Céu Claro;Dupla;Em Obras;Sim;180731.0;Motocicleta;HONDA/CG150 TITAN MIX KS;2009.0;Condutor;Lesões Graves;37.0;Masculino;0.0;0.0;1.0;0.0;-5,865949;-35,216979;SPRF-RN;DEL01-RN;UOP01-DEL01-RN
101635.0;222273.0;2018-01-07;domingo;02:35:00;RN;101.0;98;NATAL;Sim;Ingestão de Álcool;1;Colisão traseira;Com Vítimas Feridas;Plena Noite;Crescente;Céu Claro;Dupla;Em Obras;Sim;180730.0;Caminhonete;I/VW AMAROK CD 4X4 TREND;2012.0;Passageiro;Ileso;35.0;Feminino;1.0;0.0;0.0;0.0;-5,865949;-35,216979;SPRF-RN;DEL01-RN;UOP01-DEL01-RN
101635.0;222249.0;2018-01-07;domingo;02:35:00;RN;101.0;98;NATAL;Sim;Ingestão de Álcool;1;Colisão traseira;Com Vítimas Feridas;Plena Noite;Crescente;Céu Claro;Dupla;Em Obras;Sim;180730.0;Caminhonete;I/VW AMAROK CD 4X4 TREND;2012.0;Condutor;Ileso;41.0;Masculino;1.0;0.0;0.0;0.0;-5,865949;-35,216979;SPRF-RN;DEL01-RN;UOP01-DEL01-RN
102932.0;223562.0;2018-01-12;sexta-feira;15:00:00;RN;101.0;73;NATAL;Sim;Desobediência às normas de trânsito pelo condutor;1;Colisão transversal;Com Vítimas Feridas;Pleno dia;Decrescente;Céu Claro;Simples;Interseção de Vias;Não;182878.0;Motocicleta;HONDA/NXR160 BROS ESDD;2015.0;Condutor;Lesões Leves;51.0;Masculino;0.0;1.0;0.0;0.0;-5,706872;-35,266884;SPRF-RN;DEL02-RN;UOP01-DEL02-RN
102932.0;223564.0;2018-01-12;sexta-feira;15:00:00;RN;101.0;73;NATAL;Sim;Desobediência às normas de trânsito pelo condutor;1;Colisão transversal;Com Vítimas Feridas;Pleno dia;Decrescente;Céu Claro;Simples;Interseção de Vias;Não;182879.0;Motocicleta;HONDA/POP100;2007.0;Passageiro;Lesões Graves;51.0;Masculino;0.0;0.0;1.0;0.0;-5,706872;-35,266884;SPRF-RN;DEL02-RN;UOP01-DEL02-RN
102932.0;223563.0;2018-01-12;sexta-feira;15:00:00;RN;101.0;73;NATAL;Sim;Desobediência às normas de trânsito pelo condutor;1;Colisão transversal;Com Vítimas Feridas;Pleno dia;Decrescente;Céu Claro;Simples;Interseção de Vias;Não;182879.0;Motocicleta;HONDA/POP100;2007.0;Condutor;Lesões Leves;29.0;Masculino;0.0;1.0;0.0;0.0;-5,706872;-35,266884;SPRF-RN;DEL02-RN;UOP01-DEL02-RN
102995.0;225546.0;2018-01-12;sexta-feira;18:00:00;RN;101.0;95,2;NATAL;Sim;Não guardar distância de segurança;1;Colisão traseira;Com Vítimas Feridas;Plena Noite;Decrescente;Céu Claro;Dupla;Reta;Sim;184469.0;Automóvel;HYUNDAI/HB20 1.0M 1.0 M;2012.0;Condutor;Ileso;38.0;Masculino;1.0;0.0;0.0;0.0;-5,84248471;-35,20967995;SPRF-RN;DEL01-RN;UOP01-DEL01-RN
102995.0;225550.0;2018-01-12;sexta-feira;18:00:00;RN;101.0;95,2;NATAL;Sim;Não guardar distância de segurança;1;Colisão traseira;Com Vítimas Feridas;Plena Noite;Decrescente;Céu Claro;Dupla;Reta;Sim;184470.0;Motocicleta;YAMAHA/YBR150 FACTOR E;2017.0;Condutor;Ileso;26.0;Masculino;1.0;0.0;0.0;0.0;-5,84248471;-35,20967995;SPRF-RN;DEL01-RN;UOP01-DEL01-RN
102995.0;225557.0;2018-01-12;sexta-feira;18:00:00;RN;101.0;95,2;NATAL;Sim;Não guardar distância de segurança;1;Colisão traseira;Com Vítimas Feridas;Plena Noite;Decrescente;Céu Claro;Dupla;Reta;Sim;184470.0;Motocicleta;YAMAHA/YBR150 FACTOR E;2017.0;Passageiro;Lesões Leves;32.0;Feminino;0.0;1.0;0.0;0.0;-5,84248471;-35,20967995;SPRF-RN;DEL01-RN;UOP01-DEL01-RN
103354.0;224251.0;2018-01-14;domingo;02:50:00;RN;101.0;99,6;NATAL;Sim;Ingestão de Álcool;1;Tombamento;Com Vítimas Feridas;Plena Noite;Crescente;Garoa/Chuvisco;Dupla;Reta;Sim;183547.0;Motocicleta;HONDA/CG 125 FAN KS;2010.0;Condutor;Lesões Leves;37.0;Masculino;0.0;1.0;0.0;0.0;-5,87752101;-35,22388995;SPRF-RN;DEL01-RN;UOP01-DEL01-RN
103621.0;230144.0;2018-01-14;domingo;22:45:00;RN;101.0;84,3;NATAL;Sim;Falta de Atenção do Pedestre;1;Atropelamento de Pedestre;Com Vítimas Feridas;Plena Noite;Decrescente;Céu Claro;Dupla;Reta;Sim;183961.0;Automóvel;I/CHEVROLET CLASSIC LS;2014.0;Condutor;Ileso;48.0;Masculino;1.0;0.0;0.0;0.0;-5,77513034;-35,25521831;SPRF-RN;DEL02-RN;UOP01-DEL02-RN
103621.0;230145.0;2018-01-14;domingo;22:45:00;RN;101.0;84,3;NATAL;Sim;Falta de Atenção do Pedestre;1;Atropelamento de Pedestre;Com Vítimas Feridas;Plena Noite;Decrescente;Céu Claro;Dupla;Reta;Sim;;;NA/NA;;Pedestre;Lesões Leves;48.0;Masculino;0.0;1.0;0.0;0.0;-5,77513034;-35,25521831;SPRF-RN;DEL02-RN;UOP01-DEL02-RN
104408.0;227128.0;2018-01-18;quinta-feira;17:30:00;RN;101.0;82,9;NATAL;Não;Desobediência às normas de trânsito pelo condutor;1;Atropelamento de Pedestre;Com Vítimas Feridas;Anoitecer;Crescente;Chuva;Dupla;Reta;Sim;185590.0;Motocicleta;HONDA/CG 125I FAN;2016.0;Condutor;Ileso;29.0;Masculino;1.0;0.0;0.0;0.0;-5,77009264;-35,26910394;SPRF-RN;DEL02-RN;UOP01-DEL02-RN
104408.0;227133.0;2018-01-18;quinta-feira;17:30:00;RN;101.0;82,9;NATAL;Não;Desobediência às normas de trânsito pelo condutor;1;Atropelamento de Pedestre;Com Vítimas Feridas;Anoitecer;Crescente;Chuva;Dupla;Reta;Sim;;;NA/NA;;Pedestre;Lesões Leves;36.0;Feminino;0.0;1.0;0.0;0.0;-5,77009264;-35,26910394;SPRF-RN;DEL02-RN;UOP01-DEL02-RN
104408.0;227128.0;2018-01-18;quinta-feira;17:30:00;RN;101.0;82,9;NATAL;Sim;Falta de Atenção à Condução;1;Atropelamento de Pedestre;Com Vítimas Feridas;Anoitecer;Crescente;Chuva;Dupla;Reta;Sim;185590.0;Motocicleta;HONDA/CG 125I FAN;2016.0;Condutor;Ileso;29.0;Masculino;1.0;0.0;0.0;0.0;-5,77009264;-35,26910394;SPRF-RN;DEL02-RN;UOP01-DEL02-RN
104408.0;227133.0;2018-01-18;quinta-feira;17:30:00;RN;101.0;82,9;NATAL;Sim;Falta de Atenção à Condução;1;Atropelamento de Pedestre;Com Vítimas Feridas;Anoitecer;Crescente;Chuva;Dupla;Reta;Sim;;;NA/NA;;Pedestre;Lesões Leves;36.0;Feminino;0.0;1.0;0.0;0.0;-5,77009264;-35,26910394;SPRF-RN;DEL02-RN;UOP01-DEL02-RN
104927.0;228119.0;2018-01-20;sábado;15:34:00;RN;101.0;83;NATAL;Sim;Falta de Atenção à Condução;1;Colisão traseira;Com Vítimas Feridas;Pleno dia;Decrescente;Céu Claro;Dupla;Reta;Sim;186468.0;Ciclomotor;I/BASHAN JONNY HYPE 50;2010.0;Condutor;Lesões Leves;54.0;Masculino;0.0;1.0;0.0;0.0;-5,77166027;-35,2646783;SPRF-RN;DEL02-RN;UOP01-DEL02-RN
104927.0;228120.0;2018-01-20;sábado;15:34:00;RN;101.0;83;NATAL;Sim;Falta de Atenção à Condução;1;Colisão traseira;Com Vítimas Feridas;Pleno dia;Decrescente;Céu Claro;Dupla;Reta;Sim;186469.0;Automóvel;PEUGEOT/207PASSION XR;2010.0;Condutor;Ileso;47.0;Feminino;1.0;0.0;0.0;0.0;-5,77166027;-35,2646783;SPRF-RN;DEL02-RN;UOP01-DEL02-RN