id;pesid;data_inversa;dia_semana;horario;uf;br;km;municipio;causa_principal;causa_acidente;ordem_tipo_acidente;tipo_acidente;classificacao_acidente;fase_dia;sentido_via;condicao_metereologica;tipo_pista;tracado_via;uso_solo;id_veiculo;tipo_veiculo;marca;ano_fabricacao_veiculo;tipo_envolvido;estado_fisico;idade;sexo;ilesos;feridos_leves;feridos_graves;mortos;latitude;longitude;regional;delegacia;uop
112278.0;247983.0;2018-02-19;segunda-feira;07:50:00;RN;101.0;94;NATAL;Sim;Desobediência às normas de trânsito pelo condutor;1;Colisão lateral;Com Vítimas Feridas;Pleno dia;Decrescente;Céu Claro;Múltipla;Reta;Não;200270.0;Automóvel;CHEVROLET/ONIX 1.4MT LT;2017.0;Condutor;Ileso;37.0;Feminino;1.0;0.0;0.0;0.0;-5,82970111;-35,21119237;SPRF-RN;DEL01-RN;UOP01-DEL01-RN
112650.0;245674.0;2018-01-31;quarta-feira;14:00:00;RN;101.0;94,9;NATAL;Sim;Falta de Atenção à Condução;1;Colisão transversal;Com Vítimas Feridas;Pleno dia;Crescente;Céu Claro;Simples;Interseção de Vias;Sim;200789.0;Caminhonete;I/TOYOTA HILUX CDSRVA4FD;2017.0;Condutor;Não Informado;;Não Informado;0.0;0.0;0.0;0.0;-5,83835411;-35,21116638;SPRF-RN;DEL01-RN;UOP01-DEL01-RN
112650.0;245672.0;2018-01-31;quarta-feira;14:00:00;RN;101.0;94,9;NATAL;Sim;Falta de Atenção à Condução;1;Colisão transversal;Com Vítimas Feridas;Pleno dia;Crescente;Céu Claro;Simples;Interseção de Vias;Sim;200785.0;Motocicleta;HONDA/CG 150 TITAN EX;2013.0;Condutor;Lesões Leves;;Masculino;0.0;1.0;0.0;0.0;-5,83835411;-35,21116638;SPRF-RN;DEL01-RN;UOP01-DEL01-RN
112650.0;245675.0;2018-01-31;quarta-feira;14:00:00;RN;101.0;94,9;NATAL;Sim;Falta de Atenção à Condução;1;Colisão transversal;Com Vítimas Feridas;Pleno dia;Crescente;Céu Claro;Simples;Interseção de Vias;Sim;;;NA/NA;;Testemunha;Não Informado;;Não Informado;0.0;0.0;0.0;0.0;-5,83835411;-35,21116638;SPRF-RN;DEL01-RN;UOP01-DEL01-RN
112777.0;246081.0;2018-02-21;quarta-feira;11:00:00;RN;101.0;78,5;NATAL;Sim;Falta de Atenção à Condução;1;Colisão transversal;Com Vítimas Feridas;Pleno dia;Decrescente;Céu Claro;Dupla;Retorno Regulamentado;Não;201100.0;Caminhonete;NISSAN/FRONTIER SE4X4ATT;2012.0;Condutor;Ileso;51.0;Masculino;1.0;0.0;0.0;0.0;-5,74534235;-35,28973013;SPRF-RN;DEL02-RN;UOP01-DEL02-RN
112777.0;246084.0;2018-02-21;quarta-feira;11:00:00;RN;101.0;78,5;NATAL;Sim;Falta de Atenção à Condução;1;Colisão transversal;Com Vítimas Feridas;Pleno dia;Decrescente;Céu Claro;Dupla;Retorno Regulamentado;Não;201101.0;Automóvel;FIAT/PALIO ELX FLEX;2009.0;Condutor;Ileso;27.0;Masculino;1.0;0.0;0.0;0.0;-5,74534235;-35,28973013;SPRF-RN;DEL02-RN;UOP01-DEL02-RN
112777.0;246531.0;2018-02-21;quarta-feira;11:00:00;RN;101.0;78,5;NATAL;Sim;Falta de Atenção à Condução;1;Colisão transversal;Com Vítimas Feridas;Pleno dia;Decrescente;Céu Claro;Dupla;Retorno Regulamentado;Não;201101.0;Automóvel;FIAT/PALIO ELX FLEX;2009.0;Passageiro;Lesões Leves;30.0;Masculino;0.0;1.0;0.0;0.0;-5,74534235;-35,28973013;SPRF-RN;DEL02-RN;UOP01-DEL02-RN
113232.0;248719.0;2018-02-22;quinta-feira;23:00:00;RN;101.0;84,5;NATAL;Sim;Falta de Atenção à Condução;1;Colisão traseira;Com Vítimas Feridas;Plena Noite;Crescente;Céu Claro;Dupla;Reta;Sim;203650.0;Automóvel;FIAT/PALIO FIRE;2004.0;Condutor;Ileso;35.0;Masculino;1.0;0.0;0.0;0.0;-5,77313486;-35,26062012;SPRF-RN;DEL02-RN;UOP01-DEL02-RN
113232.0;248722.0;2018-02-22;quinta-feira;23:00:00;RN;101.0;84,5;NATAL;Sim;Falta de Atenção à Condução;1;Colisão traseira;Com Vítimas Feridas;Plena Noite;Crescente;Céu Claro;Dupla;Reta;Sim;203651.0;Motocicleta;HONDA/CG 125 FAN KS;2014.0;Condutor;Lesões Leves;15.0;Masculino;0.0;1.0;0.0;0.0;-5,77313486;-35,26062012;SPRF-RN;DEL02-RN;UOP01-DEL02-RN
113279.0;247301.0;2018-02-23;sexta-feira;07:15:00;RN;101.0;94;NATAL;Sim;Falta de Atenção à Condução;1;Colisão lateral;Com Vítimas Feridas;Pleno dia;Decrescente;Sol;Múltipla;Reta;Sim;202354.0;Automóvel;FIAT/SIENA EL FLEX;2009.0;Condutor;Ileso;37.0;Masculino;1.0;0.0;0.0;0.0;-5,831766;-35,211914;SPRF-RN;DEL01-RN;UOP01-DEL01-RN
113279.0;247303.0;2018-02-23;sexta-feira;07:15:00;RN;101.0;94;NATAL;Sim;Falta de Atenção à Condução;1;Colisão lateral;Com Vítimas Feridas;Pleno dia;Decrescente;Sol;Múltipla;Reta;Sim;202355.0;Motocicleta;YAMAHA/YS150 FAZER SED;2017.0;Condutor;Lesões Leves;52.0;Masculino;0.0;1.0;0.0;0.0;-5,831766;-35,211914;SPRF-RN;DEL01-RN;UOP01-DEL01-RN
113922.0;248573.0;2018-02-25;domingo;10:00:00;RN;101.0;97,3;NATAL;Sim;Falta de Atenção à Condução;1;Colisão traseira;Sem Vítimas;Pleno dia;Decrescente;Céu Claro;Dupla;Reta;Sim;203175.0;Automóvel;FIAT/PALIO FIRE FLEX;2008.0;Passageiro;Ileso;69.0;Feminino;1.0;0.0;0.0;0.0;-5,86004535;-35,21386459;SPRF-RN;DEL01-RN;UOP01-DEL01-RN
113922.0;248574.0;2018-02-25;domingo;10:00:00;RN;101.0;97,3;NATAL;Sim;Falta de Atenção à Condução;1;Colisão traseira;Sem Vítimas;Pleno dia;Decrescente;Céu Claro;Dupla;Reta;Sim;203175.0;Automóvel;FIAT/PALIO FIRE FLEX;2008.0;Passageiro;Ileso;50.0;Feminino;1.0;0.0;0.0;0.0;-5,86004535;-35,21386459;SPRF-RN;DEL01-RN;UOP01-DEL01-RN
113922.0;248570.0;2018-02-25;domingo;10:00:00;RN;101.0;97,3;NATAL;Sim;Falta de Atenção à Condução;1;Colisão traseira;Sem Vítimas;Pleno dia;Decrescente;Céu Claro;Dupla;Reta;Sim;203175.0;Automóvel;FIAT/PALIO FIRE FLEX;2008.0;Condutor;Ileso;57.0;Masculino;1.0;0.0;0.0;0.0;-5,86004535;-35,21386459;SPRF-RN;DEL01-RN;UOP01-DEL01-RN
113922.0;248572.0;2018-02-25;domingo;10:00:00;RN;101.0;97,3;NATAL;Sim;Falta de Atenção à Condução;1;Colisão traseira;Sem Vítimas;Pleno dia;Decrescente;Céu Claro;Dupla;Reta;Sim;203176.0;Automóvel;GM/CLASSIC LIFE;2009.0;Condutor;Ileso;63.0;Masculino;1.0;0.0;0.0;0.0;-5,86004535;-35,21386459;SPRF-RN;DEL01-RN;UOP01-DEL01-RN
114052.0;248402.0;2018-02-25;domingo;19:20:00;RN;101.0;79;NATAL;Sim;Animais na Pista;1;Atropelamento de Animal;Com Vítimas Feridas;Plena Noite;Crescente;Céu Claro;Dupla;Reta;Não;203376.0;Motocicleta;HONDA/NXR150BROS MIX ESD;2010.0;Condutor;Lesões Graves;52.0;Masculino;0.0;0.0;1.0;0.0;-5,749747;-35,289169;SPRF-RN;DEL02-RN;UOP01-DEL02-RN
114052.0;248402.0;2018-02-25;domingo;19:20:00;RN;101.0;79;NATAL;Sim;Animais na Pista;2;Tombamento;Com Vítimas Feridas;Plena Noite;Crescente;Céu Claro;Dupla;Reta;Não;203376.0;Motocicleta;HONDA/NXR150BROS MIX ESD;2010.0;Condutor;Lesões Graves;52.0;Masculino;0.0;0.0;1.0;0.0;-5,749747;-35,289169;SPRF-RN;DEL02-RN;UOP01-DEL02-RN
114455.0;249809.0;2018-02-27;terça-feira;07:25:00;RN;101.0;97,1;NATAL;Sim;Falta de Atenção à Condução;1;Colisão traseira;Com Vítimas Feridas;Pleno dia;Decrescente;Sol;Múltipla;Viaduto;Sim;204431.0;Motocicleta;YAMAHA/YBR125 FACTOR K1;2015.0;Condutor;Lesões Graves;45.0;Feminino;0.0;0.0;1.0;0.0;-5,85850774;-35,21312892;SPRF-RN;DEL01-RN;UOP01-DEL01-RN
114455.0;249811.0;2018-02-27;terça-feira;07:25:00;RN;101.0;97,1;NATAL;Sim;Falta de Atenção à Condução;1;Colisão traseira;Com Vítimas Feridas;Pleno dia;Decrescente;Sol;Múltipla;Viaduto;Sim;204432.0;Automóvel;VW/GOL TL MB;2015.0;Condutor;Ileso;29.0;Masculino;1.0;0.0;0.0;0.0;-5,85850774;-35,21312892;SPRF-RN;DEL01-RN;UOP01-DEL01-RN
114759.0;250475.0;2018-02-28;quarta-feira;12:40:00;RN;101.0;96;NATAL;Sim;Não guardar distância de segurança;1;Colisão traseira;Sem Vítimas;Pleno dia;Crescente;Céu Claro;Dupla;Curva;Sim;205141.0;Motocicleta;HONDA/XRE 300;2017.0;Condutor;Ileso;50.0;Masculino;1.0;0.0;0.0;0.0;-5,845127;-35,208729;SPRF-RN;DEL01-RN;UOP01-DEL01-RN
114759.0;250476.0;2018-02-28;quarta-feira;12:40:00;RN;101.0;96;NATAL;Sim;Não guardar distância de segurança;1;Colisão traseira;Sem Vítimas;Pleno dia;Crescente;Céu Claro;Dupla;Curva;Sim;205143.0;Automóvel;VW/NOVO GOL CL MBV;2017.0;Condutor;Ileso;32.0;Masculino;1.0;0.0;0.0;0.0;-5,845127;-35,208729;SPRF-RN;DEL01-RN;UOP01-DEL01-RN
114776.0;250152.0;2018-02-28;quarta-feira;13:15:00;RN;406.0;169;NATAL;Sim;Ingestão de Álcool;1;Capotamento;Com Vítimas Feridas;Pleno dia;Decrescente;Garoa/Chuvisco;Dupla;Interseção de Vias;Sim;204870.0;Automóvel;FIAT/IDEA ELX FLEX;2010.0;Condutor;Lesões Leves;36.0;Masculino;0.0;1.0;0.0;0.0;-5,75821084;-35,30018538;SPRF-RN;DEL02-RN;UOP01-DEL02-RN
114776.0;252084.0;2018-02-28;quarta-feira;13:15:00;RN;406.0;169;NATAL;Sim;Ingestão de Álcool;1;Capotamento;Com Vítimas Feridas;Pleno dia;Decrescente;Garoa/Chuvisco;Dupla;Interseção de Vias;Sim;206545.0;Automóvel;RENAULT/SANDERO EXP1016V;2010.0;Condutor;Ileso;82.0;Masculino;1.0;0.0;0.0;0.0;-5,75821084;-35,30018538;SPRF-RN;DEL02-RN;UOP01-DEL02-RN
115169.0;252537.0;2018-03-02;sexta-feira;09:00:00;RN;226.0;3;NATAL;Sim;Falta de Atenção do Pedestre;1;Colisão com objeto em movimento;Com Vítimas Feridas;Pleno dia;Crescente;Sol;Simples;Reta;Sim;205854.0;Ciclomotor;Não Informado/Não Informado;0.0;Condutor;Lesões Graves;36.0;Masculino;0.0;0.0;1.0;0.0;-5,821087;-35,277065;SPRF-RN;DEL01-RN;UOP02-DEL01-RN
115169.0;252538.0;2018-03-02;sexta-feira;09:00:00;RN;226.0;3;NATAL;Sim;Falta de Atenção do Pedestre;1;Colisão com objeto em movimento;Com Vítimas Feridas;Pleno dia;Crescente;Sol;Simples;Reta;Sim;205854.0;Ciclomotor;Não Informado/Não Informado;0.0;Passageiro;Lesões Leves;32.0;Feminino;0.0;1.0;0.0;0.0;-5,821087;-35,277065;SPRF-RN;DEL01-RN;UOP02-DEL01-RN
115169.0;252535.0;2018-03-02;sexta-feira;09:00:00;RN;226.0;3;NATAL;Sim;Falta de Atenção do Pedestre;1;Colisão com objeto em movimento;Com Vítimas Feridas;Pleno dia;Crescente;Sol;Simples;Reta;Sim;205853.0;Motocicleta;HONDA/CG 150 TITAN KS;2008.0;Condutor;Lesões Graves;31.0;Masculino;0.0;0.0;1.0;0.0;-5,821087;-35,277065;SPRF-RN;DEL01-RN;UOP02-DEL01-RN
115169.0;252537.0;2018-03-02;sexta-feira;09:00:00;RN;226.0;3;NATAL;Sim;Falta de Atenção do Pedestre;2;Colisão frontal;Com Vítimas Feridas;Pleno dia;Crescente;Sol;Simples;Reta;Sim;205854.0;Ciclomotor;Não Informado/Não Informado;0.0;Condutor;Lesões Graves;36.0;Masculino;0.0;0.0;1.0;0.0;-5,821087;-35,277065;SPRF-RN;DEL01-RN;UOP02-DEL01-RN
115169.0;252538.0;2018-03-02;sexta-feira;09:00:00;RN;226.0;3;NATAL;Sim;Falta de Atenção do Pedestre;2;Colisão frontal;Com Vítimas Feridas;Pleno dia;Crescente;Sol;Simples;Reta;Sim;205854.0;Ciclomotor;Não Informado/Não Informado;0.0;Passageiro;Lesões Leves;32.0;Feminino;0.0;1.0;0.0;0.0;-5,821087;-35,277065;SPRF-RN;DEL01-RN;UOP02-DEL01-RN
115169.0;252535.0;2018-03-02;sexta-feira;09:00:00;RN;226.0;3;NATAL;Sim;Falta de Atenção do Pedestre;2;Colisão frontal;Com Vítimas Feridas;Pleno dia;Crescente;Sol;Simples;Reta;Sim;205853.0;Motocicleta;HONDA/CG 150 TITAN KS;2008.0;Condutor;Lesões Graves;31.0;Masculino;0.0;0.0;1.0;0.0;-5,821087;-35,277065;SPRF-RN;DEL01-RN;UOP02-DEL01-RN
115169.0;252537.0;2018-03-02;sexta-feira;09:00:00;RN;226.0;3;NATAL;Sim;Falta de Atenção do Pedestre;3;Tombamento;Com Vítimas Feridas;Pleno dia;Crescente;Sol;Simples;Reta;Sim;205854.0;Ciclomotor;Não Informado/Não Informado;0.0;Condutor;Lesões Graves;36.0;Masculino;0.0;0.0;1.0;0.0;-5,821087;-35,277065;SPRF-RN;DEL01-RN;UOP02-DEL01-RN
115169.0;252538.0;2018-03-02;sexta-feira;09:00:00;RN;226.0;3;NATAL;Sim;Falta de Atenção do Pedestre;3;Tombamento;Com Vítimas Feridas;Pleno dia;Crescente;Sol;Simples;Reta;Sim;205854.0;Ciclomotor;Não Informado/Não Informado;0.0;Passageiro;Lesões Leves;32.0;Feminino;0.0;1.0;0.0;0.0;-5,821087;-35,277065;SPRF-RN;DEL01-RN;UOP02-DEL01-RN
115169.0;252535.0;2018-03-02;sexta-feira;09:00:00;RN;226.0;3;NATAL;Sim;Falta de Atenção do Pedestre;3;Tombamento;Com Vítimas Feridas;Pleno dia;Crescente;Sol;Simples;Reta;Sim;205853.0;Motocicleta;HONDA/CG 150 TITAN KS;2008.0;Condutor;Lesões Graves;31.0;Masculino;0.0;0.0;1.0;0.0;-5,821087;-35,277065;SPRF-RN;DEL01-RN;UOP02-DEL01-RN
115178.0;253308.0;2018-03-02;sexta-feira;09:00:00;RN;101.0;94;NATAL;Sim;Não guardar distância de segurança;1;Colisão lateral;Sem Vítimas;Pleno dia;Crescente;Céu Claro;Múltipla;Curva;Sim;207549.0;Camioneta;RENAULT/DUSTER 20 D 4X4;2016.0;Condutor;Ileso;59.0;Masculino;1.0;0.0;0.0;0.0;-5,7792569;-35,200916;SPRF-RN;DEL01-RN;UOP01-DEL01-RN
115178.0;253307.0;2018-03-02;sexta-feira;09:00:00;RN;101.0;94;NATAL;Sim;Não guardar distância de segurança;1;Colisão lateral;Sem Vítimas;Pleno dia;Crescente;Céu Claro;Múltipla;Curva;Sim;205861.0;Automóvel;I/CITROEN C4 20GLXA5P F;2010.0;Condutor;Ileso;24.0;Masculino;1.0;0.0;0.0;0.0;-5,7792569;-35,200916;SPRF-RN;DEL01-RN;UOP01-DEL01-RN
116564.0;254068.0;2018-03-07;quarta-feira;21:45:00;RN;226.0;1,5;NATAL;Sim;Animais na Pista;1;Atropelamento de Animal;Com Vítimas Feridas;Plena Noite;Decrescente;Céu Claro;Dupla;Reta;Sim;208194.0;Motocicleta;HONDA/CB 300R;2013.0;Condutor;Lesões Leves;29.0;Masculino;0.0;1.0;0.0;0.0;-5,809263;-35,24402;SPRF-RN;DEL01-RN;UOP02-DEL01-RN
116764.0;254481.0;2018-03-08;quinta-feira;17:20:00;RN;101.0;85,6;NATAL;Sim;Falta de Atenção à Condução;1;Colisão traseira;Com Vítimas Feridas;Anoitecer;Crescente;Céu Claro;Dupla;Ponte;Sim;208492.0;Camioneta;FORD/ECOSPORT FSL AT1.6B;2016.0;Condutor;Ileso;39.0;Feminino;1.0;0.0;0.0;0.0;-5,783276;-35,2471306;SPRF-RN;DEL02-RN;UOP01-DEL02-RN
116764.0;254482.0;2018-03-08;quinta-feira;17:20:00;RN;101.0;85,6;NATAL;Sim;Falta de Atenção à Condução;1;Colisão traseira;Com Vítimas Feridas;Anoitecer;Crescente;Céu Claro;Dupla;Ponte;Sim;208497.0;Motocicleta;HONDA/CG 125 FAN KS;2010.0;Condutor;Lesões Leves;33.0;Masculino;0.0;1.0;0.0;0.0;-5,783276;-35,2471306;SPRF-RN;DEL02-RN;UOP01-DEL02-RN
116764.0;254487.0;2018-03-08;quinta-feira;17:20:00;RN;101.0;85,6;NATAL;Sim;Falta de Atenção à Condução;1;Colisão traseira;Com Vítimas Feridas;Anoitecer;Crescente;Céu Claro;Dupla;Ponte;Sim;208499.0;Motocicleta;HONDA/CG 125 FAN KS;2012.0;Condutor;Lesões Leves;41.0;Masculino;0.0;1.0;0.0;0.0;-5,783276;-35,2471306;SPRF-RN;DEL02-RN;UOP01-DEL02-RN
116985.0;254945.0;2018-03-09;sexta-feira;15:40:00;RN;101.0;94;NATAL;Sim;Não guardar distância de segurança;1;Colisão traseira;Com Vítimas Feridas;Pleno dia;Crescente;Céu Claro;Dupla;Reta;Sim;208934.0;Micro-ônibus;VW/COMIL BELLO M;2004.0;Condutor;Ileso;30.0;Masculino;1.0;0.0;0.0;0.0;-5,831766;-35,211914;SPRF-RN;DEL01-RN;UOP01-DEL01-RN
116985.0;254941.0;2018-03-09;sexta-feira;15:40:00;RN;101.0;94;NATAL;Sim;Não guardar distância de segurança;1;Colisão traseira;Com Vítimas Feridas;Pleno dia;Crescente;Céu Claro;Dupla;Reta;Sim;208921.0;Camioneta;RENAULT/DUSTER 20 D 4X2A;2015.0;Condutor;Lesões Leves;70.0;Feminino;0.0;1.0;0.0;0.0;-5,831766;-35,211914;SPRF-RN;DEL01-RN;UOP01-DEL01-RN
116990.0;257109.0;2018-03-09;sexta-feira;16:30:00;RN;101.0;98;NATAL;Não;Falta de Atenção à Condução;1;Colisão traseira;Sem Vítimas;Pleno dia;Crescente;Céu Claro;Dupla;Reta;Sim;208929.0;Automóvel;FORD/KA SEL 1.0 HA;2015.0;Condutor;Ileso;16.0;Masculino;1.0;0.0;0.0;0.0;-5,865723;-35,216537;SPRF-RN;DEL01-RN;UOP01-DEL01-RN
116990.0;257111.0;2018-03-09;sexta-feira;16:30:00;RN;101.0;98;NATAL;Não;Falta de Atenção à Condução;1;Colisão traseira;Sem Vítimas;Pleno dia;Crescente;Céu Claro;Dupla;Reta;Sim;208929.0;Automóvel;FORD/KA SEL 1.0 HA;2015.0;Passageiro;Ileso;43.0;Feminino;1.0;0.0;0.0;0.0;-5,865723;-35,216537;SPRF-RN;DEL01-RN;UOP01-DEL01-RN
116990.0;257112.0;2018-03-09;sexta-feira;16:30:00;RN;101.0;98;NATAL;Não;Falta de Atenção à Condução;1;Colisão traseira;Sem Vítimas;Pleno dia;Crescente;Céu Claro;Dupla;Reta;Sim;208930.0;Automóvel;I/FIAT PALIO ATTRACT 1.0;2013.0;Condutor;Ileso;51.0;Masculino;1.0;0.0;0.0;0.0;-5,865723;-35,216537;SPRF-RN;DEL01-RN;UOP01-DEL01-RN
116990.0;257114.0;2018-03-09;sexta-feira;16:30:00;RN;101.0;98;NATAL;Não;Falta de Atenção à Condução;1;Colisão traseira;Sem Vítimas;Pleno dia;Crescente;Céu Claro;Dupla;Reta;Sim;208930.0;Automóvel;I/FIAT PALIO ATTRACT 1.0;2013.0;Passageiro;Ileso;37.0;Feminino;1.0;0.0;0.0;0.0;-5,865723;-35,216537;SPRF-RN;DEL01-RN;UOP01-DEL01-RN
116990.0;257116.0;2018-03-09;sexta-feira;16:30:00;RN;101.0;98;NATAL;Não;Falta de Atenção à Condução;1;Colisão traseira;Sem Vítimas;Pleno dia;Crescente;Céu Claro;Dupla;Reta;Sim;208930.0;Automóvel;I/FIAT PALIO ATTRACT 1.0;2013.0;Passageiro;Ileso;29.0;Feminino;1.0;0.0;0.0;0.0;-5,865723;-35,216537;SPRF-RN;DEL01-RN;UOP01-DEL01-RN
116990.0;257109.0;2018-03-09;sexta-feira;16:30:00;RN;101.0;98;NATAL;Sim;Não guardar distância de segurança;1;Colisão traseira;Sem Vítimas;Pleno dia;Crescente;Céu Claro;Dupla;Reta;Sim;208929.0;Automóvel;FORD/KA SEL 1.0 HA;2015.0;Condutor;Ileso;16.0;Masculino;1.0;0.0;0.0;0.0;-5,865723;-35,216537;SPRF-RN;DEL01-RN;UOP01-DEL01-RN
116990.0;257111.0;2018-03-09;sexta-feira;16:30:00;RN;101.0;98;NATAL;Sim;Não guardar distância de segurança;1;Colisão traseira;Sem Vítimas;Pleno dia;Crescente;Céu Claro;Dupla;Reta;Sim;208929.0;Automóvel;FORD/KA SEL 1.0 HA;2015.0;Passageiro;Ileso;43.0;Feminino;1.0;0.0;0.0;0.0;-5,865723;-35,216537;SPRF-RN;DEL01-RN;UOP01-DEL01-RN
116990.0;257112.0;2018-03-09;sexta-feira;16:30:00;RN;101.0;98;NATAL;Sim;Não guardar distância de segurança;1;Colisão traseira;Sem Vítimas;Pleno dia;Crescente;Céu Claro;Dupla;Reta;Sim;208930.0;Automóvel;I/FIAT PALIO ATTRACT 1.0;2013.0;Condutor;Ileso;51.0;Masculino;1.0;0.0;0.0;0.0;-5,865723;-35,216537;SPRF-RN;DEL01-RN;UOP01-DEL01-RN
116990.0;257114.0;2018-03-09;sexta-feira;16:30:00;RN;101.0;98;NATAL;Sim;Não guardar distância de segurança;1;Colisão traseira;Sem Vítimas;Pleno dia;Crescente;Céu Claro;Dupla;Reta;Sim;208930.0;Automóvel;I/FIAT PALIO ATTRACT 1.0;2013.0;Passageiro;Ileso;37.0;Feminino;1.0;0.0;0.0;0.0;-5,865723;-35,216537;SPRF-RN;DEL01-RN;UOP01-DEL01-RN
116990.0;257116.0;2018-03-09;sexta-feira;16:30:00;RN;101.0;98;NATAL;Sim;Não guardar distância de segurança;1;Colisão traseira;Sem Vítimas;Pleno dia;Crescente;Céu Claro;Dupla;Reta;Sim;208930.0;Automóvel;I/FIAT PALIO ATTRACT 1.0;2013.0;Passageiro;Ileso;29.0;Feminino;1.0;0.0;0.0;0.0;-5,865723;-35,216537;SPRF-RN;DEL01-RN;UOP01-DEL01-RN
117629.0;257932.0;2018-03-11;domingo;22:50:00;RN;226.0;3;NATAL;Sim;Pista Escorregadia;1;Tombamento;Com Vítimas Feridas;Plena Noite;Crescente;Céu Claro;Simples;Curva;Sim;211439.0;Motocicleta;HONDA/NX 400I FALCON;2012.0;Passageiro;Lesões Leves;35.0;Feminino;0.0;1.0;0.0;0.0;-5,82182946;-35,25240518;SPRF-RN;DEL01-RN;UOP02-DEL01-RN
117629.0;257931.0;2018-03-11;domingo;22:50:00;RN;226.0;3;NATAL;Sim;Pista Escorregadia;1;Tombamento;Com Vítimas Feridas;Plena Noite;Crescente;Céu Claro;Simples;Curva;Sim;211439.0;Motocicleta;HONDA/NX 400I FALCON;2012.0;Condutor;Lesões Leves;30.0;Masculino;0.0;1.0;0.0;0.0;-5,82182946;-35,25240518;SPRF-RN;DEL01-RN;UOP02-DEL01-RN
117629.0;257917.0;2018-03-11;domingo;22:50:00;RN;226.0;3;NATAL;Sim;Pista Escorregadia;1;Tombamento;Com Vítimas Feridas;Plena Noite;Crescente;Céu Claro;Simples;Curva;Sim;211440.0;Motocicleta;Não Informado/Não Informado;0.0;Condutor;Não Informado;;Não Informado;0.0;0.0;0.0;0.0;-5,82182946;-35,25240518;SPRF-RN;DEL01-RN;UOP02-DEL01-RN
118301.0;257739.0;2018-03-14;quarta-feira;09:25:00;RN;101.0;95;NATAL;Sim;Falta de Atenção à Condução;1;Colisão traseira;Sem Vítimas;Pleno dia;Crescente;Céu Claro;Dupla;Interseção de Vias;Sim;211283.0;Automóvel;GM/VECTRA SEDAN ELEGANCE;2007.0;Condutor;Ileso;64.0;Feminino;1.0;0.0;0.0;0.0;-5,840768;-35,210358;SPRF-RN;DEL01-RN;UOP01-DEL01-RN
118301.0;257741.0;2018-03-14;quarta-feira;09:25:00;RN;101.0;95;NATAL;Sim;Falta de Atenção à Condução;1;Colisão traseira;Sem Vítimas;Pleno dia;Crescente;Céu Claro;Dupla;Interseção de Vias;Sim;211284.0;Motocicleta;HONDA/NXR150 BROS ES;2013.0;Condutor;Ileso;39.0;Masculino;1.0;0.0;0.0;0.0;-5,840768;-35,210358;SPRF-RN;DEL01-RN;UOP01-DEL01-RN
118333.0;257951.0;2018-03-15;quinta-feira;06:10:00;RN;101.0;99,8;NATAL;Não;Não guardar distância de segurança;1;Colisão traseira;Com Vítimas Feridas;Pleno dia;Decrescente;Céu Claro;Dupla;Reta;Sim;211415.0;Ônibus;MARCOPOLO/VOLARE W9 ON;2014.0;Condutor;Ileso;46.0;Masculino;1.0;0.0;0.0;0.0;-5,87191261;-35,21947235;SPRF-RN;DEL01-RN;UOP01-DEL01-RN
118333.0;257952.0;2018-03-15;quinta-feira;06:10:00;RN;101.0;99,8;NATAL;Não;Não guardar distância de segurança;1;Colisão traseira;Com Vítimas Feridas;Pleno dia;Decrescente;Céu Claro;Dupla;Reta;Sim;211416.0;Ônibus;VW/COMIL SVELTO U;2012.0;Condutor;Ileso;28.0;Masculino;1.0;0.0;0.0;0.0;-5,87191261;-35,21947235;SPRF-RN;DEL01-RN;UOP01-DEL01-RN
118333.0;257957.0;2018-03-15;quinta-feira;06:10:00;RN;101.0;99,8;NATAL;Não;Não guardar distância de segurança;1;Colisão traseira;Com Vítimas Feridas;Pleno dia;Decrescente;Céu Claro;Dupla;Reta;Sim;211417.0;Motocicleta;HONDA/CG 150 FAN ESI;2011.0;Condutor;Lesões Leves;34.0;Masculino;0.0;1.0;0.0;0.0;-5,87191261;-35,21947235;SPRF-RN;DEL01-RN;UOP01-DEL01-RN
118333.0;257951.0;2018-03-15;quinta-feira;06:10:00;RN;101.0;99,8;NATAL;Sim;Falta de Atenção à Condução;1;Colisão traseira;Com Vítimas Feridas;Pleno dia;Decrescente;Céu Claro;Dupla;Reta;Sim;211415.0;Ônibus;MARCOPOLO/VOLARE W9 ON;2014.0;Condutor;Ileso;46.0;Masculino;1.0;0.0;0.0;0.0;-5,87191261;-35,21947235;SPRF-RN;DEL01-RN;UOP01-DEL01-RN
118333.0;257952.0;2018-03-15;quinta-feira;06:10:00;RN;101.0;99,8;NATAL;Sim;Falta de Atenção à Condução;1;Colisão traseira;Com Vítimas Feridas;Pleno dia;Decrescente;Céu Claro;Dupla;Reta;Sim;211416.0;Ônibus;VW/COMIL SVELTO U;2012.0;Condutor;Ileso;28.0;Masculino;1.0;0.0;0.0;0.0;-5,87191261;-35,21947235;SPRF-RN;DEL01-RN;UOP01-DEL01-RN
118333.0;257957.0;2018-03-15;quinta-feira;06:10:00;RN;101.0;99,8;NATAL;Sim;Falta de Atenção à Condução;1;Colisão traseira;Com Vítimas Feridas;Pleno dia;Decrescente;Céu Claro;Dupla;Reta;Sim;211417.0;Motocicleta;HONDA/CG 150 FAN ESI;2011.0;Condutor;Lesões Leves;34.0;Masculino;0.0;1.0;0.0;0.0;-5,87191261;-35,21947235;SPRF-RN;DEL01-RN;UOP01-DEL01-RN
118333.0;257951.0;2018-03-15;quinta-feira;06:10:00;RN;101.0;99,8;NATAL;Não;Não guardar distância de segurança;2;Colisão traseira;Com Vítimas Feridas;Pleno dia;Decrescente;Céu Claro;Dupla;Reta;Sim;211415.0;Ônibus;MARCOPOLO/VOLARE W9 ON;2014.0;Condutor;Ileso;46.0;Masculino;1.0;0.0;0.0;0.0;-5,87191261;-35,21947235;SPRF-RN;DEL01-RN;UOP01-DEL01-RN