id;pesid;data_inversa;dia_semana;horario;uf;br;km;municipio;causa_principal;causa_acidente;ordem_tipo_acidente;tipo_acidente;classificacao_acidente;fase_dia;sentido_via;condicao_metereologica;tipo_pista;tracado_via;uso_solo;id_veiculo;tipo_veiculo;marca;ano_fabricacao_veiculo;tipo_envolvido;estado_fisico;idade;sexo;ilesos;feridos_leves;feridos_graves;mortos;latitude;longitude;regional;delegacia;uop
127669.0;275174.0;2018-04-13;sexta-feira;22:30:00;RN;101.0;79,2;NATAL;Sim;Falta de Atenção à Condução;2;Queda de ocupante de veículo;Com Vítimas Feridas;Plena Noite;Decrescente;Céu Claro;Dupla;Reta;Sim;225448.0;Motocicleta;HONDA/CB 300R;2013.0;Condutor;Lesões Graves;40.0;Masculino;0.0;0.0;1.0;0.0;-5,75162447;-35,28903166;SPRF-RN;DEL02-RN;UOP01-DEL02-RN
127752.0;275446.0;2018-04-14;sábado;09:30:00;RN;101.0;84,8;NATAL;Sim;Desobediência às normas de trânsito pelo condutor;1;Colisão lateral;Com Vítimas Feridas;Pleno dia;Crescente;Céu Claro;Múltipla;Interseção de Vias;Não;225688.0;Automóvel;VW/GOL 1.0;2006.0;Condutor;Ileso;40.0;Masculino;1.0;0.0;0.0;0.0;-5,77636386;-35,25233477;SPRF-RN;DEL02-RN;UOP01-DEL02-RN
127752.0;275452.0;2018-04-14;sábado;09:30:00;RN;101.0;84,8;NATAL;Sim;Desobediência às normas de trânsito pelo condutor;1;Colisão lateral;Com Vítimas Feridas;Pleno dia;Crescente;Céu Claro;Múltipla;Interseção de Vias;Não;225701.0;Motocicleta;HONDA/NXR150 BROS ESD;2014.0;Condutor;Lesões Leves;25.0;Masculino;0.0;1.0;0.0;0.0;-5,77636386;-35,25233477;SPRF-RN;DEL02-RN;UOP01-DEL02-RN
128443.0;276975.0;2018-04-12;quinta-feira;15:30:00;RN;101.0;95,7;NATAL;Sim;Não guardar distância de segurança;1;Colisão traseira;Sem Vítimas;Pleno dia;Crescente;Céu Claro;Simples;Interseção de Vias;Sim;226898.0;Utilitário;I/LR FREELANDER2 SD4 S;2013.0;Condutor;Ileso;72.0;Masculino;1.0;0.0;0.0;0.0;-5,84208739;-35,21028042;SPRF-RN;DEL01-RN;UOP01-DEL01-RN
128443.0;276976.0;2018-04-12;quinta-feira;15:30:00;RN;101.0;95,7;NATAL;Sim;Não guardar distância de segurança;1;Colisão traseira;Sem Vítimas;Pleno dia;Crescente;Céu Claro;Simples;Interseção de Vias;Sim;226899.0;Automóvel;VW/VOYAGE TL MB;2015.0;Condutor;Ileso;56.0;Masculino;1.0;0.0;0.0;0.0;-5,84208739;-35,21028042;SPRF-RN;DEL01-RN;UOP01-DEL01-RN
128565.0;279181.0;2018-04-17;terça-feira;21:00:00;RN;101.0;94;NATAL;Sim;Falta de Atenção à Condução;1;Tombamento;Com Vítimas Feridas;Plena Noite;Crescente;Céu Claro;Múltipla;Curva;Sim;227172.0;Motocicleta;HONDA/CG 160 FAN ESDI;2016.0;Condutor;Lesões Leves;22.0;Masculino;0.0;1.0;0.0;0.0;-5,827594;-35,21089;SPRF-RN;DEL01-RN;UOP01-DEL01-RN
129362.0;281015.0;2018-04-21;sábado;16:20:00;RN;226.0;4,3;NATAL;Não;Ingestão de Álcool;1;Colisão frontal;Sem Vítimas;Pleno dia;Crescente;Céu Claro;Simples;Reta;Sim;228529.0;Automóvel;FIAT/PALIO WEEKEND ELX;2001.0;Condutor;Ileso;29.0;Masculino;1.0;0.0;0.0;0.0;-5,819569;-35,259762;SPRF-RN;DEL01-RN;UOP02-DEL01-RN
129362.0;281017.0;2018-04-21;sábado;16:20:00;RN;226.0;4,3;NATAL;Não;Ingestão de Álcool;1;Colisão frontal;Sem Vítimas;Pleno dia;Crescente;Céu Claro;Simples;Reta;Sim;228530.0;Automóvel;I/FIAT PALIO SPORTIN 1.6;2016.0;Condutor;Ileso;25.0;Masculino;1.0;0.0;0.0;0.0;-5,819569;-35,259762;SPRF-RN;DEL01-RN;UOP02-DEL01-RN
129362.0;281015.0;2018-04-21;sábado;16:20:00;RN;226.0;4,3;NATAL;Sim;Desobediência às normas de trânsito pelo condutor;1;Colisão frontal;Sem Vítimas;Pleno dia;Crescente;Céu Claro;Simples;Reta;Sim;228529.0;Automóvel;FIAT/PALIO WEEKEND ELX;2001.0;Condutor;Ileso;29.0;Masculino;1.0;0.0;0.0;0.0;-5,819569;-35,259762;SPRF-RN;DEL01-RN;UOP02-DEL01-RN
129362.0;281017.0;2018-04-21;sábado;16:20:00;RN;226.0;4,3;NATAL;Sim;Desobediência às normas de trânsito pelo condutor;1;Colisão frontal;Sem Vítimas;Pleno dia;Crescente;Céu Claro;Simples;Reta;Sim;228530.0;Automóvel;I/FIAT PALIO SPORTIN 1.6;2016.0;Condutor;Ileso;25.0;Masculino;1.0;0.0;0.0;0.0;-5,819569;-35,259762;SPRF-RN;DEL01-RN;UOP02-DEL01-RN
130022.0;280667.0;2018-04-24;terça-feira;18:40:00;RN;101.0;94,7;NATAL;Sim;Falta de Atenção à Condução;1;Colisão traseira;Sem Vítimas;Plena Noite;Crescente;Céu Claro;Múltipla;Viaduto;Sim;229745.0;Automóvel;FORD/FIESTA 16SE;2016.0;Condutor;Ileso;44.0;Masculino;1.0;0.0;0.0;0.0;-5,83797823;-35,21136403;SPRF-RN;DEL01-RN;UOP01-DEL01-RN
130022.0;280669.0;2018-04-24;terça-feira;18:40:00;RN;101.0;94,7;NATAL;Sim;Falta de Atenção à Condução;1;Colisão traseira;Sem Vítimas;Plena Noite;Crescente;Céu Claro;Múltipla;Viaduto;Sim;229746.0;Automóvel;GM/VECTRA MILENIUM;2000.0;Condutor;Ileso;55.0;Masculino;1.0;0.0;0.0;0.0;-5,83797823;-35,21136403;SPRF-RN;DEL01-RN;UOP01-DEL01-RN
130028.0;280641.0;2018-04-24;terça-feira;21:10:00;RN;101.0;96,9;NATAL;Sim;Desobediência às normas de trânsito pelo pedestre;1;Atropelamento de Pedestre;Com Vítimas Fatais;Plena Noite;Crescente;Céu Claro;Múltipla;Reta;Sim;229768.0;Caminhonete;RENAULT/MASTER13M3 25DCI;2009.0;Condutor;Ileso;35.0;Masculino;1.0;0.0;0.0;0.0;-5,85473;-35,211761;SPRF-RN;DEL01-RN;UOP01-DEL01-RN
130028.0;280639.0;2018-04-24;terça-feira;21:10:00;RN;101.0;96,9;NATAL;Sim;Desobediência às normas de trânsito pelo pedestre;1;Atropelamento de Pedestre;Com Vítimas Fatais;Plena Noite;Crescente;Céu Claro;Múltipla;Reta;Sim;;;NA/NA;;Pedestre;Óbito;;Feminino;0.0;0.0;0.0;1.0;-5,85473;-35,211761;SPRF-RN;DEL01-RN;UOP01-DEL01-RN
130381.0;281469.0;2018-04-26;quinta-feira;17:50:00;RN;226.0;4,9;NATAL;Sim;Desobediência às normas de trânsito pelo condutor;1;Queda de ocupante de veículo;Com Vítimas Feridas;Plena Noite;Decrescente;Céu Claro;Simples;Reta;Sim;230393.0;Motocicleta;HONDA/CG 125 FAN KS;2011.0;Condutor;Lesões Leves;27.0;Masculino;0.0;1.0;0.0;0.0;-5,819569;-35,259762;SPRF-RN;DEL01-RN;UOP02-DEL01-RN
130480.0;281744.0;2018-04-27;sexta-feira;09:25:00;RN;101.0;83;NATAL;Sim;Falta de Atenção à Condução;1;Colisão traseira;Com Vítimas Feridas;Pleno dia;Decrescente;Céu Claro;Dupla;Reta;Sim;230628.0;Motocicleta;HONDA/POP100;2015.0;Condutor;Lesões Leves;42.0;Masculino;0.0;1.0;0.0;0.0;-5,771044;-35,266171;SPRF-RN;DEL02-RN;UOP01-DEL02-RN
130480.0;281746.0;2018-04-27;sexta-feira;09:25:00;RN;101.0;83;NATAL;Sim;Falta de Atenção à Condução;1;Colisão traseira;Com Vítimas Feridas;Pleno dia;Decrescente;Céu Claro;Dupla;Reta;Sim;230629.0;Motocicleta;HONDA/CBX 250 TWISTER;2001.0;Condutor;Lesões Leves;21.0;Masculino;0.0;1.0;0.0;0.0;-5,771044;-35,266171;SPRF-RN;DEL02-RN;UOP01-DEL02-RN
130838.0;284252.0;2018-04-28;sábado;19:35:00;RN;226.0;5,2;NATAL;Não;Desobediência às normas de trânsito pelo condutor;1;Saída de leito carroçável;Com Vítimas Feridas;Plena Noite;Crescente;Céu Claro;Simples;Reta;Sim;231366.0;Motocicleta;HONDA/CG150 START;2015.0;Condutor;Lesões Graves;21.0;Masculino;0.0;0.0;1.0;0.0;-5,82148257;-35,26970208;SPRF-RN;DEL01-RN;UOP02-DEL01-RN
130838.0;284252.0;2018-04-28;sábado;19:35:00;RN;226.0;5,2;NATAL;Sim;Falta de Atenção à Condução;1;Saída de leito carroçável;Com Vítimas Feridas;Plena Noite;Crescente;Céu Claro;Simples;Reta;Sim;231366.0;Motocicleta;HONDA/CG150 START;2015.0;Condutor;Lesões Graves;21.0;Masculino;0.0;0.0;1.0;0.0;-5,82148257;-35,26970208;SPRF-RN;DEL01-RN;UOP02-DEL01-RN
130838.0;284252.0;2018-04-28;sábado;19:35:00;RN;226.0;5,2;NATAL;Não;Desobediência às normas de trânsito pelo condutor;2;Colisão com objeto estático;Com Vítimas Feridas;Plena Noite;Crescente;Céu Claro;Simples;Reta;Sim;231366.0;Motocicleta;HONDA/CG150 START;2015.0;Condutor;Lesões Graves;21.0;Masculino;0.0;0.0;1.0;0.0;-5,82148257;-35,26970208;SPRF-RN;DEL01-RN;UOP02-DEL01-RN
130838.0;284252.0;2018-04-28;sábado;19:35:00;RN;226.0;5,2;NATAL;Sim;Falta de Atenção à Condução;2;Colisão com objeto estático;Com Vítimas Feridas;Plena Noite;Crescente;Céu Claro;Simples;Reta;Sim;231366.0;Motocicleta;HONDA/CG150 START;2015.0;Condutor;Lesões Graves;21.0;Masculino;0.0;0.0;1.0;0.0;-5,82148257;-35,26970208;SPRF-RN;DEL01-RN;UOP02-DEL01-RN
130859.0;284517.0;2018-04-28;sábado;20:30:00;RN;101.0;95,8;NATAL;Sim;Ingestão de Álcool;1;Colisão lateral;Com Vítimas Feridas;Plena Noite;Crescente;Nublado;Múltipla;Declive;Sim;231315.0;Bicicleta;Não Informado/Não Informado;0.0;Condutor;Lesões Leves;44.0;Masculino;0.0;1.0;0.0;0.0;-5,84568956;-35,20837069;SPRF-RN;DEL01-RN;UOP01-DEL01-RN
130859.0;284516.0;2018-04-28;sábado;20:30:00;RN;101.0;95,8;NATAL;Sim;Ingestão de Álcool;1;Colisão lateral;Com Vítimas Feridas;Plena Noite;Crescente;Nublado;Múltipla;Declive;Sim;231314.0;Ônibus;M.BENZ/MPOLO TORINO U;2013.0;Condutor;Ileso;58.0;Masculino;1.0;0.0;0.0;0.0;-5,84568956;-35,20837069;SPRF-RN;DEL01-RN;UOP01-DEL01-RN
131045.0;284849.0;2018-04-29;domingo;18:00:00;RN;101.0;81,6;NATAL;Sim;Desobediência às normas de trânsito pelo condutor;1;Colisão transversal;Com Vítimas Feridas;Plena Noite;Decrescente;Nublado;Dupla;Reta;Sim;231638.0;Motocicleta;HONDA/CG150 START;2015.0;Condutor;Lesões Graves;38.0;Masculino;0.0;0.0;1.0;0.0;-5,76673;-35,27759;SPRF-RN;DEL02-RN;UOP01-DEL02-RN
131045.0;284847.0;2018-04-29;domingo;18:00:00;RN;101.0;81,6;NATAL;Sim;Desobediência às normas de trânsito pelo condutor;1;Colisão transversal;Com Vítimas Feridas;Plena Noite;Decrescente;Nublado;Dupla;Reta;Sim;233036.0;Ciclomotor;Não Informado/Não Informado;0.0;Condutor;Não Informado;;Não Informado;0.0;0.0;0.0;0.0;-5,76673;-35,27759;SPRF-RN;DEL02-RN;UOP01-DEL02-RN
131268.0;283577.0;2018-04-30;segunda-feira;21:10:00;RN;101.0;94;NATAL;Não;Pista Escorregadia;1;Colisão com objeto estático;Com Vítimas Feridas;Plena Noite;Decrescente;Nublado;Múltipla;Reta;Sim;232065.0;Automóvel;FIAT/SIENA EL 1.4 FLEX;2014.0;Condutor;Lesões Leves;55.0;Masculino;0.0;1.0;0.0;0.0;-5,828385;-35,210518;SPRF-RN;DEL01-RN;UOP01-DEL01-RN
131268.0;283578.0;2018-04-30;segunda-feira;21:10:00;RN;101.0;94;NATAL;Não;Pista Escorregadia;1;Colisão com objeto estático;Com Vítimas Feridas;Plena Noite;Decrescente;Nublado;Múltipla;Reta;Sim;232065.0;Automóvel;FIAT/SIENA EL 1.4 FLEX;2014.0;Passageiro;Lesões Leves;84.0;Feminino;0.0;1.0;0.0;0.0;-5,828385;-35,210518;SPRF-RN;DEL01-RN;UOP01-DEL01-RN
131268.0;283577.0;2018-04-30;segunda-feira;21:10:00;RN;101.0;94;NATAL;Sim;Defeito na Via;1;Colisão com objeto estático;Com Vítimas Feridas;Plena Noite;Decrescente;Nublado;Múltipla;Reta;Sim;232065.0;Automóvel;FIAT/SIENA EL 1.4 FLEX;2014.0;Condutor;Lesões Leves;55.0;Masculino;0.0;1.0;0.0;0.0;-5,828385;-35,210518;SPRF-RN;DEL01-RN;UOP01-DEL01-RN
131268.0;283578.0;2018-04-30;segunda-feira;21:10:00;RN;101.0;94;NATAL;Sim;Defeito na Via;1;Colisão com objeto estático;Com Vítimas Feridas;Plena Noite;Decrescente;Nublado;Múltipla;Reta;Sim;232065.0;Automóvel;FIAT/SIENA EL 1.4 FLEX;2014.0;Passageiro;Lesões Leves;84.0;Feminino;0.0;1.0;0.0;0.0;-5,828385;-35,210518;SPRF-RN;DEL01-RN;UOP01-DEL01-RN
131268.0;283577.0;2018-04-30;segunda-feira;21:10:00;RN;101.0;94;NATAL;Não;Pista Escorregadia;2;Capotamento;Com Vítimas Feridas;Plena Noite;Decrescente;Nublado;Múltipla;Reta;Sim;232065.0;Automóvel;FIAT/SIENA EL 1.4 FLEX;2014.0;Condutor;Lesões Leves;55.0;Masculino;0.0;1.0;0.0;0.0;-5,828385;-35,210518;SPRF-RN;DEL01-RN;UOP01-DEL01-RN
131268.0;283578.0;2018-04-30;segunda-feira;21:10:00;RN;101.0;94;NATAL;Não;Pista Escorregadia;2;Capotamento;Com Vítimas Feridas;Plena Noite;Decrescente;Nublado;Múltipla;Reta;Sim;232065.0;Automóvel;FIAT/SIENA EL 1.4 FLEX;2014.0;Passageiro;Lesões Leves;84.0;Feminino;0.0;1.0;0.0;0.0;-5,828385;-35,210518;SPRF-RN;DEL01-RN;UOP01-DEL01-RN
131268.0;283577.0;2018-04-30;segunda-feira;21:10:00;RN;101.0;94;NATAL;Sim;Defeito na Via;2;Capotamento;Com Vítimas Feridas;Plena Noite;Decrescente;Nublado;Múltipla;Reta;Sim;232065.0;Automóvel;FIAT/SIENA EL 1.4 FLEX;2014.0;Condutor;Lesões Leves;55.0;Masculino;0.0;1.0;0.0;0.0;-5,828385;-35,210518;SPRF-RN;DEL01-RN;UOP01-DEL01-RN
131268.0;283578.0;2018-04-30;segunda-feira;21:10:00;RN;101.0;94;NATAL;Sim;Defeito na Via;2;Capotamento;Com Vítimas Feridas;Plena Noite;Decrescente;Nublado;Múltipla;Reta;Sim;232065.0;Automóvel;FIAT/SIENA EL 1.4 FLEX;2014.0;Passageiro;Lesões Leves;84.0;Feminino;0.0;1.0;0.0;0.0;-5,828385;-35,210518;SPRF-RN;DEL01-RN;UOP01-DEL01-RN
131741.0;284974.0;2018-05-03;quinta-feira;11:35:00;RN;101.0;97;NATAL;Sim;Falta de Atenção à Condução;1;Colisão transversal;Com Vítimas Feridas;Pleno dia;Decrescente;Céu Claro;Múltipla;"Retorno Regulamentado;Interseção de Vias";Sim;233065.0;Caminhonete;MMC/L200 TRITON 3.2 D;2008.0;Condutor;Ileso;29.0;Feminino;1.0;0.0;0.0;0.0;-5,859097;-35,213136;SPRF-RN;DEL01-RN;UOP01-DEL01-RN
131741.0;284976.0;2018-05-03;quinta-feira;11:35:00;RN;101.0;97;NATAL;Sim;Falta de Atenção à Condução;1;Colisão transversal;Com Vítimas Feridas;Pleno dia;Decrescente;Céu Claro;Múltipla;"Retorno Regulamentado;Interseção de Vias";Sim;233065.0;Caminhonete;MMC/L200 TRITON 3.2 D;2008.0;Passageiro;Lesões Leves;19.0;Masculino;0.0;1.0;0.0;0.0;-5,859097;-35,213136;SPRF-RN;DEL01-RN;UOP01-DEL01-RN
131741.0;284981.0;2018-05-03;quinta-feira;11:35:00;RN;101.0;97;NATAL;Sim;Falta de Atenção à Condução;1;Colisão transversal;Com Vítimas Feridas;Pleno dia;Decrescente;Céu Claro;Múltipla;"Retorno Regulamentado;Interseção de Vias";Sim;233066.0;Ônibus;M.BENZ/MPOLO TORINO U;2008.0;Condutor;Ileso;42.0;Masculino;1.0;0.0;0.0;0.0;-5,859097;-35,213136;SPRF-RN;DEL01-RN;UOP01-DEL01-RN
131741.0;284984.0;2018-05-03;quinta-feira;11:35:00;RN;101.0;97;NATAL;Sim;Falta de Atenção à Condução;1;Colisão transversal;Com Vítimas Feridas;Pleno dia;Decrescente;Céu Claro;Múltipla;"Retorno Regulamentado;Interseção de Vias";Sim;233066.0;Ônibus;M.BENZ/MPOLO TORINO U;2008.0;Passageiro;Lesões Leves;21.0;Feminino;0.0;1.0;0.0;0.0;-5,859097;-35,213136;SPRF-RN;DEL01-RN;UOP01-DEL01-RN
131969.0;285136.0;2018-03-18;domingo;13:58:00;RN;101.0;94,8;NATAL;Sim;Desobediência às normas de trânsito pelo condutor;1;Colisão transversal;Com Vítimas Feridas;Pleno dia;Crescente;Céu Claro;Múltipla;Reta;Sim;233324.0;Automóvel;VW/CROSSFOX GII;2012.0;Condutor;Lesões Leves;;Feminino;0.0;1.0;0.0;0.0;-5,840768;-35,210358;SPRF-RN;DEL01-RN;UOP01-DEL01-RN
131969.0;285135.0;2018-03-18;domingo;13:58:00;RN;101.0;94,8;NATAL;Sim;Desobediência às normas de trânsito pelo condutor;1;Colisão transversal;Com Vítimas Feridas;Pleno dia;Crescente;Céu Claro;Múltipla;Reta;Sim;233322.0;Ônibus;VW/COMIL PIA O;2010.0;Condutor;Ileso;;Masculino;1.0;0.0;0.0;0.0;-5,840768;-35,210358;SPRF-RN;DEL01-RN;UOP01-DEL01-RN
131993.0;285425.0;2018-05-04;sexta-feira;16:00:00;RN;101.0;95,1;NATAL;Sim;Falta de Atenção à Condução;1;Colisão lateral;Com Vítimas Feridas;Pleno dia;Decrescente;Céu Claro;Dupla;Reta;Sim;233411.0;Automóvel;VW/GOLF 1.6 SPORTLINE;2012.0;Condutor;Ileso;30.0;Masculino;1.0;0.0;0.0;0.0;-5,840768;-35,210358;SPRF-RN;DEL01-RN;UOP01-DEL01-RN
131993.0;285407.0;2018-05-04;sexta-feira;16:00:00;RN;101.0;95,1;NATAL;Sim;Falta de Atenção à Condução;1;Colisão lateral;Com Vítimas Feridas;Pleno dia;Decrescente;Céu Claro;Dupla;Reta;Sim;233410.0;Motocicleta;YAMAHA/XTZ 125XE;2015.0;Condutor;Lesões Leves;27.0;Masculino;0.0;1.0;0.0;0.0;-5,840768;-35,210358;SPRF-RN;DEL01-RN;UOP01-DEL01-RN
132409.0;286119.0;2018-05-06;domingo;16:15:00;RN;406.0;170,4;NATAL;Sim;Falta de Atenção à Condução;1;Colisão transversal;Com Vítimas Feridas;Pleno dia;Decrescente;Céu Claro;Dupla;Reta;Sim;234106.0;Bicicleta;Não Informado/Não Informado;0.0;Condutor;Lesões Graves;17.0;Masculino;0.0;0.0;1.0;0.0;-5,75289811;-35,31415164;SPRF-RN;DEL02-RN;UOP01-DEL02-RN
132409.0;286118.0;2018-05-06;domingo;16:15:00;RN;406.0;170,4;NATAL;Sim;Falta de Atenção à Condução;1;Colisão transversal;Com Vítimas Feridas;Pleno dia;Decrescente;Céu Claro;Dupla;Reta;Sim;234105.0;Caminhonete;CHEVROLET/S10 LT FD2;2014.0;Condutor;Ileso;30.0;Masculino;1.0;0.0;0.0;0.0;-5,75289811;-35,31415164;SPRF-RN;DEL02-RN;UOP01-DEL02-RN
132686.0;288517.0;2018-05-07;segunda-feira;18:00:00;RN;101.0;80,4;NATAL;Sim;Falta de Atenção do Pedestre;1;Atropelamento de Pedestre;Sem Vítimas;Pleno dia;Decrescente;Nublado;Dupla;Reta;Sim;236027.0;Motocicleta;Não Informado/Não Informado;0.0;Condutor;Não Informado;;Não Informado;0.0;0.0;0.0;0.0;-5,76198;-35,28728;SPRF-RN;DEL02-RN;UOP01-DEL02-RN
132686.0;288521.0;2018-05-07;segunda-feira;18:00:00;RN;101.0;80,4;NATAL;Sim;Falta de Atenção do Pedestre;1;Atropelamento de Pedestre;Sem Vítimas;Pleno dia;Decrescente;Nublado;Dupla;Reta;Sim;236083.0;Ônibus;M.BENZ/MPOLO TORINO GVU;2000.0;Condutor;Ileso;32.0;Masculino;1.0;0.0;0.0;0.0;-5,76198;-35,28728;SPRF-RN;DEL02-RN;UOP01-DEL02-RN
132686.0;288642.0;2018-05-07;segunda-feira;18:00:00;RN;101.0;80,4;NATAL;Sim;Falta de Atenção do Pedestre;1;Atropelamento de Pedestre;Sem Vítimas;Pleno dia;Decrescente;Nublado;Dupla;Reta;Sim;;;NA/NA;;Pedestre;Ileso;57.0;Masculino;1.0;0.0;0.0;0.0;-5,76198;-35,28728;SPRF-RN;DEL02-RN;UOP01-DEL02-RN
134287.0;294059.0;2018-05-14;segunda-feira;13:30:00;RN;101.0;84,6;NATAL;Sim;Falta de Atenção à Condução;1;Colisão traseira;Com Vítimas Feridas;Pleno dia;Crescente;Céu Claro;Dupla;Ponte;Sim;237371.0;Caminhonete;I/TOYOTA HILUX CD4X4 SRV;2011.0;Condutor;Ileso;51.0;Masculino;1.0;0.0;0.0;0.0;-5,774175;-35,257801;SPRF-RN;DEL02-RN;UOP01-DEL02-RN
134287.0;294076.0;2018-05-14;segunda-feira;13:30:00;RN;101.0;84,6;NATAL;Sim;Falta de Atenção à Condução;1;Colisão traseira;Com Vítimas Feridas;Pleno dia;Crescente;Céu Claro;Dupla;Ponte;Sim;237372.0;Motocicleta;HONDA/CG 125 FAN KS;2009.0;Passageiro;Lesões Leves;;Feminino;0.0;1.0;0.0;0.0;-5,774175;-35,257801;SPRF-RN;DEL02-RN;UOP01-DEL02-RN
134287.0;294067.0;2018-05-14;segunda-feira;13:30:00;RN;101.0;84,6;NATAL;Sim;Falta de Atenção à Condução;1;Colisão traseira;Com Vítimas Feridas;Pleno dia;Crescente;Céu Claro;Dupla;Ponte;Sim;237372.0;Motocicleta;HONDA/CG 125 FAN KS;2009.0;Condutor;Lesões Leves;24.0;Masculino;0.0;1.0;0.0;0.0;-5,774175;-35,257801;SPRF-RN;DEL02-RN;UOP01-DEL02-RN
134350.0;290259.0;2018-05-14;segunda-feira;18:00:00;RN;101.0;83;NATAL;Sim;Falta de Atenção à Condução;1;Danos eventuais;Com Vítimas Feridas;Plena Noite;Decrescente;Céu Claro;Dupla;Reta;Sim;237479.0;Ônibus;M.BENZ/MPOLO TORINO U;2010.0;Condutor;Ileso;45.0;Masculino;1.0;0.0;0.0;0.0;-5,771044;-35,266171;SPRF-RN;DEL02-RN;UOP01-DEL02-RN
134350.0;290263.0;2018-05-14;segunda-feira;18:00:00;RN;101.0;83;NATAL;Sim;Falta de Atenção à Condução;1;Danos eventuais;Com Vítimas Feridas;Plena Noite;Decrescente;Céu Claro;Dupla;Reta;Sim;;;NA/NA;;Cavaleiro;Lesões Leves;18.0;Masculino;0.0;1.0;0.0;0.0;-5,771044;-35,266171;SPRF-RN;DEL02-RN;UOP01-DEL02-RN
134422.0;290519.0;2018-05-15;terça-feira;06:35:00;RN;101.0;100,7;NATAL;Sim;Falta de Atenção à Condução;1;Colisão lateral;Com Vítimas Feridas;Pleno dia;Decrescente;Sol;Dupla;Reta;Sim;237685.0;Motocicleta;YAMAHA/XTZ150 CROSSER ED;2014.0;Condutor;Lesões Leves;29.0;Masculino;0.0;1.0;0.0;0.0;-5,885945;-35,228555;SPRF-RN;DEL01-RN;UOP01-DEL01-RN
134422.0;290518.0;2018-05-15;terça-feira;06:35:00;RN;101.0;100,7;NATAL;Sim;Falta de Atenção à Condução;1;Colisão lateral;Com Vítimas Feridas;Pleno dia;Decrescente;Sol;Dupla;Reta;Sim;237626.0;Automóvel;Não Informado/Não Informado;0.0;Condutor;Ileso;;Ignorado;1.0;0.0;0.0;0.0;-5,885945;-35,228555;SPRF-RN;DEL01-RN;UOP01-DEL01-RN
134463.0;290618.0;2018-05-15;terça-feira;11:20:00;RN;101.0;84;NATAL;Sim;Desobediência às normas de trânsito pelo condutor;1;Atropelamento de Pedestre;Com Vítimas Feridas;Pleno dia;Crescente;Céu Claro;Dupla;Reta;Não;237698.0;Motocicleta;HONDA/NXR125 BROS ES;2013.0;Condutor;Ileso;40.0;Masculino;1.0;0.0;0.0;0.0;-5,77346929;-35,26018526;SPRF-RN;DEL02-RN;UOP01-DEL02-RN
134463.0;290665.0;2018-05-15;terça-feira;11:20:00;RN;101.0;84;NATAL;Sim;Desobediência às normas de trânsito pelo condutor;1;Atropelamento de Pedestre;Com Vítimas Feridas;Pleno dia;Crescente;Céu Claro;Dupla;Reta;Não;;;NA/NA;;Pedestre;Lesões Leves;42.0;Masculino;0.0;1.0;0.0;0.0;-5,77346929;-35,26018526;SPRF-RN;DEL02-RN;UOP01-DEL02-RN
134463.0;290618.0;2018-05-15;terça-feira;11:20:00;RN;101.0;84;NATAL;Sim;Desobediência às normas de trânsito pelo condutor;2;Tombamento;Com Vítimas Feridas;Pleno dia;Crescente;Céu Claro;Dupla;Reta;Não;237698.0;Motocicleta;HONDA/NXR125 BROS ES;2013.0;Condutor;Ileso;40.0;Masculino;1.0;0.0;0.0;0.0;-5,77346929;-35,26018526;SPRF-RN;DEL02-RN;UOP01-DEL02-RN
134463.0;290665.0;2018-05-15;terça-feira;11:20:00;RN;101.0;84;NATAL;Sim;Desobediência às normas de trânsito pelo condutor;2;Tombamento;Com Vítimas Feridas;Pleno dia;Crescente;Céu Claro;Dupla;Reta;Não;;;NA/NA;;Pedestre;Lesões Leves;42.0;Masculino;0.0;1.0;0.0;0.0;-5,77346929;-35,26018526;SPRF-RN;DEL02-RN;UOP01-DEL02-RN
134469.0;290775.0;2018-05-15;terça-feira;10:50:00;RN;226.0;1,6;NATAL;Sim;Falta de Atenção à Condução;1;Colisão transversal;Com Vítimas Feridas;Pleno dia;Crescente;Céu Claro;Dupla;Reta;Sim;237826.0;Motocicleta;YAMAHA/YBR 125K;2005.0;Condutor;Lesões Leves;42.0;Masculino;0.0;1.0;0.0;0.0;-5,81028062;-35,24464656;SPRF-RN;DEL01-RN;UOP02-DEL01-RN
134469.0;290772.0;2018-05-15;terça-feira;10:50:00;RN;226.0;1,6;NATAL;Sim;Falta de Atenção à Condução;1;Colisão transversal;Com Vítimas Feridas;Pleno dia;Crescente;Céu Claro;Dupla;Reta;Sim;237825.0;Automóvel;GM/CELTA 2P LIFE;2007.0;Condutor;Ileso;62.0;Masculino;1.0;0.0;0.0;0.0;-5,81028062;-35,24464656;SPRF-RN;DEL01-RN;UOP02-DEL01-RN
134766.0;291390.0;2018-05-16;quarta-feira;20:15:00;RN;101.0;80;NATAL;Sim;Falta de Atenção à Condução;1;Colisão traseira;Sem Vítimas;Plena Noite;Decrescente;Céu Claro;Dupla;Rotatória;Sim;238235.0;Caminhonete;CHEVROLET/S10 LS FD2;2015.0;Condutor;Ileso;41.0;Masculino;1.0;0.0;0.0;0.0;-5,758523;-35,288063;SPRF-RN;DEL02-RN;UOP01-DEL02-RN
134766.0;291391.0;2018-05-16;quarta-feira;20:15:00;RN;101.0;80;NATAL;Sim;Falta de Atenção à Condução;1;Colisão traseira;Sem Vítimas;Plena Noite;Decrescente;Céu Claro;Dupla;Rotatória;Sim;238236.0;Automóvel;I/CHEVROLET AGILE LTZ;2010.0;Condutor;Ileso;39.0;Masculino;1.0;0.0;0.0;0.0;-5,758523;-35,288063;SPRF-RN;DEL02-RN;UOP01-DEL02-RN