id;pesid;data_inversa;dia_semana;horario;uf;br;km;municipio;causa_principal;causa_acidente;ordem_tipo_acidente;tipo_acidente;classificacao_acidente;fase_dia;sentido_via;condicao_metereologica;tipo_pista;tracado_via;uso_solo;id_veiculo;tipo_veiculo;marca;ano_fabricacao_veiculo;tipo_envolvido;estado_fisico;idade;sexo;ilesos;feridos_leves;feridos_graves;mortos;latitude;longitude;regional;delegacia;uop
134837.0;291522.0;2018-05-11;sexta-feira;14:15:00;RN;101.0;81,5;NATAL;Sim;Não guardar distância de segurança;1;Colisão traseira;Com Vítimas Feridas;Pleno dia;Decrescente;Céu Claro;Dupla;Reta;Sim;238377.0;Automóvel;FIAT/SIENA TETRAFUEL 1.4;2013.0;Condutor;Ileso;21.0;Masculino;1.0;0.0;0.0;0.0;-5,76621064;-35,27910651;SPRF-RN;DEL02-RN;UOP01-DEL02-RN
134837.0;291523.0;2018-05-11;sexta-feira;14:15:00;RN;101.0;81,5;NATAL;Sim;Não guardar distância de segurança;1;Colisão traseira;Com Vítimas Feridas;Pleno dia;Decrescente;Céu Claro;Dupla;Reta;Sim;238378.0;Motocicleta;HONDA/NXR 160 BROS;2017.0;Condutor;Lesões Leves;52.0;Masculino;0.0;1.0;0.0;0.0;-5,76621064;-35,27910651;SPRF-RN;DEL02-RN;UOP01-DEL02-RN
134837.0;291522.0;2018-05-11;sexta-feira;14:15:00;RN;101.0;81,5;NATAL;Não;Falta de Atenção à Condução;1;Colisão traseira;Com Vítimas Feridas;Pleno dia;Decrescente;Céu Claro;Dupla;Reta;Sim;238377.0;Automóvel;FIAT/SIENA TETRAFUEL 1.4;2013.0;Condutor;Ileso;21.0;Masculino;1.0;0.0;0.0;0.0;-5,76621064;-35,27910651;SPRF-RN;DEL02-RN;UOP01-DEL02-RN
134837.0;291523.0;2018-05-11;sexta-feira;14:15:00;RN;101.0;81,5;NATAL;Não;Falta de Atenção à Condução;1;Colisão traseira;Com Vítimas Feridas;Pleno dia;Decrescente;Céu Claro;Dupla;Reta;Sim;238378.0;Motocicleta;HONDA/NXR 160 BROS;2017.0;Condutor;Lesões Leves;52.0;Masculino;0.0;1.0;0.0;0.0;-5,76621064;-35,27910651;SPRF-RN;DEL02-RN;UOP01-DEL02-RN
134837.0;291522.0;2018-05-11;sexta-feira;14:15:00;RN;101.0;81,5;NATAL;Sim;Não guardar distância de segurança;3;Queda de ocupante de veículo;Com Vítimas Feridas;Pleno dia;Decrescente;Céu Claro;Dupla;Reta;Sim;238377.0;Automóvel;FIAT/SIENA TETRAFUEL 1.4;2013.0;Condutor;Ileso;21.0;Masculino;1.0;0.0;0.0;0.0;-5,76621064;-35,27910651;SPRF-RN;DEL02-RN;UOP01-DEL02-RN
134837.0;291523.0;2018-05-11;sexta-feira;14:15:00;RN;101.0;81,5;NATAL;Sim;Não guardar distância de segurança;3;Queda de ocupante de veículo;Com Vítimas Feridas;Pleno dia;Decrescente;Céu Claro;Dupla;Reta;Sim;238378.0;Motocicleta;HONDA/NXR 160 BROS;2017.0;Condutor;Lesões Leves;52.0;Masculino;0.0;1.0;0.0;0.0;-5,76621064;-35,27910651;SPRF-RN;DEL02-RN;UOP01-DEL02-RN
134837.0;291522.0;2018-05-11;sexta-feira;14:15:00;RN;101.0;81,5;NATAL;Não;Falta de Atenção à Condução;3;Queda de ocupante de veículo;Com Vítimas Feridas;Pleno dia;Decrescente;Céu Claro;Dupla;Reta;Sim;238377.0;Automóvel;FIAT/SIENA TETRAFUEL 1.4;2013.0;Condutor;Ileso;21.0;Masculino;1.0;0.0;0.0;0.0;-5,76621064;-35,27910651;SPRF-RN;DEL02-RN;UOP01-DEL02-RN
134837.0;291523.0;2018-05-11;sexta-feira;14:15:00;RN;101.0;81,5;NATAL;Não;Falta de Atenção à Condução;3;Queda de ocupante de veículo;Com Vítimas Feridas;Pleno dia;Decrescente;Céu Claro;Dupla;Reta;Sim;238378.0;Motocicleta;HONDA/NXR 160 BROS;2017.0;Condutor;Lesões Leves;52.0;Masculino;0.0;1.0;0.0;0.0;-5,76621064;-35,27910651;SPRF-RN;DEL02-RN;UOP01-DEL02-RN
134837.0;291522.0;2018-05-11;sexta-feira;14:15:00;RN;101.0;81,5;NATAL;Sim;Não guardar distância de segurança;2;Tombamento;Com Vítimas Feridas;Pleno dia;Decrescente;Céu Claro;Dupla;Reta;Sim;238377.0;Automóvel;FIAT/SIENA TETRAFUEL 1.4;2013.0;Condutor;Ileso;21.0;Masculino;1.0;0.0;0.0;0.0;-5,76621064;-35,27910651;SPRF-RN;DEL02-RN;UOP01-DEL02-RN
134837.0;291523.0;2018-05-11;sexta-feira;14:15:00;RN;101.0;81,5;NATAL;Sim;Não guardar distância de segurança;2;Tombamento;Com Vítimas Feridas;Pleno dia;Decrescente;Céu Claro;Dupla;Reta;Sim;238378.0;Motocicleta;HONDA/NXR 160 BROS;2017.0;Condutor;Lesões Leves;52.0;Masculino;0.0;1.0;0.0;0.0;-5,76621064;-35,27910651;SPRF-RN;DEL02-RN;UOP01-DEL02-RN
134837.0;291522.0;2018-05-11;sexta-feira;14:15:00;RN;101.0;81,5;NATAL;Não;Falta de Atenção à Condução;2;Tombamento;Com Vítimas Feridas;Pleno dia;Decrescente;Céu Claro;Dupla;Reta;Sim;238377.0;Automóvel;FIAT/SIENA TETRAFUEL 1.4;2013.0;Condutor;Ileso;21.0;Masculino;1.0;0.0;0.0;0.0;-5,76621064;-35,27910651;SPRF-RN;DEL02-RN;UOP01-DEL02-RN
134837.0;291523.0;2018-05-11;sexta-feira;14:15:00;RN;101.0;81,5;NATAL;Não;Falta de Atenção à Condução;2;Tombamento;Com Vítimas Feridas;Pleno dia;Decrescente;Céu Claro;Dupla;Reta;Sim;238378.0;Motocicleta;HONDA/NXR 160 BROS;2017.0;Condutor;Lesões Leves;52.0;Masculino;0.0;1.0;0.0;0.0;-5,76621064;-35,27910651;SPRF-RN;DEL02-RN;UOP01-DEL02-RN
135120.0;292328.0;2018-05-18;sexta-feira;18:30:00;RN;101.0;98,8;NATAL;Sim;Desobediência às normas de trânsito pelo condutor;1;Colisão lateral;Com Vítimas Feridas;Plena Noite;Crescente;Chuva;Simples;Em Obras;Sim;238985.0;Automóvel;GM/PRISMA MAXX;2009.0;Condutor;Ileso;54.0;Feminino;1.0;0.0;0.0;0.0;-5,87218476;-35,2200222;SPRF-RN;DEL01-RN;UOP01-DEL01-RN
135120.0;294063.0;2018-05-18;sexta-feira;18:30:00;RN;101.0;98,8;NATAL;Sim;Desobediência às normas de trânsito pelo condutor;1;Colisão lateral;Com Vítimas Feridas;Plena Noite;Crescente;Chuva;Simples;Em Obras;Sim;238986.0;Motocicleta;HONDA/CG 125 FAN KS;2012.0;Condutor;Não Informado;;Não Informado;0.0;0.0;0.0;0.0;-5,87218476;-35,2200222;SPRF-RN;DEL01-RN;UOP01-DEL01-RN
135120.0;292331.0;2018-05-18;sexta-feira;18:30:00;RN;101.0;98,8;NATAL;Sim;Desobediência às normas de trânsito pelo condutor;1;Colisão lateral;Com Vítimas Feridas;Plena Noite;Crescente;Chuva;Simples;Em Obras;Sim;238986.0;Motocicleta;HONDA/CG 125 FAN KS;2012.0;Passageiro;Lesões Leves;18.0;Feminino;0.0;1.0;0.0;0.0;-5,87218476;-35,2200222;SPRF-RN;DEL01-RN;UOP01-DEL01-RN
135127.0;292250.0;2018-05-18;sexta-feira;19:00:00;RN;101.0;78,8;NATAL;Sim;Desobediência às normas de trânsito pelo condutor;1;Colisão traseira;Com Vítimas Feridas;Plena Noite;Crescente;Céu Claro;Dupla;Reta;Não;238905.0;Automóvel;VW/VOYAGE 1.0;2009.0;Condutor;Lesões Leves;74.0;Masculino;0.0;1.0;0.0;0.0;-5,740798;-35,290199;SPRF-RN;DEL02-RN;UOP01-DEL02-RN
135127.0;292251.0;2018-05-18;sexta-feira;19:00:00;RN;101.0;78,8;NATAL;Sim;Desobediência às normas de trânsito pelo condutor;1;Colisão traseira;Com Vítimas Feridas;Plena Noite;Crescente;Céu Claro;Dupla;Reta;Não;238913.0;Automóvel;CHEVROLET/CLASSIC LS;2012.0;Condutor;Ileso;38.0;Masculino;1.0;0.0;0.0;0.0;-5,740798;-35,290199;SPRF-RN;DEL02-RN;UOP01-DEL02-RN
135769.0;296132.0;2018-05-21;segunda-feira;18:50:00;RN;226.0;4,8;NATAL;Sim;Desobediência às normas de trânsito pelo condutor;1;Colisão transversal;Com Vítimas Feridas;Plena Noite;Crescente;Céu Claro;Simples;Reta;Sim;240424.0;Automóvel;TOYOTA/COROLLA XEI18FLEX;2007.0;Condutor;Ileso;45.0;Masculino;1.0;0.0;0.0;0.0;-5,819569;-35,259762;SPRF-RN;DEL01-RN;UOP02-DEL01-RN
135769.0;296133.0;2018-05-21;segunda-feira;18:50:00;RN;226.0;4,8;NATAL;Sim;Desobediência às normas de trânsito pelo condutor;1;Colisão transversal;Com Vítimas Feridas;Plena Noite;Crescente;Céu Claro;Simples;Reta;Sim;240979.0;Motocicleta;HONDA/XRE 300;2009.0;Condutor;Lesões Leves;32.0;Masculino;0.0;1.0;0.0;0.0;-5,819569;-35,259762;SPRF-RN;DEL01-RN;UOP02-DEL01-RN
136149.0;296986.0;2018-05-24;quinta-feira;09:40:00;RN;101.0;82;NATAL;Não;Falta de Atenção à Condução;1;Colisão transversal;Com Vítimas Feridas;Pleno dia;Decrescente;Céu Claro;Dupla;Reta;Sim;240924.0;Automóvel;TOYOTA/ETIOS HB X 13L MT;2017.0;Condutor;Ileso;68.0;Masculino;1.0;0.0;0.0;0.0;-5,76756278;-35,27537227;SPRF-RN;DEL02-RN;UOP01-DEL02-RN
136149.0;296987.0;2018-05-24;quinta-feira;09:40:00;RN;101.0;82;NATAL;Não;Falta de Atenção à Condução;1;Colisão transversal;Com Vítimas Feridas;Pleno dia;Decrescente;Céu Claro;Dupla;Reta;Sim;242376.0;Ciclomotor;I/BASHAN JONNY HYPE 50;2010.0;Condutor;Lesões Leves;25.0;Masculino;0.0;1.0;0.0;0.0;-5,76756278;-35,27537227;SPRF-RN;DEL02-RN;UOP01-DEL02-RN
136149.0;296986.0;2018-05-24;quinta-feira;09:40:00;RN;101.0;82;NATAL;Sim;Desobediência às normas de trânsito pelo condutor;1;Colisão transversal;Com Vítimas Feridas;Pleno dia;Decrescente;Céu Claro;Dupla;Reta;Sim;240924.0;Automóvel;TOYOTA/ETIOS HB X 13L MT;2017.0;Condutor;Ileso;68.0;Masculino;1.0;0.0;0.0;0.0;-5,76756278;-35,27537227;SPRF-RN;DEL02-RN;UOP01-DEL02-RN
136149.0;296987.0;2018-05-24;quinta-feira;09:40:00;RN;101.0;82;NATAL;Sim;Desobediência às normas de trânsito pelo condutor;1;Colisão transversal;Com Vítimas Feridas;Pleno dia;Decrescente;Céu Claro;Dupla;Reta;Sim;242376.0;Ciclomotor;I/BASHAN JONNY HYPE 50;2010.0;Condutor;Lesões Leves;25.0;Masculino;0.0;1.0;0.0;0.0;-5,76756278;-35,27537227;SPRF-RN;DEL02-RN;UOP01-DEL02-RN
136154.0;295989.0;2018-05-24;quinta-feira;10:40:00;RN;101.0;83;NATAL;Sim;Não guardar distância de segurança;1;Colisão traseira;Com Vítimas Feridas;Pleno dia;Crescente;Céu Claro;Dupla;Reta;Sim;241611.0;Motocicleta;HONDA/CB500;1999.0;Condutor;Lesões Leves;22.0;Masculino;0.0;1.0;0.0;0.0;-5,771044;-35,266171;SPRF-RN;DEL02-RN;UOP01-DEL02-RN
136154.0;295990.0;2018-05-24;quinta-feira;10:40:00;RN;101.0;83;NATAL;Sim;Não guardar distância de segurança;1;Colisão traseira;Com Vítimas Feridas;Pleno dia;Crescente;Céu Claro;Dupla;Reta;Sim;241623.0;Utilitário;I/LR EVOQUE PRESTIGE 2.2;2014.0;Condutor;Ileso;57.0;Feminino;1.0;0.0;0.0;0.0;-5,771044;-35,266171;SPRF-RN;DEL02-RN;UOP01-DEL02-RN
136368.0;295311.0;2018-05-25;sexta-feira;21:10:00;RN;101.0;83;NATAL;Sim;Ingestão de Álcool;1;Colisão traseira;Sem Vítimas;Plena Noite;Decrescente;Céu Claro;Dupla;Reta;Sim;241151.0;Automóvel;FORD/KA;1998.0;Condutor;Ileso;29.0;Feminino;1.0;0.0;0.0;0.0;-5,771044;-35,266171;SPRF-RN;DEL02-RN;UOP01-DEL02-RN
136368.0;295312.0;2018-05-25;sexta-feira;21:10:00;RN;101.0;83;NATAL;Sim;Ingestão de Álcool;1;Colisão traseira;Sem Vítimas;Plena Noite;Decrescente;Céu Claro;Dupla;Reta;Sim;241152.0;Motocicleta;HONDA/POP100;2011.0;Condutor;Ileso;30.0;Masculino;1.0;0.0;0.0;0.0;-5,771044;-35,266171;SPRF-RN;DEL02-RN;UOP01-DEL02-RN
136581.0;296595.0;2018-05-27;domingo;20:10:00;RN;101.0;83;NATAL;Sim;Animais na Pista;1;Colisão traseira;Com Vítimas Feridas;Plena Noite;Crescente;Céu Claro;Dupla;Reta;Sim;241484.0;Caminhonete;NISSAN/FRONTIER SL 4X4;2014.0;Condutor;Ileso;52.0;Masculino;1.0;0.0;0.0;0.0;-5,771044;-35,266171;SPRF-RN;DEL02-RN;UOP01-DEL02-RN
136581.0;296596.0;2018-05-27;domingo;20:10:00;RN;101.0;83;NATAL;Sim;Animais na Pista;1;Colisão traseira;Com Vítimas Feridas;Plena Noite;Crescente;Céu Claro;Dupla;Reta;Sim;241485.0;Motocicleta;YAMAHA/YS150 FAZER ED;2013.0;Condutor;Lesões Leves;25.0;Masculino;0.0;1.0;0.0;0.0;-5,771044;-35,266171;SPRF-RN;DEL02-RN;UOP01-DEL02-RN
136653.0;295998.0;2018-05-28;segunda-feira;14:00:00;RN;101.0;84,9;NATAL;Sim;Ingestão de Álcool;1;Colisão traseira;Com Vítimas Feridas;Pleno dia;Decrescente;Céu Claro;Dupla;Reta;Não;241649.0;Motocicleta;HONDA/CG 150 TITAN ESD;2014.0;Condutor;Lesões Leves;21.0;Masculino;0.0;1.0;0.0;0.0;-5,77699249;-35,25048167;SPRF-RN;DEL02-RN;UOP01-DEL02-RN
136653.0;295994.0;2018-05-28;segunda-feira;14:00:00;RN;101.0;84,9;NATAL;Sim;Ingestão de Álcool;1;Colisão traseira;Com Vítimas Feridas;Pleno dia;Decrescente;Céu Claro;Dupla;Reta;Não;241648.0;Motocicleta;YAMAHA/FACTOR YBR125 K;2011.0;Condutor;Lesões Graves;31.0;Masculino;0.0;0.0;1.0;0.0;-5,77699249;-35,25048167;SPRF-RN;DEL02-RN;UOP01-DEL02-RN
136653.0;296001.0;2018-05-28;segunda-feira;14:00:00;RN;101.0;84,9;NATAL;Sim;Ingestão de Álcool;1;Colisão traseira;Com Vítimas Feridas;Pleno dia;Decrescente;Céu Claro;Dupla;Reta;Não;241650.0;Caminhonete;VW/SAVEIRO CS TL MB;2015.0;Condutor;Ileso;41.0;Masculino;1.0;0.0;0.0;0.0;-5,77699249;-35,25048167;SPRF-RN;DEL02-RN;UOP01-DEL02-RN
136736.0;296825.0;2018-05-29;terça-feira;07:50:00;RN;226.0;1,8;NATAL;Sim;Falta de Atenção à Condução;1;Colisão lateral;Com Vítimas Feridas;Pleno dia;Decrescente;Sol;Dupla;Curva;Sim;241738.0;Automóvel;FIAT/PUNTO ELX 1.4;2009.0;Condutor;Ileso;36.0;Masculino;1.0;0.0;0.0;0.0;-5,806421;-35,241673;SPRF-RN;DEL01-RN;UOP02-DEL01-RN
136736.0;296826.0;2018-05-29;terça-feira;07:50:00;RN;226.0;1,8;NATAL;Sim;Falta de Atenção à Condução;1;Colisão lateral;Com Vítimas Feridas;Pleno dia;Decrescente;Sol;Dupla;Curva;Sim;241739.0;Motocicleta;HONDA/CG 125 FAN;2008.0;Condutor;Lesões Leves;28.0;Masculino;0.0;1.0;0.0;0.0;-5,806421;-35,241673;SPRF-RN;DEL01-RN;UOP02-DEL01-RN
136736.0;296827.0;2018-05-29;terça-feira;07:50:00;RN;226.0;1,8;NATAL;Sim;Falta de Atenção à Condução;1;Colisão lateral;Com Vítimas Feridas;Pleno dia;Decrescente;Sol;Dupla;Curva;Sim;241739.0;Motocicleta;HONDA/CG 125 FAN;2008.0;Passageiro;Lesões Leves;;Feminino;0.0;1.0;0.0;0.0;-5,806421;-35,241673;SPRF-RN;DEL01-RN;UOP02-DEL01-RN
136736.0;296825.0;2018-05-29;terça-feira;07:50:00;RN;226.0;1,8;NATAL;Sim;Falta de Atenção à Condução;2;Tombamento;Com Vítimas Feridas;Pleno dia;Decrescente;Sol;Dupla;Curva;Sim;241738.0;Automóvel;FIAT/PUNTO ELX 1.4;2009.0;Condutor;Ileso;36.0;Masculino;1.0;0.0;0.0;0.0;-5,806421;-35,241673;SPRF-RN;DEL01-RN;UOP02-DEL01-RN
136736.0;296826.0;2018-05-29;terça-feira;07:50:00;RN;226.0;1,8;NATAL;Sim;Falta de Atenção à Condução;2;Tombamento;Com Vítimas Feridas;Pleno dia;Decrescente;Sol;Dupla;Curva;Sim;241739.0;Motocicleta;HONDA/CG 125 FAN;2008.0;Condutor;Lesões Leves;28.0;Masculino;0.0;1.0;0.0;0.0;-5,806421;-35,241673;SPRF-RN;DEL01-RN;UOP02-DEL01-RN
136736.0;296827.0;2018-05-29;terça-feira;07:50:00;RN;226.0;1,8;NATAL;Sim;Falta de Atenção à Condução;2;Tombamento;Com Vítimas Feridas;Pleno dia;Decrescente;Sol;Dupla;Curva;Sim;241739.0;Motocicleta;HONDA/CG 125 FAN;2008.0;Passageiro;Lesões Leves;;Feminino;0.0;1.0;0.0;0.0;-5,806421;-35,241673;SPRF-RN;DEL01-RN;UOP02-DEL01-RN
136820.0;297754.0;2018-05-30;quarta-feira;06:30:00;RN;101.0;96,8;NATAL;Sim;Desobediência às normas de trânsito pelo condutor;1;Colisão traseira;Com Vítimas Feridas;Pleno dia;Crescente;Céu Claro;Múltipla;Interseção de Vias;Sim;242072.0;Automóvel;I/FIAT SIENA EL FLEX;2010.0;Condutor;Lesões Leves;36.0;Feminino;0.0;1.0;0.0;0.0;-5,85014554;-35,20957399;SPRF-RN;DEL01-RN;UOP01-DEL01-RN
136820.0;297762.0;2018-05-30;quarta-feira;06:30:00;RN;101.0;96,8;NATAL;Sim;Desobediência às normas de trânsito pelo condutor;1;Colisão traseira;Com Vítimas Feridas;Pleno dia;Crescente;Céu Claro;Múltipla;Interseção de Vias;Sim;242073.0;Ônibus;VW/COMIL PIA URB O;2011.0;Condutor;Ileso;27.0;Masculino;1.0;0.0;0.0;0.0;-5,85014554;-35,20957399;SPRF-RN;DEL01-RN;UOP01-DEL01-RN
138167.0;299112.0;2018-03-26;segunda-feira;21:00:00;RN;101.0;85,7;NATAL;Sim;Defeito Mecânico no Veículo;1;Colisão traseira;Com Vítimas Feridas;Plena Noite;Decrescente;Céu Claro;Dupla;Reta;Não;244164.0;Automóvel;Não Informado/Não Informado;0.0;Condutor;Ileso;;Ignorado;1.0;0.0;0.0;0.0;-5,777664;-35,249371;SPRF-RN;DEL02-RN;UOP01-DEL02-RN
138167.0;299113.0;2018-03-26;segunda-feira;21:00:00;RN;101.0;85,7;NATAL;Sim;Defeito Mecânico no Veículo;1;Colisão traseira;Com Vítimas Feridas;Plena Noite;Decrescente;Céu Claro;Dupla;Reta;Não;244165.0;Automóvel;FIAT/UNO WAY 1.0;2012.0;Condutor;Ileso;38.0;Masculino;1.0;0.0;0.0;0.0;-5,777664;-35,249371;SPRF-RN;DEL02-RN;UOP01-DEL02-RN
138167.0;299115.0;2018-03-26;segunda-feira;21:00:00;RN;101.0;85,7;NATAL;Sim;Defeito Mecânico no Veículo;1;Colisão traseira;Com Vítimas Feridas;Plena Noite;Decrescente;Céu Claro;Dupla;Reta;Não;244165.0;Automóvel;FIAT/UNO WAY 1.0;2012.0;Passageiro;Lesões Leves;33.0;Feminino;0.0;1.0;0.0;0.0;-5,777664;-35,249371;SPRF-RN;DEL02-RN;UOP01-DEL02-RN
138167.0;301201.0;2018-03-26;segunda-feira;21:00:00;RN;101.0;85,7;NATAL;Sim;Defeito Mecânico no Veículo;1;Colisão traseira;Com Vítimas Feridas;Plena Noite;Decrescente;Céu Claro;Dupla;Reta;Não;244165.0;Automóvel;FIAT/UNO WAY 1.0;2012.0;Passageiro;Lesões Graves;55.0;Feminino;0.0;0.0;1.0;0.0;-5,777664;-35,249371;SPRF-RN;DEL02-RN;UOP01-DEL02-RN
138167.0;299114.0;2018-03-26;segunda-feira;21:00:00;RN;101.0;85,7;NATAL;Sim;Defeito Mecânico no Veículo;1;Colisão traseira;Com Vítimas Feridas;Plena Noite;Decrescente;Céu Claro;Dupla;Reta;Não;244166.0;Ônibus;MARCOPOLO/VOLARE W9 ON;2014.0;Condutor;Ileso;23.0;Masculino;1.0;0.0;0.0;0.0;-5,777664;-35,249371;SPRF-RN;DEL02-RN;UOP01-DEL02-RN
138826.0;300483.0;2018-06-09;sábado;02:50:00;RN;101.0;96,4;NATAL;Não;Pista Escorregadia;1;Saída de leito carroçável;Com Vítimas Fatais;Plena Noite;Crescente;Garoa/Chuvisco;Dupla;Reta;Sim;245406.0;Automóvel;I/HYUNDAI I30 1.8;2013.0;Condutor;Óbito;35.0;Masculino;0.0;0.0;0.0;1.0;-5,851494;-35,210018;SPRF-RN;DEL01-RN;UOP01-DEL01-RN
138826.0;302141.0;2018-06-09;sábado;02:50:00;RN;101.0;96,4;NATAL;Não;Pista Escorregadia;1;Saída de leito carroçável;Com Vítimas Fatais;Plena Noite;Crescente;Garoa/Chuvisco;Dupla;Reta;Sim;245407.0;Caminhão;M.BENZ/710;2005.0;Condutor;Lesões Leves;24.0;Masculino;0.0;1.0;0.0;0.0;-5,851494;-35,210018;SPRF-RN;DEL01-RN;UOP01-DEL01-RN
138826.0;302142.0;2018-06-09;sábado;02:50:00;RN;101.0;96,4;NATAL;Não;Pista Escorregadia;1;Saída de leito carroçável;Com Vítimas Fatais;Plena Noite;Crescente;Garoa/Chuvisco;Dupla;Reta;Sim;245407.0;Caminhão;M.BENZ/710;2005.0;Passageiro;Lesões Graves;31.0;Masculino;0.0;0.0;1.0;0.0;-5,851494;-35,210018;SPRF-RN;DEL01-RN;UOP01-DEL01-RN
138826.0;302170.0;2018-06-09;sábado;02:50:00;RN;101.0;96,4;NATAL;Não;Pista Escorregadia;1;Saída de leito carroçável;Com Vítimas Fatais;Plena Noite;Crescente;Garoa/Chuvisco;Dupla;Reta;Sim;;;NA/NA;;Testemunha;Não Informado;;Não Informado;0.0;0.0;0.0;0.0;-5,851494;-35,210018;SPRF-RN;DEL01-RN;UOP01-DEL01-RN
138826.0;300483.0;2018-06-09;sábado;02:50:00;RN;101.0;96,4;NATAL;Não;Desobediência às normas de trânsito pelo condutor;1;Saída de leito carroçável;Com Vítimas Fatais;Plena Noite;Crescente;Garoa/Chuvisco;Dupla;Reta;Sim;245406.0;Automóvel;I/HYUNDAI I30 1.8;2013.0;Condutor;Óbito;35.0;Masculino;0.0;0.0;0.0;1.0;-5,851494;-35,210018;SPRF-RN;DEL01-RN;UOP01-DEL01-RN
138826.0;302141.0;2018-06-09;sábado;02:50:00;RN;101.0;96,4;NATAL;Não;Desobediência às normas de trânsito pelo condutor;1;Saída de leito carroçável;Com Vítimas Fatais;Plena Noite;Crescente;Garoa/Chuvisco;Dupla;Reta;Sim;245407.0;Caminhão;M.BENZ/710;2005.0;Condutor;Lesões Leves;24.0;Masculino;0.0;1.0;0.0;0.0;-5,851494;-35,210018;SPRF-RN;DEL01-RN;UOP01-DEL01-RN
138826.0;302142.0;2018-06-09;sábado;02:50:00;RN;101.0;96,4;NATAL;Não;Desobediência às normas de trânsito pelo condutor;1;Saída de leito carroçável;Com Vítimas Fatais;Plena Noite;Crescente;Garoa/Chuvisco;Dupla;Reta;Sim;245407.0;Caminhão;M.BENZ/710;2005.0;Passageiro;Lesões Graves;31.0;Masculino;0.0;0.0;1.0;0.0;-5,851494;-35,210018;SPRF-RN;DEL01-RN;UOP01-DEL01-RN
138826.0;302170.0;2018-06-09;sábado;02:50:00;RN;101.0;96,4;NATAL;Não;Desobediência às normas de trânsito pelo condutor;1;Saída de leito carroçável;Com Vítimas Fatais;Plena Noite;Crescente;Garoa/Chuvisco;Dupla;Reta;Sim;;;NA/NA;;Testemunha;Não Informado;;Não Informado;0.0;0.0;0.0;0.0;-5,851494;-35,210018;SPRF-RN;DEL01-RN;UOP01-DEL01-RN
138826.0;300483.0;2018-06-09;sábado;02:50:00;RN;101.0;96,4;NATAL;Não;Velocidade Incompatível;1;Saída de leito carroçável;Com Vítimas Fatais;Plena Noite;Crescente;Garoa/Chuvisco;Dupla;Reta;Sim;245406.0;Automóvel;I/HYUNDAI I30 1.8;2013.0;Condutor;Óbito;35.0;Masculino;0.0;0.0;0.0;1.0;-5,851494;-35,210018;SPRF-RN;DEL01-RN;UOP01-DEL01-RN
138826.0;302141.0;2018-06-09;sábado;02:50:00;RN;101.0;96,4;NATAL;Não;Velocidade Incompatível;1;Saída de leito carroçável;Com Vítimas Fatais;Plena Noite;Crescente;Garoa/Chuvisco;Dupla;Reta;Sim;245407.0;Caminhão;M.BENZ/710;2005.0;Condutor;Lesões Leves;24.0;Masculino;0.0;1.0;0.0;0.0;-5,851494;-35,210018;SPRF-RN;DEL01-RN;UOP01-DEL01-RN
138826.0;302142.0;2018-06-09;sábado;02:50:00;RN;101.0;96,4;NATAL;Não;Velocidade Incompatível;1;Saída de leito carroçável;Com Vítimas Fatais;Plena Noite;Crescente;Garoa/Chuvisco;Dupla;Reta;Sim;245407.0;Caminhão;M.BENZ/710;2005.0;Passageiro;Lesões Graves;31.0;Masculino;0.0;0.0;1.0;0.0;-5,851494;-35,210018;SPRF-RN;DEL01-RN;UOP01-DEL01-RN
138826.0;302170.0;2018-06-09;sábado;02:50:00;RN;101.0;96,4;NATAL;Não;Velocidade Incompatível;1;Saída de leito carroçável;Com Vítimas Fatais;Plena Noite;Crescente;Garoa/Chuvisco;Dupla;Reta;Sim;;;NA/NA;;Testemunha;Não Informado;;Não Informado;0.0;0.0;0.0;0.0;-5,851494;-35,210018;SPRF-RN;DEL01-RN;UOP01-DEL01-RN
138826.0;300483.0;2018-06-09;sábado;02:50:00;RN;101.0;96,4;NATAL;Sim;Ingestão de Álcool;1;Saída de leito carroçável;Com Vítimas Fatais;Plena Noite;Crescente;Garoa/Chuvisco;Dupla;Reta;Sim;245406.0;Automóvel;I/HYUNDAI I30 1.8;2013.0;Condutor;Óbito;35.0;Masculino;0.0;0.0;0.0;1.0;-5,851494;-35,210018;SPRF-RN;DEL01-RN;UOP01-DEL01-RN
138826.0;302141.0;2018-06-09;sábado;02:50:00;RN;101.0;96,4;NATAL;Sim;Ingestão de Álcool;1;Saída de leito carroçável;Com Vítimas Fatais;Plena Noite;Crescente;Garoa/Chuvisco;Dupla;Reta;Sim;245407.0;Caminhão;M.BENZ/710;2005.0;Condutor;Lesões Leves;24.0;Masculino;0.0;1.0;0.0;0.0;-5,851494;-35,210018;SPRF-RN;DEL01-RN;UOP01-DEL01-RN
138826.0;302142.0;2018-06-09;sábado;02:50:00;RN;101.0;96,4;NATAL;Sim;Ingestão de Álcool;1;Saída de leito carroçável;Com Vítimas Fatais;Plena Noite;Crescente;Garoa/Chuvisco;Dupla;Reta;Sim;245407.0;Caminhão;M.BENZ/710;2005.0;Passageiro;Lesões Graves;31.0;Masculino;0.0;0.0;1.0;0.0;-5,851494;-35,210018;SPRF-RN;DEL01-RN;UOP01-DEL01-RN
138826.0;302170.0;2018-06-09;sábado;02:50:00;RN;101.0;96,4;NATAL;Sim;Ingestão de Álcool;1;Saída de leito carroçável;Com Vítimas Fatais;Plena Noite;Crescente;Garoa/Chuvisco;Dupla;Reta;Sim;;;NA/NA;;Testemunha;Não Informado;;Não Informado;0.0;0.0;0.0;0.0;-5,851494;-35,210018;SPRF-RN;DEL01-RN;UOP01-DEL01-RN
138826.0;300483.0;2018-06-09;sábado;02:50:00;RN;101.0;96,4;NATAL;Não;Pista Escorregadia;2;Colisão com objeto estático;Com Vítimas Fatais;Plena Noite;Crescente;Garoa/Chuvisco;Dupla;Reta;Sim;245406.0;Automóvel;I/HYUNDAI I30 1.8;2013.0;Condutor;Óbito;35.0;Masculino;0.0;0.0;0.0;1.0;-5,851494;-35,210018;SPRF-RN;DEL01-RN;UOP01-DEL01-RN