id;pesid;data_inversa;dia_semana;horario;uf;br;km;municipio;causa_principal;causa_acidente;ordem_tipo_acidente;tipo_acidente;classificacao_acidente;fase_dia;sentido_via;condicao_metereologica;tipo_pista;tracado_via;uso_solo;id_veiculo;tipo_veiculo;marca;ano_fabricacao_veiculo;tipo_envolvido;estado_fisico;idade;sexo;ilesos;feridos_leves;feridos_graves;mortos;latitude;longitude;regional;delegacia;uop
138826.0;302141.0;2018-06-09;sábado;02:50:00;RN;101.0;96,4;NATAL;Não;Pista Escorregadia;6;Colisão com objeto estático;Com Vítimas Fatais;Plena Noite;Crescente;Garoa/Chuvisco;Dupla;Reta;Sim;245407.0;Caminhão;M.BENZ/710;2005.0;Condutor;Lesões Leves;24.0;Masculino;0.0;1.0;0.0;0.0;-5,851494;-35,210018;SPRF-RN;DEL01-RN;UOP01-DEL01-RN
138826.0;302142.0;2018-06-09;sábado;02:50:00;RN;101.0;96,4;NATAL;Não;Pista Escorregadia;6;Colisão com objeto estático;Com Vítimas Fatais;Plena Noite;Crescente;Garoa/Chuvisco;Dupla;Reta;Sim;245407.0;Caminhão;M.BENZ/710;2005.0;Passageiro;Lesões Graves;31.0;Masculino;0.0;0.0;1.0;0.0;-5,851494;-35,210018;SPRF-RN;DEL01-RN;UOP01-DEL01-RN
138826.0;302170.0;2018-06-09;sábado;02:50:00;RN;101.0;96,4;NATAL;Não;Pista Escorregadia;6;Colisão com objeto estático;Com Vítimas Fatais;Plena Noite;Crescente;Garoa/Chuvisco;Dupla;Reta;Sim;;;NA/NA;;Testemunha;Não Informado;;Não Informado;0.0;0.0;0.0;0.0;-5,851494;-35,210018;SPRF-RN;DEL01-RN;UOP01-DEL01-RN
138826.0;300483.0;2018-06-09;sábado;02:50:00;RN;101.0;96,4;NATAL;Não;Desobediência às normas de trânsito pelo condutor;6;Colisão com objeto estático;Com Vítimas Fatais;Plena Noite;Crescente;Garoa/Chuvisco;Dupla;Reta;Sim;245406.0;Automóvel;I/HYUNDAI I30 1.8;2013.0;Condutor;Óbito;35.0;Masculino;0.0;0.0;0.0;1.0;-5,851494;-35,210018;SPRF-RN;DEL01-RN;UOP01-DEL01-RN
138826.0;302141.0;2018-06-09;sábado;02:50:00;RN;101.0;96,4;NATAL;Não;Desobediência às normas de trânsito pelo condutor;6;Colisão com objeto estático;Com Vítimas Fatais;Plena Noite;Crescente;Garoa/Chuvisco;Dupla;Reta;Sim;245407.0;Caminhão;M.BENZ/710;2005.0;Condutor;Lesões Leves;24.0;Masculino;0.0;1.0;0.0;0.0;-5,851494;-35,210018;SPRF-RN;DEL01-RN;UOP01-DEL01-RN
138826.0;302142.0;2018-06-09;sábado;02:50:00;RN;101.0;96,4;NATAL;Não;Desobediência às normas de trânsito pelo condutor;6;Colisão com objeto estático;Com Vítimas Fatais;Plena Noite;Crescente;Garoa/Chuvisco;Dupla;Reta;Sim;245407.0;Caminhão;M.BENZ/710;2005.0;Passageiro;Lesões Graves;31.0;Masculino;0.0;0.0;1.0;0.0;-5,851494;-35,210018;SPRF-RN;DEL01-RN;UOP01-DEL01-RN
138826.0;302170.0;2018-06-09;sábado;02:50:00;RN;101.0;96,4;NATAL;Não;Desobediência às normas de trânsito pelo condutor;6;Colisão com objeto estático;Com Vítimas Fatais;Plena Noite;Crescente;Garoa/Chuvisco;Dupla;Reta;Sim;;;NA/NA;;Testemunha;Não Informado;;Não Informado;0.0;0.0;0.0;0.0;-5,851494;-35,210018;SPRF-RN;DEL01-RN;UOP01-DEL01-RN
138826.0;300483.0;2018-06-09;sábado;02:50:00;RN;101.0;96,4;NATAL;Não;Velocidade Incompatível;6;Colisão com objeto estático;Com Vítimas Fatais;Plena Noite;Crescente;Garoa/Chuvisco;Dupla;Reta;Sim;245406.0;Automóvel;I/HYUNDAI I30 1.8;2013.0;Condutor;Óbito;35.0;Masculino;0.0;0.0;0.0;1.0;-5,851494;-35,210018;SPRF-RN;DEL01-RN;UOP01-DEL01-RN
138826.0;302141.0;2018-06-09;sábado;02:50:00;RN;101.0;96,4;NATAL;Não;Velocidade Incompatível;6;Colisão com objeto estático;Com Vítimas Fatais;Plena Noite;Crescente;Garoa/Chuvisco;Dupla;Reta;Sim;245407.0;Caminhão;M.BENZ/710;2005.0;Condutor;Lesões Leves;24.0;Masculino;0.0;1.0;0.0;0.0;-5,851494;-35,210018;SPRF-RN;DEL01-RN;UOP01-DEL01-RN
138826.0;302142.0;2018-06-09;sábado;02:50:00;RN;101.0;96,4;NATAL;Não;Velocidade Incompatível;6;Colisão com objeto estático;Com Vítimas Fatais;Plena Noite;Crescente;Garoa/Chuvisco;Dupla;Reta;Sim;245407.0;Caminhão;M.BENZ/710;2005.0;Passageiro;Lesões Graves;31.0;Masculino;0.0;0.0;1.0;0.0;-5,851494;-35,210018;SPRF-RN;DEL01-RN;UOP01-DEL01-RN
138826.0;302170.0;2018-06-09;sábado;02:50:00;RN;101.0;96,4;NATAL;Não;Velocidade Incompatível;6;Colisão com objeto estático;Com Vítimas Fatais;Plena Noite;Crescente;Garoa/Chuvisco;Dupla;Reta;Sim;;;NA/NA;;Testemunha;Não Informado;;Não Informado;0.0;0.0;0.0;0.0;-5,851494;-35,210018;SPRF-RN;DEL01-RN;UOP01-DEL01-RN
138826.0;300483.0;2018-06-09;sábado;02:50:00;RN;101.0;96,4;NATAL;Sim;Ingestão de Álcool;6;Colisão com objeto estático;Com Vítimas Fatais;Plena Noite;Crescente;Garoa/Chuvisco;Dupla;Reta;Sim;245406.0;Automóvel;I/HYUNDAI I30 1.8;2013.0;Condutor;Óbito;35.0;Masculino;0.0;0.0;0.0;1.0;-5,851494;-35,210018;SPRF-RN;DEL01-RN;UOP01-DEL01-RN
138826.0;302141.0;2018-06-09;sábado;02:50:00;RN;101.0;96,4;NATAL;Sim;Ingestão de Álcool;6;Colisão com objeto estático;Com Vítimas Fatais;Plena Noite;Crescente;Garoa/Chuvisco;Dupla;Reta;Sim;245407.0;Caminhão;M.BENZ/710;2005.0;Condutor;Lesões Leves;24.0;Masculino;0.0;1.0;0.0;0.0;-5,851494;-35,210018;SPRF-RN;DEL01-RN;UOP01-DEL01-RN
138826.0;302142.0;2018-06-09;sábado;02:50:00;RN;101.0;96,4;NATAL;Sim;Ingestão de Álcool;6;Colisão com objeto estático;Com Vítimas Fatais;Plena Noite;Crescente;Garoa/Chuvisco;Dupla;Reta;Sim;245407.0;Caminhão;M.BENZ/710;2005.0;Passageiro;Lesões Graves;31.0;Masculino;0.0;0.0;1.0;0.0;-5,851494;-35,210018;SPRF-RN;DEL01-RN;UOP01-DEL01-RN
138826.0;302170.0;2018-06-09;sábado;02:50:00;RN;101.0;96,4;NATAL;Sim;Ingestão de Álcool;6;Colisão com objeto estático;Com Vítimas Fatais;Plena Noite;Crescente;Garoa/Chuvisco;Dupla;Reta;Sim;;;NA/NA;;Testemunha;Não Informado;;Não Informado;0.0;0.0;0.0;0.0;-5,851494;-35,210018;SPRF-RN;DEL01-RN;UOP01-DEL01-RN
140175.0;303586.0;2018-06-14;quinta-feira;18:25:00;RN;101.0;78;NATAL;Sim;Falta de Atenção à Condução;1;Colisão transversal;Com Vítimas Feridas;Plena Noite;Decrescente;Céu Claro;Dupla;Reta;Não;247836.0;Motocicleta;HONDA/NXR150 BROS KS;2010.0;Condutor;Lesões Graves;42.0;Masculino;0.0;0.0;1.0;0.0;-5,740798;-35,290199;SPRF-RN;DEL02-RN;UOP01-DEL02-RN
140311.0;304231.0;2018-06-15;sexta-feira;15:00:00;RN;101.0;94,7;NATAL;Sim;Não guardar distância de segurança;1;Colisão lateral;Com Vítimas Feridas;Pleno dia;Crescente;Céu Claro;Dupla;Viaduto;Sim;248183.0;Automóvel;CITROEN/C3 ORIGINE PACK;2014.0;Condutor;Ileso;40.0;Masculino;1.0;0.0;0.0;0.0;-5,83646264;-35,21164834;SPRF-RN;DEL01-RN;UOP01-DEL01-RN
140311.0;304233.0;2018-06-15;sexta-feira;15:00:00;RN;101.0;94,7;NATAL;Sim;Não guardar distância de segurança;1;Colisão lateral;Com Vítimas Feridas;Pleno dia;Crescente;Céu Claro;Dupla;Viaduto;Sim;248184.0;Motocicleta;HONDA/CG 160 TITAN EX;2017.0;Condutor;Lesões Leves;45.0;Masculino;0.0;1.0;0.0;0.0;-5,83646264;-35,21164834;SPRF-RN;DEL01-RN;UOP01-DEL01-RN
140311.0;304235.0;2018-06-15;sexta-feira;15:00:00;RN;101.0;94,7;NATAL;Sim;Não guardar distância de segurança;1;Colisão lateral;Com Vítimas Feridas;Pleno dia;Crescente;Céu Claro;Dupla;Viaduto;Sim;248185.0;Automóvel;TOYOTA/ETIOS HB XS 15;2015.0;Condutor;Ileso;36.0;Feminino;1.0;0.0;0.0;0.0;-5,83646264;-35,21164834;SPRF-RN;DEL01-RN;UOP01-DEL01-RN
140501.0;307204.0;2018-06-16;sábado;09:20:00;RN;101.0;95;NATAL;Sim;Pista Escorregadia;1;Queda de ocupante de veículo;Com Vítimas Feridas;Pleno dia;Decrescente;Chuva;Múltipla;Reta;Sim;248647.0;Automóvel;FIAT/PUNTO ATTRACTIVE;2011.0;Condutor;Ileso;30.0;Masculino;1.0;0.0;0.0;0.0;-5,840768;-35,210358;SPRF-RN;DEL01-RN;UOP01-DEL01-RN
140501.0;307205.0;2018-06-16;sábado;09:20:00;RN;101.0;95;NATAL;Sim;Pista Escorregadia;1;Queda de ocupante de veículo;Com Vítimas Feridas;Pleno dia;Decrescente;Chuva;Múltipla;Reta;Sim;248648.0;Motocicleta;YAMAHA/FAZER YS250;2010.0;Condutor;Lesões Leves;27.0;Masculino;0.0;1.0;0.0;0.0;-5,840768;-35,210358;SPRF-RN;DEL01-RN;UOP01-DEL01-RN
140896.0;307863.0;2018-06-18;segunda-feira;03:30:00;RN;101.0;99;NATAL;Sim;Ingestão de Álcool;1;Colisão frontal;Sem Vítimas;Plena Noite;Crescente;Garoa/Chuvisco;Múltipla;Viaduto;Sim;249132.0;Automóvel;CHEV/SPIN 1.8L AT LTZ;2018.0;Condutor;Ileso;58.0;Masculino;1.0;0.0;0.0;0.0;-5,87365;-35,220673;SPRF-RN;DEL01-RN;UOP01-DEL01-RN
140896.0;307173.0;2018-06-18;segunda-feira;03:30:00;RN;101.0;99;NATAL;Sim;Ingestão de Álcool;1;Colisão frontal;Sem Vítimas;Plena Noite;Crescente;Garoa/Chuvisco;Múltipla;Viaduto;Sim;249131.0;Utilitário;I/LR FREELANDER2 SD4 HSE;2011.0;Condutor;Ileso;34.0;Masculino;1.0;0.0;0.0;0.0;-5,87365;-35,220673;SPRF-RN;DEL01-RN;UOP01-DEL01-RN
140963.0;305586.0;2018-06-18;segunda-feira;10:30:00;RN;101.0;82,8;NATAL;Sim;Falta de Atenção do Pedestre;1;Atropelamento de Pedestre;Com Vítimas Feridas;Pleno dia;Crescente;Nublado;Dupla;Reta;Sim;249521.0;Motocicleta;HONDA/CG 125 FAN KS;2013.0;Condutor;Lesões Leves;27.0;Masculino;0.0;1.0;0.0;0.0;-5,767915;-35,274563;SPRF-RN;DEL02-RN;UOP01-DEL02-RN
140963.0;305588.0;2018-06-18;segunda-feira;10:30:00;RN;101.0;82,8;NATAL;Sim;Falta de Atenção do Pedestre;1;Atropelamento de Pedestre;Com Vítimas Feridas;Pleno dia;Crescente;Nublado;Dupla;Reta;Sim;;;NA/NA;;Pedestre;Lesões Leves;31.0;Feminino;0.0;1.0;0.0;0.0;-5,767915;-35,274563;SPRF-RN;DEL02-RN;UOP01-DEL02-RN
142084.0;308118.0;2018-06-23;sábado;23:30:00;RN;101.0;99,4;NATAL;Sim;Falta de Atenção à Condução;1;Colisão traseira;Com Vítimas Feridas;Plena Noite;Decrescente;Nublado;Dupla;Reta;Sim;251413.0;Automóvel;VW/GOL 1.0 GIV;2013.0;Condutor;Não Informado;;Não Informado;0.0;0.0;0.0;0.0;-5,87492877;-35,22140719;SPRF-RN;DEL01-RN;UOP01-DEL01-RN
142084.0;308116.0;2018-06-23;sábado;23:30:00;RN;101.0;99,4;NATAL;Sim;Falta de Atenção à Condução;1;Colisão traseira;Com Vítimas Feridas;Plena Noite;Decrescente;Nublado;Dupla;Reta;Sim;251412.0;Motocicleta;I/HONDA CBR 250R;2012.0;Passageiro;Lesões Leves;21.0;Feminino;0.0;1.0;0.0;0.0;-5,87492877;-35,22140719;SPRF-RN;DEL01-RN;UOP01-DEL01-RN
142084.0;308113.0;2018-06-23;sábado;23:30:00;RN;101.0;99,4;NATAL;Sim;Falta de Atenção à Condução;1;Colisão traseira;Com Vítimas Feridas;Plena Noite;Decrescente;Nublado;Dupla;Reta;Sim;251412.0;Motocicleta;I/HONDA CBR 250R;2012.0;Condutor;Lesões Graves;24.0;Masculino;0.0;0.0;1.0;0.0;-5,87492877;-35,22140719;SPRF-RN;DEL01-RN;UOP01-DEL01-RN
142474.0;309020.0;2018-06-25;segunda-feira;15:10:00;RN;101.0;85;NATAL;Sim;Falta de Atenção à Condução;1;Colisão com objeto estático;Com Vítimas Feridas;Pleno dia;Decrescente;Sol;Dupla;Aclive;Sim;252120.0;Motocicleta;YAMAHA/FACTOR YBR125 K;2010.0;Condutor;Lesões Leves;31.0;Masculino;0.0;1.0;0.0;0.0;-5,777664;-35,249371;SPRF-RN;DEL02-RN;UOP01-DEL02-RN
142474.0;309021.0;2018-06-25;segunda-feira;15:10:00;RN;101.0;85;NATAL;Sim;Falta de Atenção à Condução;1;Colisão com objeto estático;Com Vítimas Feridas;Pleno dia;Decrescente;Sol;Dupla;Aclive;Sim;252121.0;Automóvel;FORD/KA SE 1.0 HA B;2017.0;Condutor;Ileso;20.0;Masculino;1.0;0.0;0.0;0.0;-5,777664;-35,249371;SPRF-RN;DEL02-RN;UOP01-DEL02-RN
142474.0;309020.0;2018-06-25;segunda-feira;15:10:00;RN;101.0;85;NATAL;Sim;Falta de Atenção à Condução;2;Tombamento;Com Vítimas Feridas;Pleno dia;Decrescente;Sol;Dupla;Aclive;Sim;252120.0;Motocicleta;YAMAHA/FACTOR YBR125 K;2010.0;Condutor;Lesões Leves;31.0;Masculino;0.0;1.0;0.0;0.0;-5,777664;-35,249371;SPRF-RN;DEL02-RN;UOP01-DEL02-RN
142474.0;309021.0;2018-06-25;segunda-feira;15:10:00;RN;101.0;85;NATAL;Sim;Falta de Atenção à Condução;2;Tombamento;Com Vítimas Feridas;Pleno dia;Decrescente;Sol;Dupla;Aclive;Sim;252121.0;Automóvel;FORD/KA SE 1.0 HA B;2017.0;Condutor;Ileso;20.0;Masculino;1.0;0.0;0.0;0.0;-5,777664;-35,249371;SPRF-RN;DEL02-RN;UOP01-DEL02-RN
142881.0;310551.0;2018-06-27;quarta-feira;08:35:00;RN;101.0;95;NATAL;Sim;Falta de Atenção à Condução;1;Colisão transversal;Com Vítimas Feridas;Pleno dia;Decrescente;Céu Claro;Múltipla;Viaduto;Sim;252950.0;Motocicleta;HONDA/CG 125 FAN KS;2010.0;Condutor;Lesões Leves;30.0;Masculino;0.0;1.0;0.0;0.0;-5,83687;-35,211635;SPRF-RN;DEL01-RN;UOP01-DEL01-RN
142881.0;310549.0;2018-06-27;quarta-feira;08:35:00;RN;101.0;95;NATAL;Sim;Falta de Atenção à Condução;1;Colisão transversal;Com Vítimas Feridas;Pleno dia;Decrescente;Céu Claro;Múltipla;Viaduto;Sim;252949.0;Automóvel;VW/GOLF 1.6 SPORTLINE;2010.0;Condutor;Ileso;30.0;Masculino;1.0;0.0;0.0;0.0;-5,83687;-35,211635;SPRF-RN;DEL01-RN;UOP01-DEL01-RN
143193.0;312788.0;2018-06-28;quinta-feira;16:00:00;RN;226.0;6,6;NATAL;Sim;Defeito Mecânico no Veículo;2;Derramamento de carga;Com Vítimas Feridas;Pleno dia;Crescente;Céu Claro;Simples;Curva;Não;253559.0;Caminhão;M.BENZ/ATEGO 2428;2011.0;Condutor;Lesões Leves;34.0;Masculino;0.0;1.0;0.0;0.0;-5,82400685;-35,28038263;SPRF-RN;DEL01-RN;UOP02-DEL01-RN
143193.0;312788.0;2018-06-28;quinta-feira;16:00:00;RN;226.0;6,6;NATAL;Sim;Defeito Mecânico no Veículo;1;Tombamento;Com Vítimas Feridas;Pleno dia;Crescente;Céu Claro;Simples;Curva;Não;253559.0;Caminhão;M.BENZ/ATEGO 2428;2011.0;Condutor;Lesões Leves;34.0;Masculino;0.0;1.0;0.0;0.0;-5,82400685;-35,28038263;SPRF-RN;DEL01-RN;UOP02-DEL01-RN
143202.0;313145.0;2018-06-28;quinta-feira;17:28:00;RN;101.0;99,7;NATAL;Sim;Falta de Atenção à Condução;1;Colisão lateral;Com Vítimas Feridas;Anoitecer;Crescente;Céu Claro;Múltipla;Reta;Sim;253488.0;Caminhonete;VW/NOVA SAVEIRO CS;2013.0;Condutor;Ileso;;Feminino;1.0;0.0;0.0;0.0;-5,878904;-35,224847;SPRF-RN;DEL01-RN;UOP01-DEL01-RN
143202.0;313152.0;2018-06-28;quinta-feira;17:28:00;RN;101.0;99,7;NATAL;Sim;Falta de Atenção à Condução;1;Colisão lateral;Com Vítimas Feridas;Anoitecer;Crescente;Céu Claro;Múltipla;Reta;Sim;253489.0;Motocicleta;HONDA/CG 150 SPORT;2006.0;Condutor;Lesões Leves;48.0;Masculino;0.0;1.0;0.0;0.0;-5,878904;-35,224847;SPRF-RN;DEL01-RN;UOP01-DEL01-RN
143210.0;311338.0;2018-06-28;quinta-feira;18:30:00;RN;101.0;85,3;NATAL;Não;Não guardar distância de segurança;1;Colisão traseira;Com Vítimas Feridas;Plena Noite;Crescente;Céu Claro;Dupla;"Curva;Declive";Sim;253499.0;Automóvel;CHEVROLET/ONIX 10MT JOYE;2017.0;Condutor;Lesões Leves;27.0;Masculino;0.0;1.0;0.0;0.0;-5,78007319;-35,24836242;SPRF-RN;DEL02-RN;UOP01-DEL02-RN
143210.0;311339.0;2018-06-28;quinta-feira;18:30:00;RN;101.0;85,3;NATAL;Não;Não guardar distância de segurança;1;Colisão traseira;Com Vítimas Feridas;Plena Noite;Crescente;Céu Claro;Dupla;"Curva;Declive";Sim;253500.0;Caminhão;Não Informado/Não Informado;0.0;Condutor;Não Informado;;Não Informado;0.0;0.0;0.0;0.0;-5,78007319;-35,24836242;SPRF-RN;DEL02-RN;UOP01-DEL02-RN
143210.0;311338.0;2018-06-28;quinta-feira;18:30:00;RN;101.0;85,3;NATAL;Sim;Falta de Atenção à Condução;1;Colisão traseira;Com Vítimas Feridas;Plena Noite;Crescente;Céu Claro;Dupla;"Curva;Declive";Sim;253499.0;Automóvel;CHEVROLET/ONIX 10MT JOYE;2017.0;Condutor;Lesões Leves;27.0;Masculino;0.0;1.0;0.0;0.0;-5,78007319;-35,24836242;SPRF-RN;DEL02-RN;UOP01-DEL02-RN
143210.0;311339.0;2018-06-28;quinta-feira;18:30:00;RN;101.0;85,3;NATAL;Sim;Falta de Atenção à Condução;1;Colisão traseira;Com Vítimas Feridas;Plena Noite;Crescente;Céu Claro;Dupla;"Curva;Declive";Sim;253500.0;Caminhão;Não Informado/Não Informado;0.0;Condutor;Não Informado;;Não Informado;0.0;0.0;0.0;0.0;-5,78007319;-35,24836242;SPRF-RN;DEL02-RN;UOP01-DEL02-RN
143210.0;311338.0;2018-06-28;quinta-feira;18:30:00;RN;101.0;85,3;NATAL;Não;Não guardar distância de segurança;2;Colisão com objeto estático;Com Vítimas Feridas;Plena Noite;Crescente;Céu Claro;Dupla;"Curva;Declive";Sim;253499.0;Automóvel;CHEVROLET/ONIX 10MT JOYE;2017.0;Condutor;Lesões Leves;27.0;Masculino;0.0;1.0;0.0;0.0;-5,78007319;-35,24836242;SPRF-RN;DEL02-RN;UOP01-DEL02-RN
143210.0;311339.0;2018-06-28;quinta-feira;18:30:00;RN;101.0;85,3;NATAL;Não;Não guardar distância de segurança;2;Colisão com objeto estático;Com Vítimas Feridas;Plena Noite;Crescente;Céu Claro;Dupla;"Curva;Declive";Sim;253500.0;Caminhão;Não Informado/Não Informado;0.0;Condutor;Não Informado;;Não Informado;0.0;0.0;0.0;0.0;-5,78007319;-35,24836242;SPRF-RN;DEL02-RN;UOP01-DEL02-RN
143210.0;311338.0;2018-06-28;quinta-feira;18:30:00;RN;101.0;85,3;NATAL;Sim;Falta de Atenção à Condução;2;Colisão com objeto estático;Com Vítimas Feridas;Plena Noite;Crescente;Céu Claro;Dupla;"Curva;Declive";Sim;253499.0;Automóvel;CHEVROLET/ONIX 10MT JOYE;2017.0;Condutor;Lesões Leves;27.0;Masculino;0.0;1.0;0.0;0.0;-5,78007319;-35,24836242;SPRF-RN;DEL02-RN;UOP01-DEL02-RN
143210.0;311339.0;2018-06-28;quinta-feira;18:30:00;RN;101.0;85,3;NATAL;Sim;Falta de Atenção à Condução;2;Colisão com objeto estático;Com Vítimas Feridas;Plena Noite;Crescente;Céu Claro;Dupla;"Curva;Declive";Sim;253500.0;Caminhão;Não Informado/Não Informado;0.0;Condutor;Não Informado;;Não Informado;0.0;0.0;0.0;0.0;-5,78007319;-35,24836242;SPRF-RN;DEL02-RN;UOP01-DEL02-RN
143210.0;311338.0;2018-06-28;quinta-feira;18:30:00;RN;101.0;85,3;NATAL;Não;Não guardar distância de segurança;3;Saída de leito carroçável;Com Vítimas Feridas;Plena Noite;Crescente;Céu Claro;Dupla;"Curva;Declive";Sim;253499.0;Automóvel;CHEVROLET/ONIX 10MT JOYE;2017.0;Condutor;Lesões Leves;27.0;Masculino;0.0;1.0;0.0;0.0;-5,78007319;-35,24836242;SPRF-RN;DEL02-RN;UOP01-DEL02-RN
143210.0;311339.0;2018-06-28;quinta-feira;18:30:00;RN;101.0;85,3;NATAL;Não;Não guardar distância de segurança;3;Saída de leito carroçável;Com Vítimas Feridas;Plena Noite;Crescente;Céu Claro;Dupla;"Curva;Declive";Sim;253500.0;Caminhão;Não Informado/Não Informado;0.0;Condutor;Não Informado;;Não Informado;0.0;0.0;0.0;0.0;-5,78007319;-35,24836242;SPRF-RN;DEL02-RN;UOP01-DEL02-RN
143210.0;311338.0;2018-06-28;quinta-feira;18:30:00;RN;101.0;85,3;NATAL;Sim;Falta de Atenção à Condução;3;Saída de leito carroçável;Com Vítimas Feridas;Plena Noite;Crescente;Céu Claro;Dupla;"Curva;Declive";Sim;253499.0;Automóvel;CHEVROLET/ONIX 10MT JOYE;2017.0;Condutor;Lesões Leves;27.0;Masculino;0.0;1.0;0.0;0.0;-5,78007319;-35,24836242;SPRF-RN;DEL02-RN;UOP01-DEL02-RN
143210.0;311339.0;2018-06-28;quinta-feira;18:30:00;RN;101.0;85,3;NATAL;Sim;Falta de Atenção à Condução;3;Saída de leito carroçável;Com Vítimas Feridas;Plena Noite;Crescente;Céu Claro;Dupla;"Curva;Declive";Sim;253500.0;Caminhão;Não Informado/Não Informado;0.0;Condutor;Não Informado;;Não Informado;0.0;0.0;0.0;0.0;-5,78007319;-35,24836242;SPRF-RN;DEL02-RN;UOP01-DEL02-RN
143297.0;311674.0;2018-06-29;sexta-feira;08:20:00;RN;101.0;99,1;NATAL;Sim;Desobediência às normas de trânsito pelo condutor;1;Colisão transversal;Com Vítimas Feridas;Pleno dia;Decrescente;Céu Claro;Dupla;Reta;Sim;253880.0;Automóvel;VW/CROSSFOX GII;2011.0;Condutor;Ileso;31.0;Masculino;1.0;0.0;0.0;0.0;-5,874027;-35,220756;SPRF-RN;DEL01-RN;UOP01-DEL01-RN
143297.0;311675.0;2018-06-29;sexta-feira;08:20:00;RN;101.0;99,1;NATAL;Sim;Desobediência às normas de trânsito pelo condutor;1;Colisão transversal;Com Vítimas Feridas;Pleno dia;Decrescente;Céu Claro;Dupla;Reta;Sim;253881.0;Automóvel;I/HONDA CITY LX FLEX;2014.0;Condutor;Lesões Leves;37.0;Masculino;0.0;1.0;0.0;0.0;-5,874027;-35,220756;SPRF-RN;DEL01-RN;UOP01-DEL01-RN
143297.0;311676.0;2018-06-29;sexta-feira;08:20:00;RN;101.0;99,1;NATAL;Sim;Desobediência às normas de trânsito pelo condutor;1;Colisão transversal;Com Vítimas Feridas;Pleno dia;Decrescente;Céu Claro;Dupla;Reta;Sim;253881.0;Automóvel;I/HONDA CITY LX FLEX;2014.0;Passageiro;Ileso;73.0;Feminino;1.0;0.0;0.0;0.0;-5,874027;-35,220756;SPRF-RN;DEL01-RN;UOP01-DEL01-RN
143297.0;311678.0;2018-06-29;sexta-feira;08:20:00;RN;101.0;99,1;NATAL;Sim;Desobediência às normas de trânsito pelo condutor;1;Colisão transversal;Com Vítimas Feridas;Pleno dia;Decrescente;Céu Claro;Dupla;Reta;Sim;253881.0;Automóvel;I/HONDA CITY LX FLEX;2014.0;Passageiro;Ileso;7.0;Feminino;1.0;0.0;0.0;0.0;-5,874027;-35,220756;SPRF-RN;DEL01-RN;UOP01-DEL01-RN
143361.0;311907.0;2018-06-29;sexta-feira;12:55:00;RN;101.0;82;NATAL;Sim;Falta de Atenção à Condução;1;Colisão transversal;Com Vítimas Feridas;Pleno dia;Decrescente;Céu Claro;Dupla;Reta;Sim;253905.0;Motocicleta;HONDA/NXR160 BROS ESDD;2016.0;Passageiro;Lesões Leves;61.0;Masculino;0.0;1.0;0.0;0.0;-5,767915;-35,274563;SPRF-RN;DEL02-RN;UOP01-DEL02-RN
143361.0;311906.0;2018-06-29;sexta-feira;12:55:00;RN;101.0;82;NATAL;Sim;Falta de Atenção à Condução;1;Colisão transversal;Com Vítimas Feridas;Pleno dia;Decrescente;Céu Claro;Dupla;Reta;Sim;253905.0;Motocicleta;HONDA/NXR160 BROS ESDD;2016.0;Condutor;Lesões Leves;32.0;Masculino;0.0;1.0;0.0;0.0;-5,767915;-35,274563;SPRF-RN;DEL02-RN;UOP01-DEL02-RN
143361.0;311901.0;2018-06-29;sexta-feira;12:55:00;RN;101.0;82;NATAL;Sim;Falta de Atenção à Condução;1;Colisão transversal;Com Vítimas Feridas;Pleno dia;Decrescente;Céu Claro;Dupla;Reta;Sim;253904.0;Automóvel;I/AUDI A3 LM 122CV I;2015.0;Condutor;Ileso;24.0;Masculino;1.0;0.0;0.0;0.0;-5,767915;-35,274563;SPRF-RN;DEL02-RN;UOP01-DEL02-RN
143969.0;313728.0;2018-07-02;segunda-feira;07:35:00;RN;101.0;83,9;NATAL;Sim;Falta de Atenção do Pedestre;1;Atropelamento de Pedestre;Com Vítimas Feridas;Pleno dia;Crescente;Céu Claro;Dupla;Reta;Sim;255558.0;Motocicleta;HONDA/CG150 START;2015.0;Condutor;Lesões Leves;37.0;Masculino;0.0;1.0;0.0;0.0;-5,7740272;-35,2584306;SPRF-RN;DEL02-RN;UOP01-DEL02-RN
143969.0;313882.0;2018-07-02;segunda-feira;07:35:00;RN;101.0;83,9;NATAL;Sim;Falta de Atenção do Pedestre;1;Atropelamento de Pedestre;Com Vítimas Feridas;Pleno dia;Crescente;Céu Claro;Dupla;Reta;Sim;;;NA/NA;;Pedestre;Lesões Graves;83.0;Masculino;0.0;0.0;1.0;0.0;-5,7740272;-35,2584306;SPRF-RN;DEL02-RN;UOP01-DEL02-RN
144072.0;315114.0;2018-07-02;segunda-feira;18:12:00;RN;101.0;97;NATAL;Sim;Ingestão de Álcool;1;Colisão traseira;Sem Vítimas;Plena Noite;Crescente;Céu Claro;Múltipla;Reta;Sim;255083.0;Caminhonete;FIAT/TORO FREEDOM MT D;2017.0;Condutor;Ileso;55.0;Masculino;1.0;0.0;0.0;0.0;-5,857612;-35,212723;SPRF-RN;DEL01-RN;UOP01-DEL01-RN