id;pesid;data_inversa;dia_semana;horario;uf;br;km;municipio;causa_principal;causa_acidente;ordem_tipo_acidente;tipo_acidente;classificacao_acidente;fase_dia;sentido_via;condicao_metereologica;tipo_pista;tracado_via;uso_solo;id_veiculo;tipo_veiculo;marca;ano_fabricacao_veiculo;tipo_envolvido;estado_fisico;idade;sexo;ilesos;feridos_leves;feridos_graves;mortos;latitude;longitude;regional;delegacia;uop
144072.0;315093.0;2018-07-02;segunda-feira;18:12:00;RN;101.0;97;NATAL;Sim;Ingestão de Álcool;1;Colisão traseira;Sem Vítimas;Plena Noite;Crescente;Céu Claro;Múltipla;Reta;Sim;255081.0;Automóvel;GM/CELTA 4P LIFE;2005.0;Condutor;Ileso;27.0;Feminino;1.0;0.0;0.0;0.0;-5,857612;-35,212723;SPRF-RN;DEL01-RN;UOP01-DEL01-RN
144072.0;315112.0;2018-07-02;segunda-feira;18:12:00;RN;101.0;97;NATAL;Sim;Ingestão de Álcool;1;Colisão traseira;Sem Vítimas;Plena Noite;Crescente;Céu Claro;Múltipla;Reta;Sim;255082.0;Automóvel;FIAT/PALIO FIRE;2014.0;Condutor;Ileso;34.0;Masculino;1.0;0.0;0.0;0.0;-5,857612;-35,212723;SPRF-RN;DEL01-RN;UOP01-DEL01-RN
144399.0;315563.0;2018-07-04;quarta-feira;11:52:00;RN;101.0;94;NATAL;Sim;Defeito Mecânico no Veículo;1;Colisão frontal;Com Vítimas Fatais;Pleno dia;Crescente;Sol;Múltipla;Curva;Sim;255779.0;Automóvel;RENAULT/SANDERO STW 16HP;2012.0;Condutor;Ileso;83.0;Masculino;1.0;0.0;0.0;0.0;-5,833016;-35,212355;SPRF-RN;DEL01-RN;UOP01-DEL01-RN
144399.0;315560.0;2018-07-04;quarta-feira;11:52:00;RN;101.0;94;NATAL;Sim;Defeito Mecânico no Veículo;1;Colisão frontal;Com Vítimas Fatais;Pleno dia;Crescente;Sol;Múltipla;Curva;Sim;255777.0;Automóvel;I/PEUGEOT 207HB XR;2011.0;Condutor;Lesões Leves;38.0;Masculino;0.0;1.0;0.0;0.0;-5,833016;-35,212355;SPRF-RN;DEL01-RN;UOP01-DEL01-RN
144399.0;313993.0;2018-07-04;quarta-feira;11:52:00;RN;101.0;94;NATAL;Sim;Defeito Mecânico no Veículo;1;Colisão frontal;Com Vítimas Fatais;Pleno dia;Crescente;Sol;Múltipla;Curva;Sim;255776.0;Motocicleta;HONDA/NXR160 BROS ESDD;2014.0;Condutor;Óbito;47.0;Masculino;0.0;0.0;0.0;1.0;-5,833016;-35,212355;SPRF-RN;DEL01-RN;UOP01-DEL01-RN
144399.0;315562.0;2018-07-04;quarta-feira;11:52:00;RN;101.0;94;NATAL;Sim;Defeito Mecânico no Veículo;1;Colisão frontal;Com Vítimas Fatais;Pleno dia;Crescente;Sol;Múltipla;Curva;Sim;255778.0;Automóvel;TOYOTA/ETIOS HB X 13L MT;2016.0;Condutor;Ileso;51.0;Masculino;1.0;0.0;0.0;0.0;-5,833016;-35,212355;SPRF-RN;DEL01-RN;UOP01-DEL01-RN
144399.0;315564.0;2018-07-04;quarta-feira;11:52:00;RN;101.0;94;NATAL;Sim;Defeito Mecânico no Veículo;1;Colisão frontal;Com Vítimas Fatais;Pleno dia;Crescente;Sol;Múltipla;Curva;Sim;;;NA/NA;;Testemunha;Não Informado;;Não Informado;0.0;0.0;0.0;0.0;-5,833016;-35,212355;SPRF-RN;DEL01-RN;UOP01-DEL01-RN
144399.0;315563.0;2018-07-04;quarta-feira;11:52:00;RN;101.0;94;NATAL;Sim;Defeito Mecânico no Veículo;2;Colisão frontal;Com Vítimas Fatais;Pleno dia;Crescente;Sol;Múltipla;Curva;Sim;255779.0;Automóvel;RENAULT/SANDERO STW 16HP;2012.0;Condutor;Ileso;83.0;Masculino;1.0;0.0;0.0;0.0;-5,833016;-35,212355;SPRF-RN;DEL01-RN;UOP01-DEL01-RN
144399.0;315560.0;2018-07-04;quarta-feira;11:52:00;RN;101.0;94;NATAL;Sim;Defeito Mecânico no Veículo;2;Colisão frontal;Com Vítimas Fatais;Pleno dia;Crescente;Sol;Múltipla;Curva;Sim;255777.0;Automóvel;I/PEUGEOT 207HB XR;2011.0;Condutor;Lesões Leves;38.0;Masculino;0.0;1.0;0.0;0.0;-5,833016;-35,212355;SPRF-RN;DEL01-RN;UOP01-DEL01-RN
144399.0;313993.0;2018-07-04;quarta-feira;11:52:00;RN;101.0;94;NATAL;Sim;Defeito Mecânico no Veículo;2;Colisão frontal;Com Vítimas Fatais;Pleno dia;Crescente;Sol;Múltipla;Curva;Sim;255776.0;Motocicleta;HONDA/NXR160 BROS ESDD;2014.0;Condutor;Óbito;47.0;Masculino;0.0;0.0;0.0;1.0;-5,833016;-35,212355;SPRF-RN;DEL01-RN;UOP01-DEL01-RN
144399.0;315562.0;2018-07-04;quarta-feira;11:52:00;RN;101.0;94;NATAL;Sim;Defeito Mecânico no Veículo;2;Colisão frontal;Com Vítimas Fatais;Pleno dia;Crescente;Sol;Múltipla;Curva;Sim;255778.0;Automóvel;TOYOTA/ETIOS HB X 13L MT;2016.0;Condutor;Ileso;51.0;Masculino;1.0;0.0;0.0;0.0;-5,833016;-35,212355;SPRF-RN;DEL01-RN;UOP01-DEL01-RN
144399.0;315564.0;2018-07-04;quarta-feira;11:52:00;RN;101.0;94;NATAL;Sim;Defeito Mecânico no Veículo;2;Colisão frontal;Com Vítimas Fatais;Pleno dia;Crescente;Sol;Múltipla;Curva;Sim;;;NA/NA;;Testemunha;Não Informado;;Não Informado;0.0;0.0;0.0;0.0;-5,833016;-35,212355;SPRF-RN;DEL01-RN;UOP01-DEL01-RN
144399.0;315563.0;2018-07-04;quarta-feira;11:52:00;RN;101.0;94;NATAL;Sim;Defeito Mecânico no Veículo;3;Colisão frontal;Com Vítimas Fatais;Pleno dia;Crescente;Sol;Múltipla;Curva;Sim;255779.0;Automóvel;RENAULT/SANDERO STW 16HP;2012.0;Condutor;Ileso;83.0;Masculino;1.0;0.0;0.0;0.0;-5,833016;-35,212355;SPRF-RN;DEL01-RN;UOP01-DEL01-RN
144399.0;315560.0;2018-07-04;quarta-feira;11:52:00;RN;101.0;94;NATAL;Sim;Defeito Mecânico no Veículo;3;Colisão frontal;Com Vítimas Fatais;Pleno dia;Crescente;Sol;Múltipla;Curva;Sim;255777.0;Automóvel;I/PEUGEOT 207HB XR;2011.0;Condutor;Lesões Leves;38.0;Masculino;0.0;1.0;0.0;0.0;-5,833016;-35,212355;SPRF-RN;DEL01-RN;UOP01-DEL01-RN
144399.0;313993.0;2018-07-04;quarta-feira;11:52:00;RN;101.0;94;NATAL;Sim;Defeito Mecânico no Veículo;3;Colisão frontal;Com Vítimas Fatais;Pleno dia;Crescente;Sol;Múltipla;Curva;Sim;255776.0;Motocicleta;HONDA/NXR160 BROS ESDD;2014.0;Condutor;Óbito;47.0;Masculino;0.0;0.0;0.0;1.0;-5,833016;-35,212355;SPRF-RN;DEL01-RN;UOP01-DEL01-RN
144399.0;315562.0;2018-07-04;quarta-feira;11:52:00;RN;101.0;94;NATAL;Sim;Defeito Mecânico no Veículo;3;Colisão frontal;Com Vítimas Fatais;Pleno dia;Crescente;Sol;Múltipla;Curva;Sim;255778.0;Automóvel;TOYOTA/ETIOS HB X 13L MT;2016.0;Condutor;Ileso;51.0;Masculino;1.0;0.0;0.0;0.0;-5,833016;-35,212355;SPRF-RN;DEL01-RN;UOP01-DEL01-RN
144399.0;315564.0;2018-07-04;quarta-feira;11:52:00;RN;101.0;94;NATAL;Sim;Defeito Mecânico no Veículo;3;Colisão frontal;Com Vítimas Fatais;Pleno dia;Crescente;Sol;Múltipla;Curva;Sim;;;NA/NA;;Testemunha;Não Informado;;Não Informado;0.0;0.0;0.0;0.0;-5,833016;-35,212355;SPRF-RN;DEL01-RN;UOP01-DEL01-RN
144854.0;316864.0;2018-07-06;sexta-feira;14:30:00;RN;101.0;97;NATAL;Sim;Falta de Atenção à Condução;1;Colisão lateral;Com Vítimas Feridas;Pleno dia;Crescente;Chuva;Múltipla;Reta;Sim;256518.0;Automóvel;FIAT/PALIO FIRE;2014.0;Condutor;Lesões Leves;44.0;Feminino;0.0;1.0;0.0;0.0;-5,857612;-35,212723;SPRF-RN;DEL01-RN;UOP01-DEL01-RN
144854.0;316869.0;2018-07-06;sexta-feira;14:30:00;RN;101.0;97;NATAL;Sim;Falta de Atenção à Condução;1;Colisão lateral;Com Vítimas Feridas;Pleno dia;Crescente;Chuva;Múltipla;Reta;Sim;256519.0;Automóvel;FORD/FIESTA HA 1.5L SE;2013.0;Condutor;Ileso;36.0;Masculino;1.0;0.0;0.0;0.0;-5,857612;-35,212723;SPRF-RN;DEL01-RN;UOP01-DEL01-RN
145211.0;315631.0;2018-07-07;sábado;20:50:00;RN;101.0;97;NATAL;Sim;Falta de Atenção à Condução;1;Colisão lateral;Com Vítimas Feridas;Plena Noite;Crescente;Céu Claro;Múltipla;Curva;Sim;257020.0;Motocicleta;YAMAHA/XTZ150 CROSSER E;2016.0;Condutor;Lesões Leves;28.0;Masculino;0.0;1.0;0.0;0.0;-5,857612;-35,212723;SPRF-RN;DEL01-RN;UOP01-DEL01-RN
145211.0;315632.0;2018-07-07;sábado;20:50:00;RN;101.0;97;NATAL;Sim;Falta de Atenção à Condução;1;Colisão lateral;Com Vítimas Feridas;Plena Noite;Crescente;Céu Claro;Múltipla;Curva;Sim;257020.0;Motocicleta;YAMAHA/XTZ150 CROSSER E;2016.0;Passageiro;Ileso;24.0;Feminino;1.0;0.0;0.0;0.0;-5,857612;-35,212723;SPRF-RN;DEL01-RN;UOP01-DEL01-RN
145211.0;315627.0;2018-07-07;sábado;20:50:00;RN;101.0;97;NATAL;Sim;Falta de Atenção à Condução;1;Colisão lateral;Com Vítimas Feridas;Plena Noite;Crescente;Céu Claro;Múltipla;Curva;Sim;257019.0;Automóvel;FIAT/PALIO ATTRACTIV 1.0;2012.0;Condutor;Ileso;52.0;Masculino;1.0;0.0;0.0;0.0;-5,857612;-35,212723;SPRF-RN;DEL01-RN;UOP01-DEL01-RN
145329.0;315847.0;2018-07-08;domingo;15:40:00;RN;101.0;81;NATAL;Sim;Falta de Atenção à Condução;1;Colisão transversal;Com Vítimas Feridas;Pleno dia;Crescente;Céu Claro;Dupla;Reta;Sim;257207.0;Motocicleta;YAMAHA/YS150 FAZER ED;2014.0;Condutor;Ileso;25.0;Masculino;1.0;0.0;0.0;0.0;-5,764695;-35,282959;SPRF-RN;DEL02-RN;UOP01-DEL02-RN
145329.0;315856.0;2018-07-08;domingo;15:40:00;RN;101.0;81;NATAL;Sim;Falta de Atenção à Condução;1;Colisão transversal;Com Vítimas Feridas;Pleno dia;Crescente;Céu Claro;Dupla;Reta;Sim;257221.0;Bicicleta;MONARK/;0.0;Condutor;Lesões Leves;48.0;Masculino;0.0;1.0;0.0;0.0;-5,764695;-35,282959;SPRF-RN;DEL02-RN;UOP01-DEL02-RN
145399.0;316005.0;2018-07-08;domingo;19:08:00;RN;101.0;84,8;NATAL;Não;Pista Escorregadia;1;Queda de ocupante de veículo;Com Vítimas Feridas;Plena Noite;Crescente;Céu Claro;Dupla;Túnel;Sim;257315.0;Motocicleta;HONDA/CB 300R;2011.0;Passageiro;Lesões Graves;23.0;Feminino;0.0;0.0;1.0;0.0;-5,774175;-35,257801;SPRF-RN;DEL02-RN;UOP01-DEL02-RN
145399.0;316001.0;2018-07-08;domingo;19:08:00;RN;101.0;84,8;NATAL;Não;Pista Escorregadia;1;Queda de ocupante de veículo;Com Vítimas Feridas;Plena Noite;Crescente;Céu Claro;Dupla;Túnel;Sim;257315.0;Motocicleta;HONDA/CB 300R;2011.0;Condutor;Lesões Graves;20.0;Masculino;0.0;0.0;1.0;0.0;-5,774175;-35,257801;SPRF-RN;DEL02-RN;UOP01-DEL02-RN
145399.0;316005.0;2018-07-08;domingo;19:08:00;RN;101.0;84,8;NATAL;Sim;Defeito na Via;1;Queda de ocupante de veículo;Com Vítimas Feridas;Plena Noite;Crescente;Céu Claro;Dupla;Túnel;Sim;257315.0;Motocicleta;HONDA/CB 300R;2011.0;Passageiro;Lesões Graves;23.0;Feminino;0.0;0.0;1.0;0.0;-5,774175;-35,257801;SPRF-RN;DEL02-RN;UOP01-DEL02-RN
145399.0;316001.0;2018-07-08;domingo;19:08:00;RN;101.0;84,8;NATAL;Sim;Defeito na Via;1;Queda de ocupante de veículo;Com Vítimas Feridas;Plena Noite;Crescente;Céu Claro;Dupla;Túnel;Sim;257315.0;Motocicleta;HONDA/CB 300R;2011.0;Condutor;Lesões Graves;20.0;Masculino;0.0;0.0;1.0;0.0;-5,774175;-35,257801;SPRF-RN;DEL02-RN;UOP01-DEL02-RN
145418.0;320047.0;2018-07-08;domingo;21:55:00;RN;101.0;84;NATAL;Sim;Falta de Atenção à Condução;1;Colisão traseira;Com Vítimas Feridas;Plena Noite;Decrescente;Céu Claro;Dupla;Reta;Sim;260245.0;Motocicleta;HONDA/CG 125 FAN;2007.0;Condutor;Lesões Leves;34.0;Masculino;0.0;1.0;0.0;0.0;-5,774175;-35,257801;SPRF-RN;DEL02-RN;UOP01-DEL02-RN
145418.0;320050.0;2018-07-08;domingo;21:55:00;RN;101.0;84;NATAL;Sim;Falta de Atenção à Condução;1;Colisão traseira;Com Vítimas Feridas;Plena Noite;Decrescente;Céu Claro;Dupla;Reta;Sim;260523.0;Automóvel;FIAT/SIENA FIRE FLEX;2007.0;Condutor;Ileso;;Ignorado;1.0;0.0;0.0;0.0;-5,774175;-35,257801;SPRF-RN;DEL02-RN;UOP01-DEL02-RN
145540.0;317209.0;2018-07-09;segunda-feira;14:30:00;RN;101.0;99;NATAL;Sim;Não guardar distância de segurança;1;Engavetamento;Sem Vítimas;Pleno dia;Decrescente;Céu Claro;Simples;Reta;Sim;257638.0;Utilitário;JEEP/RENEGADE SPORT AT D;2017.0;Condutor;Ileso;47.0;Masculino;1.0;0.0;0.0;0.0;-5,87404918;-35,22078456;SPRF-RN;DEL01-RN;UOP01-DEL01-RN
145540.0;317210.0;2018-07-09;segunda-feira;14:30:00;RN;101.0;99;NATAL;Sim;Não guardar distância de segurança;1;Engavetamento;Sem Vítimas;Pleno dia;Decrescente;Céu Claro;Simples;Reta;Sim;257639.0;Caminhonete;FIAT/FIOR MODIFICAR AB1;2013.0;Condutor;Ileso;57.0;Masculino;1.0;0.0;0.0;0.0;-5,87404918;-35,22078456;SPRF-RN;DEL01-RN;UOP01-DEL01-RN
145540.0;317211.0;2018-07-09;segunda-feira;14:30:00;RN;101.0;99;NATAL;Sim;Não guardar distância de segurança;1;Engavetamento;Sem Vítimas;Pleno dia;Decrescente;Céu Claro;Simples;Reta;Sim;257640.0;Caminhonete;CHEVROLET/S10 LS DS4;2014.0;Condutor;Ileso;24.0;Masculino;1.0;0.0;0.0;0.0;-5,87404918;-35,22078456;SPRF-RN;DEL01-RN;UOP01-DEL01-RN
145542.0;319364.0;2018-07-09;segunda-feira;16:05:00;RN;101.0;96;NATAL;Sim;Agressão Externa;1;Tombamento;Com Vítimas Feridas;Pleno dia;Decrescente;Céu Claro;Múltipla;Reta;Sim;260057.0;Motocicleta;HONDA/CG150 TITAN MIX KS;2009.0;Condutor;Lesões Leves;43.0;Masculino;0.0;1.0;0.0;0.0;-5,84477;-35,208619;SPRF-RN;DEL01-RN;UOP01-DEL01-RN
146494.0;318502.0;2018-07-14;sábado;04:50:00;RN;101.0;95;NATAL;Sim;Falta de Atenção à Condução;1;Saída de leito carroçável;Sem Vítimas;Amanhecer;Crescente;Céu Claro;Múltipla;Reta;Sim;259382.0;Automóvel;HYUNDAI/HB20 1.0M COMFOR;2013.0;Condutor;Não Informado;;Não Informado;0.0;0.0;0.0;0.0;-5,8400638;-35,2107703;SPRF-RN;DEL01-RN;UOP01-DEL01-RN
146494.0;318502.0;2018-07-14;sábado;04:50:00;RN;101.0;95;NATAL;Sim;Falta de Atenção à Condução;2;Colisão com objeto estático;Sem Vítimas;Amanhecer;Crescente;Céu Claro;Múltipla;Reta;Sim;259382.0;Automóvel;HYUNDAI/HB20 1.0M COMFOR;2013.0;Condutor;Não Informado;;Não Informado;0.0;0.0;0.0;0.0;-5,8400638;-35,2107703;SPRF-RN;DEL01-RN;UOP01-DEL01-RN
146996.0;321741.0;2018-07-16;segunda-feira;11:55:00;RN;226.0;7;NATAL;Sim;Ingestão de Álcool;1;Colisão frontal;Sem Vítimas;Pleno dia;Crescente;Sol;Dupla;Reta;Sim;260455.0;Automóvel;VW/GOL CL 1.6 MI;1996.0;Condutor;Ileso;43.0;Masculino;1.0;0.0;0.0;0.0;-5,81845066;-35,2505615;SPRF-RN;DEL01-RN;UOP02-DEL01-RN
146996.0;321738.0;2018-07-16;segunda-feira;11:55:00;RN;226.0;7;NATAL;Sim;Ingestão de Álcool;1;Colisão frontal;Sem Vítimas;Pleno dia;Crescente;Sol;Dupla;Reta;Sim;260456.0;Automóvel;GM/CORSA SUPER;1998.0;Condutor;Ileso;38.0;Masculino;1.0;0.0;0.0;0.0;-5,81845066;-35,2505615;SPRF-RN;DEL01-RN;UOP02-DEL01-RN
147292.0;320615.0;2018-07-17;terça-feira;22:10:00;RN;101.0;97,1;NATAL;Não;Desobediência às normas de trânsito pelo condutor;1;Colisão traseira;Com Vítimas Feridas;Plena Noite;Decrescente;Céu Claro;Dupla;Reta;Sim;260923.0;Ciclomotor;I/SHINERAY XY50Q PHOENIX;2014.0;Condutor;Lesões Graves;46.0;Masculino;0.0;0.0;1.0;0.0;-5,85867317;-35,21323085;SPRF-RN;DEL01-RN;UOP01-DEL01-RN
147292.0;320614.0;2018-07-17;terça-feira;22:10:00;RN;101.0;97,1;NATAL;Não;Desobediência às normas de trânsito pelo condutor;1;Colisão traseira;Com Vítimas Feridas;Plena Noite;Decrescente;Céu Claro;Dupla;Reta;Sim;260922.0;Automóvel;HYUNDAI/HB20 1.0M COMFOR;2017.0;Condutor;Ileso;25.0;Masculino;1.0;0.0;0.0;0.0;-5,85867317;-35,21323085;SPRF-RN;DEL01-RN;UOP01-DEL01-RN
147292.0;320615.0;2018-07-17;terça-feira;22:10:00;RN;101.0;97,1;NATAL;Sim;Falta de Atenção à Condução;1;Colisão traseira;Com Vítimas Feridas;Plena Noite;Decrescente;Céu Claro;Dupla;Reta;Sim;260923.0;Ciclomotor;I/SHINERAY XY50Q PHOENIX;2014.0;Condutor;Lesões Graves;46.0;Masculino;0.0;0.0;1.0;0.0;-5,85867317;-35,21323085;SPRF-RN;DEL01-RN;UOP01-DEL01-RN
147292.0;320614.0;2018-07-17;terça-feira;22:10:00;RN;101.0;97,1;NATAL;Sim;Falta de Atenção à Condução;1;Colisão traseira;Com Vítimas Feridas;Plena Noite;Decrescente;Céu Claro;Dupla;Reta;Sim;260922.0;Automóvel;HYUNDAI/HB20 1.0M COMFOR;2017.0;Condutor;Ileso;25.0;Masculino;1.0;0.0;0.0;0.0;-5,85867317;-35,21323085;SPRF-RN;DEL01-RN;UOP01-DEL01-RN
147292.0;320615.0;2018-07-17;terça-feira;22:10:00;RN;101.0;97,1;NATAL;Não;Desobediência às normas de trânsito pelo condutor;2;Tombamento;Com Vítimas Feridas;Plena Noite;Decrescente;Céu Claro;Dupla;Reta;Sim;260923.0;Ciclomotor;I/SHINERAY XY50Q PHOENIX;2014.0;Condutor;Lesões Graves;46.0;Masculino;0.0;0.0;1.0;0.0;-5,85867317;-35,21323085;SPRF-RN;DEL01-RN;UOP01-DEL01-RN
147292.0;320614.0;2018-07-17;terça-feira;22:10:00;RN;101.0;97,1;NATAL;Não;Desobediência às normas de trânsito pelo condutor;2;Tombamento;Com Vítimas Feridas;Plena Noite;Decrescente;Céu Claro;Dupla;Reta;Sim;260922.0;Automóvel;HYUNDAI/HB20 1.0M COMFOR;2017.0;Condutor;Ileso;25.0;Masculino;1.0;0.0;0.0;0.0;-5,85867317;-35,21323085;SPRF-RN;DEL01-RN;UOP01-DEL01-RN
147292.0;320615.0;2018-07-17;terça-feira;22:10:00;RN;101.0;97,1;NATAL;Sim;Falta de Atenção à Condução;2;Tombamento;Com Vítimas Feridas;Plena Noite;Decrescente;Céu Claro;Dupla;Reta;Sim;260923.0;Ciclomotor;I/SHINERAY XY50Q PHOENIX;2014.0;Condutor;Lesões Graves;46.0;Masculino;0.0;0.0;1.0;0.0;-5,85867317;-35,21323085;SPRF-RN;DEL01-RN;UOP01-DEL01-RN
147292.0;320614.0;2018-07-17;terça-feira;22:10:00;RN;101.0;97,1;NATAL;Sim;Falta de Atenção à Condução;2;Tombamento;Com Vítimas Feridas;Plena Noite;Decrescente;Céu Claro;Dupla;Reta;Sim;260922.0;Automóvel;HYUNDAI/HB20 1.0M COMFOR;2017.0;Condutor;Ileso;25.0;Masculino;1.0;0.0;0.0;0.0;-5,85867317;-35,21323085;SPRF-RN;DEL01-RN;UOP01-DEL01-RN
147624.0;323501.0;2018-07-19;quinta-feira;15:30:00;RN;101.0;94;NATAL;Sim;Não guardar distância de segurança;1;Colisão traseira;Com Vítimas Feridas;Pleno dia;Crescente;Céu Claro;Dupla;Reta;Sim;261554.0;Motoneta;HONDA/BIZ 125;2017.0;Condutor;Lesões Leves;41.0;Feminino;0.0;1.0;0.0;0.0;-5,824996;-35,209641;SPRF-RN;DEL01-RN;UOP01-DEL01-RN
147624.0;323504.0;2018-07-19;quinta-feira;15:30:00;RN;101.0;94;NATAL;Sim;Não guardar distância de segurança;1;Colisão traseira;Com Vítimas Feridas;Pleno dia;Crescente;Céu Claro;Dupla;Reta;Sim;261555.0;Automóvel;TOYOTA/ETIOS SD X 15L AT;2017.0;Condutor;Ileso;39.0;Feminino;1.0;0.0;0.0;0.0;-5,824996;-35,209641;SPRF-RN;DEL01-RN;UOP01-DEL01-RN
148061.0;324264.0;2018-07-21;sábado;15:55:00;RN;226.0;0,5;NATAL;Sim;Desobediência às normas de trânsito pelo condutor;1;Colisão frontal;Com Vítimas Feridas;Pleno dia;Crescente;Nublado;Simples;"Aclive;Curva";Sim;262325.0;Ônibus;MBENZ/OF1418 NEOBUS SPEC;2008.0;Condutor;Ileso;35.0;Masculino;1.0;0.0;0.0;0.0;-5,80326488;-35,23774419;SPRF-RN;DEL01-RN;UOP02-DEL01-RN
148061.0;324266.0;2018-07-21;sábado;15:55:00;RN;226.0;0,5;NATAL;Sim;Desobediência às normas de trânsito pelo condutor;1;Colisão frontal;Com Vítimas Feridas;Pleno dia;Crescente;Nublado;Simples;"Aclive;Curva";Sim;262326.0;Motocicleta;HONDA/CG 125I FAN;2016.0;Condutor;Lesões Graves;40.0;Masculino;0.0;0.0;1.0;0.0;-5,80326488;-35,23774419;SPRF-RN;DEL01-RN;UOP02-DEL01-RN
148061.0;324264.0;2018-07-21;sábado;15:55:00;RN;226.0;0,5;NATAL;Sim;Desobediência às normas de trânsito pelo condutor;2;Queda de ocupante de veículo;Com Vítimas Feridas;Pleno dia;Crescente;Nublado;Simples;"Aclive;Curva";Sim;262325.0;Ônibus;MBENZ/OF1418 NEOBUS SPEC;2008.0;Condutor;Ileso;35.0;Masculino;1.0;0.0;0.0;0.0;-5,80326488;-35,23774419;SPRF-RN;DEL01-RN;UOP02-DEL01-RN
148061.0;324266.0;2018-07-21;sábado;15:55:00;RN;226.0;0,5;NATAL;Sim;Desobediência às normas de trânsito pelo condutor;2;Queda de ocupante de veículo;Com Vítimas Feridas;Pleno dia;Crescente;Nublado;Simples;"Aclive;Curva";Sim;262326.0;Motocicleta;HONDA/CG 125I FAN;2016.0;Condutor;Lesões Graves;40.0;Masculino;0.0;0.0;1.0;0.0;-5,80326488;-35,23774419;SPRF-RN;DEL01-RN;UOP02-DEL01-RN
148337.0;326463.0;2018-07-22;domingo;18:00:00;RN;101.0;96;NATAL;Sim;Falta de Atenção à Condução;1;Colisão traseira;Com Vítimas Feridas;Plena Noite;Decrescente;Céu Claro;Múltipla;Reta;Sim;262766.0;Motocicleta;HONDA/CG 160 START;2016.0;Condutor;Lesões Leves;25.0;Masculino;0.0;1.0;0.0;0.0;-5,844189;-35,208961;SPRF-RN;DEL01-RN;UOP01-DEL01-RN
148337.0;326464.0;2018-07-22;domingo;18:00:00;RN;101.0;96;NATAL;Sim;Falta de Atenção à Condução;1;Colisão traseira;Com Vítimas Feridas;Plena Noite;Decrescente;Céu Claro;Múltipla;Reta;Sim;262767.0;Automóvel;FIAT/SIENA FIRE FLEX;2006.0;Condutor;Ileso;67.0;Feminino;1.0;0.0;0.0;0.0;-5,844189;-35,208961;SPRF-RN;DEL01-RN;UOP01-DEL01-RN
148337.0;326465.0;2018-07-22;domingo;18:00:00;RN;101.0;96;NATAL;Sim;Falta de Atenção à Condução;1;Colisão traseira;Com Vítimas Feridas;Plena Noite;Decrescente;Céu Claro;Múltipla;Reta;Sim;262768.0;Automóvel;TOYOTA/COROLLA XEI20FLEX;2015.0;Condutor;Ileso;37.0;Feminino;1.0;0.0;0.0;0.0;-5,844189;-35,208961;SPRF-RN;DEL01-RN;UOP01-DEL01-RN
148337.0;326463.0;2018-07-22;domingo;18:00:00;RN;101.0;96;NATAL;Sim;Falta de Atenção à Condução;3;Colisão lateral;Com Vítimas Feridas;Plena Noite;Decrescente;Céu Claro;Múltipla;Reta;Sim;262766.0;Motocicleta;HONDA/CG 160 START;2016.0;Condutor;Lesões Leves;25.0;Masculino;0.0;1.0;0.0;0.0;-5,844189;-35,208961;SPRF-RN;DEL01-RN;UOP01-DEL01-RN
148337.0;326464.0;2018-07-22;domingo;18:00:00;RN;101.0;96;NATAL;Sim;Falta de Atenção à Condução;3;Colisão lateral;Com Vítimas Feridas;Plena Noite;Decrescente;Céu Claro;Múltipla;Reta;Sim;262767.0;Automóvel;FIAT/SIENA FIRE FLEX;2006.0;Condutor;Ileso;67.0;Feminino;1.0;0.0;0.0;0.0;-5,844189;-35,208961;SPRF-RN;DEL01-RN;UOP01-DEL01-RN
148337.0;326465.0;2018-07-22;domingo;18:00:00;RN;101.0;96;NATAL;Sim;Falta de Atenção à Condução;3;Colisão lateral;Com Vítimas Feridas;Plena Noite;Decrescente;Céu Claro;Múltipla;Reta;Sim;262768.0;Automóvel;TOYOTA/COROLLA XEI20FLEX;2015.0;Condutor;Ileso;37.0;Feminino;1.0;0.0;0.0;0.0;-5,844189;-35,208961;SPRF-RN;DEL01-RN;UOP01-DEL01-RN
148337.0;326463.0;2018-07-22;domingo;18:00:00;RN;101.0;96;NATAL;Sim;Falta de Atenção à Condução;2;Capotamento;Com Vítimas Feridas;Plena Noite;Decrescente;Céu Claro;Múltipla;Reta;Sim;262766.0;Motocicleta;HONDA/CG 160 START;2016.0;Condutor;Lesões Leves;25.0;Masculino;0.0;1.0;0.0;0.0;-5,844189;-35,208961;SPRF-RN;DEL01-RN;UOP01-DEL01-RN
148337.0;326464.0;2018-07-22;domingo;18:00:00;RN;101.0;96;NATAL;Sim;Falta de Atenção à Condução;2;Capotamento;Com Vítimas Feridas;Plena Noite;Decrescente;Céu Claro;Múltipla;Reta;Sim;262767.0;Automóvel;FIAT/SIENA FIRE FLEX;2006.0;Condutor;Ileso;67.0;Feminino;1.0;0.0;0.0;0.0;-5,844189;-35,208961;SPRF-RN;DEL01-RN;UOP01-DEL01-RN
148337.0;326465.0;2018-07-22;domingo;18:00:00;RN;101.0;96;NATAL;Sim;Falta de Atenção à Condução;2;Capotamento;Com Vítimas Feridas;Plena Noite;Decrescente;Céu Claro;Múltipla;Reta;Sim;262768.0;Automóvel;TOYOTA/COROLLA XEI20FLEX;2015.0;Condutor;Ileso;37.0;Feminino;1.0;0.0;0.0;0.0;-5,844189;-35,208961;SPRF-RN;DEL01-RN;UOP01-DEL01-RN
148898.0;324613.0;2018-07-25;quarta-feira;18:20:00;RN;101.0;95;NATAL;Não;Falta de Atenção à Condução;1;Colisão traseira;Sem Vítimas;Plena Noite;Crescente;Céu Claro;Dupla;Reta;Sim;263953.0;Automóvel;RENAULT/KWID ZEN 10MT;2017.0;Condutor;Ileso;53.0;Masculino;1.0;0.0;0.0;0.0;-5,84042772;-35,21063715;SPRF-RN;DEL01-RN;UOP01-DEL01-RN
148898.0;324614.0;2018-07-25;quarta-feira;18:20:00;RN;101.0;95;NATAL;Não;Falta de Atenção à Condução;1;Colisão traseira;Sem Vítimas;Plena Noite;Crescente;Céu Claro;Dupla;Reta;Sim;263954.0;Caminhonete;VW/SAVEIRO TECFORM AB1;2017.0;Condutor;Ileso;49.0;Masculino;1.0;0.0;0.0;0.0;-5,84042772;-35,21063715;SPRF-RN;DEL01-RN;UOP01-DEL01-RN