id;pesid;data_inversa;dia_semana;horario;uf;br;km;municipio;causa_principal;causa_acidente;ordem_tipo_acidente;tipo_acidente;classificacao_acidente;fase_dia;sentido_via;condicao_metereologica;tipo_pista;tracado_via;uso_solo;id_veiculo;tipo_veiculo;marca;ano_fabricacao_veiculo;tipo_envolvido;estado_fisico;idade;sexo;ilesos;feridos_leves;feridos_graves;mortos;latitude;longitude;regional;delegacia;uop
154403.0;337596.0;2018-08-21;terça-feira;07:00:00;RN;101.0;94,5;NATAL;Sim;Agressão Externa;2;Colisão lateral;Sem Vítimas;Pleno dia;Decrescente;Sol;Dupla;Reta;Sim;274274.0;Ônibus;M.BENZ/INDUSCAR APACHE A;2007.0;Condutor;Ileso;48.0;Masculino;1.0;0.0;0.0;0.0;-5,83184111;-35,2118361;SPRF-RN;DEL01-RN;UOP01-DEL01-RN
154586.0;337874.0;2018-08-22;quarta-feira;09:15:00;RN;101.0;96;NATAL;Sim;Carga excessiva e/ou mal acondicionada;2;Colisão traseira;Com Vítimas Feridas;Pleno dia;Crescente;Céu Claro;Múltipla;Declive;Sim;274512.0;Caminhão;FORD/CARGO 816 S;2013.0;Condutor;Ileso;35.0;Masculino;1.0;0.0;0.0;0.0;-5,84370971;-35,209288;SPRF-RN;DEL01-RN;UOP01-DEL01-RN
154586.0;337878.0;2018-08-22;quarta-feira;09:15:00;RN;101.0;96;NATAL;Sim;Carga excessiva e/ou mal acondicionada;2;Colisão traseira;Com Vítimas Feridas;Pleno dia;Crescente;Céu Claro;Múltipla;Declive;Sim;274514.0;Caminhonete;FIAT/FIORINO FLEX;2013.0;Condutor;Ileso;35.0;Masculino;1.0;0.0;0.0;0.0;-5,84370971;-35,209288;SPRF-RN;DEL01-RN;UOP01-DEL01-RN
154586.0;337877.0;2018-08-22;quarta-feira;09:15:00;RN;101.0;96;NATAL;Sim;Carga excessiva e/ou mal acondicionada;2;Colisão traseira;Com Vítimas Feridas;Pleno dia;Crescente;Céu Claro;Múltipla;Declive;Sim;274513.0;Motocicleta;HONDA/CG 125 FAN ES;2010.0;Condutor;Lesões Graves;32.0;Masculino;0.0;0.0;1.0;0.0;-5,84370971;-35,209288;SPRF-RN;DEL01-RN;UOP01-DEL01-RN
154586.0;337874.0;2018-08-22;quarta-feira;09:15:00;RN;101.0;96;NATAL;Sim;Carga excessiva e/ou mal acondicionada;1;Colisão com objeto em movimento;Com Vítimas Feridas;Pleno dia;Crescente;Céu Claro;Múltipla;Declive;Sim;274512.0;Caminhão;FORD/CARGO 816 S;2013.0;Condutor;Ileso;35.0;Masculino;1.0;0.0;0.0;0.0;-5,84370971;-35,209288;SPRF-RN;DEL01-RN;UOP01-DEL01-RN
154586.0;337878.0;2018-08-22;quarta-feira;09:15:00;RN;101.0;96;NATAL;Sim;Carga excessiva e/ou mal acondicionada;1;Colisão com objeto em movimento;Com Vítimas Feridas;Pleno dia;Crescente;Céu Claro;Múltipla;Declive;Sim;274514.0;Caminhonete;FIAT/FIORINO FLEX;2013.0;Condutor;Ileso;35.0;Masculino;1.0;0.0;0.0;0.0;-5,84370971;-35,209288;SPRF-RN;DEL01-RN;UOP01-DEL01-RN
154586.0;337877.0;2018-08-22;quarta-feira;09:15:00;RN;101.0;96;NATAL;Sim;Carga excessiva e/ou mal acondicionada;1;Colisão com objeto em movimento;Com Vítimas Feridas;Pleno dia;Crescente;Céu Claro;Múltipla;Declive;Sim;274513.0;Motocicleta;HONDA/CG 125 FAN ES;2010.0;Condutor;Lesões Graves;32.0;Masculino;0.0;0.0;1.0;0.0;-5,84370971;-35,209288;SPRF-RN;DEL01-RN;UOP01-DEL01-RN
154755.0;338379.0;2018-08-23;quinta-feira;08:35:00;RN;101.0;94;NATAL;Não;Não guardar distância de segurança;1;Colisão lateral;Com Vítimas Feridas;Pleno dia;Crescente;Céu Claro;Simples;Curva;Sim;274861.0;Motoneta;HONDA/BIZ 125 KS;2009.0;Condutor;Lesões Leves;37.0;Feminino;0.0;1.0;0.0;0.0;-5,831766;-35,211914;SPRF-RN;DEL01-RN;UOP01-DEL01-RN
154755.0;338381.0;2018-08-23;quinta-feira;08:35:00;RN;101.0;94;NATAL;Não;Não guardar distância de segurança;1;Colisão lateral;Com Vítimas Feridas;Pleno dia;Crescente;Céu Claro;Simples;Curva;Sim;274862.0;Automóvel;HONDA/FIT EXL FLEX;2009.0;Condutor;Ileso;42.0;Masculino;1.0;0.0;0.0;0.0;-5,831766;-35,211914;SPRF-RN;DEL01-RN;UOP01-DEL01-RN
154755.0;338379.0;2018-08-23;quinta-feira;08:35:00;RN;101.0;94;NATAL;Sim;Desobediência às normas de trânsito pelo condutor;1;Colisão lateral;Com Vítimas Feridas;Pleno dia;Crescente;Céu Claro;Simples;Curva;Sim;274861.0;Motoneta;HONDA/BIZ 125 KS;2009.0;Condutor;Lesões Leves;37.0;Feminino;0.0;1.0;0.0;0.0;-5,831766;-35,211914;SPRF-RN;DEL01-RN;UOP01-DEL01-RN
154755.0;338381.0;2018-08-23;quinta-feira;08:35:00;RN;101.0;94;NATAL;Sim;Desobediência às normas de trânsito pelo condutor;1;Colisão lateral;Com Vítimas Feridas;Pleno dia;Crescente;Céu Claro;Simples;Curva;Sim;274862.0;Automóvel;HONDA/FIT EXL FLEX;2009.0;Condutor;Ileso;42.0;Masculino;1.0;0.0;0.0;0.0;-5,831766;-35,211914;SPRF-RN;DEL01-RN;UOP01-DEL01-RN
154755.0;338379.0;2018-08-23;quinta-feira;08:35:00;RN;101.0;94;NATAL;Não;Não guardar distância de segurança;2;Queda de ocupante de veículo;Com Vítimas Feridas;Pleno dia;Crescente;Céu Claro;Simples;Curva;Sim;274861.0;Motoneta;HONDA/BIZ 125 KS;2009.0;Condutor;Lesões Leves;37.0;Feminino;0.0;1.0;0.0;0.0;-5,831766;-35,211914;SPRF-RN;DEL01-RN;UOP01-DEL01-RN
154755.0;338381.0;2018-08-23;quinta-feira;08:35:00;RN;101.0;94;NATAL;Não;Não guardar distância de segurança;2;Queda de ocupante de veículo;Com Vítimas Feridas;Pleno dia;Crescente;Céu Claro;Simples;Curva;Sim;274862.0;Automóvel;HONDA/FIT EXL FLEX;2009.0;Condutor;Ileso;42.0;Masculino;1.0;0.0;0.0;0.0;-5,831766;-35,211914;SPRF-RN;DEL01-RN;UOP01-DEL01-RN
154755.0;338379.0;2018-08-23;quinta-feira;08:35:00;RN;101.0;94;NATAL;Sim;Desobediência às normas de trânsito pelo condutor;2;Queda de ocupante de veículo;Com Vítimas Feridas;Pleno dia;Crescente;Céu Claro;Simples;Curva;Sim;274861.0;Motoneta;HONDA/BIZ 125 KS;2009.0;Condutor;Lesões Leves;37.0;Feminino;0.0;1.0;0.0;0.0;-5,831766;-35,211914;SPRF-RN;DEL01-RN;UOP01-DEL01-RN
154755.0;338381.0;2018-08-23;quinta-feira;08:35:00;RN;101.0;94;NATAL;Sim;Desobediência às normas de trânsito pelo condutor;2;Queda de ocupante de veículo;Com Vítimas Feridas;Pleno dia;Crescente;Céu Claro;Simples;Curva;Sim;274862.0;Automóvel;HONDA/FIT EXL FLEX;2009.0;Condutor;Ileso;42.0;Masculino;1.0;0.0;0.0;0.0;-5,831766;-35,211914;SPRF-RN;DEL01-RN;UOP01-DEL01-RN
154932.0;338772.0;2018-08-24;sexta-feira;08:02:00;RN;101.0;95;NATAL;Sim;Falta de Atenção à Condução;1;Colisão traseira;Com Vítimas Feridas;Pleno dia;Decrescente;Céu Claro;Dupla;Reta;Sim;275192.0;Motocicleta;HONDA/XRE 300;2014.0;Condutor;Lesões Leves;26.0;Masculino;0.0;1.0;0.0;0.0;-5,83570484;-35,21184146;SPRF-RN;DEL01-RN;UOP01-DEL01-RN
154932.0;338770.0;2018-08-24;sexta-feira;08:02:00;RN;101.0;95;NATAL;Sim;Falta de Atenção à Condução;1;Colisão traseira;Com Vítimas Feridas;Pleno dia;Decrescente;Céu Claro;Dupla;Reta;Sim;275193.0;Automóvel;TOYOTA/ETIOS SD X;2013.0;Condutor;Ileso;42.0;Feminino;1.0;0.0;0.0;0.0;-5,83570484;-35,21184146;SPRF-RN;DEL01-RN;UOP01-DEL01-RN
155061.0;339019.0;2018-08-24;sexta-feira;19:50:00;RN;101.0;98;NATAL;Sim;Ingestão de Álcool;1;Colisão traseira;Sem Vítimas;Plena Noite;Crescente;Garoa/Chuvisco;Múltipla;Reta;Sim;275384.0;Caminhonete;MMC/L200 4X4 GL;2011.0;Condutor;Ileso;37.0;Masculino;1.0;0.0;0.0;0.0;-5,865723;-35,216537;SPRF-RN;DEL01-RN;UOP01-DEL01-RN
155061.0;339020.0;2018-08-24;sexta-feira;19:50:00;RN;101.0;98;NATAL;Sim;Ingestão de Álcool;1;Colisão traseira;Sem Vítimas;Plena Noite;Crescente;Garoa/Chuvisco;Múltipla;Reta;Sim;275385.0;Caminhonete;I/TOYOTA HILUX CD4X4;2007.0;Condutor;Ileso;51.0;Masculino;1.0;0.0;0.0;0.0;-5,865723;-35,216537;SPRF-RN;DEL01-RN;UOP01-DEL01-RN
155109.0;339118.0;2018-08-24;sexta-feira;22:30:00;RN;101.0;95;NATAL;Sim;Falta de Atenção à Condução;1;Capotamento;Com Vítimas Feridas;Plena Noite;Decrescente;Chuva;Múltipla;Reta;Sim;275425.0;Automóvel;VW/GOLF 2.0 COMFORTLINE;2008.0;Condutor;Lesões Leves;42.0;Masculino;0.0;1.0;0.0;0.0;-5,83066705;-35,21157324;SPRF-RN;DEL01-RN;UOP01-DEL01-RN
155119.0;339053.0;2018-08-24;sexta-feira;23:50:00;RN;101.0;96;NATAL;Sim;Não guardar distância de segurança;1;Queda de ocupante de veículo;Com Vítimas Feridas;Plena Noite;Crescente;Chuva;Dupla;Reta;Sim;275454.0;Motocicleta;JTA/SUZUKI INTRUDER 125C;2007.0;Condutor;Lesões Graves;33.0;Masculino;0.0;0.0;1.0;0.0;-5,849496;-35,208908;SPRF-RN;DEL01-RN;UOP01-DEL01-RN
155740.0;341967.0;2018-08-28;terça-feira;05:35:00;RN;101.0;99;NATAL;Sim;Desobediência às normas de trânsito pelo condutor;1;Colisão com objeto estático;Sem Vítimas;Pleno dia;Crescente;Garoa/Chuvisco;Múltipla;"Em Obras;Reta;Desvio Temporário";Sim;276558.0;Ônibus;M.BENZ/MPOLO TORINO U;2013.0;Condutor;Ileso;41.0;Masculino;1.0;0.0;0.0;0.0;-5,877469;-35,22322;SPRF-RN;DEL01-RN;UOP01-DEL01-RN
155740.0;341968.0;2018-08-28;terça-feira;05:35:00;RN;101.0;99;NATAL;Sim;Desobediência às normas de trânsito pelo condutor;1;Colisão com objeto estático;Sem Vítimas;Pleno dia;Crescente;Garoa/Chuvisco;Múltipla;"Em Obras;Reta;Desvio Temporário";Sim;276559.0;Ônibus;M.BENZ/MPOLO SENIOR GVO;2000.0;Condutor;Ileso;56.0;Masculino;1.0;0.0;0.0;0.0;-5,877469;-35,22322;SPRF-RN;DEL01-RN;UOP01-DEL01-RN
155740.0;341967.0;2018-08-28;terça-feira;05:35:00;RN;101.0;99;NATAL;Sim;Desobediência às normas de trânsito pelo condutor;2;Colisão traseira;Sem Vítimas;Pleno dia;Crescente;Garoa/Chuvisco;Múltipla;"Em Obras;Reta;Desvio Temporário";Sim;276558.0;Ônibus;M.BENZ/MPOLO TORINO U;2013.0;Condutor;Ileso;41.0;Masculino;1.0;0.0;0.0;0.0;-5,877469;-35,22322;SPRF-RN;DEL01-RN;UOP01-DEL01-RN
155740.0;341968.0;2018-08-28;terça-feira;05:35:00;RN;101.0;99;NATAL;Sim;Desobediência às normas de trânsito pelo condutor;2;Colisão traseira;Sem Vítimas;Pleno dia;Crescente;Garoa/Chuvisco;Múltipla;"Em Obras;Reta;Desvio Temporário";Sim;276559.0;Ônibus;M.BENZ/MPOLO SENIOR GVO;2000.0;Condutor;Ileso;56.0;Masculino;1.0;0.0;0.0;0.0;-5,877469;-35,22322;SPRF-RN;DEL01-RN;UOP01-DEL01-RN
156120.0;341381.0;2018-05-07;segunda-feira;06:00:00;RN;101.0;98;NATAL;Sim;Não guardar distância de segurança;1;Colisão lateral;Sem Vítimas;Pleno dia;Decrescente;Céu Claro;Simples;Em Obras;Sim;277366.0;Ônibus;M.BENZ/INDUSCAR FOZ U;2010.0;Condutor;Ileso;40.0;Masculino;1.0;0.0;0.0;0.0;-5,86605869;-35,21650672;SPRF-RN;DEL01-RN;UOP01-DEL01-RN
156120.0;341382.0;2018-05-07;segunda-feira;06:00:00;RN;101.0;98;NATAL;Sim;Não guardar distância de segurança;1;Colisão lateral;Sem Vítimas;Pleno dia;Decrescente;Céu Claro;Simples;Em Obras;Sim;277367.0;Caminhão;VW/24.280 CRM 6X2;0.0;Condutor;Não Informado;;Não Informado;0.0;0.0;0.0;0.0;-5,86605869;-35,21650672;SPRF-RN;DEL01-RN;UOP01-DEL01-RN
156120.0;341381.0;2018-05-07;segunda-feira;06:00:00;RN;101.0;98;NATAL;Não;Falta de Atenção à Condução;1;Colisão lateral;Sem Vítimas;Pleno dia;Decrescente;Céu Claro;Simples;Em Obras;Sim;277366.0;Ônibus;M.BENZ/INDUSCAR FOZ U;2010.0;Condutor;Ileso;40.0;Masculino;1.0;0.0;0.0;0.0;-5,86605869;-35,21650672;SPRF-RN;DEL01-RN;UOP01-DEL01-RN
156120.0;341382.0;2018-05-07;segunda-feira;06:00:00;RN;101.0;98;NATAL;Não;Falta de Atenção à Condução;1;Colisão lateral;Sem Vítimas;Pleno dia;Decrescente;Céu Claro;Simples;Em Obras;Sim;277367.0;Caminhão;VW/24.280 CRM 6X2;0.0;Condutor;Não Informado;;Não Informado;0.0;0.0;0.0;0.0;-5,86605869;-35,21650672;SPRF-RN;DEL01-RN;UOP01-DEL01-RN
156305.0;342051.0;2018-08-31;sexta-feira;08:15:00;RN;101.0;97;NATAL;Sim;Não guardar distância de segurança;1;Colisão traseira;Com Vítimas Feridas;Pleno dia;Decrescente;Céu Claro;Múltipla;Reta;Sim;277727.0;Automóvel;I/JAC J3;2011.0;Condutor;Ileso;37.0;Masculino;1.0;0.0;0.0;0.0;-5,856143;-35,212055;SPRF-RN;DEL01-RN;UOP01-DEL01-RN
156305.0;342053.0;2018-08-31;sexta-feira;08:15:00;RN;101.0;97;NATAL;Sim;Não guardar distância de segurança;1;Colisão traseira;Com Vítimas Feridas;Pleno dia;Decrescente;Céu Claro;Múltipla;Reta;Sim;277728.0;Motocicleta;HONDA/NXR160 BROS ESDD;2016.0;Condutor;Lesões Leves;39.0;Masculino;0.0;1.0;0.0;0.0;-5,856143;-35,212055;SPRF-RN;DEL01-RN;UOP01-DEL01-RN
156479.0;342199.0;2018-01-27;sábado;20:50:00;RN;101.0;94,5;NATAL;Sim;Falta de Atenção do Pedestre;1;Atropelamento de Pedestre;Com Vítimas Feridas;Plena Noite;Decrescente;Céu Claro;Dupla;Declive;Sim;277989.0;Automóvel;HYUNDAI/HB20 1.0M COMFOR;2017.0;Condutor;Ileso;29.0;Masculino;1.0;0.0;0.0;0.0;-5,83191049;-35,21202385;SPRF-RN;DEL01-RN;UOP01-DEL01-RN
156479.0;342200.0;2018-01-27;sábado;20:50:00;RN;101.0;94,5;NATAL;Sim;Falta de Atenção do Pedestre;1;Atropelamento de Pedestre;Com Vítimas Feridas;Plena Noite;Decrescente;Céu Claro;Dupla;Declive;Sim;;;NA/NA;;Pedestre;Lesões Graves;22.0;Masculino;0.0;0.0;1.0;0.0;-5,83191049;-35,21202385;SPRF-RN;DEL01-RN;UOP01-DEL01-RN
156727.0;344052.0;2018-09-02;domingo;01:50:00;RN;101.0;95;NATAL;Não;Condutor Dormindo;1;Colisão com objeto estático;Com Vítimas Feridas;Plena Noite;Decrescente;Chuva;Múltipla;Reta;Sim;278400.0;Automóvel;VW/VOYAGE 1.0;2010.0;Condutor;Lesões Leves;23.0;Masculino;0.0;1.0;0.0;0.0;-5,837825;-35,211269;SPRF-RN;DEL01-RN;UOP01-DEL01-RN
156727.0;344052.0;2018-09-02;domingo;01:50:00;RN;101.0;95;NATAL;Sim;Falta de Atenção à Condução;1;Colisão com objeto estático;Com Vítimas Feridas;Plena Noite;Decrescente;Chuva;Múltipla;Reta;Sim;278400.0;Automóvel;VW/VOYAGE 1.0;2010.0;Condutor;Lesões Leves;23.0;Masculino;0.0;1.0;0.0;0.0;-5,837825;-35,211269;SPRF-RN;DEL01-RN;UOP01-DEL01-RN
156727.0;344052.0;2018-09-02;domingo;01:50:00;RN;101.0;95;NATAL;Não;Condutor Dormindo;2;Capotamento;Com Vítimas Feridas;Plena Noite;Decrescente;Chuva;Múltipla;Reta;Sim;278400.0;Automóvel;VW/VOYAGE 1.0;2010.0;Condutor;Lesões Leves;23.0;Masculino;0.0;1.0;0.0;0.0;-5,837825;-35,211269;SPRF-RN;DEL01-RN;UOP01-DEL01-RN
156727.0;344052.0;2018-09-02;domingo;01:50:00;RN;101.0;95;NATAL;Sim;Falta de Atenção à Condução;2;Capotamento;Com Vítimas Feridas;Plena Noite;Decrescente;Chuva;Múltipla;Reta;Sim;278400.0;Automóvel;VW/VOYAGE 1.0;2010.0;Condutor;Lesões Leves;23.0;Masculino;0.0;1.0;0.0;0.0;-5,837825;-35,211269;SPRF-RN;DEL01-RN;UOP01-DEL01-RN
156813.0;342835.0;2018-09-02;domingo;14:15:00;RN;101.0;79,5;NATAL;Sim;Falta de Atenção à Condução;1;Queda de ocupante de veículo;Com Vítimas Feridas;Pleno dia;Decrescente;Céu Claro;Dupla;Reta;Não;278555.0;Motocicleta;HONDA/CG 150 TITAN ESD;2013.0;Condutor;Lesões Leves;21.0;Masculino;0.0;1.0;0.0;0.0;-5,75224107;-35,28885841;SPRF-RN;DEL02-RN;UOP01-DEL02-RN
157524.0;344336.0;2018-06-20;quarta-feira;18:03:00;RN;101.0;77;NATAL;Sim;Desobediência às normas de trânsito pelo condutor;1;Danos eventuais;Com Vítimas Feridas;Anoitecer;Decrescente;Céu Claro;Dupla;Reta;Sim;279821.0;Motocicleta;HONDA/CG 160 START;0.0;Condutor;Lesões Graves;;Masculino;0.0;0.0;1.0;0.0;-5,73395954;-35,29102296;SPRF-RN;DEL02-RN;UOP01-DEL02-RN
157524.0;344337.0;2018-06-20;quarta-feira;18:03:00;RN;101.0;77;NATAL;Sim;Desobediência às normas de trânsito pelo condutor;1;Danos eventuais;Com Vítimas Feridas;Anoitecer;Decrescente;Céu Claro;Dupla;Reta;Sim;279822.0;Automóvel;Não Informado/Não Informado;0.0;Condutor;Não Informado;;Não Informado;0.0;0.0;0.0;0.0;-5,73395954;-35,29102296;SPRF-RN;DEL02-RN;UOP01-DEL02-RN
157614.0;344724.0;2018-09-06;quinta-feira;07:15:00;RN;101.0;97,9;NATAL;Sim;Falta de Atenção à Condução;1;Colisão traseira;Com Vítimas Feridas;Pleno dia;Decrescente;Chuva;Dupla;Em Obras;Sim;280144.0;Motocicleta;HONDA/CG 150 FAN ESI;2013.0;Condutor;Lesões Leves;23.0;Masculino;0.0;1.0;0.0;0.0;-5,865723;-35,216537;SPRF-RN;DEL01-RN;UOP01-DEL01-RN
157614.0;344725.0;2018-09-06;quinta-feira;07:15:00;RN;101.0;97,9;NATAL;Sim;Falta de Atenção à Condução;1;Colisão traseira;Com Vítimas Feridas;Pleno dia;Decrescente;Chuva;Dupla;Em Obras;Sim;280145.0;Camioneta;FORD/ECOSPORT SE 1.6B;2016.0;Condutor;Ileso;45.0;Feminino;1.0;0.0;0.0;0.0;-5,865723;-35,216537;SPRF-RN;DEL01-RN;UOP01-DEL01-RN
157614.0;344718.0;2018-09-06;quinta-feira;07:15:00;RN;101.0;97,9;NATAL;Sim;Falta de Atenção à Condução;1;Colisão traseira;Com Vítimas Feridas;Pleno dia;Decrescente;Chuva;Dupla;Em Obras;Sim;280143.0;Automóvel;FORD/KA FLEX;2008.0;Condutor;Ileso;27.0;Masculino;1.0;0.0;0.0;0.0;-5,865723;-35,216537;SPRF-RN;DEL01-RN;UOP01-DEL01-RN
157614.0;344724.0;2018-09-06;quinta-feira;07:15:00;RN;101.0;97,9;NATAL;Sim;Falta de Atenção à Condução;2;Queda de ocupante de veículo;Com Vítimas Feridas;Pleno dia;Decrescente;Chuva;Dupla;Em Obras;Sim;280144.0;Motocicleta;HONDA/CG 150 FAN ESI;2013.0;Condutor;Lesões Leves;23.0;Masculino;0.0;1.0;0.0;0.0;-5,865723;-35,216537;SPRF-RN;DEL01-RN;UOP01-DEL01-RN
157614.0;344725.0;2018-09-06;quinta-feira;07:15:00;RN;101.0;97,9;NATAL;Sim;Falta de Atenção à Condução;2;Queda de ocupante de veículo;Com Vítimas Feridas;Pleno dia;Decrescente;Chuva;Dupla;Em Obras;Sim;280145.0;Camioneta;FORD/ECOSPORT SE 1.6B;2016.0;Condutor;Ileso;45.0;Feminino;1.0;0.0;0.0;0.0;-5,865723;-35,216537;SPRF-RN;DEL01-RN;UOP01-DEL01-RN
157614.0;344718.0;2018-09-06;quinta-feira;07:15:00;RN;101.0;97,9;NATAL;Sim;Falta de Atenção à Condução;2;Queda de ocupante de veículo;Com Vítimas Feridas;Pleno dia;Decrescente;Chuva;Dupla;Em Obras;Sim;280143.0;Automóvel;FORD/KA FLEX;2008.0;Condutor;Ileso;27.0;Masculino;1.0;0.0;0.0;0.0;-5,865723;-35,216537;SPRF-RN;DEL01-RN;UOP01-DEL01-RN
158252.0;345910.0;2018-09-09;domingo;05:30:00;RN;101.0;82;NATAL;Sim;Falta de Atenção à Condução;1;Colisão com objeto estático;Sem Vítimas;Pleno dia;Decrescente;Céu Claro;Dupla;Reta;Sim;281132.0;Automóvel;FIAT/PALIO WEEK 6MARCHAS;1999.0;Condutor;Não Informado;;Não Informado;0.0;0.0;0.0;0.0;-5,766598;-35,2776938;SPRF-RN;DEL02-RN;UOP01-DEL02-RN
158606.0;347026.0;2018-09-10;segunda-feira;14:10:00;RN;101.0;96;NATAL;Sim;Não guardar distância de segurança;1;Colisão traseira;Sem Vítimas;Pleno dia;Crescente;Chuva;Simples;Reta;Sim;281906.0;Automóvel;HYUNDAI/HB20S 1.6M COMF;2014.0;Condutor;Ileso;56.0;Masculino;1.0;0.0;0.0;0.0;-5,849496;-35,208908;SPRF-RN;DEL01-RN;UOP01-DEL01-RN
158606.0;347027.0;2018-09-10;segunda-feira;14:10:00;RN;101.0;96;NATAL;Sim;Não guardar distância de segurança;1;Colisão traseira;Sem Vítimas;Pleno dia;Crescente;Chuva;Simples;Reta;Sim;281915.0;Caminhonete;MMC/L200 4X4 GL;2011.0;Condutor;Ileso;37.0;Masculino;1.0;0.0;0.0;0.0;-5,849496;-35,208908;SPRF-RN;DEL01-RN;UOP01-DEL01-RN
158665.0;347063.0;2018-09-10;segunda-feira;19:30:00;RN;101.0;84;NATAL;Sim;Falta de Atenção à Condução;1;Colisão traseira;Com Vítimas Feridas;Plena Noite;Decrescente;Garoa/Chuvisco;Dupla;Reta;Sim;281936.0;Motocicleta;YAMAHA/YBR125 FACTOR K1;2015.0;Condutor;Lesões Graves;41.0;Masculino;0.0;0.0;1.0;0.0;-5,774175;-35,257801;SPRF-RN;DEL02-RN;UOP01-DEL02-RN
158665.0;347061.0;2018-09-10;segunda-feira;19:30:00;RN;101.0;84;NATAL;Sim;Falta de Atenção à Condução;1;Colisão traseira;Com Vítimas Feridas;Plena Noite;Decrescente;Garoa/Chuvisco;Dupla;Reta;Sim;281930.0;Ônibus;MARCOPOLO/VOLARE W9 ON;2010.0;Condutor;Ileso;45.0;Masculino;1.0;0.0;0.0;0.0;-5,774175;-35,257801;SPRF-RN;DEL02-RN;UOP01-DEL02-RN
158715.0;348933.0;2018-09-11;terça-feira;01:00:00;RN;101.0;80,2;NATAL;Sim;Animais na Pista;1;Atropelamento de Animal;Com Vítimas Feridas;Plena Noite;Decrescente;Chuva;Dupla;Reta;Sim;282023.0;Motocicleta;HONDA/CG 160 START;2017.0;Condutor;Lesões Leves;29.0;Masculino;0.0;1.0;0.0;0.0;-5,76120073;-35,28732419;SPRF-RN;DEL02-RN;UOP01-DEL02-RN
158715.0;349004.0;2018-09-11;terça-feira;01:00:00;RN;101.0;80,2;NATAL;Sim;Animais na Pista;1;Atropelamento de Animal;Com Vítimas Feridas;Plena Noite;Decrescente;Chuva;Dupla;Reta;Sim;282023.0;Motocicleta;HONDA/CG 160 START;2017.0;Passageiro;Lesões Leves;24.0;Feminino;0.0;1.0;0.0;0.0;-5,76120073;-35,28732419;SPRF-RN;DEL02-RN;UOP01-DEL02-RN
159512.0;349281.0;2018-09-14;sexta-feira;20:25:00;RN;101.0;79,7;NATAL;Sim;Desobediência às normas de trânsito pelo condutor;1;Colisão transversal;Com Vítimas Feridas;Plena Noite;Decrescente;Céu Claro;Dupla;Reta;Sim;283543.0;Motocicleta;YAMAHA/YS150 FAZER SED;2015.0;Condutor;Lesões Graves;25.0;Masculino;0.0;0.0;1.0;0.0;-5,753406;-35,288867;SPRF-RN;DEL02-RN;UOP01-DEL02-RN
159664.0;352691.0;2018-09-15;sábado;14:50:00;RN;101.0;79;NATAL;Não;Desobediência às normas de trânsito pelo condutor;1;Colisão lateral;Com Vítimas Feridas;Pleno dia;Decrescente;Sol;Dupla;Reta;Sim;283924.0;Automóvel;FORD/FIESTA SEDAN1.6FLEX;2009.0;Condutor;Ileso;51.0;Feminino;1.0;0.0;0.0;0.0;-5,75128826;-35,28904349;SPRF-RN;DEL02-RN;UOP01-DEL02-RN
159664.0;352694.0;2018-09-15;sábado;14:50:00;RN;101.0;79;NATAL;Não;Desobediência às normas de trânsito pelo condutor;1;Colisão lateral;Com Vítimas Feridas;Pleno dia;Decrescente;Sol;Dupla;Reta;Sim;283925.0;Motocicleta;HONDA/CG 125 FAN ES;2010.0;Passageiro;Lesões Leves;;Feminino;0.0;1.0;0.0;0.0;-5,75128826;-35,28904349;SPRF-RN;DEL02-RN;UOP01-DEL02-RN
159664.0;352682.0;2018-09-15;sábado;14:50:00;RN;101.0;79;NATAL;Não;Desobediência às normas de trânsito pelo condutor;1;Colisão lateral;Com Vítimas Feridas;Pleno dia;Decrescente;Sol;Dupla;Reta;Sim;283925.0;Motocicleta;HONDA/CG 125 FAN ES;2010.0;Condutor;Lesões Leves;24.0;Masculino;0.0;1.0;0.0;0.0;-5,75128826;-35,28904349;SPRF-RN;DEL02-RN;UOP01-DEL02-RN
159664.0;352691.0;2018-09-15;sábado;14:50:00;RN;101.0;79;NATAL;Sim;Falta de Atenção à Condução;1;Colisão lateral;Com Vítimas Feridas;Pleno dia;Decrescente;Sol;Dupla;Reta;Sim;283924.0;Automóvel;FORD/FIESTA SEDAN1.6FLEX;2009.0;Condutor;Ileso;51.0;Feminino;1.0;0.0;0.0;0.0;-5,75128826;-35,28904349;SPRF-RN;DEL02-RN;UOP01-DEL02-RN
159664.0;352694.0;2018-09-15;sábado;14:50:00;RN;101.0;79;NATAL;Sim;Falta de Atenção à Condução;1;Colisão lateral;Com Vítimas Feridas;Pleno dia;Decrescente;Sol;Dupla;Reta;Sim;283925.0;Motocicleta;HONDA/CG 125 FAN ES;2010.0;Passageiro;Lesões Leves;;Feminino;0.0;1.0;0.0;0.0;-5,75128826;-35,28904349;SPRF-RN;DEL02-RN;UOP01-DEL02-RN
159664.0;352682.0;2018-09-15;sábado;14:50:00;RN;101.0;79;NATAL;Sim;Falta de Atenção à Condução;1;Colisão lateral;Com Vítimas Feridas;Pleno dia;Decrescente;Sol;Dupla;Reta;Sim;283925.0;Motocicleta;HONDA/CG 125 FAN ES;2010.0;Condutor;Lesões Leves;24.0;Masculino;0.0;1.0;0.0;0.0;-5,75128826;-35,28904349;SPRF-RN;DEL02-RN;UOP01-DEL02-RN
159679.0;349727.0;2018-09-15;sábado;15:50:00;RN;101.0;95,8;NATAL;Sim;Ingestão de Álcool;1;Colisão com objeto estático;Sem Vítimas;Pleno dia;Decrescente;Sol;Múltipla;Aclive;Sim;283909.0;Caminhonete;NISSAN/FRONTIER SE4X4ATT;2012.0;Condutor;Ileso;41.0;Masculino;1.0;0.0;0.0;0.0;-5,84366701;-35,20926118;SPRF-RN;DEL01-RN;UOP01-DEL01-RN