id;pesid;data_inversa;dia_semana;horario;uf;br;km;municipio;causa_principal;causa_acidente;ordem_tipo_acidente;tipo_acidente;classificacao_acidente;fase_dia;sentido_via;condicao_metereologica;tipo_pista;tracado_via;uso_solo;id_veiculo;tipo_veiculo;marca;ano_fabricacao_veiculo;tipo_envolvido;estado_fisico;idade;sexo;ilesos;feridos_leves;feridos_graves;mortos;latitude;longitude;regional;delegacia;uop
167182.0;366588.0;2018-10-23;terça-feira;07:30:00;RN;101.0;94;NATAL;Sim;Não guardar distância de segurança;1;Colisão traseira;Com Vítimas Feridas;Pleno dia;Decrescente;Céu Claro;Múltipla;Reta;Sim;297154.0;Motocicleta;YAMAHA/FAZER YS250;2007.0;Condutor;Lesões Leves;33.0;Masculino;0.0;1.0;0.0;0.0;-5,831766;-35,211914;SPRF-RN;DEL01-RN;UOP01-DEL01-RN
167478.0;368868.0;2018-10-24;quarta-feira;20:45:00;RN;101.0;83;NATAL;Sim;Velocidade Incompatível;1;Colisão traseira;Com Vítimas Feridas;Plena Noite;Crescente;Céu Claro;Dupla;Interseção de Vias;Sim;297624.0;Automóvel;Não Informado/Não Informado;0.0;Condutor;Ileso;;Ignorado;1.0;0.0;0.0;0.0;-5,77065839;-35,26802838;SPRF-RN;DEL02-RN;UOP01-DEL02-RN
167478.0;368863.0;2018-10-24;quarta-feira;20:45:00;RN;101.0;83;NATAL;Sim;Velocidade Incompatível;1;Colisão traseira;Com Vítimas Feridas;Plena Noite;Crescente;Céu Claro;Dupla;Interseção de Vias;Sim;299067.0;Ciclomotor;TRAXX/JL50 Q2;2011.0;Condutor;Lesões Leves;18.0;Masculino;0.0;1.0;0.0;0.0;-5,77065839;-35,26802838;SPRF-RN;DEL02-RN;UOP01-DEL02-RN
167540.0;367575.0;2018-10-25;quinta-feira;06:40:00;RN;101.0;97;NATAL;Sim;Falta de Atenção à Condução;1;Colisão traseira;Com Vítimas Feridas;Pleno dia;Decrescente;Sol;Múltipla;Reta;Sim;297861.0;Automóvel;VW/GOL 1.0;2011.0;Condutor;Ileso;31.0;Masculino;1.0;0.0;0.0;0.0;-5,857612;-35,212723;SPRF-RN;DEL01-RN;UOP01-DEL01-RN
167540.0;367576.0;2018-10-25;quinta-feira;06:40:00;RN;101.0;97;NATAL;Sim;Falta de Atenção à Condução;1;Colisão traseira;Com Vítimas Feridas;Pleno dia;Decrescente;Sol;Múltipla;Reta;Sim;297862.0;Motocicleta;HONDA/CG 125 FAN KS;2010.0;Condutor;Lesões Graves;44.0;Masculino;0.0;0.0;1.0;0.0;-5,857612;-35,212723;SPRF-RN;DEL01-RN;UOP01-DEL01-RN
167540.0;367592.0;2018-10-25;quinta-feira;06:40:00;RN;101.0;97;NATAL;Sim;Falta de Atenção à Condução;1;Colisão traseira;Com Vítimas Feridas;Pleno dia;Decrescente;Sol;Múltipla;Reta;Sim;;;NA/NA;;Pedestre;Lesões Leves;56.0;Masculino;0.0;1.0;0.0;0.0;-5,857612;-35,212723;SPRF-RN;DEL01-RN;UOP01-DEL01-RN
167540.0;367575.0;2018-10-25;quinta-feira;06:40:00;RN;101.0;97;NATAL;Sim;Falta de Atenção à Condução;2;Atropelamento de Pedestre;Com Vítimas Feridas;Pleno dia;Decrescente;Sol;Múltipla;Reta;Sim;297861.0;Automóvel;VW/GOL 1.0;2011.0;Condutor;Ileso;31.0;Masculino;1.0;0.0;0.0;0.0;-5,857612;-35,212723;SPRF-RN;DEL01-RN;UOP01-DEL01-RN
167540.0;367576.0;2018-10-25;quinta-feira;06:40:00;RN;101.0;97;NATAL;Sim;Falta de Atenção à Condução;2;Atropelamento de Pedestre;Com Vítimas Feridas;Pleno dia;Decrescente;Sol;Múltipla;Reta;Sim;297862.0;Motocicleta;HONDA/CG 125 FAN KS;2010.0;Condutor;Lesões Graves;44.0;Masculino;0.0;0.0;1.0;0.0;-5,857612;-35,212723;SPRF-RN;DEL01-RN;UOP01-DEL01-RN
167540.0;367592.0;2018-10-25;quinta-feira;06:40:00;RN;101.0;97;NATAL;Sim;Falta de Atenção à Condução;2;Atropelamento de Pedestre;Com Vítimas Feridas;Pleno dia;Decrescente;Sol;Múltipla;Reta;Sim;;;NA/NA;;Pedestre;Lesões Leves;56.0;Masculino;0.0;1.0;0.0;0.0;-5,857612;-35,212723;SPRF-RN;DEL01-RN;UOP01-DEL01-RN
168286.0;368897.0;2018-10-28;domingo;21:20:00;RN;101.0;99,2;NATAL;Sim;Ingestão de Álcool;1;Colisão com objeto estático;Com Vítimas Feridas;Plena Noite;Crescente;Ignorado;Múltipla;Reta;Sim;299094.0;Motocicleta;HONDA/CG 125 FAN KS;2013.0;Condutor;Lesões Graves;61.0;Masculino;0.0;0.0;1.0;0.0;-5,87346546;-35,22079468;SPRF-RN;DEL01-RN;UOP01-DEL01-RN
168286.0;368897.0;2018-10-28;domingo;21:20:00;RN;101.0;99,2;NATAL;Sim;Ingestão de Álcool;2;Tombamento;Com Vítimas Feridas;Plena Noite;Crescente;Ignorado;Múltipla;Reta;Sim;299094.0;Motocicleta;HONDA/CG 125 FAN KS;2013.0;Condutor;Lesões Graves;61.0;Masculino;0.0;0.0;1.0;0.0;-5,87346546;-35,22079468;SPRF-RN;DEL01-RN;UOP01-DEL01-RN
168490.0;372843.0;2018-10-29;segunda-feira;21:20:00;RN;101.0;84,8;NATAL;Sim;Falta de Atenção à Condução;1;Colisão traseira;Com Vítimas Feridas;Plena Noite;Decrescente;Céu Claro;Dupla;Viaduto;Sim;299465.0;Automóvel;FIAT/SIENA ELX FLEX;2004.0;Condutor;Ileso;42.0;Masculino;1.0;0.0;0.0;0.0;-5,774175;-35,257801;SPRF-RN;DEL02-RN;UOP01-DEL02-RN
168490.0;372844.0;2018-10-29;segunda-feira;21:20:00;RN;101.0;84,8;NATAL;Sim;Falta de Atenção à Condução;1;Colisão traseira;Com Vítimas Feridas;Plena Noite;Decrescente;Céu Claro;Dupla;Viaduto;Sim;299466.0;Automóvel;FIAT/PALIO EX;1999.0;Condutor;Ileso;32.0;Masculino;1.0;0.0;0.0;0.0;-5,774175;-35,257801;SPRF-RN;DEL02-RN;UOP01-DEL02-RN
168490.0;372847.0;2018-10-29;segunda-feira;21:20:00;RN;101.0;84,8;NATAL;Sim;Falta de Atenção à Condução;1;Colisão traseira;Com Vítimas Feridas;Plena Noite;Decrescente;Céu Claro;Dupla;Viaduto;Sim;299467.0;Motocicleta;HONDA/CG 125I FAN;2016.0;Passageiro;Lesões Leves;23.0;Feminino;0.0;1.0;0.0;0.0;-5,774175;-35,257801;SPRF-RN;DEL02-RN;UOP01-DEL02-RN
168490.0;372846.0;2018-10-29;segunda-feira;21:20:00;RN;101.0;84,8;NATAL;Sim;Falta de Atenção à Condução;1;Colisão traseira;Com Vítimas Feridas;Plena Noite;Decrescente;Céu Claro;Dupla;Viaduto;Sim;299467.0;Motocicleta;HONDA/CG 125I FAN;2016.0;Condutor;Lesões Leves;25.0;Masculino;0.0;1.0;0.0;0.0;-5,774175;-35,257801;SPRF-RN;DEL02-RN;UOP01-DEL02-RN
168505.0;370831.0;2018-10-30;terça-feira;00:30:00;RN;226.0;7,6;NATAL;Sim;Ingestão de Álcool;1;Colisão com objeto estático;Com Vítimas Feridas;Plena Noite;Crescente;Céu Claro;Simples;Curva;Não;299513.0;Automóvel;FIAT/UNO MILLE FIRE;2004.0;Condutor;Lesões Graves;28.0;Masculino;0.0;0.0;1.0;0.0;-5,83335672;-35,27874649;SPRF-RN;DEL01-RN;UOP02-DEL01-RN
168505.0;370833.0;2018-10-30;terça-feira;00:30:00;RN;226.0;7,6;NATAL;Sim;Ingestão de Álcool;1;Colisão com objeto estático;Com Vítimas Feridas;Plena Noite;Crescente;Céu Claro;Simples;Curva;Não;;;NA/NA;;Testemunha;Não Informado;;Não Informado;0.0;0.0;0.0;0.0;-5,83335672;-35,27874649;SPRF-RN;DEL01-RN;UOP02-DEL01-RN
170191.0;373375.0;2018-11-07;quarta-feira;23:50:00;RN;101.0;83;NATAL;Sim;Desobediência às normas de trânsito pelo condutor;1;Colisão transversal;Com Vítimas Feridas;Plena Noite;Decrescente;Céu Claro;Dupla;Interseção de Vias;Sim;302480.0;Ônibus;M.BENZ/MPOLO TORINO U;2008.0;Condutor;Ileso;34.0;Masculino;1.0;0.0;0.0;0.0;-5,77141094;-35,26526034;SPRF-RN;DEL02-RN;UOP01-DEL02-RN
170191.0;373376.0;2018-11-07;quarta-feira;23:50:00;RN;101.0;83;NATAL;Sim;Desobediência às normas de trânsito pelo condutor;1;Colisão transversal;Com Vítimas Feridas;Plena Noite;Decrescente;Céu Claro;Dupla;Interseção de Vias;Sim;302481.0;Motocicleta;HONDA/NXR150 BROS ES;2007.0;Condutor;Lesões Leves;29.0;Masculino;0.0;1.0;0.0;0.0;-5,77141094;-35,26526034;SPRF-RN;DEL02-RN;UOP01-DEL02-RN
170391.0;375525.0;2018-11-08;quinta-feira;14:15:00;RN;101.0;85;NATAL;Sim;Falta de Atenção à Condução;1;Colisão traseira;Com Vítimas Feridas;Pleno dia;Decrescente;Céu Claro;Dupla;Reta;Sim;302792.0;Motocicleta;HONDA/CG150 FAN ESDI;2013.0;Condutor;Lesões Leves;17.0;Masculino;0.0;1.0;0.0;0.0;-5,777664;-35,249371;SPRF-RN;DEL02-RN;UOP01-DEL02-RN
170391.0;375526.0;2018-11-08;quinta-feira;14:15:00;RN;101.0;85;NATAL;Sim;Falta de Atenção à Condução;1;Colisão traseira;Com Vítimas Feridas;Pleno dia;Decrescente;Céu Claro;Dupla;Reta;Sim;302795.0;Motocicleta;HONDA/CG 150 TITAN KS;2005.0;Condutor;Lesões Leves;44.0;Masculino;0.0;1.0;0.0;0.0;-5,777664;-35,249371;SPRF-RN;DEL02-RN;UOP01-DEL02-RN
170469.0;374394.0;2018-11-09;sexta-feira;08:55:00;RN;101.0;95;NATAL;Sim;Não guardar distância de segurança;1;Colisão traseira;Com Vítimas Feridas;Pleno dia;Decrescente;Céu Claro;Múltipla;Reta;Sim;302986.0;Motocicleta;HONDA/POP100;2011.0;Condutor;Lesões Graves;22.0;Masculino;0.0;0.0;1.0;0.0;-5,840768;-35,210358;SPRF-RN;DEL01-RN;UOP01-DEL01-RN
170469.0;374395.0;2018-11-09;sexta-feira;08:55:00;RN;101.0;95;NATAL;Sim;Não guardar distância de segurança;1;Colisão traseira;Com Vítimas Feridas;Pleno dia;Decrescente;Céu Claro;Múltipla;Reta;Sim;302987.0;Automóvel;I/FIAT PALIO ATTRACT 1.0;2015.0;Condutor;Ileso;35.0;Masculino;1.0;0.0;0.0;0.0;-5,840768;-35,210358;SPRF-RN;DEL01-RN;UOP01-DEL01-RN
170469.0;374394.0;2018-11-09;sexta-feira;08:55:00;RN;101.0;95;NATAL;Sim;Não guardar distância de segurança;2;Tombamento;Com Vítimas Feridas;Pleno dia;Decrescente;Céu Claro;Múltipla;Reta;Sim;302986.0;Motocicleta;HONDA/POP100;2011.0;Condutor;Lesões Graves;22.0;Masculino;0.0;0.0;1.0;0.0;-5,840768;-35,210358;SPRF-RN;DEL01-RN;UOP01-DEL01-RN
170469.0;374395.0;2018-11-09;sexta-feira;08:55:00;RN;101.0;95;NATAL;Sim;Não guardar distância de segurança;2;Tombamento;Com Vítimas Feridas;Pleno dia;Decrescente;Céu Claro;Múltipla;Reta;Sim;302987.0;Automóvel;I/FIAT PALIO ATTRACT 1.0;2015.0;Condutor;Ileso;35.0;Masculino;1.0;0.0;0.0;0.0;-5,840768;-35,210358;SPRF-RN;DEL01-RN;UOP01-DEL01-RN
170503.0;374004.0;2018-11-09;sexta-feira;10:30:00;RN;101.0;82,9;NATAL;Sim;Falta de Atenção à Condução;1;Colisão lateral;Sem Vítimas;Pleno dia;Decrescente;Céu Claro;Simples;Reta;Sim;303013.0;Automóvel;CHEV/PRISMA 1.0MT LT;2014.0;Condutor;Ileso;34.0;Feminino;1.0;0.0;0.0;0.0;-5,77068539;-35,26711568;SPRF-RN;DEL02-RN;UOP01-DEL02-RN
170503.0;373998.0;2018-11-09;sexta-feira;10:30:00;RN;101.0;82,9;NATAL;Sim;Falta de Atenção à Condução;1;Colisão lateral;Sem Vítimas;Pleno dia;Decrescente;Céu Claro;Simples;Reta;Sim;303012.0;Motocicleta;HONDA/CG 125 FAN KS;2015.0;Condutor;Ileso;;Masculino;1.0;0.0;0.0;0.0;-5,77068539;-35,26711568;SPRF-RN;DEL02-RN;UOP01-DEL02-RN
170778.0;374700.0;2018-11-10;sábado;12:00:00;RN;101.0;99,7;NATAL;Sim;Não guardar distância de segurança;1;Colisão traseira;Com Vítimas Feridas;Pleno dia;Crescente;Sol;Múltipla;Interseção de Vias;Sim;303689.0;Motocicleta;HONDA/CG 160 FAN;2018.0;Condutor;Lesões Leves;43.0;Masculino;0.0;1.0;0.0;0.0;-5,878757;-35,224705;SPRF-RN;DEL01-RN;UOP01-DEL01-RN
170778.0;374701.0;2018-11-10;sábado;12:00:00;RN;101.0;99,7;NATAL;Sim;Não guardar distância de segurança;1;Colisão traseira;Com Vítimas Feridas;Pleno dia;Crescente;Sol;Múltipla;Interseção de Vias;Sim;303690.0;Automóvel;CHEV/PRISMA 1.4AT LTZ;2018.0;Condutor;Ileso;41.0;Masculino;1.0;0.0;0.0;0.0;-5,878757;-35,224705;SPRF-RN;DEL01-RN;UOP01-DEL01-RN
170909.0;374823.0;2018-11-10;sábado;22:14:00;RN;101.0;82,9;NATAL;Sim;Falta de Atenção à Condução;1;Colisão traseira;Com Vítimas Feridas;Plena Noite;Decrescente;Céu Claro;Dupla;Reta;Sim;303789.0;Motocicleta;HONDA/CG 160 START;2017.0;Condutor;Lesões Leves;43.0;Masculino;0.0;1.0;0.0;0.0;-5,77009549;-35,26888132;SPRF-RN;DEL02-RN;UOP01-DEL02-RN
170909.0;374824.0;2018-11-10;sábado;22:14:00;RN;101.0;82,9;NATAL;Sim;Falta de Atenção à Condução;1;Colisão traseira;Com Vítimas Feridas;Plena Noite;Decrescente;Céu Claro;Dupla;Reta;Sim;303790.0;Ônibus;M.BENZ/MPOLO TORINO U;2008.0;Condutor;Ileso;31.0;Masculino;1.0;0.0;0.0;0.0;-5,77009549;-35,26888132;SPRF-RN;DEL02-RN;UOP01-DEL02-RN
170989.0;376506.0;2018-11-11;domingo;07:30:00;RN;101.0;83,1;NATAL;Sim;Não guardar distância de segurança;1;Colisão traseira;Com Vítimas Feridas;Pleno dia;Decrescente;Céu Claro;Dupla;Reta;Sim;303917.0;Automóvel;VW/GOL 1.0;2008.0;Condutor;Ileso;39.0;Masculino;1.0;0.0;0.0;0.0;-5,76485658;-35,23052307;SPRF-RN;DEL02-RN;UOP01-DEL02-RN
170989.0;376508.0;2018-11-11;domingo;07:30:00;RN;101.0;83,1;NATAL;Sim;Não guardar distância de segurança;1;Colisão traseira;Com Vítimas Feridas;Pleno dia;Decrescente;Céu Claro;Dupla;Reta;Sim;303919.0;Motocicleta;HONDA/CG 160 FAN ESDI;2016.0;Condutor;Ileso;22.0;Masculino;1.0;0.0;0.0;0.0;-5,76485658;-35,23052307;SPRF-RN;DEL02-RN;UOP01-DEL02-RN
170989.0;376509.0;2018-11-11;domingo;07:30:00;RN;101.0;83,1;NATAL;Sim;Não guardar distância de segurança;1;Colisão traseira;Com Vítimas Feridas;Pleno dia;Decrescente;Céu Claro;Dupla;Reta;Sim;303921.0;Motoneta;HONDA/BIZ 125 ES;2006.0;Condutor;Não Informado;;Não Informado;0.0;0.0;0.0;0.0;-5,76485658;-35,23052307;SPRF-RN;DEL02-RN;UOP01-DEL02-RN
170989.0;376511.0;2018-11-11;domingo;07:30:00;RN;101.0;83,1;NATAL;Sim;Não guardar distância de segurança;1;Colisão traseira;Com Vítimas Feridas;Pleno dia;Decrescente;Céu Claro;Dupla;Reta;Sim;303921.0;Motoneta;HONDA/BIZ 125 ES;2006.0;Passageiro;Lesões Graves;23.0;Feminino;0.0;0.0;1.0;0.0;-5,76485658;-35,23052307;SPRF-RN;DEL02-RN;UOP01-DEL02-RN
171012.0;374989.0;2018-11-11;domingo;10:30:00;RN;101.0;98,1;NATAL;Sim;Falta de Atenção do Pedestre;1;Atropelamento de Pedestre;Com Vítimas Feridas;Pleno dia;Crescente;Sol;Múltipla;Reta;Sim;303948.0;Automóvel;HYUNDAI/HB20 1.0M COMFOR;2014.0;Condutor;Ileso;26.0;Feminino;1.0;0.0;0.0;0.0;-5,865723;-35,216537;SPRF-RN;DEL01-RN;UOP01-DEL01-RN
171012.0;374990.0;2018-11-11;domingo;10:30:00;RN;101.0;98,1;NATAL;Sim;Falta de Atenção do Pedestre;1;Atropelamento de Pedestre;Com Vítimas Feridas;Pleno dia;Crescente;Sol;Múltipla;Reta;Sim;;;NA/NA;;Pedestre;Lesões Leves;;Masculino;0.0;1.0;0.0;0.0;-5,865723;-35,216537;SPRF-RN;DEL01-RN;UOP01-DEL01-RN
171289.0;376033.0;2018-11-12;segunda-feira;18:45:00;RN;101.0;97,4;NATAL;Sim;Falta de Atenção à Condução;1;Queda de ocupante de veículo;Com Vítimas Feridas;Plena Noite;Decrescente;Céu Claro;Dupla;Reta;Não;304764.0;Motocicleta;HONDA/CG 125 FAN KS;2010.0;Condutor;Lesões Leves;47.0;Masculino;0.0;1.0;0.0;0.0;-5,86076;-35,21422;SPRF-RN;DEL01-RN;UOP01-DEL01-RN
171309.0;375917.0;2018-11-13;terça-feira;07:50:00;RN;101.0;98;NATAL;Sim;Falta de Atenção à Condução;1;Colisão lateral;Com Vítimas Feridas;Pleno dia;Decrescente;Céu Claro;Múltipla;Declive;Sim;304619.0;Motocicleta;YAMAHA/XTZ150 CROSSER S;2018.0;Condutor;Lesões Leves;51.0;Masculino;0.0;1.0;0.0;0.0;-5,865723;-35,216537;SPRF-RN;DEL01-RN;UOP01-DEL01-RN
171309.0;375918.0;2018-11-13;terça-feira;07:50:00;RN;101.0;98;NATAL;Sim;Falta de Atenção à Condução;1;Colisão lateral;Com Vítimas Feridas;Pleno dia;Decrescente;Céu Claro;Múltipla;Declive;Sim;304620.0;Utilitário;I/SUZUKI G.VITARA 4WD 5P;2013.0;Condutor;Ileso;39.0;Masculino;1.0;0.0;0.0;0.0;-5,865723;-35,216537;SPRF-RN;DEL01-RN;UOP01-DEL01-RN
171482.0;376406.0;2018-11-14;quarta-feira;08:40:00;RN;101.0;80,6;NATAL;Sim;Desobediência às normas de trânsito pelo condutor;1;Colisão transversal;Com Vítimas Feridas;Pleno dia;Crescente;Céu Claro;Dupla;Rotatória;Sim;304891.0;Motocicleta;HONDA/CG150 FAN ESDI;2015.0;Passageiro;Lesões Leves;41.0;Feminino;0.0;1.0;0.0;0.0;-5,76332498;-35,28719008;SPRF-RN;DEL02-RN;UOP01-DEL02-RN
171482.0;376405.0;2018-11-14;quarta-feira;08:40:00;RN;101.0;80,6;NATAL;Sim;Desobediência às normas de trânsito pelo condutor;1;Colisão transversal;Com Vítimas Feridas;Pleno dia;Crescente;Céu Claro;Dupla;Rotatória;Sim;304891.0;Motocicleta;HONDA/CG150 FAN ESDI;2015.0;Condutor;Lesões Leves;45.0;Masculino;0.0;1.0;0.0;0.0;-5,76332498;-35,28719008;SPRF-RN;DEL02-RN;UOP01-DEL02-RN
171482.0;376403.0;2018-11-14;quarta-feira;08:40:00;RN;101.0;80,6;NATAL;Sim;Desobediência às normas de trânsito pelo condutor;1;Colisão transversal;Com Vítimas Feridas;Pleno dia;Crescente;Céu Claro;Dupla;Rotatória;Sim;304815.0;Automóvel;VW/TANGER;1978.0;Condutor;Ileso;72.0;Masculino;1.0;0.0;0.0;0.0;-5,76332498;-35,28719008;SPRF-RN;DEL02-RN;UOP01-DEL02-RN
171514.0;377998.0;2018-11-14;quarta-feira;11:30:00;RN;101.0;99,5;NATAL;Sim;Defeito Mecânico no Veículo;1;Capotamento;Com Vítimas Feridas;Pleno dia;Decrescente;Céu Claro;Múltipla;Reta;Sim;304810.0;Automóvel;FIAT/PALIO FIRE;2016.0;Condutor;Lesões Graves;20.0;Masculino;0.0;0.0;1.0;0.0;-5,87335372;-35,22048794;SPRF-RN;DEL01-RN;UOP01-DEL01-RN
171514.0;377999.0;2018-11-14;quarta-feira;11:30:00;RN;101.0;99,5;NATAL;Sim;Defeito Mecânico no Veículo;1;Capotamento;Com Vítimas Feridas;Pleno dia;Decrescente;Céu Claro;Múltipla;Reta;Sim;304811.0;Caminhonete;FIAT/STRADA WORKING CD;2014.0;Condutor;Ileso;52.0;Masculino;1.0;0.0;0.0;0.0;-5,87335372;-35,22048794;SPRF-RN;DEL01-RN;UOP01-DEL01-RN
171514.0;377998.0;2018-11-14;quarta-feira;11:30:00;RN;101.0;99,5;NATAL;Sim;Defeito Mecânico no Veículo;2;Colisão com objeto estático;Com Vítimas Feridas;Pleno dia;Decrescente;Céu Claro;Múltipla;Reta;Sim;304810.0;Automóvel;FIAT/PALIO FIRE;2016.0;Condutor;Lesões Graves;20.0;Masculino;0.0;0.0;1.0;0.0;-5,87335372;-35,22048794;SPRF-RN;DEL01-RN;UOP01-DEL01-RN
171514.0;377999.0;2018-11-14;quarta-feira;11:30:00;RN;101.0;99,5;NATAL;Sim;Defeito Mecânico no Veículo;2;Colisão com objeto estático;Com Vítimas Feridas;Pleno dia;Decrescente;Céu Claro;Múltipla;Reta;Sim;304811.0;Caminhonete;FIAT/STRADA WORKING CD;2014.0;Condutor;Ileso;52.0;Masculino;1.0;0.0;0.0;0.0;-5,87335372;-35,22048794;SPRF-RN;DEL01-RN;UOP01-DEL01-RN
171514.0;377998.0;2018-11-14;quarta-feira;11:30:00;RN;101.0;99,5;NATAL;Sim;Defeito Mecânico no Veículo;3;Colisão transversal;Com Vítimas Feridas;Pleno dia;Decrescente;Céu Claro;Múltipla;Reta;Sim;304810.0;Automóvel;FIAT/PALIO FIRE;2016.0;Condutor;Lesões Graves;20.0;Masculino;0.0;0.0;1.0;0.0;-5,87335372;-35,22048794;SPRF-RN;DEL01-RN;UOP01-DEL01-RN
171514.0;377999.0;2018-11-14;quarta-feira;11:30:00;RN;101.0;99,5;NATAL;Sim;Defeito Mecânico no Veículo;3;Colisão transversal;Com Vítimas Feridas;Pleno dia;Decrescente;Céu Claro;Múltipla;Reta;Sim;304811.0;Caminhonete;FIAT/STRADA WORKING CD;2014.0;Condutor;Ileso;52.0;Masculino;1.0;0.0;0.0;0.0;-5,87335372;-35,22048794;SPRF-RN;DEL01-RN;UOP01-DEL01-RN
172069.0;377260.0;2018-11-16;sexta-feira;20:20:00;RN;101.0;80;NATAL;Sim;Desobediência às normas de trânsito pelo condutor;1;Colisão transversal;Sem Vítimas;Plena Noite;Decrescente;Céu Claro;Dupla;Rotatória;Sim;305786.0;Automóvel;VW/GOL TL MB;2015.0;Condutor;Ileso;52.0;Masculino;1.0;0.0;0.0;0.0;-5,758523;-35,288063;SPRF-RN;DEL02-RN;UOP01-DEL02-RN
172069.0;377259.0;2018-11-16;sexta-feira;20:20:00;RN;101.0;80;NATAL;Sim;Desobediência às normas de trânsito pelo condutor;1;Colisão transversal;Sem Vítimas;Plena Noite;Decrescente;Céu Claro;Dupla;Rotatória;Sim;305785.0;Automóvel;I/RENAULT CLIO EXP1016VH;2013.0;Condutor;Ileso;57.0;Masculino;1.0;0.0;0.0;0.0;-5,758523;-35,288063;SPRF-RN;DEL02-RN;UOP01-DEL02-RN
172278.0;377813.0;2018-11-17;sábado;23:05:00;RN;101.0;95;NATAL;Sim;Falta de Atenção do Pedestre;1;Atropelamento de Pedestre;Com Vítimas Feridas;Plena Noite;Decrescente;Céu Claro;Múltipla;Reta;Sim;306211.0;Motocicleta;HONDA/CG150 FAN ESDI;2013.0;Condutor;Lesões Leves;28.0;Masculino;0.0;1.0;0.0;0.0;-5,8409667;-35,2102821;SPRF-RN;DEL01-RN;UOP01-DEL01-RN
172278.0;377814.0;2018-11-17;sábado;23:05:00;RN;101.0;95;NATAL;Sim;Falta de Atenção do Pedestre;1;Atropelamento de Pedestre;Com Vítimas Feridas;Plena Noite;Decrescente;Céu Claro;Múltipla;Reta;Sim;;;NA/NA;;Pedestre;Lesões Leves;;Masculino;0.0;1.0;0.0;0.0;-5,8409667;-35,2102821;SPRF-RN;DEL01-RN;UOP01-DEL01-RN
172372.0;380353.0;2018-11-18;domingo;11:05:00;RN;101.0;81,8;NATAL;Não;Falta de Atenção à Condução;1;Colisão lateral;Com Vítimas Feridas;Pleno dia;Decrescente;Sol;Dupla;Reta;Sim;306355.0;Ônibus;MARCOPOLO/VOLARE V8 ON;2008.0;Condutor;Ileso;30.0;Masculino;1.0;0.0;0.0;0.0;-5,76591695;-35,27992666;SPRF-RN;DEL02-RN;UOP01-DEL02-RN
172372.0;380354.0;2018-11-18;domingo;11:05:00;RN;101.0;81,8;NATAL;Não;Falta de Atenção à Condução;1;Colisão lateral;Com Vítimas Feridas;Pleno dia;Decrescente;Sol;Dupla;Reta;Sim;306356.0;Motocicleta;HONDA/NXR160 BROS ESD;2015.0;Condutor;Ileso;21.0;Masculino;1.0;0.0;0.0;0.0;-5,76591695;-35,27992666;SPRF-RN;DEL02-RN;UOP01-DEL02-RN
172372.0;380355.0;2018-11-18;domingo;11:05:00;RN;101.0;81,8;NATAL;Não;Falta de Atenção à Condução;1;Colisão lateral;Com Vítimas Feridas;Pleno dia;Decrescente;Sol;Dupla;Reta;Sim;306356.0;Motocicleta;HONDA/NXR160 BROS ESD;2015.0;Passageiro;Lesões Leves;15.0;Masculino;0.0;1.0;0.0;0.0;-5,76591695;-35,27992666;SPRF-RN;DEL02-RN;UOP01-DEL02-RN
172372.0;380353.0;2018-11-18;domingo;11:05:00;RN;101.0;81,8;NATAL;Sim;Desobediência às normas de trânsito pelo condutor;1;Colisão lateral;Com Vítimas Feridas;Pleno dia;Decrescente;Sol;Dupla;Reta;Sim;306355.0;Ônibus;MARCOPOLO/VOLARE V8 ON;2008.0;Condutor;Ileso;30.0;Masculino;1.0;0.0;0.0;0.0;-5,76591695;-35,27992666;SPRF-RN;DEL02-RN;UOP01-DEL02-RN
172372.0;380354.0;2018-11-18;domingo;11:05:00;RN;101.0;81,8;NATAL;Sim;Desobediência às normas de trânsito pelo condutor;1;Colisão lateral;Com Vítimas Feridas;Pleno dia;Decrescente;Sol;Dupla;Reta;Sim;306356.0;Motocicleta;HONDA/NXR160 BROS ESD;2015.0;Condutor;Ileso;21.0;Masculino;1.0;0.0;0.0;0.0;-5,76591695;-35,27992666;SPRF-RN;DEL02-RN;UOP01-DEL02-RN
172372.0;380355.0;2018-11-18;domingo;11:05:00;RN;101.0;81,8;NATAL;Sim;Desobediência às normas de trânsito pelo condutor;1;Colisão lateral;Com Vítimas Feridas;Pleno dia;Decrescente;Sol;Dupla;Reta;Sim;306356.0;Motocicleta;HONDA/NXR160 BROS ESD;2015.0;Passageiro;Lesões Leves;15.0;Masculino;0.0;1.0;0.0;0.0;-5,76591695;-35,27992666;SPRF-RN;DEL02-RN;UOP01-DEL02-RN
172414.0;378115.0;2018-11-18;domingo;14:05:00;RN;101.0;81;NATAL;Não;Não guardar distância de segurança;2;Tombamento;Com Vítimas Feridas;Pleno dia;Crescente;Céu Claro;Dupla;Rotatória;Sim;306411.0;Motocicleta;HONDA/NXR150 BROS ESD;2013.0;Condutor;Lesões Leves;34.0;Masculino;0.0;1.0;0.0;0.0;-5,76319689;-35,28720081;SPRF-RN;DEL02-RN;UOP01-DEL02-RN
172414.0;378117.0;2018-11-18;domingo;14:05:00;RN;101.0;81;NATAL;Não;Não guardar distância de segurança;2;Tombamento;Com Vítimas Feridas;Pleno dia;Crescente;Céu Claro;Dupla;Rotatória;Sim;306413.0;Automóvel;GM/CELTA 4P LIFE;2005.0;Condutor;Ileso;36.0;Feminino;1.0;0.0;0.0;0.0;-5,76319689;-35,28720081;SPRF-RN;DEL02-RN;UOP01-DEL02-RN