id;pesid;data_inversa;dia_semana;horario;uf;br;km;municipio;causa_principal;causa_acidente;ordem_tipo_acidente;tipo_acidente;classificacao_acidente;fase_dia;sentido_via;condicao_metereologica;tipo_pista;tracado_via;uso_solo;id_veiculo;tipo_veiculo;marca;ano_fabricacao_veiculo;tipo_envolvido;estado_fisico;idade;sexo;ilesos;feridos_leves;feridos_graves;mortos;latitude;longitude;regional;delegacia;uop
172414.0;378115.0;2018-11-18;domingo;14:05:00;RN;101.0;81;NATAL;Sim;Falta de Atenção à Condução;2;Tombamento;Com Vítimas Feridas;Pleno dia;Crescente;Céu Claro;Dupla;Rotatória;Sim;306411.0;Motocicleta;HONDA/NXR150 BROS ESD;2013.0;Condutor;Lesões Leves;34.0;Masculino;0.0;1.0;0.0;0.0;-5,76319689;-35,28720081;SPRF-RN;DEL02-RN;UOP01-DEL02-RN
172414.0;378117.0;2018-11-18;domingo;14:05:00;RN;101.0;81;NATAL;Sim;Falta de Atenção à Condução;2;Tombamento;Com Vítimas Feridas;Pleno dia;Crescente;Céu Claro;Dupla;Rotatória;Sim;306413.0;Automóvel;GM/CELTA 4P LIFE;2005.0;Condutor;Ileso;36.0;Feminino;1.0;0.0;0.0;0.0;-5,76319689;-35,28720081;SPRF-RN;DEL02-RN;UOP01-DEL02-RN
172414.0;378115.0;2018-11-18;domingo;14:05:00;RN;101.0;81;NATAL;Não;Não guardar distância de segurança;3;Queda de ocupante de veículo;Com Vítimas Feridas;Pleno dia;Crescente;Céu Claro;Dupla;Rotatória;Sim;306411.0;Motocicleta;HONDA/NXR150 BROS ESD;2013.0;Condutor;Lesões Leves;34.0;Masculino;0.0;1.0;0.0;0.0;-5,76319689;-35,28720081;SPRF-RN;DEL02-RN;UOP01-DEL02-RN
172414.0;378117.0;2018-11-18;domingo;14:05:00;RN;101.0;81;NATAL;Não;Não guardar distância de segurança;3;Queda de ocupante de veículo;Com Vítimas Feridas;Pleno dia;Crescente;Céu Claro;Dupla;Rotatória;Sim;306413.0;Automóvel;GM/CELTA 4P LIFE;2005.0;Condutor;Ileso;36.0;Feminino;1.0;0.0;0.0;0.0;-5,76319689;-35,28720081;SPRF-RN;DEL02-RN;UOP01-DEL02-RN
172414.0;378115.0;2018-11-18;domingo;14:05:00;RN;101.0;81;NATAL;Sim;Falta de Atenção à Condução;3;Queda de ocupante de veículo;Com Vítimas Feridas;Pleno dia;Crescente;Céu Claro;Dupla;Rotatória;Sim;306411.0;Motocicleta;HONDA/NXR150 BROS ESD;2013.0;Condutor;Lesões Leves;34.0;Masculino;0.0;1.0;0.0;0.0;-5,76319689;-35,28720081;SPRF-RN;DEL02-RN;UOP01-DEL02-RN
172414.0;378117.0;2018-11-18;domingo;14:05:00;RN;101.0;81;NATAL;Sim;Falta de Atenção à Condução;3;Queda de ocupante de veículo;Com Vítimas Feridas;Pleno dia;Crescente;Céu Claro;Dupla;Rotatória;Sim;306413.0;Automóvel;GM/CELTA 4P LIFE;2005.0;Condutor;Ileso;36.0;Feminino;1.0;0.0;0.0;0.0;-5,76319689;-35,28720081;SPRF-RN;DEL02-RN;UOP01-DEL02-RN
172414.0;378115.0;2018-11-18;domingo;14:05:00;RN;101.0;81;NATAL;Não;Não guardar distância de segurança;1;Colisão traseira;Com Vítimas Feridas;Pleno dia;Crescente;Céu Claro;Dupla;Rotatória;Sim;306411.0;Motocicleta;HONDA/NXR150 BROS ESD;2013.0;Condutor;Lesões Leves;34.0;Masculino;0.0;1.0;0.0;0.0;-5,76319689;-35,28720081;SPRF-RN;DEL02-RN;UOP01-DEL02-RN
172414.0;378117.0;2018-11-18;domingo;14:05:00;RN;101.0;81;NATAL;Não;Não guardar distância de segurança;1;Colisão traseira;Com Vítimas Feridas;Pleno dia;Crescente;Céu Claro;Dupla;Rotatória;Sim;306413.0;Automóvel;GM/CELTA 4P LIFE;2005.0;Condutor;Ileso;36.0;Feminino;1.0;0.0;0.0;0.0;-5,76319689;-35,28720081;SPRF-RN;DEL02-RN;UOP01-DEL02-RN
172414.0;378115.0;2018-11-18;domingo;14:05:00;RN;101.0;81;NATAL;Sim;Falta de Atenção à Condução;1;Colisão traseira;Com Vítimas Feridas;Pleno dia;Crescente;Céu Claro;Dupla;Rotatória;Sim;306411.0;Motocicleta;HONDA/NXR150 BROS ESD;2013.0;Condutor;Lesões Leves;34.0;Masculino;0.0;1.0;0.0;0.0;-5,76319689;-35,28720081;SPRF-RN;DEL02-RN;UOP01-DEL02-RN
172414.0;378117.0;2018-11-18;domingo;14:05:00;RN;101.0;81;NATAL;Sim;Falta de Atenção à Condução;1;Colisão traseira;Com Vítimas Feridas;Pleno dia;Crescente;Céu Claro;Dupla;Rotatória;Sim;306413.0;Automóvel;GM/CELTA 4P LIFE;2005.0;Condutor;Ileso;36.0;Feminino;1.0;0.0;0.0;0.0;-5,76319689;-35,28720081;SPRF-RN;DEL02-RN;UOP01-DEL02-RN
173060.0;379771.0;2018-11-21;quarta-feira;17:05:00;RN;101.0;97;NATAL;Sim;Falta de Atenção à Condução;1;Colisão transversal;Com Vítimas Feridas;Pleno dia;Crescente;Céu Claro;Múltipla;Reta;Sim;307687.0;Automóvel;I/HYUNDAI ELANTRA GLS;2011.0;Condutor;Ileso;44.0;Masculino;1.0;0.0;0.0;0.0;-5,857612;-35,212723;SPRF-RN;DEL01-RN;UOP01-DEL01-RN
173060.0;379773.0;2018-11-21;quarta-feira;17:05:00;RN;101.0;97;NATAL;Sim;Falta de Atenção à Condução;1;Colisão transversal;Com Vítimas Feridas;Pleno dia;Crescente;Céu Claro;Múltipla;Reta;Sim;307692.0;Motocicleta;HONDA/NXR 160 BROS;2017.0;Condutor;Lesões Leves;24.0;Masculino;0.0;1.0;0.0;0.0;-5,857612;-35,212723;SPRF-RN;DEL01-RN;UOP01-DEL01-RN
173524.0;383094.0;2018-11-23;sexta-feira;00:10:00;RN;101.0;84;NATAL;Sim;Não guardar distância de segurança;1;Colisão traseira;Com Vítimas Feridas;Plena Noite;Decrescente;Céu Claro;Dupla;Reta;Sim;308670.0;Motocicleta;HONDA/XR 250 TORNADO;2003.0;Condutor;Lesões Leves;25.0;Masculino;0.0;1.0;0.0;0.0;-5,774175;-35,257801;SPRF-RN;DEL02-RN;UOP01-DEL02-RN
173524.0;383095.0;2018-11-23;sexta-feira;00:10:00;RN;101.0;84;NATAL;Sim;Não guardar distância de segurança;1;Colisão traseira;Com Vítimas Feridas;Plena Noite;Decrescente;Céu Claro;Dupla;Reta;Sim;308671.0;Automóvel;TOYOTA/ETIOS HB X 13L MT;2017.0;Condutor;Ileso;45.0;Masculino;1.0;0.0;0.0;0.0;-5,774175;-35,257801;SPRF-RN;DEL02-RN;UOP01-DEL02-RN
173603.0;381391.0;2018-11-24;sábado;08:40:00;RN;101.0;80;NATAL;Sim;Pista Escorregadia;1;Tombamento;Com Vítimas Feridas;Pleno dia;Decrescente;Céu Claro;Dupla;Rotatória;Sim;308928.0;Motocicleta;HONDA/NXR160 BROS ESDD;2018.0;Passageiro;Lesões Leves;27.0;Feminino;0.0;1.0;0.0;0.0;-5,758523;-35,288063;SPRF-RN;DEL02-RN;UOP01-DEL02-RN
173603.0;381390.0;2018-11-24;sábado;08:40:00;RN;101.0;80;NATAL;Sim;Pista Escorregadia;1;Tombamento;Com Vítimas Feridas;Pleno dia;Decrescente;Céu Claro;Dupla;Rotatória;Sim;308928.0;Motocicleta;HONDA/NXR160 BROS ESDD;2018.0;Condutor;Lesões Leves;31.0;Masculino;0.0;1.0;0.0;0.0;-5,758523;-35,288063;SPRF-RN;DEL02-RN;UOP01-DEL02-RN
173967.0;381992.0;2018-11-25;domingo;19:30:00;RN;101.0;97;NATAL;Não;Desobediência às normas de trânsito pelo condutor;1;Colisão traseira;Sem Vítimas;Pleno dia;Crescente;Céu Claro;Simples;Curva;Sim;309552.0;Automóvel;CHEVROLET/PRISMA 1.4L LT;2011.0;Condutor;Ileso;30.0;Masculino;1.0;0.0;0.0;0.0;-5,857612;-35,212723;SPRF-RN;DEL01-RN;UOP01-DEL01-RN
173967.0;381995.0;2018-11-25;domingo;19:30:00;RN;101.0;97;NATAL;Não;Desobediência às normas de trânsito pelo condutor;1;Colisão traseira;Sem Vítimas;Pleno dia;Crescente;Céu Claro;Simples;Curva;Sim;309553.0;Motoneta;HONDA/BIZ 125 ES;2014.0;Condutor;Ileso;46.0;Masculino;1.0;0.0;0.0;0.0;-5,857612;-35,212723;SPRF-RN;DEL01-RN;UOP01-DEL01-RN
173967.0;381992.0;2018-11-25;domingo;19:30:00;RN;101.0;97;NATAL;Não;Não guardar distância de segurança;1;Colisão traseira;Sem Vítimas;Pleno dia;Crescente;Céu Claro;Simples;Curva;Sim;309552.0;Automóvel;CHEVROLET/PRISMA 1.4L LT;2011.0;Condutor;Ileso;30.0;Masculino;1.0;0.0;0.0;0.0;-5,857612;-35,212723;SPRF-RN;DEL01-RN;UOP01-DEL01-RN
173967.0;381995.0;2018-11-25;domingo;19:30:00;RN;101.0;97;NATAL;Não;Não guardar distância de segurança;1;Colisão traseira;Sem Vítimas;Pleno dia;Crescente;Céu Claro;Simples;Curva;Sim;309553.0;Motoneta;HONDA/BIZ 125 ES;2014.0;Condutor;Ileso;46.0;Masculino;1.0;0.0;0.0;0.0;-5,857612;-35,212723;SPRF-RN;DEL01-RN;UOP01-DEL01-RN
173967.0;381992.0;2018-11-25;domingo;19:30:00;RN;101.0;97;NATAL;Sim;Ingestão de Álcool;1;Colisão traseira;Sem Vítimas;Pleno dia;Crescente;Céu Claro;Simples;Curva;Sim;309552.0;Automóvel;CHEVROLET/PRISMA 1.4L LT;2011.0;Condutor;Ileso;30.0;Masculino;1.0;0.0;0.0;0.0;-5,857612;-35,212723;SPRF-RN;DEL01-RN;UOP01-DEL01-RN
173967.0;381995.0;2018-11-25;domingo;19:30:00;RN;101.0;97;NATAL;Sim;Ingestão de Álcool;1;Colisão traseira;Sem Vítimas;Pleno dia;Crescente;Céu Claro;Simples;Curva;Sim;309553.0;Motoneta;HONDA/BIZ 125 ES;2014.0;Condutor;Ileso;46.0;Masculino;1.0;0.0;0.0;0.0;-5,857612;-35,212723;SPRF-RN;DEL01-RN;UOP01-DEL01-RN
174401.0;383235.0;2018-07-14;sábado;15:55:00;RN;101.0;95;NATAL;Sim;Defeito Mecânico no Veículo;1;Queda de ocupante de veículo;Com Vítimas Feridas;Pleno dia;Crescente;Ignorado;Múltipla;Reta;Sim;310400.0;Motocicleta;HONDA/CG 125I FAN;2017.0;Condutor;Não Informado;;Não Informado;0.0;0.0;0.0;0.0;-5,840768;-35,210358;SPRF-RN;DEL01-RN;UOP01-DEL01-RN
174401.0;383252.0;2018-07-14;sábado;15:55:00;RN;101.0;95;NATAL;Sim;Defeito Mecânico no Veículo;1;Queda de ocupante de veículo;Com Vítimas Feridas;Pleno dia;Crescente;Ignorado;Múltipla;Reta;Sim;310400.0;Motocicleta;HONDA/CG 125I FAN;2017.0;Passageiro;Lesões Graves;22.0;Masculino;0.0;0.0;1.0;0.0;-5,840768;-35,210358;SPRF-RN;DEL01-RN;UOP01-DEL01-RN
175869.0;386777.0;2018-12-04;terça-feira;16:45:00;RN;101.0;76;NATAL;Sim;Falta de Atenção à Condução;1;Colisão lateral;Com Vítimas Feridas;Anoitecer;Crescente;Céu Claro;Dupla;Reta;Sim;313248.0;Motocicleta;HONDA/CB 300R;2014.0;Condutor;Lesões Leves;19.0;Masculino;0.0;1.0;0.0;0.0;-5,72603;-35,284615;SPRF-RN;DEL02-RN;UOP01-DEL02-RN
175869.0;386778.0;2018-12-04;terça-feira;16:45:00;RN;101.0;76;NATAL;Sim;Falta de Atenção à Condução;1;Colisão lateral;Com Vítimas Feridas;Anoitecer;Crescente;Céu Claro;Dupla;Reta;Sim;313248.0;Motocicleta;HONDA/CB 300R;2014.0;Passageiro;Ileso;29.0;Masculino;1.0;0.0;0.0;0.0;-5,72603;-35,284615;SPRF-RN;DEL02-RN;UOP01-DEL02-RN
175869.0;386779.0;2018-12-04;terça-feira;16:45:00;RN;101.0;76;NATAL;Sim;Falta de Atenção à Condução;1;Colisão lateral;Com Vítimas Feridas;Anoitecer;Crescente;Céu Claro;Dupla;Reta;Sim;313249.0;Ônibus;M.BENZ/MPOLO VIALE U;2001.0;Condutor;Ileso;47.0;Masculino;1.0;0.0;0.0;0.0;-5,72603;-35,284615;SPRF-RN;DEL02-RN;UOP01-DEL02-RN
176226.0;405401.0;2018-12-05;quarta-feira;14:00:00;RN;101.0;93,9;NATAL;Sim;Falta de Atenção à Condução;1;Colisão lateral;Sem Vítimas;Pleno dia;Crescente;Céu Claro;Simples;Interseção de Vias;Sim;313932.0;Automóvel;CHEVROLET/ONIX 1.0MT LT;2018.0;Condutor;Ileso;30.0;Masculino;1.0;0.0;0.0;0.0;-5,83109398;-35,21219015;SPRF-RN;DEL01-RN;UOP01-DEL01-RN
176226.0;405410.0;2018-12-05;quarta-feira;14:00:00;RN;101.0;93,9;NATAL;Sim;Falta de Atenção à Condução;1;Colisão lateral;Sem Vítimas;Pleno dia;Crescente;Céu Claro;Simples;Interseção de Vias;Sim;313933.0;Automóvel;FIAT/UNO ECONOMY;2012.0;Condutor;Ileso;50.0;Masculino;1.0;0.0;0.0;0.0;-5,83109398;-35,21219015;SPRF-RN;DEL01-RN;UOP01-DEL01-RN
176249.0;389918.0;2018-12-06;quinta-feira;17:10:00;RN;101.0;95,1;NATAL;Sim;Não guardar distância de segurança;1;Colisão traseira;Com Vítimas Feridas;Pleno dia;Crescente;Céu Claro;Dupla;Reta;Sim;314033.0;Motocicleta;HONDA/CG 150 TITAN ESD;2005.0;Condutor;Lesões Leves;28.0;Masculino;0.0;1.0;0.0;0.0;-5,84172451;-35,2102375;SPRF-RN;DEL01-RN;UOP01-DEL01-RN
176249.0;389921.0;2018-12-06;quinta-feira;17:10:00;RN;101.0;95,1;NATAL;Sim;Não guardar distância de segurança;1;Colisão traseira;Com Vítimas Feridas;Pleno dia;Crescente;Céu Claro;Dupla;Reta;Sim;314034.0;Automóvel;FIAT/PALIO FIRE;2014.0;Condutor;Ileso;64.0;Feminino;1.0;0.0;0.0;0.0;-5,84172451;-35,2102375;SPRF-RN;DEL01-RN;UOP01-DEL01-RN
176384.0;388108.0;2018-12-07;sexta-feira;09:30:00;RN;101.0;98;NATAL;Sim;Desobediência às normas de trânsito pelo condutor;1;Colisão lateral;Com Vítimas Feridas;Pleno dia;Crescente;Céu Claro;Dupla;Interseção de Vias;Sim;314293.0;Automóvel;HYUNDAI/HB20 1.0M COMFOR;2018.0;Condutor;Ileso;52.0;Feminino;1.0;0.0;0.0;0.0;-5,865723;-35,216537;SPRF-RN;DEL01-RN;UOP01-DEL01-RN
176384.0;388109.0;2018-12-07;sexta-feira;09:30:00;RN;101.0;98;NATAL;Sim;Desobediência às normas de trânsito pelo condutor;1;Colisão lateral;Com Vítimas Feridas;Pleno dia;Crescente;Céu Claro;Dupla;Interseção de Vias;Sim;314294.0;Motocicleta;HONDA/CG 125 FAN KS;2015.0;Condutor;Lesões Leves;27.0;Masculino;0.0;1.0;0.0;0.0;-5,865723;-35,216537;SPRF-RN;DEL01-RN;UOP01-DEL01-RN
176535.0;388226.0;2018-12-08;sábado;00:10:00;RN;101.0;82;NATAL;Sim;Ingestão de Álcool;1;Colisão traseira;Sem Vítimas;Plena Noite;Decrescente;Céu Claro;Dupla;Reta;Sim;314566.0;Camioneta;FORD/PAMPA 1.8 L;1996.0;Condutor;Ileso;58.0;Masculino;1.0;0.0;0.0;0.0;-5,767915;-35,274563;SPRF-RN;DEL02-RN;UOP01-DEL02-RN
176535.0;388224.0;2018-12-08;sábado;00:10:00;RN;101.0;82;NATAL;Sim;Ingestão de Álcool;1;Colisão traseira;Sem Vítimas;Plena Noite;Decrescente;Céu Claro;Dupla;Reta;Sim;314562.0;Motocicleta;YAMAHA/FACTOR YBR125 K;2010.0;Condutor;Ileso;37.0;Masculino;1.0;0.0;0.0;0.0;-5,767915;-35,274563;SPRF-RN;DEL02-RN;UOP01-DEL02-RN
177908.0;391408.0;2018-11-10;sábado;10:00:00;RN;226.0;4,1;NATAL;Sim;Ultrapassagem Indevida;1;Colisão transversal;Com Vítimas Feridas;Pleno dia;Decrescente;Garoa/Chuvisco;Simples;Interseção de Vias;Não;317034.0;Caminhão;FORD/F4000 G;2003.0;Condutor;Ileso;40.0;Masculino;1.0;0.0;0.0;0.0;-5,81927849;-35,2612263;SPRF-RN;DEL01-RN;UOP02-DEL01-RN
177908.0;391410.0;2018-11-10;sábado;10:00:00;RN;226.0;4,1;NATAL;Sim;Ultrapassagem Indevida;1;Colisão transversal;Com Vítimas Feridas;Pleno dia;Decrescente;Garoa/Chuvisco;Simples;Interseção de Vias;Não;317035.0;Motocicleta;HONDA/XRE 300;2012.0;Condutor;Lesões Graves;37.0;Masculino;0.0;0.0;1.0;0.0;-5,81927849;-35,2612263;SPRF-RN;DEL01-RN;UOP02-DEL01-RN
177908.0;391409.0;2018-11-10;sábado;10:00:00;RN;226.0;4,1;NATAL;Sim;Ultrapassagem Indevida;1;Colisão transversal;Com Vítimas Feridas;Pleno dia;Decrescente;Garoa/Chuvisco;Simples;Interseção de Vias;Não;317035.0;Motocicleta;HONDA/XRE 300;2012.0;Passageiro;Lesões Graves;60.0;Feminino;0.0;0.0;1.0;0.0;-5,81927849;-35,2612263;SPRF-RN;DEL01-RN;UOP02-DEL01-RN
178005.0;394194.0;2018-12-14;sexta-feira;09:28:00;RN;101.0;94;NATAL;Sim;Falta de Atenção à Condução;1;Engavetamento;Com Vítimas Feridas;Pleno dia;Decrescente;Sol;Dupla;Reta;Sim;317332.0;Utilitário;CHEV/TRAILBLAZER LTZ AG4;2013.0;Condutor;Ileso;38.0;Masculino;1.0;0.0;0.0;0.0;-5,831766;-35,211914;SPRF-RN;DEL01-RN;UOP01-DEL01-RN
178005.0;394195.0;2018-12-14;sexta-feira;09:28:00;RN;101.0;94;NATAL;Sim;Falta de Atenção à Condução;1;Engavetamento;Com Vítimas Feridas;Pleno dia;Decrescente;Sol;Dupla;Reta;Sim;317332.0;Utilitário;CHEV/TRAILBLAZER LTZ AG4;2013.0;Passageiro;Ileso;40.0;Masculino;1.0;0.0;0.0;0.0;-5,831766;-35,211914;SPRF-RN;DEL01-RN;UOP01-DEL01-RN
178005.0;394199.0;2018-12-14;sexta-feira;09:28:00;RN;101.0;94;NATAL;Sim;Falta de Atenção à Condução;1;Engavetamento;Com Vítimas Feridas;Pleno dia;Decrescente;Sol;Dupla;Reta;Sim;317334.0;Caminhonete;CHEVROLET/S10 LS DD4;2018.0;Condutor;Ileso;51.0;Masculino;1.0;0.0;0.0;0.0;-5,831766;-35,211914;SPRF-RN;DEL01-RN;UOP01-DEL01-RN
178005.0;394201.0;2018-12-14;sexta-feira;09:28:00;RN;101.0;94;NATAL;Sim;Falta de Atenção à Condução;1;Engavetamento;Com Vítimas Feridas;Pleno dia;Decrescente;Sol;Dupla;Reta;Sim;317334.0;Caminhonete;CHEVROLET/S10 LS DD4;2018.0;Passageiro;Ileso;62.0;Masculino;1.0;0.0;0.0;0.0;-5,831766;-35,211914;SPRF-RN;DEL01-RN;UOP01-DEL01-RN
178005.0;394196.0;2018-12-14;sexta-feira;09:28:00;RN;101.0;94;NATAL;Sim;Falta de Atenção à Condução;1;Engavetamento;Com Vítimas Feridas;Pleno dia;Decrescente;Sol;Dupla;Reta;Sim;317333.0;Automóvel;GM/MERIVA JOY;2007.0;Condutor;Ileso;60.0;Masculino;1.0;0.0;0.0;0.0;-5,831766;-35,211914;SPRF-RN;DEL01-RN;UOP01-DEL01-RN
178005.0;394197.0;2018-12-14;sexta-feira;09:28:00;RN;101.0;94;NATAL;Sim;Falta de Atenção à Condução;1;Engavetamento;Com Vítimas Feridas;Pleno dia;Decrescente;Sol;Dupla;Reta;Sim;317333.0;Automóvel;GM/MERIVA JOY;2007.0;Passageiro;Lesões Leves;41.0;Feminino;0.0;1.0;0.0;0.0;-5,831766;-35,211914;SPRF-RN;DEL01-RN;UOP01-DEL01-RN
178005.0;394198.0;2018-12-14;sexta-feira;09:28:00;RN;101.0;94;NATAL;Sim;Falta de Atenção à Condução;1;Engavetamento;Com Vítimas Feridas;Pleno dia;Decrescente;Sol;Dupla;Reta;Sim;317333.0;Automóvel;GM/MERIVA JOY;2007.0;Passageiro;Lesões Leves;0.0;Feminino;0.0;1.0;0.0;0.0;-5,831766;-35,211914;SPRF-RN;DEL01-RN;UOP01-DEL01-RN
178100.0;393735.0;2018-12-14;sexta-feira;20:40:00;RN;101.0;96;NATAL;Sim;Falta de Atenção do Pedestre;1;Atropelamento de Pedestre;Com Vítimas Feridas;Plena Noite;Crescente;Céu Claro;Dupla;Reta;Sim;319113.0;Motocicleta;Não Informado/Não Informado;0.0;Condutor;Ileso;;Masculino;1.0;0.0;0.0;0.0;-5,849496;-35,208908;SPRF-RN;DEL01-RN;UOP01-DEL01-RN
178100.0;393715.0;2018-12-14;sexta-feira;20:40:00;RN;101.0;96;NATAL;Sim;Falta de Atenção do Pedestre;1;Atropelamento de Pedestre;Com Vítimas Feridas;Plena Noite;Crescente;Céu Claro;Dupla;Reta;Sim;;;NA/NA;;Pedestre;Lesões Graves;38.0;Feminino;0.0;0.0;1.0;0.0;-5,849496;-35,208908;SPRF-RN;DEL01-RN;UOP01-DEL01-RN
178157.0;392222.0;2018-12-14;sexta-feira;18:00:00;RN;101.0;96;NATAL;Sim;Falta de Atenção do Pedestre;1;Atropelamento de Pedestre;Sem Vítimas;Plena Noite;Crescente;Céu Claro;Dupla;Reta;Não;317752.0;Automóvel;TOYOTA/COROLLA XLI18FLEX;2009.0;Condutor;Ileso;77.0;Masculino;1.0;0.0;0.0;0.0;-5,849496;-35,208908;SPRF-RN;DEL01-RN;UOP01-DEL01-RN
178157.0;392223.0;2018-12-14;sexta-feira;18:00:00;RN;101.0;96;NATAL;Sim;Falta de Atenção do Pedestre;1;Atropelamento de Pedestre;Sem Vítimas;Plena Noite;Crescente;Céu Claro;Dupla;Reta;Não;;;NA/NA;;Pedestre;Ileso;46.0;Masculino;1.0;0.0;0.0;0.0;-5,849496;-35,208908;SPRF-RN;DEL01-RN;UOP01-DEL01-RN
178157.0;392226.0;2018-12-14;sexta-feira;18:00:00;RN;101.0;96;NATAL;Sim;Falta de Atenção do Pedestre;1;Atropelamento de Pedestre;Sem Vítimas;Plena Noite;Crescente;Céu Claro;Dupla;Reta;Não;;;NA/NA;;Testemunha;Não Informado;;Não Informado;0.0;0.0;0.0;0.0;-5,849496;-35,208908;SPRF-RN;DEL01-RN;UOP01-DEL01-RN
178180.0;393729.0;2018-12-14;sexta-feira;22:40:00;RN;101.0;96;NATAL;Não;Desobediência às normas de trânsito pelo condutor;1;Colisão lateral;Com Vítimas Feridas;Plena Noite;Decrescente;Céu Claro;Dupla;Reta;Sim;317626.0;Motocicleta;HONDA/CG 160 TITAN EX;2015.0;Condutor;Lesões Leves;21.0;Masculino;0.0;1.0;0.0;0.0;-5,849496;-35,208908;SPRF-RN;DEL01-RN;UOP01-DEL01-RN
178180.0;393729.0;2018-12-14;sexta-feira;22:40:00;RN;101.0;96;NATAL;Sim;Falta de Atenção à Condução;1;Colisão lateral;Com Vítimas Feridas;Plena Noite;Decrescente;Céu Claro;Dupla;Reta;Sim;317626.0;Motocicleta;HONDA/CG 160 TITAN EX;2015.0;Condutor;Lesões Leves;21.0;Masculino;0.0;1.0;0.0;0.0;-5,849496;-35,208908;SPRF-RN;DEL01-RN;UOP01-DEL01-RN
178663.0;393144.0;2018-12-16;domingo;19:20:00;RN;101.0;94,4;NATAL;Sim;Ingestão de Álcool;1;Colisão traseira;Com Vítimas Feridas;Plena Noite;Decrescente;Chuva;Dupla;Reta;Sim;318540.0;Automóvel;HONDA/CIVIC TOURING CVT;2017.0;Condutor;Ileso;25.0;Masculino;1.0;0.0;0.0;0.0;-5,831766;-35,211914;SPRF-RN;DEL01-RN;UOP01-DEL01-RN
178663.0;393148.0;2018-12-16;domingo;19:20:00;RN;101.0;94,4;NATAL;Sim;Ingestão de Álcool;1;Colisão traseira;Com Vítimas Feridas;Plena Noite;Decrescente;Chuva;Dupla;Reta;Sim;318542.0;Automóvel;FIAT/IDEA ELX FLEX;2006.0;Condutor;Ileso;30.0;Feminino;1.0;0.0;0.0;0.0;-5,831766;-35,211914;SPRF-RN;DEL01-RN;UOP01-DEL01-RN
178663.0;393146.0;2018-12-16;domingo;19:20:00;RN;101.0;94,4;NATAL;Sim;Ingestão de Álcool;1;Colisão traseira;Com Vítimas Feridas;Plena Noite;Decrescente;Chuva;Dupla;Reta;Sim;318541.0;Automóvel;AUDI/A3 LM 150CV;2015.0;Condutor;Lesões Leves;32.0;Feminino;0.0;1.0;0.0;0.0;-5,831766;-35,211914;SPRF-RN;DEL01-RN;UOP01-DEL01-RN
179365.0;394764.0;2018-12-19;quarta-feira;22:00:00;RN;101.0;77;NATAL;Sim;Desobediência às normas de trânsito pelo condutor;1;Colisão frontal;Com Vítimas Feridas;Plena Noite;Crescente;Céu Claro;Dupla;Reta;Não;319807.0;Motocicleta;HONDA/CG 125 TITAN KS;2002.0;Condutor;Lesões Graves;25.0;Masculino;0.0;0.0;1.0;0.0;-5,731843;-35,291126;SPRF-RN;DEL02-RN;UOP01-DEL02-RN
179365.0;394768.0;2018-12-19;quarta-feira;22:00:00;RN;101.0;77;NATAL;Sim;Desobediência às normas de trânsito pelo condutor;1;Colisão frontal;Com Vítimas Feridas;Plena Noite;Crescente;Céu Claro;Dupla;Reta;Não;319813.0;Motocicleta;Não Informado/Não Informado;0.0;Condutor;Lesões Graves;29.0;Masculino;0.0;0.0;1.0;0.0;-5,731843;-35,291126;SPRF-RN;DEL02-RN;UOP01-DEL02-RN
179520.0;395214.0;2018-12-20;quinta-feira;14:40:00;RN;101.0;94,6;NATAL;Sim;Não guardar distância de segurança;1;Colisão traseira;Com Vítimas Feridas;Pleno dia;Crescente;Céu Claro;Dupla;Reta;Sim;320164.0;Automóvel;VW/FOX CL SBV;2017.0;Condutor;Ileso;51.0;Masculino;1.0;0.0;0.0;0.0;-5,831766;-35,211914;SPRF-RN;DEL01-RN;UOP01-DEL01-RN
179520.0;395220.0;2018-12-20;quinta-feira;14:40:00;RN;101.0;94,6;NATAL;Sim;Não guardar distância de segurança;1;Colisão traseira;Com Vítimas Feridas;Pleno dia;Crescente;Céu Claro;Dupla;Reta;Sim;320165.0;Motocicleta;HONDA/CG 125 FAN;2006.0;Condutor;Lesões Graves;34.0;Masculino;0.0;0.0;1.0;0.0;-5,831766;-35,211914;SPRF-RN;DEL01-RN;UOP01-DEL01-RN
179613.0;397563.0;2018-12-20;quinta-feira;20:51:00;RN;101.0;83,6;NATAL;Sim;Desobediência às normas de trânsito pelo condutor;1;Atropelamento de Pedestre;Com Vítimas Feridas;Plena Noite;Decrescente;Céu Claro;Dupla;Reta;Sim;320374.0;Motocicleta;Não Informado/Não Informado;0.0;Condutor;Ileso;;Masculino;1.0;0.0;0.0;0.0;-5,771044;-35,266171;SPRF-RN;DEL02-RN;UOP01-DEL02-RN
179613.0;397493.0;2018-12-20;quinta-feira;20:51:00;RN;101.0;83,6;NATAL;Sim;Desobediência às normas de trânsito pelo condutor;1;Atropelamento de Pedestre;Com Vítimas Feridas;Plena Noite;Decrescente;Céu Claro;Dupla;Reta;Sim;;;NA/NA;;Pedestre;Lesões Leves;28.0;Feminino;0.0;1.0;0.0;0.0;-5,771044;-35,266171;SPRF-RN;DEL02-RN;UOP01-DEL02-RN
179815.0;398395.0;2018-12-21;sexta-feira;16:35:00;RN;101.0;80,8;NATAL;Sim;Desobediência às normas de trânsito pelo condutor;1;Colisão traseira;Sem Vítimas;Pleno dia;Decrescente;Céu Claro;Dupla;Reta;Sim;320668.0;Automóvel;VW/FOX 1.6;2005.0;Condutor;Ileso;35.0;Masculino;1.0;0.0;0.0;0.0;-5,758523;-35,288063;SPRF-RN;DEL02-RN;UOP01-DEL02-RN
179815.0;398401.0;2018-12-21;sexta-feira;16:35:00;RN;101.0;80,8;NATAL;Sim;Desobediência às normas de trânsito pelo condutor;1;Colisão traseira;Sem Vítimas;Pleno dia;Decrescente;Céu Claro;Dupla;Reta;Sim;320669.0;Automóvel;I/FIAT SIENA ELX;2001.0;Condutor;Ileso;51.0;Masculino;1.0;0.0;0.0;0.0;-5,758523;-35,288063;SPRF-RN;DEL02-RN;UOP01-DEL02-RN