id;pesid;data_inversa;dia_semana;horario;uf;br;km;municipio;causa_principal;causa_acidente;ordem_tipo_acidente;tipo_acidente;classificacao_acidente;fase_dia;sentido_via;condicao_metereologica;tipo_pista;tracado_via;uso_solo;id_veiculo;tipo_veiculo;marca;ano_fabricacao_veiculo;tipo_envolvido;estado_fisico;idade;sexo;ilesos;feridos_leves;feridos_graves;mortos;latitude;longitude;regional;delegacia;uop
7976.0;19576.0;2017-01-30;segunda-feira;17:10:00;RN;101.0;79,5;NATAL;Sim;Ingestão de Álcool;1;Colisão transversal;Com Vítimas Feridas;Pleno dia;Decrescente;Céu Claro;Dupla;Reta;Não;13636.0;Bicicleta;MONARK/;0.0;Condutor;Lesões Graves;57.0;Masculino;0.0;0.0;1.0;0.0;-5,75679591;-35,28836757;SPRF-RN;DEL02-RN;UOP01-DEL02-RN
8227.0;18119.0;2017-01-31;terça-feira;18:00:00;RN;101.0;102;NATAL;Sim;Falta de Atenção do Pedestre;1;Atropelamento de Pedestre;Com Vítimas Feridas;Amanhecer;Decrescente;Céu Claro;Dupla;Reta;Sim;14171.0;Motocicleta;YAMAHA/FACTOR YBR125 K;2011.0;Condutor;Lesões Leves;29.0;Masculino;0.0;1.0;0.0;0.0;-5,7792569;-35,200916;SPRF-RN;DEL01-RN;UOP01-DEL01-RN
8227.0;18120.0;2017-01-31;terça-feira;18:00:00;RN;101.0;102;NATAL;Sim;Falta de Atenção do Pedestre;1;Atropelamento de Pedestre;Com Vítimas Feridas;Amanhecer;Decrescente;Céu Claro;Dupla;Reta;Sim;;;NA/NA;;Pedestre;Lesões Leves;15.0;Masculino;0.0;1.0;0.0;0.0;-5,7792569;-35,200916;SPRF-RN;DEL01-RN;UOP01-DEL01-RN
8940.0;23106.0;2017-02-03;sexta-feira;17:15:00;RN;101.0;97;NATAL;Sim;Falta de Atenção à Condução;1;Colisão transversal;Sem Vítimas;Anoitecer;Decrescente;Céu Claro;Dupla;Reta;Sim;18241.0;Automóvel;I/CHEVROLET AGILE LTZ;2011.0;Condutor;Ileso;31.0;Masculino;1.0;0.0;0.0;0.0;-5,8565;-35,2123;SPRF-RN;DEL01-RN;UOP01-DEL01-RN
8940.0;23104.0;2017-02-03;sexta-feira;17:15:00;RN;101.0;97;NATAL;Sim;Falta de Atenção à Condução;1;Colisão transversal;Sem Vítimas;Anoitecer;Decrescente;Céu Claro;Dupla;Reta;Sim;18239.0;Camioneta;HYUNDAI/IX35 B;2013.0;Condutor;Ileso;44.0;Masculino;1.0;0.0;0.0;0.0;-5,8565;-35,2123;SPRF-RN;DEL01-RN;UOP01-DEL01-RN
8940.0;23106.0;2017-02-03;sexta-feira;17:15:00;RN;101.0;97;NATAL;Sim;Falta de Atenção à Condução;2;Colisão com objeto estático;Sem Vítimas;Anoitecer;Decrescente;Céu Claro;Dupla;Reta;Sim;18241.0;Automóvel;I/CHEVROLET AGILE LTZ;2011.0;Condutor;Ileso;31.0;Masculino;1.0;0.0;0.0;0.0;-5,8565;-35,2123;SPRF-RN;DEL01-RN;UOP01-DEL01-RN
8940.0;23104.0;2017-02-03;sexta-feira;17:15:00;RN;101.0;97;NATAL;Sim;Falta de Atenção à Condução;2;Colisão com objeto estático;Sem Vítimas;Anoitecer;Decrescente;Céu Claro;Dupla;Reta;Sim;18239.0;Camioneta;HYUNDAI/IX35 B;2013.0;Condutor;Ileso;44.0;Masculino;1.0;0.0;0.0;0.0;-5,8565;-35,2123;SPRF-RN;DEL01-RN;UOP01-DEL01-RN
9687.0;22807.0;2017-02-06;segunda-feira;01:00:00;RN;101.0;83;NATAL;Sim;Ingestão de Álcool;1;Saída de leito carroçável;Sem Vítimas;Plena Noite;Decrescente;Céu Claro;Dupla;Reta;Sim;17993.0;Caminhonete;FIAT/FIORINO TREKKING;1997.0;Condutor;Ileso;30.0;Masculino;1.0;0.0;0.0;0.0;-5,76967002;-35,26993543;SPRF-RN;DEL02-RN;UOP01-DEL02-RN
10089.0;21976.0;2017-02-07;terça-feira;15:30:00;RN;101.0;94,9;NATAL;Sim;Falta de Atenção à Condução;1;Colisão com objeto estático;Com Vítimas Feridas;Pleno dia;Crescente;Sol;Múltipla;Reta;Sim;17397.0;Automóvel;VW/GOL CL 1.6 MI;1997.0;Condutor;Lesões Leves;21.0;Masculino;0.0;1.0;0.0;0.0;-5,83874136;-35,21122187;SPRF-RN;DEL01-RN;UOP01-DEL01-RN
10249.0;22406.0;2017-02-08;quarta-feira;10:35:00;RN;101.0;82,4;NATAL;Sim;Falta de Atenção à Condução;1;Colisão traseira;Com Vítimas Feridas;Pleno dia;Decrescente;Sol;Dupla;Reta;Sim;17677.0;Motocicleta;HONDA/CG150 START;2015.0;Condutor;Lesões Graves;35.0;Masculino;0.0;0.0;1.0;0.0;-5,76761453;-35,275598;SPRF-RN;DEL02-RN;UOP01-DEL02-RN
10249.0;22412.0;2017-02-08;quarta-feira;10:35:00;RN;101.0;82,4;NATAL;Sim;Falta de Atenção à Condução;1;Colisão traseira;Com Vítimas Feridas;Pleno dia;Decrescente;Sol;Dupla;Reta;Sim;17680.0;Automóvel;VW/GOL 16V PLUS;2000.0;Condutor;Ileso;40.0;Masculino;1.0;0.0;0.0;0.0;-5,76761453;-35,275598;SPRF-RN;DEL02-RN;UOP01-DEL02-RN
12256.0;27030.0;2017-02-15;quarta-feira;16:35:00;RN;101.0;97,5;NATAL;Sim;Não guardar distância de segurança;1;Colisão traseira;Com Vítimas Feridas;Pleno dia;Crescente;Sol;Simples;Reta;Sim;21544.0;Motocicleta;HONDA/CG 125 CARGO;2002.0;Condutor;Lesões Leves;53.0;Masculino;0.0;1.0;0.0;0.0;-5,85336876;-35,21106631;SPRF-RN;DEL01-RN;UOP01-DEL01-RN
12773.0;29813.0;2017-02-17;sexta-feira;17:40:00;RN;101.0;79,4;NATAL;Sim;Falta de Atenção do Pedestre;1;Atropelamento de Pedestre;Com Vítimas Feridas;Plena Noite;Decrescente;Céu Claro;Dupla;Reta;Sim;23894.0;Motocicleta;HONDA/NXR150 BROS ESD;2012.0;Condutor;Lesões Graves;55.0;Masculino;0.0;0.0;1.0;0.0;-5,76226286;-35,28708279;SPRF-RN;DEL02-RN;UOP01-DEL02-RN
12773.0;32545.0;2017-02-17;sexta-feira;17:40:00;RN;101.0;79,4;NATAL;Sim;Falta de Atenção do Pedestre;1;Atropelamento de Pedestre;Com Vítimas Feridas;Plena Noite;Decrescente;Céu Claro;Dupla;Reta;Sim;;;NA/NA;;Pedestre;Lesões Graves;43.0;Feminino;0.0;0.0;1.0;0.0;-5,76226286;-35,28708279;SPRF-RN;DEL02-RN;UOP01-DEL02-RN
12991.0;28420.0;2017-02-18;sábado;11:05:00;RN;101.0;116,5;NATAL;Sim;Falta de Atenção à Condução;1;Saída de leito carroçável;Com Vítimas Feridas;Pleno dia;Decrescente;Céu Claro;Dupla;"Curva;Aclive";Não;22728.0;Automóvel;FIAT/PALIO FIRE;2003.0;Condutor;Lesões Leves;33.0;Masculino;0.0;1.0;0.0;0.0;-5,7792569;-35,200916;SPRF-RN;DEL01-RN;UOP01-DEL01-RN
13120.0;30642.0;2017-02-18;sábado;20:35:00;RN;226.0;3;NATAL;Sim;Ingestão de Álcool;1;Colisão lateral;Com Vítimas Feridas;Plena Noite;Decrescente;Céu Claro;Simples;Curva;Sim;22893.0;Motocicleta;HONDA/CG 125 FAN;2008.0;Condutor;Lesões Leves;36.0;Masculino;0.0;1.0;0.0;0.0;-5,8209;-35,252;SPRF-RN;DEL01-RN;UOP02-DEL01-RN
13120.0;30640.0;2017-02-18;sábado;20:35:00;RN;226.0;3;NATAL;Sim;Ingestão de Álcool;1;Colisão lateral;Com Vítimas Feridas;Plena Noite;Decrescente;Céu Claro;Simples;Curva;Sim;22894.0;Automóvel;CHEV/PRISMA 1.4MT LTZ;2016.0;Condutor;Ileso;44.0;Masculino;1.0;0.0;0.0;0.0;-5,8209;-35,252;SPRF-RN;DEL01-RN;UOP02-DEL01-RN
13249.0;28792.0;2017-02-19;domingo;08:20:00;RN;101.0;97,5;NATAL;Sim;Pista Escorregadia;1;Queda de ocupante de veículo;Com Vítimas Feridas;Pleno dia;Crescente;Chuva;Múltipla;Declive;Sim;23068.0;Motocicleta;HONDA/CBR 600F;2012.0;Condutor;Lesões Leves;37.0;Masculino;0.0;1.0;0.0;0.0;-5,86055691;-35,21428227;SPRF-RN;DEL01-RN;UOP01-DEL01-RN
13868.0;30313.0;2017-02-21;terça-feira;18:00:00;RN;226.0;0,5;NATAL;Sim;Falta de Atenção à Condução;1;Colisão lateral;Sem Vítimas;Anoitecer;Decrescente;Céu Claro;Simples;Reta;Sim;24138.0;Utilitário;NISSAN/XTERRA 2.8 SE;2004.0;Condutor;Ileso;59.0;Masculino;1.0;0.0;0.0;0.0;-5,8046929;-35,23900688;SPRF-RN;DEL01-RN;UOP02-DEL01-RN
13868.0;30309.0;2017-02-21;terça-feira;18:00:00;RN;226.0;0,5;NATAL;Sim;Falta de Atenção à Condução;1;Colisão lateral;Sem Vítimas;Anoitecer;Decrescente;Céu Claro;Simples;Reta;Sim;24137.0;Motocicleta;HONDA/XRE 300;2016.0;Condutor;Ileso;29.0;Masculino;1.0;0.0;0.0;0.0;-5,8046929;-35,23900688;SPRF-RN;DEL01-RN;UOP02-DEL01-RN
14559.0;31613.0;2017-02-24;sexta-feira;10:40:00;RN;406.0;169;NATAL;Sim;Falta de Atenção à Condução;1;Colisão transversal;Com Vítimas Feridas;Pleno dia;Crescente;Nublado;Dupla;Reta;Sim;25327.0;Motocicleta;HONDA/NXR160 BROS ESDD;2015.0;Passageiro;Lesões Leves;59.0;Masculino;0.0;1.0;0.0;0.0;-5,7543;-35,3111;SPRF-RN;DEL02-RN;UOP01-DEL02-RN
14559.0;31605.0;2017-02-24;sexta-feira;10:40:00;RN;406.0;169;NATAL;Sim;Falta de Atenção à Condução;1;Colisão transversal;Com Vítimas Feridas;Pleno dia;Crescente;Nublado;Dupla;Reta;Sim;25327.0;Motocicleta;HONDA/NXR160 BROS ESDD;2015.0;Condutor;Lesões Graves;41.0;Masculino;0.0;0.0;1.0;0.0;-5,7543;-35,3111;SPRF-RN;DEL02-RN;UOP01-DEL02-RN
14559.0;31614.0;2017-02-24;sexta-feira;10:40:00;RN;406.0;169;NATAL;Sim;Falta de Atenção à Condução;1;Colisão transversal;Com Vítimas Feridas;Pleno dia;Crescente;Nublado;Dupla;Reta;Sim;25329.0;Motocicleta;HONDA/CG 150 TITAN EX;2015.0;Condutor;Lesões Leves;39.0;Masculino;0.0;1.0;0.0;0.0;-5,7543;-35,3111;SPRF-RN;DEL02-RN;UOP01-DEL02-RN
14700.0;32392.0;2017-02-24;sexta-feira;18:40:00;RN;101.0;80,6;NATAL;Sim;Desobediência às normas de trânsito pelo condutor;1;Colisão transversal;Com Vítimas Feridas;Plena Noite;Crescente;Céu Claro;Dupla;Rotatória;Sim;25919.0;Automóvel;RENAULT/LOGAN EXP 1016V;2012.0;Condutor;Ileso;36.0;Masculino;1.0;0.0;0.0;0.0;-5,76297272;-35,28697014;SPRF-RN;DEL02-RN;UOP01-DEL02-RN
14700.0;32399.0;2017-02-24;sexta-feira;18:40:00;RN;101.0;80,6;NATAL;Sim;Desobediência às normas de trânsito pelo condutor;1;Colisão transversal;Com Vítimas Feridas;Plena Noite;Crescente;Céu Claro;Dupla;Rotatória;Sim;25920.0;Ciclomotor;I/TRAXX JL50Q 8;0.0;Condutor;Lesões Leves;;Masculino;0.0;1.0;0.0;0.0;-5,76297272;-35,28697014;SPRF-RN;DEL02-RN;UOP01-DEL02-RN
14701.0;32037.0;2017-02-24;sexta-feira;18:35:00;RN;101.0;83;NATAL;Sim;Falta de Atenção do Pedestre;1;Atropelamento de Pedestre;Com Vítimas Feridas;Plena Noite;Decrescente;Céu Claro;Dupla;Reta;Sim;25770.0;Automóvel;FIAT/BRAVA ELX;1999.0;Condutor;Ileso;33.0;Masculino;1.0;0.0;0.0;0.0;-5,7696;-35,2702;SPRF-RN;DEL02-RN;UOP01-DEL02-RN
14701.0;32039.0;2017-02-24;sexta-feira;18:35:00;RN;101.0;83;NATAL;Sim;Falta de Atenção do Pedestre;1;Atropelamento de Pedestre;Com Vítimas Feridas;Plena Noite;Decrescente;Céu Claro;Dupla;Reta;Sim;;;NA/NA;;Pedestre;Lesões Leves;60.0;Feminino;0.0;1.0;0.0;0.0;-5,7696;-35,2702;SPRF-RN;DEL02-RN;UOP01-DEL02-RN
15625.0;36314.0;2017-02-23;quinta-feira;09:00:00;RN;101.0;99;NATAL;Sim;Não guardar distância de segurança;1;Colisão traseira;Sem Vítimas;Pleno dia;Decrescente;Chuva;Dupla;Declive;Sim;28967.0;Automóvel;I/RENAULT CLIO AUT 10H3P;2014.0;Condutor;Ileso;31.0;Masculino;1.0;0.0;0.0;0.0;-5,88130971;-35,2256136;SPRF-RN;DEL01-RN;UOP01-DEL01-RN
15625.0;36311.0;2017-02-23;quinta-feira;09:00:00;RN;101.0;99;NATAL;Sim;Não guardar distância de segurança;1;Colisão traseira;Sem Vítimas;Pleno dia;Decrescente;Chuva;Dupla;Declive;Sim;28316.0;Automóvel;VW/NOVO GOL 1.0;2013.0;Condutor;Ileso;36.0;Masculino;1.0;0.0;0.0;0.0;-5,88130971;-35,2256136;SPRF-RN;DEL01-RN;UOP01-DEL01-RN
15625.0;36314.0;2017-02-23;quinta-feira;09:00:00;RN;101.0;99;NATAL;Não;Pista Escorregadia;1;Colisão traseira;Sem Vítimas;Pleno dia;Decrescente;Chuva;Dupla;Declive;Sim;28967.0;Automóvel;I/RENAULT CLIO AUT 10H3P;2014.0;Condutor;Ileso;31.0;Masculino;1.0;0.0;0.0;0.0;-5,88130971;-35,2256136;SPRF-RN;DEL01-RN;UOP01-DEL01-RN
15625.0;36311.0;2017-02-23;quinta-feira;09:00:00;RN;101.0;99;NATAL;Não;Pista Escorregadia;1;Colisão traseira;Sem Vítimas;Pleno dia;Decrescente;Chuva;Dupla;Declive;Sim;28316.0;Automóvel;VW/NOVO GOL 1.0;2013.0;Condutor;Ileso;36.0;Masculino;1.0;0.0;0.0;0.0;-5,88130971;-35,2256136;SPRF-RN;DEL01-RN;UOP01-DEL01-RN
15827.0;34916.0;2017-02-28;terça-feira;04:00:00;RN;101.0;80;NATAL;Sim;Pista Escorregadia;1;Saída de leito carroçável;Com Vítimas Feridas;Plena Noite;Decrescente;Chuva;Dupla;Reta;Não;27514.0;Automóvel;VW/NOVO VOYAGE 1.6;2012.0;Condutor;Lesões Graves;46.0;Masculino;0.0;0.0;1.0;0.0;-5,75786392;-35,28842658;SPRF-RN;DEL02-RN;UOP01-DEL02-RN
16907.0;37002.0;2017-03-04;sábado;11:25:00;RN;101.0;98;NATAL;Sim;Falta de Atenção à Condução;1;Colisão transversal;Com Vítimas Feridas;Pleno dia;Crescente;Nublado;Dupla;Curva;Sim;29488.0;Automóvel;VW/GOL 1.0;2010.0;Condutor;Lesões Leves;48.0;Masculino;0.0;1.0;0.0;0.0;-5,85920626;-35,21380484;SPRF-RN;DEL01-RN;UOP01-DEL01-RN
16907.0;37003.0;2017-03-04;sábado;11:25:00;RN;101.0;98;NATAL;Sim;Falta de Atenção à Condução;1;Colisão transversal;Com Vítimas Feridas;Pleno dia;Crescente;Nublado;Dupla;Curva;Sim;29489.0;Automóvel;FORD/KA SEL 1.5 SD B;2016.0;Condutor;Ileso;58.0;Masculino;1.0;0.0;0.0;0.0;-5,85920626;-35,21380484;SPRF-RN;DEL01-RN;UOP01-DEL01-RN
16966.0;37269.0;2017-03-04;sábado;16:00:00;RN;226.0;4;NATAL;Sim;Desobediência às normas de trânsito pelo condutor;1;Colisão transversal;Com Vítimas Feridas;Pleno dia;Decrescente;Céu Claro;Simples;Interseção de Vias;Não;29573.0;Motocicleta;HONDA/NXR150 BROS ES;2013.0;Condutor;Lesões Leves;28.0;Masculino;0.0;1.0;0.0;0.0;-5,819454;-35,261385;SPRF-RN;DEL01-RN;UOP02-DEL01-RN
16966.0;37271.0;2017-03-04;sábado;16:00:00;RN;226.0;4;NATAL;Sim;Desobediência às normas de trânsito pelo condutor;1;Colisão transversal;Com Vítimas Feridas;Pleno dia;Decrescente;Céu Claro;Simples;Interseção de Vias;Não;29574.0;Automóvel;HYUNDAI/HB20 1.6M COMF;2014.0;Condutor;Ileso;25.0;Masculino;1.0;0.0;0.0;0.0;-5,819454;-35,261385;SPRF-RN;DEL01-RN;UOP02-DEL01-RN
17575.0;40286.0;2017-03-06;segunda-feira;18:50:00;RN;101.0;84;NATAL;Sim;Defeito Mecânico no Veículo;1;Engavetamento;Sem Vítimas;Plena Noite;Crescente;Céu Claro;Dupla;Reta;Sim;32225.0;Camioneta;I/TOYOTA HILUX SW4 D;1997.0;Condutor;Ileso;44.0;Masculino;1.0;0.0;0.0;0.0;-5,7727;-35,2619;SPRF-RN;DEL02-RN;UOP01-DEL02-RN
17575.0;40482.0;2017-03-06;segunda-feira;18:50:00;RN;101.0;84;NATAL;Sim;Defeito Mecânico no Veículo;1;Engavetamento;Sem Vítimas;Plena Noite;Crescente;Céu Claro;Dupla;Reta;Sim;32229.0;Automóvel;FIAT/PALIO ESSENCE 1.6;2013.0;Condutor;Ileso;33.0;Masculino;1.0;0.0;0.0;0.0;-5,7727;-35,2619;SPRF-RN;DEL02-RN;UOP01-DEL02-RN
17575.0;40517.0;2017-03-06;segunda-feira;18:50:00;RN;101.0;84;NATAL;Sim;Defeito Mecânico no Veículo;1;Engavetamento;Sem Vítimas;Plena Noite;Crescente;Céu Claro;Dupla;Reta;Sim;32443.0;Automóvel;FIAT/UNO VIVACE 1.0;2015.0;Condutor;Ileso;33.0;Feminino;1.0;0.0;0.0;0.0;-5,7727;-35,2619;SPRF-RN;DEL02-RN;UOP01-DEL02-RN
17575.0;40276.0;2017-03-06;segunda-feira;18:50:00;RN;101.0;84;NATAL;Sim;Defeito Mecânico no Veículo;1;Engavetamento;Sem Vítimas;Plena Noite;Crescente;Céu Claro;Dupla;Reta;Sim;32224.0;Ônibus;FORD/B 1618;1995.0;Condutor;Ileso;25.0;Masculino;1.0;0.0;0.0;0.0;-5,7727;-35,2619;SPRF-RN;DEL02-RN;UOP01-DEL02-RN
17575.0;40470.0;2017-03-06;segunda-feira;18:50:00;RN;101.0;84;NATAL;Sim;Defeito Mecânico no Veículo;1;Engavetamento;Sem Vítimas;Plena Noite;Crescente;Céu Claro;Dupla;Reta;Sim;32226.0;Camioneta;I/TOYOTA HILUX SW4 D;2000.0;Condutor;Ileso;38.0;Masculino;1.0;0.0;0.0;0.0;-5,7727;-35,2619;SPRF-RN;DEL02-RN;UOP01-DEL02-RN
17575.0;40477.0;2017-03-06;segunda-feira;18:50:00;RN;101.0;84;NATAL;Sim;Defeito Mecânico no Veículo;1;Engavetamento;Sem Vítimas;Plena Noite;Crescente;Céu Claro;Dupla;Reta;Sim;32228.0;Ônibus;M.BENZ/BUSSCAR MICRUSS O;2001.0;Condutor;Ileso;27.0;Masculino;1.0;0.0;0.0;0.0;-5,7727;-35,2619;SPRF-RN;DEL02-RN;UOP01-DEL02-RN
17783.0;38798.0;2017-03-07;terça-feira;17:30:00;RN;101.0;79,8;NATAL;Sim;Ingestão de Álcool;1;Colisão transversal;Sem Vítimas;Anoitecer;Decrescente;Céu Claro;Dupla;Curva;Sim;31001.0;Motocicleta;HONDA/CG 125 FAN KS;2009.0;Condutor;Ileso;47.0;Masculino;1.0;0.0;0.0;0.0;-5,76304646;-35,2868548;SPRF-RN;DEL02-RN;UOP01-DEL02-RN
17783.0;38797.0;2017-03-07;terça-feira;17:30:00;RN;101.0;79,8;NATAL;Sim;Ingestão de Álcool;1;Colisão transversal;Sem Vítimas;Anoitecer;Decrescente;Céu Claro;Dupla;Curva;Sim;31000.0;Automóvel;I/PEUGEOT 207HB XR;2010.0;Condutor;Ileso;33.0;Masculino;1.0;0.0;0.0;0.0;-5,76304646;-35,2868548;SPRF-RN;DEL02-RN;UOP01-DEL02-RN
18794.0;45885.0;2017-03-11;sábado;11:00:00;RN;101.0;78;NATAL;Sim;Falta de Atenção à Condução;1;Colisão frontal;Com Vítimas Feridas;Pleno dia;Decrescente;Céu Claro;Simples;Reta;Sim;32891.0;Motocicleta;HONDA/CG 125 FAN ES;2009.0;Condutor;Lesões Leves;29.0;Masculino;0.0;1.0;0.0;0.0;-5,73551598;-35,29072791;SPRF-RN;DEL02-RN;UOP01-DEL02-RN
18794.0;45880.0;2017-03-11;sábado;11:00:00;RN;101.0;78;NATAL;Sim;Falta de Atenção à Condução;1;Colisão frontal;Com Vítimas Feridas;Pleno dia;Decrescente;Céu Claro;Simples;Reta;Sim;32873.0;Automóvel;RENAULT/LOGAN AUTH 1016V;2015.0;Condutor;Ileso;70.0;Masculino;1.0;0.0;0.0;0.0;-5,73551598;-35,29072791;SPRF-RN;DEL02-RN;UOP01-DEL02-RN
19001.0;43752.0;2017-03-12;domingo;01:45:00;RN;226.0;69,7;NATAL;Sim;Falta de Atenção à Condução;1;Colisão lateral;Com Vítimas Feridas;Plena Noite;Decrescente;Céu Claro;Simples;Declive;Sim;33137.0;Motocicleta;YAMAHA/YBR 125ED;2003.0;Passageiro;Lesões Graves;43.0;Feminino;0.0;0.0;1.0;0.0;-5,7792569;-35,200916;SPRF-RN;DEL01-RN;UOP02-DEL01-RN
19001.0;43748.0;2017-03-12;domingo;01:45:00;RN;226.0;69,7;NATAL;Sim;Falta de Atenção à Condução;1;Colisão lateral;Com Vítimas Feridas;Plena Noite;Decrescente;Céu Claro;Simples;Declive;Sim;33137.0;Motocicleta;YAMAHA/YBR 125ED;2003.0;Condutor;Lesões Graves;42.0;Masculino;0.0;0.0;1.0;0.0;-5,7792569;-35,200916;SPRF-RN;DEL01-RN;UOP02-DEL01-RN
19001.0;43754.0;2017-03-12;domingo;01:45:00;RN;226.0;69,7;NATAL;Sim;Falta de Atenção à Condução;1;Colisão lateral;Com Vítimas Feridas;Plena Noite;Decrescente;Céu Claro;Simples;Declive;Sim;35207.0;Automóvel;VW/VOYAGE 1.6;2012.0;Condutor;Ileso;40.0;Masculino;1.0;0.0;0.0;0.0;-5,7792569;-35,200916;SPRF-RN;DEL01-RN;UOP02-DEL01-RN
19191.0;41499.0;2017-03-12;domingo;17:50:00;RN;101.0;81;NATAL;Sim;Falta de Atenção à Condução;1;Colisão lateral;Sem Vítimas;Plena Noite;Decrescente;Nublado;Dupla;Reta;Sim;33333.0;Automóvel;VW/NOVO GOL 1.0;2012.0;Condutor;Ileso;42.0;Masculino;1.0;0.0;0.0;0.0;-5,763;-35,2873;SPRF-RN;DEL02-RN;UOP01-DEL02-RN
19191.0;41503.0;2017-03-12;domingo;17:50:00;RN;101.0;81;NATAL;Sim;Falta de Atenção à Condução;1;Colisão lateral;Sem Vítimas;Plena Noite;Decrescente;Nublado;Dupla;Reta;Sim;33332.0;Caminhão;VW/6.90;1986.0;Condutor;Ileso;58.0;Masculino;1.0;0.0;0.0;0.0;-5,763;-35,2873;SPRF-RN;DEL02-RN;UOP01-DEL02-RN
19283.0;41663.0;2017-03-12;domingo;22:15:00;RN;101.0;83;NATAL;Sim;Não guardar distância de segurança;1;Colisão traseira;Com Vítimas Feridas;Plena Noite;Decrescente;Nublado;Dupla;Reta;Sim;33478.0;Motocicleta;HONDA/CG 150 TITAN KS;2004.0;Condutor;Lesões Graves;37.0;Masculino;0.0;0.0;1.0;0.0;-5,7696;-35,2702;SPRF-RN;DEL02-RN;UOP01-DEL02-RN
19283.0;41666.0;2017-03-12;domingo;22:15:00;RN;101.0;83;NATAL;Sim;Não guardar distância de segurança;1;Colisão traseira;Com Vítimas Feridas;Plena Noite;Decrescente;Nublado;Dupla;Reta;Sim;33480.0;Automóvel;GM/CORSA WIND;1999.0;Condutor;Ileso;33.0;Masculino;1.0;0.0;0.0;0.0;-5,7696;-35,2702;SPRF-RN;DEL02-RN;UOP01-DEL02-RN
19810.0;44761.0;2017-03-15;quarta-feira;06:30:00;RN;406.0;170;NATAL;Sim;Falta de Atenção à Condução;1;Colisão traseira;Com Vítimas Feridas;Amanhecer;Crescente;Nublado;Simples;Reta;Sim;36087.0;Automóvel;VW/PARATI 1.8 TOUR;2002.0;Condutor;Ileso;37.0;Masculino;1.0;0.0;0.0;0.0;-5,7792569;-35,200916;SPRF-RN;DEL02-RN;UOP01-DEL02-RN
19810.0;44766.0;2017-03-15;quarta-feira;06:30:00;RN;406.0;170;NATAL;Sim;Falta de Atenção à Condução;1;Colisão traseira;Com Vítimas Feridas;Amanhecer;Crescente;Nublado;Simples;Reta;Sim;36088.0;Motocicleta;HONDA/CG 125 FAN KS;2012.0;Condutor;Lesões Leves;28.0;Masculino;0.0;1.0;0.0;0.0;-5,7792569;-35,200916;SPRF-RN;DEL02-RN;UOP01-DEL02-RN
19949.0;44246.0;2017-03-15;quarta-feira;17:10:00;RN;101.0;94,6;NATAL;Sim;Não guardar distância de segurança;1;Colisão traseira;Sem Vítimas;Anoitecer;Decrescente;Céu Claro;Múltipla;Reta;Sim;35664.0;Utilitário;MMC/PAJERO TR4 FLEX HP;2010.0;Condutor;Ileso;26.0;Feminino;1.0;0.0;0.0;0.0;-5,83190515;-35,21192193;SPRF-RN;DEL01-RN;UOP01-DEL01-RN
19949.0;44244.0;2017-03-15;quarta-feira;17:10:00;RN;101.0;94,6;NATAL;Sim;Não guardar distância de segurança;1;Colisão traseira;Sem Vítimas;Anoitecer;Decrescente;Céu Claro;Múltipla;Reta;Sim;35663.0;Caminhão;FORD/CARGO 815 E;2010.0;Condutor;Ileso;33.0;Masculino;1.0;0.0;0.0;0.0;-5,83190515;-35,21192193;SPRF-RN;DEL01-RN;UOP01-DEL01-RN
19949.0;44251.0;2017-03-15;quarta-feira;17:10:00;RN;101.0;94,6;NATAL;Sim;Não guardar distância de segurança;1;Colisão traseira;Sem Vítimas;Anoitecer;Decrescente;Céu Claro;Múltipla;Reta;Sim;35665.0;Caminhonete;FIAT/DUCATO CARGO;2008.0;Condutor;Ileso;30.0;Masculino;1.0;0.0;0.0;0.0;-5,83190515;-35,21192193;SPRF-RN;DEL01-RN;UOP01-DEL01-RN
20093.0;43587.0;2017-02-04;sábado;14:20:00;RN;101.0;85,5;NATAL;Sim;Não guardar distância de segurança;1;Colisão traseira;Com Vítimas Feridas;Pleno dia;Crescente;Chuva;Dupla;Reta;Sim;35078.0;Motocicleta;HONDA/CG 125 FAN KS;2009.0;Condutor;Lesões Leves;35.0;Masculino;0.0;1.0;0.0;0.0;-5,77905638;-35,25059589;SPRF-RN;DEL02-RN;UOP01-DEL02-RN
20093.0;43588.0;2017-02-04;sábado;14:20:00;RN;101.0;85,5;NATAL;Sim;Não guardar distância de segurança;1;Colisão traseira;Com Vítimas Feridas;Pleno dia;Crescente;Chuva;Dupla;Reta;Sim;35079.0;Motocicleta;HONDA/CG 150 FAN ESI;2013.0;Condutor;Lesões Graves;25.0;Masculino;0.0;0.0;1.0;0.0;-5,77905638;-35,25059589;SPRF-RN;DEL02-RN;UOP01-DEL02-RN
20549.0;46893.0;2017-03-17;sexta-feira;19:20:00;RN;101.0;79,8;NATAL;Sim;Falta de Atenção à Condução;1;Colisão transversal;Com Vítimas Feridas;Plena Noite;Decrescente;Vento;Dupla;Reta;Sim;37892.0;Bicicleta;Não Informado/Não Informado;0.0;Condutor;Lesões Leves;54.0;Masculino;0.0;1.0;0.0;0.0;-5,7544373;-35,28876622;SPRF-RN;DEL02-RN;UOP01-DEL02-RN
20549.0;46890.0;2017-03-17;sexta-feira;19:20:00;RN;101.0;79,8;NATAL;Sim;Falta de Atenção à Condução;1;Colisão transversal;Com Vítimas Feridas;Plena Noite;Decrescente;Vento;Dupla;Reta;Sim;35915.0;Motocicleta;HONDA/CG 150 FAN ESI;2011.0;Condutor;Lesões Leves;40.0;Masculino;0.0;1.0;0.0;0.0;-5,7544373;-35,28876622;SPRF-RN;DEL02-RN;UOP01-DEL02-RN
20629.0;46916.0;2017-03-17;sexta-feira;18:42:00;RN;101.0;96,9;NATAL;Sim;Falta de Atenção à Condução;1;Colisão lateral;Com Vítimas Feridas;Plena Noite;Crescente;Céu Claro;Múltipla;Reta;Sim;37911.0;Automóvel;Não Informado/Não Informado;0.0;Condutor;Ileso;;Ignorado;1.0;0.0;0.0;0.0;-5,85559187;-35,21189517;SPRF-RN;DEL01-RN;UOP01-DEL01-RN
20629.0;46912.0;2017-03-17;sexta-feira;18:42:00;RN;101.0;96,9;NATAL;Sim;Falta de Atenção à Condução;1;Colisão lateral;Com Vítimas Feridas;Plena Noite;Crescente;Céu Claro;Múltipla;Reta;Sim;36021.0;Motocicleta;HONDA/CG 125 FAN KS;2011.0;Condutor;Lesões Leves;24.0;Masculino;0.0;1.0;0.0;0.0;-5,85559187;-35,21189517;SPRF-RN;DEL01-RN;UOP01-DEL01-RN