id;pesid;data_inversa;dia_semana;horario;uf;br;km;municipio;causa_principal;causa_acidente;ordem_tipo_acidente;tipo_acidente;classificacao_acidente;fase_dia;sentido_via;condicao_metereologica;tipo_pista;tracado_via;uso_solo;id_veiculo;tipo_veiculo;marca;ano_fabricacao_veiculo;tipo_envolvido;estado_fisico;idade;sexo;ilesos;feridos_leves;feridos_graves;mortos;latitude;longitude;regional;delegacia;uop
21114.0;45773.0;2017-03-19;domingo;12:00:00;RN;226.0;1;NATAL;Sim;Deficiência ou não Acionamento do Sistema de Iluminação/Sinalização do Veículo;1;Colisão lateral;Sem Vítimas;Pleno dia;Crescente;Chuva;Simples;Interseção de Vias;Sim;36952.0;Caminhonete;FIAT/STRADA WORKING CD;2014.0;Condutor;Ileso;36.0;Feminino;1.0;0.0;0.0;0.0;-5,80413857;-35,23834008;SPRF-RN;DEL01-RN;UOP02-DEL01-RN
21114.0;45775.0;2017-03-19;domingo;12:00:00;RN;226.0;1;NATAL;Sim;Deficiência ou não Acionamento do Sistema de Iluminação/Sinalização do Veículo;1;Colisão lateral;Sem Vítimas;Pleno dia;Crescente;Chuva;Simples;Interseção de Vias;Sim;36953.0;Automóvel;VW/GOL CITY MC;2014.0;Condutor;Ileso;34.0;Masculino;1.0;0.0;0.0;0.0;-5,80413857;-35,23834008;SPRF-RN;DEL01-RN;UOP02-DEL01-RN
21267.0;46089.0;2017-03-19;domingo;20:30:00;RN;101.0;80;NATAL;Sim;Ingestão de Álcool;1;Atropelamento de Pedestre;Com Vítimas Fatais;Plena Noite;Decrescente;Céu Claro;Dupla;Reta;Sim;37224.0;Motocicleta;I/SHINERAY;0.0;Condutor;Lesões Leves;26.0;Masculino;0.0;1.0;0.0;0.0;-5,76034285;-35,28756022;SPRF-RN;DEL02-RN;UOP01-DEL02-RN
21267.0;47880.0;2017-03-19;domingo;20:30:00;RN;101.0;80;NATAL;Sim;Ingestão de Álcool;1;Atropelamento de Pedestre;Com Vítimas Fatais;Plena Noite;Decrescente;Céu Claro;Dupla;Reta;Sim;;;NA/NA;;Pedestre;Óbito;78.0;Feminino;0.0;0.0;0.0;1.0;-5,76034285;-35,28756022;SPRF-RN;DEL02-RN;UOP01-DEL02-RN
21508.0;46664.0;2017-03-20;segunda-feira;18:15:00;RN;406.0;170;NATAL;Sim;Falta de Atenção à Condução;1;Colisão lateral;Com Vítimas Feridas;Plena Noite;Crescente;Vento;Dupla;Reta;Sim;37723.0;Motocicleta;YAMAHA/YS150 FAZER ED;2013.0;Condutor;Lesões Graves;20.0;Masculino;0.0;0.0;1.0;0.0;-5,7575;-35,3026;SPRF-RN;DEL02-RN;UOP01-DEL02-RN
21508.0;46659.0;2017-03-20;segunda-feira;18:15:00;RN;406.0;170;NATAL;Sim;Falta de Atenção à Condução;1;Colisão lateral;Com Vítimas Feridas;Plena Noite;Crescente;Vento;Dupla;Reta;Sim;37720.0;Automóvel;FIAT/UNO S;1987.0;Condutor;Ileso;48.0;Masculino;1.0;0.0;0.0;0.0;-5,7575;-35,3026;SPRF-RN;DEL02-RN;UOP01-DEL02-RN
22161.0;50329.0;2017-03-23;quinta-feira;16:35:00;RN;101.0;94,5;NATAL;Sim;Desobediência às normas de trânsito pelo condutor;1;Colisão transversal;Com Vítimas Feridas;Anoitecer;Decrescente;Nublado;Múltipla;Interseção de Vias;Sim;40729.0;Motocicleta;HONDA/CG 125 TITAN KS;2000.0;Condutor;Lesões Leves;24.0;Feminino;0.0;1.0;0.0;0.0;-5,83001064;-35,21128893;SPRF-RN;DEL01-RN;UOP01-DEL01-RN
22793.0;49355.0;2017-03-25;sábado;20:00:00;RN;226.0;3;NATAL;Sim;Falta de Atenção à Condução;1;Colisão transversal;Com Vítimas Feridas;Plena Noite;Decrescente;Nublado;Dupla;Reta;Sim;39887.0;Ciclomotor;I/YINXIANG YX50CN RBRAVO;0.0;Condutor;Lesões Leves;43.0;Masculino;0.0;1.0;0.0;0.0;-5,815505;-35,248547;SPRF-RN;DEL01-RN;UOP02-DEL01-RN
22793.0;49352.0;2017-03-25;sábado;20:00:00;RN;226.0;3;NATAL;Sim;Falta de Atenção à Condução;1;Colisão transversal;Com Vítimas Feridas;Plena Noite;Decrescente;Nublado;Dupla;Reta;Sim;39886.0;Automóvel;I/CITROEN C4 PALLAS20G F;2012.0;Condutor;Ileso;37.0;Feminino;1.0;0.0;0.0;0.0;-5,815505;-35,248547;SPRF-RN;DEL01-RN;UOP02-DEL01-RN
23027.0;49723.0;2017-03-26;domingo;17:50:00;RN;101.0;85;NATAL;Sim;Falta de Atenção à Condução;1;Colisão lateral;Com Vítimas Feridas;Plena Noite;Crescente;Céu Claro;Dupla;Ponte;Sim;40209.0;Automóvel;VW/CROSSFOX GII;2010.0;Condutor;Ileso;26.0;Masculino;1.0;0.0;0.0;0.0;-5,78388292;-35,24686307;SPRF-RN;DEL02-RN;UOP01-DEL02-RN
23027.0;49725.0;2017-03-26;domingo;17:50:00;RN;101.0;85;NATAL;Sim;Falta de Atenção à Condução;1;Colisão lateral;Com Vítimas Feridas;Plena Noite;Crescente;Céu Claro;Dupla;Ponte;Sim;40212.0;Motocicleta;YAMAHA/XTZ150 CROSSER E;2014.0;Condutor;Lesões Graves;31.0;Masculino;0.0;0.0;1.0;0.0;-5,78388292;-35,24686307;SPRF-RN;DEL02-RN;UOP01-DEL02-RN
23862.0;53733.0;2017-03-29;quarta-feira;18:20:00;RN;101.0;97;NATAL;Sim;Não guardar distância de segurança;1;Engavetamento;Sem Vítimas;Plena Noite;Crescente;Céu Claro;Simples;Reta;Sim;43552.0;Automóvel;GM/CLASSIC LIFE;2009.0;Condutor;Ileso;39.0;Masculino;1.0;0.0;0.0;0.0;-5,85138742;-35,21019012;SPRF-RN;DEL01-RN;UOP01-DEL01-RN
23862.0;53736.0;2017-03-29;quarta-feira;18:20:00;RN;101.0;97;NATAL;Sim;Não guardar distância de segurança;1;Engavetamento;Sem Vítimas;Plena Noite;Crescente;Céu Claro;Simples;Reta;Sim;43553.0;Automóvel;RENAULT/SANDERO AUT1016V;2010.0;Condutor;Ileso;26.0;Masculino;1.0;0.0;0.0;0.0;-5,85138742;-35,21019012;SPRF-RN;DEL01-RN;UOP01-DEL01-RN
23862.0;53756.0;2017-03-29;quarta-feira;18:20:00;RN;101.0;97;NATAL;Sim;Não guardar distância de segurança;1;Engavetamento;Sem Vítimas;Plena Noite;Crescente;Céu Claro;Simples;Reta;Sim;43564.0;Automóvel;Não Informado/Não Informado;0.0;Condutor;Não Informado;;Não Informado;0.0;0.0;0.0;0.0;-5,85138742;-35,21019012;SPRF-RN;DEL01-RN;UOP01-DEL01-RN
24036.0;52220.0;2017-03-30;quinta-feira;16:35:00;RN;226.0;0,7;NATAL;Sim;Falta de Atenção à Condução;1;Colisão lateral;Com Vítimas Feridas;Pleno dia;Decrescente;Céu Claro;Simples;Curva;Sim;42203.0;Automóvel;VW/GOL 1.0;2009.0;Condutor;Ileso;28.0;Masculino;1.0;0.0;0.0;0.0;-5,8046513;-35,24102072;SPRF-RN;DEL01-RN;UOP02-DEL01-RN
24036.0;52226.0;2017-03-30;quinta-feira;16:35:00;RN;226.0;0,7;NATAL;Sim;Falta de Atenção à Condução;1;Colisão lateral;Com Vítimas Feridas;Pleno dia;Decrescente;Céu Claro;Simples;Curva;Sim;42203.0;Automóvel;VW/GOL 1.0;2009.0;Passageiro;Ileso;10.0;Feminino;1.0;0.0;0.0;0.0;-5,8046513;-35,24102072;SPRF-RN;DEL01-RN;UOP02-DEL01-RN
24036.0;52224.0;2017-03-30;quinta-feira;16:35:00;RN;226.0;0,7;NATAL;Sim;Falta de Atenção à Condução;1;Colisão lateral;Com Vítimas Feridas;Pleno dia;Decrescente;Céu Claro;Simples;Curva;Sim;42203.0;Automóvel;VW/GOL 1.0;2009.0;Passageiro;Ileso;36.0;Feminino;1.0;0.0;0.0;0.0;-5,8046513;-35,24102072;SPRF-RN;DEL01-RN;UOP02-DEL01-RN
24036.0;52223.0;2017-03-30;quinta-feira;16:35:00;RN;226.0;0,7;NATAL;Sim;Falta de Atenção à Condução;1;Colisão lateral;Com Vítimas Feridas;Pleno dia;Decrescente;Céu Claro;Simples;Curva;Sim;42222.0;Motoneta;SHINERAY/XY50Q-2;2011.0;Condutor;Lesões Leves;21.0;Masculino;0.0;1.0;0.0;0.0;-5,8046513;-35,24102072;SPRF-RN;DEL01-RN;UOP02-DEL01-RN
24445.0;59740.0;2017-04-01;sábado;05:50:00;RN;101.0;95;NATAL;Sim;Ingestão de Álcool;1;Colisão transversal;Com Vítimas Feridas;Pleno dia;Crescente;Céu Claro;Múltipla;Reta;Sim;43013.0;Automóvel;RENAULT/SANDERO EXP 16;2010.0;Condutor;Ileso;47.0;Masculino;1.0;0.0;0.0;0.0;-5,8273042;-35,2079088;SPRF-RN;DEL01-RN;UOP01-DEL01-RN
24445.0;59742.0;2017-04-01;sábado;05:50:00;RN;101.0;95;NATAL;Sim;Ingestão de Álcool;1;Colisão transversal;Com Vítimas Feridas;Pleno dia;Crescente;Céu Claro;Múltipla;Reta;Sim;48698.0;Motocicleta;HONDA/CG 125 FAN KS;2010.0;Condutor;Lesões Leves;31.0;Masculino;0.0;1.0;0.0;0.0;-5,8273042;-35,2079088;SPRF-RN;DEL01-RN;UOP01-DEL01-RN
24521.0;53214.0;2017-04-01;sábado;09:50:00;RN;101.0;95,1;NATAL;Sim;Objeto estático sobre o leito carroçável;2;Colisão traseira;Com Vítimas Feridas;Pleno dia;Crescente;Céu Claro;Dupla;Reta;Sim;43093.0;Motocicleta;HONDA/CG150 FAN ESDI;2013.0;Condutor;Lesões Leves;23.0;Masculino;0.0;1.0;0.0;0.0;-5,835625;-35,212072;SPRF-RN;DEL01-RN;UOP01-DEL01-RN
24521.0;53217.0;2017-04-01;sábado;09:50:00;RN;101.0;95,1;NATAL;Sim;Objeto estático sobre o leito carroçável;2;Colisão traseira;Com Vítimas Feridas;Pleno dia;Crescente;Céu Claro;Dupla;Reta;Sim;43093.0;Motocicleta;HONDA/CG150 FAN ESDI;2013.0;Passageiro;Lesões Leves;22.0;Feminino;0.0;1.0;0.0;0.0;-5,835625;-35,212072;SPRF-RN;DEL01-RN;UOP01-DEL01-RN
24521.0;53218.0;2017-04-01;sábado;09:50:00;RN;101.0;95,1;NATAL;Sim;Objeto estático sobre o leito carroçável;2;Colisão traseira;Com Vítimas Feridas;Pleno dia;Crescente;Céu Claro;Dupla;Reta;Sim;43094.0;Automóvel;FIAT/UNO MILLE SMART;2001.0;Condutor;Não Informado;;Não Informado;0.0;0.0;0.0;0.0;-5,835625;-35,212072;SPRF-RN;DEL01-RN;UOP01-DEL01-RN
24521.0;53214.0;2017-04-01;sábado;09:50:00;RN;101.0;95,1;NATAL;Sim;Objeto estático sobre o leito carroçável;1;Tombamento;Com Vítimas Feridas;Pleno dia;Crescente;Céu Claro;Dupla;Reta;Sim;43093.0;Motocicleta;HONDA/CG150 FAN ESDI;2013.0;Condutor;Lesões Leves;23.0;Masculino;0.0;1.0;0.0;0.0;-5,835625;-35,212072;SPRF-RN;DEL01-RN;UOP01-DEL01-RN
24521.0;53217.0;2017-04-01;sábado;09:50:00;RN;101.0;95,1;NATAL;Sim;Objeto estático sobre o leito carroçável;1;Tombamento;Com Vítimas Feridas;Pleno dia;Crescente;Céu Claro;Dupla;Reta;Sim;43093.0;Motocicleta;HONDA/CG150 FAN ESDI;2013.0;Passageiro;Lesões Leves;22.0;Feminino;0.0;1.0;0.0;0.0;-5,835625;-35,212072;SPRF-RN;DEL01-RN;UOP01-DEL01-RN
24521.0;53218.0;2017-04-01;sábado;09:50:00;RN;101.0;95,1;NATAL;Sim;Objeto estático sobre o leito carroçável;1;Tombamento;Com Vítimas Feridas;Pleno dia;Crescente;Céu Claro;Dupla;Reta;Sim;43094.0;Automóvel;FIAT/UNO MILLE SMART;2001.0;Condutor;Não Informado;;Não Informado;0.0;0.0;0.0;0.0;-5,835625;-35,212072;SPRF-RN;DEL01-RN;UOP01-DEL01-RN
24644.0;58144.0;2017-04-01;sábado;18:00:00;RN;101.0;80;NATAL;Sim;Ingestão de Álcool;1;Colisão transversal;Com Vítimas Feridas;Plena Noite;Decrescente;Céu Claro;Dupla;Reta;Sim;43272.0;Bicicleta;Não Informado/Não Informado;0.0;Condutor;Lesões Leves;51.0;Masculino;0.0;1.0;0.0;0.0;-5,76044007;-35,28754842;SPRF-RN;DEL02-RN;UOP01-DEL02-RN
24644.0;58142.0;2017-04-01;sábado;18:00:00;RN;101.0;80;NATAL;Sim;Ingestão de Álcool;1;Colisão transversal;Com Vítimas Feridas;Plena Noite;Decrescente;Céu Claro;Dupla;Reta;Sim;43271.0;Motocicleta;YAMAHA/YS150 FAZER SED;2015.0;Condutor;Lesões Leves;24.0;Masculino;0.0;1.0;0.0;0.0;-5,76044007;-35,28754842;SPRF-RN;DEL02-RN;UOP01-DEL02-RN
24776.0;53644.0;2017-04-02;domingo;07:00:00;RN;101.0;82,6;NATAL;Sim;Não guardar distância de segurança;1;Colisão traseira;Com Vítimas Feridas;Pleno dia;Decrescente;Nublado;Dupla;Reta;Sim;43501.0;Motocicleta;HONDA/XR 250 TORNADO;2003.0;Condutor;Lesões Leves;34.0;Masculino;0.0;1.0;0.0;0.0;-5,76829835;-35,27349204;SPRF-RN;DEL02-RN;UOP01-DEL02-RN
24776.0;53648.0;2017-04-02;domingo;07:00:00;RN;101.0;82,6;NATAL;Sim;Não guardar distância de segurança;1;Colisão traseira;Com Vítimas Feridas;Pleno dia;Decrescente;Nublado;Dupla;Reta;Sim;43502.0;Automóvel;GM/CELTA;2002.0;Condutor;Ileso;61.0;Masculino;1.0;0.0;0.0;0.0;-5,76829835;-35,27349204;SPRF-RN;DEL02-RN;UOP01-DEL02-RN
25046.0;54781.0;2017-04-03;segunda-feira;06:40:00;RN;101.0;84,5;NATAL;Sim;Falta de Atenção à Condução;1;Colisão lateral;Com Vítimas Feridas;Pleno dia;Decrescente;Nublado;Dupla;Reta;Sim;43948.0;Motocicleta;HONDA/CB600F HORNET;2012.0;Condutor;Lesões Leves;38.0;Masculino;0.0;1.0;0.0;0.0;-5,77425049;-35,25764864;SPRF-RN;DEL02-RN;UOP01-DEL02-RN
25046.0;54772.0;2017-04-03;segunda-feira;06:40:00;RN;101.0;84,5;NATAL;Sim;Falta de Atenção à Condução;1;Colisão lateral;Com Vítimas Feridas;Pleno dia;Decrescente;Nublado;Dupla;Reta;Sim;43947.0;Automóvel;VW/PARATI 1.6 SURF;2012.0;Condutor;Ileso;42.0;Masculino;1.0;0.0;0.0;0.0;-5,77425049;-35,25764864;SPRF-RN;DEL02-RN;UOP01-DEL02-RN
25415.0;59838.0;2017-04-04;terça-feira;17:00:00;RN;226.0;0,7;NATAL;Sim;Falta de Atenção à Condução;1;Colisão lateral;Com Vítimas Feridas;Pleno dia;Crescente;Céu Claro;Simples;Reta;Não;44798.0;Motocicleta;YAMAHA/YBR125 FACTOR K1;2015.0;Condutor;Ileso;27.0;Masculino;1.0;0.0;0.0;0.0;-5,80335093;-35,24030052;SPRF-RN;DEL01-RN;UOP02-DEL01-RN
25415.0;59842.0;2017-04-04;terça-feira;17:00:00;RN;226.0;0,7;NATAL;Sim;Falta de Atenção à Condução;1;Colisão lateral;Com Vítimas Feridas;Pleno dia;Crescente;Céu Claro;Simples;Reta;Não;44798.0;Motocicleta;YAMAHA/YBR125 FACTOR K1;2015.0;Passageiro;Lesões Leves;21.0;Feminino;0.0;1.0;0.0;0.0;-5,80335093;-35,24030052;SPRF-RN;DEL01-RN;UOP02-DEL01-RN
25415.0;59843.0;2017-04-04;terça-feira;17:00:00;RN;226.0;0,7;NATAL;Sim;Falta de Atenção à Condução;1;Colisão lateral;Com Vítimas Feridas;Pleno dia;Crescente;Céu Claro;Simples;Reta;Não;44799.0;Automóvel;FIAT/UNO S 1.5;1993.0;Condutor;Não Informado;;Não Informado;0.0;0.0;0.0;0.0;-5,80335093;-35,24030052;SPRF-RN;DEL01-RN;UOP02-DEL01-RN
26391.0;60389.0;2017-04-06;quinta-feira;17:34:00;RN;101.0;100;NATAL;Sim;Falta de Atenção à Condução;1;Colisão transversal;Sem Vítimas;Anoitecer;Crescente;Céu Claro;Simples;Reta;Sim;45722.0;Motocicleta;HONDA/CG 125 FAN KS;2011.0;Condutor;Ileso;40.0;Masculino;1.0;0.0;0.0;0.0;-5,87510369;-35,22206336;SPRF-RN;DEL01-RN;UOP01-DEL01-RN
26391.0;60387.0;2017-04-06;quinta-feira;17:34:00;RN;101.0;100;NATAL;Sim;Falta de Atenção à Condução;1;Colisão transversal;Sem Vítimas;Anoitecer;Crescente;Céu Claro;Simples;Reta;Sim;45721.0;Automóvel;TOYOTA/COROLLA XLI16VVT;2002.0;Condutor;Ileso;59.0;Masculino;1.0;0.0;0.0;0.0;-5,87510369;-35,22206336;SPRF-RN;DEL01-RN;UOP01-DEL01-RN
26428.0;59019.0;2017-04-06;quinta-feira;20:40:00;RN;101.0;84,2;NATAL;Sim;Falta de Atenção do Pedestre;1;Atropelamento de Pedestre;Com Vítimas Feridas;Plena Noite;Decrescente;Céu Claro;Dupla;Reta;Sim;45743.0;Automóvel;CHEV/SPIN 1.8L MT LT;2014.0;Condutor;Ileso;50.0;Masculino;1.0;0.0;0.0;0.0;-5,77332019;-35,26019948;SPRF-RN;DEL02-RN;UOP01-DEL02-RN
26428.0;59017.0;2017-04-06;quinta-feira;20:40:00;RN;101.0;84,2;NATAL;Sim;Falta de Atenção do Pedestre;1;Atropelamento de Pedestre;Com Vítimas Feridas;Plena Noite;Decrescente;Céu Claro;Dupla;Reta;Sim;45742.0;Motocicleta;HONDA/CG 125 FAN ES;2012.0;Condutor;Ileso;30.0;Masculino;1.0;0.0;0.0;0.0;-5,77332019;-35,26019948;SPRF-RN;DEL02-RN;UOP01-DEL02-RN
26428.0;59020.0;2017-04-06;quinta-feira;20:40:00;RN;101.0;84,2;NATAL;Sim;Falta de Atenção do Pedestre;1;Atropelamento de Pedestre;Com Vítimas Feridas;Plena Noite;Decrescente;Céu Claro;Dupla;Reta;Sim;;;NA/NA;;Pedestre;Lesões Leves;50.0;Masculino;0.0;1.0;0.0;0.0;-5,77332019;-35,26019948;SPRF-RN;DEL02-RN;UOP01-DEL02-RN
26859.0;57687.0;2017-04-08;sábado;07:30:00;RN;101.0;97;NATAL;Sim;Falta de Atenção à Condução;1;Colisão lateral;Com Vítimas Feridas;Pleno dia;Crescente;Céu Claro;Múltipla;Interseção de Vias;Sim;46842.0;Caminhão;FORD/CARGO 1517 E;2007.0;Condutor;Ileso;26.0;Masculino;1.0;0.0;0.0;0.0;-5,85272839;-35,21068275;SPRF-RN;DEL01-RN;UOP01-DEL01-RN
26859.0;57690.0;2017-04-08;sábado;07:30:00;RN;101.0;97;NATAL;Sim;Falta de Atenção à Condução;1;Colisão lateral;Com Vítimas Feridas;Pleno dia;Crescente;Céu Claro;Múltipla;Interseção de Vias;Sim;46843.0;Motocicleta;YAMAHA/LANDER XTZ250;2012.0;Condutor;Lesões Graves;42.0;Masculino;0.0;0.0;1.0;0.0;-5,85272839;-35,21068275;SPRF-RN;DEL01-RN;UOP01-DEL01-RN
26918.0;61409.0;2017-04-08;sábado;12:01:00;RN;101.0;80;NATAL;Sim;Desobediência às normas de trânsito pelo condutor;1;Colisão transversal;Com Vítimas Fatais;Pleno dia;Decrescente;Sol;Dupla;Rotatória;Sim;46875.0;Utilitário;I/TOYOTA HILUXSW4 SRV4X4;2014.0;Condutor;Ileso;65.0;Masculino;1.0;0.0;0.0;0.0;-5,76293536;-35,28688163;SPRF-RN;DEL02-RN;UOP01-DEL02-RN
26918.0;57592.0;2017-04-08;sábado;12:01:00;RN;101.0;80;NATAL;Sim;Desobediência às normas de trânsito pelo condutor;1;Colisão transversal;Com Vítimas Fatais;Pleno dia;Decrescente;Sol;Dupla;Rotatória;Sim;46874.0;Motocicleta;YAMAHA/YBR125 FACTOR E;2014.0;Condutor;Óbito;39.0;Feminino;0.0;0.0;0.0;1.0;-5,76293536;-35,28688163;SPRF-RN;DEL02-RN;UOP01-DEL02-RN
26943.0;59802.0;2017-04-08;sábado;11:30:00;RN;226.0;1,7;NATAL;Não;Sinalização da via insuficiente ou inadequada;1;Colisão traseira;Com Vítimas Feridas;Pleno dia;Decrescente;Céu Claro;Dupla;Declive;Sim;48737.0;Motocicleta;HONDA/CG 125I FAN;2016.0;Condutor;Lesões Graves;27.0;Masculino;0.0;0.0;1.0;0.0;-5,8209;-35,252;SPRF-RN;DEL01-RN;UOP02-DEL01-RN
26943.0;59833.0;2017-04-08;sábado;11:30:00;RN;226.0;1,7;NATAL;Não;Sinalização da via insuficiente ou inadequada;1;Colisão traseira;Com Vítimas Feridas;Pleno dia;Decrescente;Céu Claro;Dupla;Declive;Sim;48737.0;Motocicleta;HONDA/CG 125I FAN;2016.0;Passageiro;Lesões Graves;26.0;Feminino;0.0;0.0;1.0;0.0;-5,8209;-35,252;SPRF-RN;DEL01-RN;UOP02-DEL01-RN
26943.0;59799.0;2017-04-08;sábado;11:30:00;RN;226.0;1,7;NATAL;Não;Sinalização da via insuficiente ou inadequada;1;Colisão traseira;Com Vítimas Feridas;Pleno dia;Decrescente;Céu Claro;Dupla;Declive;Sim;48734.0;Automóvel;I/FIAT SIENA EL 1.0 FLEX;2013.0;Condutor;Ileso;35.0;Masculino;1.0;0.0;0.0;0.0;-5,8209;-35,252;SPRF-RN;DEL01-RN;UOP02-DEL01-RN
26943.0;59802.0;2017-04-08;sábado;11:30:00;RN;226.0;1,7;NATAL;Sim;Falta de Atenção à Condução;1;Colisão traseira;Com Vítimas Feridas;Pleno dia;Decrescente;Céu Claro;Dupla;Declive;Sim;48737.0;Motocicleta;HONDA/CG 125I FAN;2016.0;Condutor;Lesões Graves;27.0;Masculino;0.0;0.0;1.0;0.0;-5,8209;-35,252;SPRF-RN;DEL01-RN;UOP02-DEL01-RN
26943.0;59833.0;2017-04-08;sábado;11:30:00;RN;226.0;1,7;NATAL;Sim;Falta de Atenção à Condução;1;Colisão traseira;Com Vítimas Feridas;Pleno dia;Decrescente;Céu Claro;Dupla;Declive;Sim;48737.0;Motocicleta;HONDA/CG 125I FAN;2016.0;Passageiro;Lesões Graves;26.0;Feminino;0.0;0.0;1.0;0.0;-5,8209;-35,252;SPRF-RN;DEL01-RN;UOP02-DEL01-RN
26943.0;59799.0;2017-04-08;sábado;11:30:00;RN;226.0;1,7;NATAL;Sim;Falta de Atenção à Condução;1;Colisão traseira;Com Vítimas Feridas;Pleno dia;Decrescente;Céu Claro;Dupla;Declive;Sim;48734.0;Automóvel;I/FIAT SIENA EL 1.0 FLEX;2013.0;Condutor;Ileso;35.0;Masculino;1.0;0.0;0.0;0.0;-5,8209;-35,252;SPRF-RN;DEL01-RN;UOP02-DEL01-RN
27350.0;58159.0;2017-04-09;domingo;18:10:00;RN;101.0;82,1;NATAL;Não;Falta de Atenção à Condução;1;Colisão lateral;Com Vítimas Feridas;Plena Noite;Decrescente;Céu Claro;Dupla;Reta;Sim;47240.0;Motocicleta;HONDA/NXR150 BROS ES;2009.0;Condutor;Lesões Leves;33.0;Masculino;0.0;1.0;0.0;0.0;-5,76783934;-35,27479559;SPRF-RN;DEL02-RN;UOP01-DEL02-RN
27350.0;58158.0;2017-04-09;domingo;18:10:00;RN;101.0;82,1;NATAL;Não;Falta de Atenção à Condução;1;Colisão lateral;Com Vítimas Feridas;Plena Noite;Decrescente;Céu Claro;Dupla;Reta;Sim;47379.0;Automóvel;Não Informado/Não Informado;0.0;Condutor;Ileso;;Ignorado;1.0;0.0;0.0;0.0;-5,76783934;-35,27479559;SPRF-RN;DEL02-RN;UOP01-DEL02-RN
27350.0;58159.0;2017-04-09;domingo;18:10:00;RN;101.0;82,1;NATAL;Sim;Ingestão de Álcool;1;Colisão lateral;Com Vítimas Feridas;Plena Noite;Decrescente;Céu Claro;Dupla;Reta;Sim;47240.0;Motocicleta;HONDA/NXR150 BROS ES;2009.0;Condutor;Lesões Leves;33.0;Masculino;0.0;1.0;0.0;0.0;-5,76783934;-35,27479559;SPRF-RN;DEL02-RN;UOP01-DEL02-RN
27350.0;58158.0;2017-04-09;domingo;18:10:00;RN;101.0;82,1;NATAL;Sim;Ingestão de Álcool;1;Colisão lateral;Com Vítimas Feridas;Plena Noite;Decrescente;Céu Claro;Dupla;Reta;Sim;47379.0;Automóvel;Não Informado/Não Informado;0.0;Condutor;Ileso;;Ignorado;1.0;0.0;0.0;0.0;-5,76783934;-35,27479559;SPRF-RN;DEL02-RN;UOP01-DEL02-RN
27518.0;58593.0;2017-04-10;segunda-feira;07:55:00;RN;226.0;4,9;NATAL;Sim;Falta de Atenção à Condução;1;Colisão transversal;Com Vítimas Feridas;Pleno dia;Decrescente;Nublado;Simples;Reta;Sim;47731.0;Motocicleta;HONDA/NXR150 BROS ES;2012.0;Condutor;Lesões Leves;25.0;Masculino;0.0;1.0;0.0;0.0;-5,82065996;-35,26745974;SPRF-RN;DEL01-RN;UOP02-DEL01-RN
27518.0;58595.0;2017-04-10;segunda-feira;07:55:00;RN;226.0;4,9;NATAL;Sim;Falta de Atenção à Condução;1;Colisão transversal;Com Vítimas Feridas;Pleno dia;Decrescente;Nublado;Simples;Reta;Sim;47732.0;Automóvel;FORD/KA SE 1.5 SD;2015.0;Condutor;Ileso;28.0;Feminino;1.0;0.0;0.0;0.0;-5,82065996;-35,26745974;SPRF-RN;DEL01-RN;UOP02-DEL01-RN
27927.0;64083.0;2017-04-11;terça-feira;17:40:00;RN;226.0;3,1;NATAL;Sim;Falta de Atenção à Condução;1;Tombamento;Com Vítimas Feridas;Anoitecer;Decrescente;Céu Claro;Simples;Reta;Sim;48492.0;Motocicleta;HONDA/POP100;2014.0;Condutor;Lesões Graves;22.0;Feminino;0.0;0.0;1.0;0.0;-5,82183;-35,253683;SPRF-RN;DEL01-RN;UOP02-DEL01-RN
27927.0;64088.0;2017-04-11;terça-feira;17:40:00;RN;226.0;3,1;NATAL;Sim;Falta de Atenção à Condução;1;Tombamento;Com Vítimas Feridas;Anoitecer;Decrescente;Céu Claro;Simples;Reta;Sim;48493.0;Automóvel;HONDA/CIVIC LXS;2012.0;Condutor;Ileso;33.0;Feminino;1.0;0.0;0.0;0.0;-5,82183;-35,253683;SPRF-RN;DEL01-RN;UOP02-DEL01-RN
28026.0;59775.0;2017-04-12;quarta-feira;07:00:00;RN;101.0;99,4;NATAL;Sim;Falta de Atenção à Condução;1;Colisão traseira;Com Vítimas Feridas;Pleno dia;Crescente;Céu Claro;Múltipla;Interseção de Vias;Sim;48714.0;Automóvel;TOYOTA/ETIOS HB X 13L MT;2017.0;Condutor;Ileso;58.0;Feminino;1.0;0.0;0.0;0.0;-5,8758095;-35,22245765;SPRF-RN;DEL01-RN;UOP01-DEL01-RN
28026.0;59778.0;2017-04-12;quarta-feira;07:00:00;RN;101.0;99,4;NATAL;Sim;Falta de Atenção à Condução;1;Colisão traseira;Com Vítimas Feridas;Pleno dia;Crescente;Céu Claro;Múltipla;Interseção de Vias;Sim;48715.0;Motocicleta;HONDA/CG 125 FAN ES;2011.0;Condutor;Lesões Graves;42.0;Masculino;0.0;0.0;1.0;0.0;-5,8758095;-35,22245765;SPRF-RN;DEL01-RN;UOP01-DEL01-RN
28350.0;60685.0;2017-04-13;quinta-feira;08:40:00;RN;101.0;103;NATAL;Sim;Defeito Mecânico no Veículo;1;Colisão traseira;Com Vítimas Feridas;Pleno dia;Decrescente;Nublado;Dupla;Interseção de Vias;Sim;49308.0;Automóvel;FIAT/PALIO WK ADVEN FLEX;2009.0;Condutor;Lesões Leves;54.0;Masculino;0.0;1.0;0.0;0.0;-5,8902;-35,2494;SPRF-RN;DEL01-RN;UOP01-DEL01-RN
28350.0;60690.0;2017-04-13;quinta-feira;08:40:00;RN;101.0;103;NATAL;Sim;Defeito Mecânico no Veículo;1;Colisão traseira;Com Vítimas Feridas;Pleno dia;Decrescente;Nublado;Dupla;Interseção de Vias;Sim;49309.0;Automóvel;FIAT/PALIO YOUNG;2001.0;Condutor;Ileso;36.0;Masculino;1.0;0.0;0.0;0.0;-5,8902;-35,2494;SPRF-RN;DEL01-RN;UOP01-DEL01-RN