id;pesid;data_inversa;dia_semana;horario;uf;br;km;municipio;causa_principal;causa_acidente;ordem_tipo_acidente;tipo_acidente;classificacao_acidente;fase_dia;sentido_via;condicao_metereologica;tipo_pista;tracado_via;uso_solo;id_veiculo;tipo_veiculo;marca;ano_fabricacao_veiculo;tipo_envolvido;estado_fisico;idade;sexo;ilesos;feridos_leves;feridos_graves;mortos;latitude;longitude;regional;delegacia;uop
37535.0;80380.0;2017-05-15;segunda-feira;17:10:00;RN;226.0;1,2;NATAL;Sim;Falta de Atenção do Pedestre;1;Atropelamento de Pedestre;Com Vítimas Feridas;Anoitecer;Crescente;Céu Claro;Dupla;Retorno Regulamentado;Sim;;;NA/NA;;Pedestre;Lesões Graves;44.0;Masculino;0.0;0.0;1.0;0.0;-5,80807115;-35,24352103;SPRF-RN;DEL01-RN;UOP02-DEL01-RN
37535.0;80381.0;2017-05-15;segunda-feira;17:10:00;RN;226.0;1,2;NATAL;Sim;Falta de Atenção do Pedestre;1;Atropelamento de Pedestre;Com Vítimas Feridas;Anoitecer;Crescente;Céu Claro;Dupla;Retorno Regulamentado;Sim;;;NA/NA;;Testemunha;Não Informado;;Não Informado;0.0;0.0;0.0;0.0;-5,80807115;-35,24352103;SPRF-RN;DEL01-RN;UOP02-DEL01-RN
38021.0;81468.0;2017-05-17;quarta-feira;13:45:00;RN;101.0;97;NATAL;Sim;Falta de Atenção à Condução;1;Colisão transversal;Com Vítimas Feridas;Pleno dia;Crescente;Céu Claro;Simples;Reta;Sim;66407.0;Motocicleta;HONDA/CG 150 TITAN ESD;2005.0;Condutor;Lesões Leves;52.0;Masculino;0.0;1.0;0.0;0.0;-5,7792569;-35,200916;SPRF-RN;DEL01-RN;UOP01-DEL01-RN
38021.0;81473.0;2017-05-17;quarta-feira;13:45:00;RN;101.0;97;NATAL;Sim;Falta de Atenção à Condução;1;Colisão transversal;Com Vítimas Feridas;Pleno dia;Crescente;Céu Claro;Simples;Reta;Sim;66414.0;Automóvel;VW/FOX 1.0;2004.0;Condutor;Ileso;35.0;Masculino;1.0;0.0;0.0;0.0;-5,7792569;-35,200916;SPRF-RN;DEL01-RN;UOP01-DEL01-RN
38940.0;83529.0;2017-05-20;sábado;08:00:00;RN;101.0;80;NATAL;Sim;Falta de Atenção à Condução;1;Colisão lateral;Com Vítimas Feridas;Pleno dia;Crescente;Nublado;Dupla;Reta;Sim;67951.0;Automóvel;FORD/FIESTA;1997.0;Condutor;Ileso;77.0;Masculino;1.0;0.0;0.0;0.0;-5,76353162;-35,2866134;SPRF-RN;DEL02-RN;UOP01-DEL02-RN
38940.0;83536.0;2017-05-20;sábado;08:00:00;RN;101.0;80;NATAL;Sim;Falta de Atenção à Condução;1;Colisão lateral;Com Vítimas Feridas;Pleno dia;Crescente;Nublado;Dupla;Reta;Sim;67952.0;Motocicleta;HONDA/CG 125 FAN KS;2010.0;Passageiro;Lesões Leves;22.0;Feminino;0.0;1.0;0.0;0.0;-5,76353162;-35,2866134;SPRF-RN;DEL02-RN;UOP01-DEL02-RN
38940.0;83535.0;2017-05-20;sábado;08:00:00;RN;101.0;80;NATAL;Sim;Falta de Atenção à Condução;1;Colisão lateral;Com Vítimas Feridas;Pleno dia;Crescente;Nublado;Dupla;Reta;Sim;67952.0;Motocicleta;HONDA/CG 125 FAN KS;2010.0;Condutor;Lesões Leves;29.0;Masculino;0.0;1.0;0.0;0.0;-5,76353162;-35,2866134;SPRF-RN;DEL02-RN;UOP01-DEL02-RN
39336.0;84143.0;2017-05-21;domingo;11:15:00;RN;101.0;98,5;NATAL;Sim;Falta de Atenção do Pedestre;2;Colisão traseira;Com Vítimas Fatais;Pleno dia;Crescente;Céu Claro;Múltipla;Reta;Sim;68530.0;Automóvel;FIAT/SIENA 1.0 FLEX;0.0;Condutor;Não Informado;;Não Informado;0.0;0.0;0.0;0.0;-5,86774497;-35,21770477;SPRF-RN;DEL01-RN;UOP01-DEL01-RN
39336.0;84141.0;2017-05-21;domingo;11:15:00;RN;101.0;98,5;NATAL;Sim;Falta de Atenção do Pedestre;2;Colisão traseira;Com Vítimas Fatais;Pleno dia;Crescente;Céu Claro;Múltipla;Reta;Sim;68529.0;Caminhonete;GM/S10;0.0;Condutor;Não Informado;;Não Informado;0.0;0.0;0.0;0.0;-5,86774497;-35,21770477;SPRF-RN;DEL01-RN;UOP01-DEL01-RN
39336.0;84152.0;2017-05-21;domingo;11:15:00;RN;101.0;98,5;NATAL;Sim;Falta de Atenção do Pedestre;2;Colisão traseira;Com Vítimas Fatais;Pleno dia;Crescente;Céu Claro;Múltipla;Reta;Sim;;;NA/NA;;Testemunha;Não Informado;;Não Informado;0.0;0.0;0.0;0.0;-5,86774497;-35,21770477;SPRF-RN;DEL01-RN;UOP01-DEL01-RN
39336.0;84144.0;2017-05-21;domingo;11:15:00;RN;101.0;98,5;NATAL;Sim;Falta de Atenção do Pedestre;2;Colisão traseira;Com Vítimas Fatais;Pleno dia;Crescente;Céu Claro;Múltipla;Reta;Sim;;;NA/NA;;Pedestre;Óbito;91.0;Masculino;0.0;0.0;0.0;1.0;-5,86774497;-35,21770477;SPRF-RN;DEL01-RN;UOP01-DEL01-RN
39336.0;84143.0;2017-05-21;domingo;11:15:00;RN;101.0;98,5;NATAL;Não;Falta de Atenção à Condução;2;Colisão traseira;Com Vítimas Fatais;Pleno dia;Crescente;Céu Claro;Múltipla;Reta;Sim;68530.0;Automóvel;FIAT/SIENA 1.0 FLEX;0.0;Condutor;Não Informado;;Não Informado;0.0;0.0;0.0;0.0;-5,86774497;-35,21770477;SPRF-RN;DEL01-RN;UOP01-DEL01-RN
39336.0;84141.0;2017-05-21;domingo;11:15:00;RN;101.0;98,5;NATAL;Não;Falta de Atenção à Condução;2;Colisão traseira;Com Vítimas Fatais;Pleno dia;Crescente;Céu Claro;Múltipla;Reta;Sim;68529.0;Caminhonete;GM/S10;0.0;Condutor;Não Informado;;Não Informado;0.0;0.0;0.0;0.0;-5,86774497;-35,21770477;SPRF-RN;DEL01-RN;UOP01-DEL01-RN
39336.0;84152.0;2017-05-21;domingo;11:15:00;RN;101.0;98,5;NATAL;Não;Falta de Atenção à Condução;2;Colisão traseira;Com Vítimas Fatais;Pleno dia;Crescente;Céu Claro;Múltipla;Reta;Sim;;;NA/NA;;Testemunha;Não Informado;;Não Informado;0.0;0.0;0.0;0.0;-5,86774497;-35,21770477;SPRF-RN;DEL01-RN;UOP01-DEL01-RN
39336.0;84144.0;2017-05-21;domingo;11:15:00;RN;101.0;98,5;NATAL;Não;Falta de Atenção à Condução;2;Colisão traseira;Com Vítimas Fatais;Pleno dia;Crescente;Céu Claro;Múltipla;Reta;Sim;;;NA/NA;;Pedestre;Óbito;91.0;Masculino;0.0;0.0;0.0;1.0;-5,86774497;-35,21770477;SPRF-RN;DEL01-RN;UOP01-DEL01-RN
39336.0;84143.0;2017-05-21;domingo;11:15:00;RN;101.0;98,5;NATAL;Sim;Falta de Atenção do Pedestre;1;Atropelamento de Pedestre;Com Vítimas Fatais;Pleno dia;Crescente;Céu Claro;Múltipla;Reta;Sim;68530.0;Automóvel;FIAT/SIENA 1.0 FLEX;0.0;Condutor;Não Informado;;Não Informado;0.0;0.0;0.0;0.0;-5,86774497;-35,21770477;SPRF-RN;DEL01-RN;UOP01-DEL01-RN
39336.0;84141.0;2017-05-21;domingo;11:15:00;RN;101.0;98,5;NATAL;Sim;Falta de Atenção do Pedestre;1;Atropelamento de Pedestre;Com Vítimas Fatais;Pleno dia;Crescente;Céu Claro;Múltipla;Reta;Sim;68529.0;Caminhonete;GM/S10;0.0;Condutor;Não Informado;;Não Informado;0.0;0.0;0.0;0.0;-5,86774497;-35,21770477;SPRF-RN;DEL01-RN;UOP01-DEL01-RN
39336.0;84152.0;2017-05-21;domingo;11:15:00;RN;101.0;98,5;NATAL;Sim;Falta de Atenção do Pedestre;1;Atropelamento de Pedestre;Com Vítimas Fatais;Pleno dia;Crescente;Céu Claro;Múltipla;Reta;Sim;;;NA/NA;;Testemunha;Não Informado;;Não Informado;0.0;0.0;0.0;0.0;-5,86774497;-35,21770477;SPRF-RN;DEL01-RN;UOP01-DEL01-RN
39336.0;84144.0;2017-05-21;domingo;11:15:00;RN;101.0;98,5;NATAL;Sim;Falta de Atenção do Pedestre;1;Atropelamento de Pedestre;Com Vítimas Fatais;Pleno dia;Crescente;Céu Claro;Múltipla;Reta;Sim;;;NA/NA;;Pedestre;Óbito;91.0;Masculino;0.0;0.0;0.0;1.0;-5,86774497;-35,21770477;SPRF-RN;DEL01-RN;UOP01-DEL01-RN
39336.0;84143.0;2017-05-21;domingo;11:15:00;RN;101.0;98,5;NATAL;Não;Falta de Atenção à Condução;1;Atropelamento de Pedestre;Com Vítimas Fatais;Pleno dia;Crescente;Céu Claro;Múltipla;Reta;Sim;68530.0;Automóvel;FIAT/SIENA 1.0 FLEX;0.0;Condutor;Não Informado;;Não Informado;0.0;0.0;0.0;0.0;-5,86774497;-35,21770477;SPRF-RN;DEL01-RN;UOP01-DEL01-RN
39336.0;84141.0;2017-05-21;domingo;11:15:00;RN;101.0;98,5;NATAL;Não;Falta de Atenção à Condução;1;Atropelamento de Pedestre;Com Vítimas Fatais;Pleno dia;Crescente;Céu Claro;Múltipla;Reta;Sim;68529.0;Caminhonete;GM/S10;0.0;Condutor;Não Informado;;Não Informado;0.0;0.0;0.0;0.0;-5,86774497;-35,21770477;SPRF-RN;DEL01-RN;UOP01-DEL01-RN
39336.0;84152.0;2017-05-21;domingo;11:15:00;RN;101.0;98,5;NATAL;Não;Falta de Atenção à Condução;1;Atropelamento de Pedestre;Com Vítimas Fatais;Pleno dia;Crescente;Céu Claro;Múltipla;Reta;Sim;;;NA/NA;;Testemunha;Não Informado;;Não Informado;0.0;0.0;0.0;0.0;-5,86774497;-35,21770477;SPRF-RN;DEL01-RN;UOP01-DEL01-RN
39336.0;84144.0;2017-05-21;domingo;11:15:00;RN;101.0;98,5;NATAL;Não;Falta de Atenção à Condução;1;Atropelamento de Pedestre;Com Vítimas Fatais;Pleno dia;Crescente;Céu Claro;Múltipla;Reta;Sim;;;NA/NA;;Pedestre;Óbito;91.0;Masculino;0.0;0.0;0.0;1.0;-5,86774497;-35,21770477;SPRF-RN;DEL01-RN;UOP01-DEL01-RN
39399.0;90362.0;2017-05-21;domingo;16:00:00;RN;226.0;3,3;NATAL;Sim;Falta de Atenção à Condução;1;Colisão lateral;Com Vítimas Feridas;Pleno dia;Crescente;Céu Claro;Simples;Reta;Sim;68724.0;Motocicleta;YAMAHA/XTZ250 TENERE;2012.0;Condutor;Lesões Leves;46.0;Masculino;0.0;1.0;0.0;0.0;-5,82162666;-35,25397897;SPRF-RN;DEL01-RN;UOP02-DEL01-RN
39399.0;90439.0;2017-05-21;domingo;16:00:00;RN;226.0;3,3;NATAL;Sim;Falta de Atenção à Condução;1;Colisão lateral;Com Vítimas Feridas;Pleno dia;Crescente;Céu Claro;Simples;Reta;Sim;68725.0;Automóvel;GM/CORSA GL;1995.0;Condutor;Ileso;38.0;Masculino;1.0;0.0;0.0;0.0;-5,82162666;-35,25397897;SPRF-RN;DEL01-RN;UOP02-DEL01-RN
39435.0;84321.0;2017-05-21;domingo;17:30:00;RN;101.0;85;NATAL;Sim;Falta de Atenção à Condução;1;Colisão lateral;Com Vítimas Feridas;Plena Noite;Crescente;Céu Claro;Simples;Ponte;Sim;68678.0;Motocicleta;HONDA/CG 125 FAN KS;2013.0;Condutor;Lesões Leves;30.0;Masculino;0.0;1.0;0.0;0.0;-5,7758;-35,2534;SPRF-RN;DEL02-RN;UOP01-DEL02-RN
39435.0;84352.0;2017-05-21;domingo;17:30:00;RN;101.0;85;NATAL;Sim;Falta de Atenção à Condução;1;Colisão lateral;Com Vítimas Feridas;Plena Noite;Crescente;Céu Claro;Simples;Ponte;Sim;68677.0;Outros;Não Informado/Não Informado;0.0;Condutor;Não Informado;;Não Informado;0.0;0.0;0.0;0.0;-5,7758;-35,2534;SPRF-RN;DEL02-RN;UOP01-DEL02-RN
39786.0;84931.0;2017-05-22;segunda-feira;21:10:00;RN;101.0;96;NATAL;Não;Desobediência às normas de trânsito pelo condutor;1;Colisão frontal;Com Vítimas Feridas;Plena Noite;Decrescente;Céu Claro;Múltipla;Curva;Não;69260.0;Automóvel;I/JAC J3;2011.0;Condutor;Ileso;35.0;Masculino;1.0;0.0;0.0;0.0;-5,8482;-35,2086;SPRF-RN;DEL01-RN;UOP01-DEL01-RN
39786.0;84928.0;2017-05-22;segunda-feira;21:10:00;RN;101.0;96;NATAL;Não;Desobediência às normas de trânsito pelo condutor;1;Colisão frontal;Com Vítimas Feridas;Plena Noite;Decrescente;Céu Claro;Múltipla;Curva;Não;69255.0;Automóvel;PEUGEOT/207PASSION XR S;2009.0;Condutor;Lesões Leves;36.0;Feminino;0.0;1.0;0.0;0.0;-5,8482;-35,2086;SPRF-RN;DEL01-RN;UOP01-DEL01-RN
39786.0;84933.0;2017-05-22;segunda-feira;21:10:00;RN;101.0;96;NATAL;Não;Desobediência às normas de trânsito pelo condutor;1;Colisão frontal;Com Vítimas Feridas;Plena Noite;Decrescente;Céu Claro;Múltipla;Curva;Não;69264.0;Automóvel;VW/NOVO GOL 1.0;2013.0;Condutor;Ileso;22.0;Masculino;1.0;0.0;0.0;0.0;-5,8482;-35,2086;SPRF-RN;DEL01-RN;UOP01-DEL01-RN
39786.0;84931.0;2017-05-22;segunda-feira;21:10:00;RN;101.0;96;NATAL;Sim;Ingestão de Álcool;1;Colisão frontal;Com Vítimas Feridas;Plena Noite;Decrescente;Céu Claro;Múltipla;Curva;Não;69260.0;Automóvel;I/JAC J3;2011.0;Condutor;Ileso;35.0;Masculino;1.0;0.0;0.0;0.0;-5,8482;-35,2086;SPRF-RN;DEL01-RN;UOP01-DEL01-RN
39786.0;84928.0;2017-05-22;segunda-feira;21:10:00;RN;101.0;96;NATAL;Sim;Ingestão de Álcool;1;Colisão frontal;Com Vítimas Feridas;Plena Noite;Decrescente;Céu Claro;Múltipla;Curva;Não;69255.0;Automóvel;PEUGEOT/207PASSION XR S;2009.0;Condutor;Lesões Leves;36.0;Feminino;0.0;1.0;0.0;0.0;-5,8482;-35,2086;SPRF-RN;DEL01-RN;UOP01-DEL01-RN
39786.0;84933.0;2017-05-22;segunda-feira;21:10:00;RN;101.0;96;NATAL;Sim;Ingestão de Álcool;1;Colisão frontal;Com Vítimas Feridas;Plena Noite;Decrescente;Céu Claro;Múltipla;Curva;Não;69264.0;Automóvel;VW/NOVO GOL 1.0;2013.0;Condutor;Ileso;22.0;Masculino;1.0;0.0;0.0;0.0;-5,8482;-35,2086;SPRF-RN;DEL01-RN;UOP01-DEL01-RN
40215.0;89884.0;2017-05-24;quarta-feira;16:45:00;RN;101.0;84,5;NATAL;Sim;Não guardar distância de segurança;1;Colisão traseira;Sem Vítimas;Pleno dia;Decrescente;Sol;Múltipla;Viaduto;Sim;70322.0;Automóvel;VW/GOL 1.0;2004.0;Condutor;Ileso;28.0;Masculino;1.0;0.0;0.0;0.0;-5,77565304;-35,25352567;SPRF-RN;DEL02-RN;UOP01-DEL02-RN
40215.0;89887.0;2017-05-24;quarta-feira;16:45:00;RN;101.0;84,5;NATAL;Sim;Não guardar distância de segurança;1;Colisão traseira;Sem Vítimas;Pleno dia;Decrescente;Sol;Múltipla;Viaduto;Sim;70323.0;Automóvel;GM/CELTA;2002.0;Condutor;Ileso;44.0;Masculino;1.0;0.0;0.0;0.0;-5,77565304;-35,25352567;SPRF-RN;DEL02-RN;UOP01-DEL02-RN
40215.0;89895.0;2017-05-24;quarta-feira;16:45:00;RN;101.0;84,5;NATAL;Sim;Não guardar distância de segurança;1;Colisão traseira;Sem Vítimas;Pleno dia;Decrescente;Sol;Múltipla;Viaduto;Sim;70324.0;Automóvel;FIAT/UNO MILLE EP;1996.0;Condutor;Ileso;32.0;Masculino;1.0;0.0;0.0;0.0;-5,77565304;-35,25352567;SPRF-RN;DEL02-RN;UOP01-DEL02-RN
40239.0;88316.0;2017-05-24;quarta-feira;18:40:00;RN;101.0;94,2;NATAL;Sim;Não guardar distância de segurança;1;Colisão traseira;Com Vítimas Feridas;Plena Noite;Crescente;Céu Claro;Múltipla;Reta;Sim;70235.0;Motocicleta;HONDA/CB 300R;2009.0;Condutor;Lesões Leves;28.0;Masculino;0.0;1.0;0.0;0.0;-5,82778524;-35,21083832;SPRF-RN;DEL01-RN;UOP01-DEL01-RN
40239.0;88228.0;2017-05-24;quarta-feira;18:40:00;RN;101.0;94,2;NATAL;Sim;Não guardar distância de segurança;1;Colisão traseira;Com Vítimas Feridas;Plena Noite;Crescente;Céu Claro;Múltipla;Reta;Sim;70234.0;Automóvel;NISSAN/MARCH 10S;2016.0;Condutor;Ileso;46.0;Feminino;1.0;0.0;0.0;0.0;-5,82778524;-35,21083832;SPRF-RN;DEL01-RN;UOP01-DEL01-RN
40239.0;88316.0;2017-05-24;quarta-feira;18:40:00;RN;101.0;94,2;NATAL;Não;Falta de Atenção à Condução;1;Colisão traseira;Com Vítimas Feridas;Plena Noite;Crescente;Céu Claro;Múltipla;Reta;Sim;70235.0;Motocicleta;HONDA/CB 300R;2009.0;Condutor;Lesões Leves;28.0;Masculino;0.0;1.0;0.0;0.0;-5,82778524;-35,21083832;SPRF-RN;DEL01-RN;UOP01-DEL01-RN
40239.0;88228.0;2017-05-24;quarta-feira;18:40:00;RN;101.0;94,2;NATAL;Não;Falta de Atenção à Condução;1;Colisão traseira;Com Vítimas Feridas;Plena Noite;Crescente;Céu Claro;Múltipla;Reta;Sim;70234.0;Automóvel;NISSAN/MARCH 10S;2016.0;Condutor;Ileso;46.0;Feminino;1.0;0.0;0.0;0.0;-5,82778524;-35,21083832;SPRF-RN;DEL01-RN;UOP01-DEL01-RN
40439.0;90547.0;2017-05-25;quinta-feira;16:25:00;RN;101.0;84,3;NATAL;Sim;Falta de Atenção do Pedestre;1;Atropelamento de Pedestre;Com Vítimas Feridas;Pleno dia;Crescente;Céu Claro;Dupla;Reta;Sim;74234.0;Motocicleta;HONDA/CBX 250 TWISTER;2007.0;Condutor;Lesões Leves;29.0;Masculino;0.0;1.0;0.0;0.0;-5,77368895;-35,2593568;SPRF-RN;DEL02-RN;UOP01-DEL02-RN
40439.0;90550.0;2017-05-25;quinta-feira;16:25:00;RN;101.0;84,3;NATAL;Sim;Falta de Atenção do Pedestre;1;Atropelamento de Pedestre;Com Vítimas Feridas;Pleno dia;Crescente;Céu Claro;Dupla;Reta;Sim;;;NA/NA;;Pedestre;Lesões Graves;75.0;Masculino;0.0;0.0;1.0;0.0;-5,77368895;-35,2593568;SPRF-RN;DEL02-RN;UOP01-DEL02-RN
40605.0;91642.0;2017-05-26;sexta-feira;07:20:00;RN;226.0;2,2;NATAL;Sim;Falta de Atenção à Condução;1;Colisão transversal;Com Vítimas Feridas;Pleno dia;Crescente;Céu Claro;Dupla;Interseção de Vias;Sim;71193.0;Motocicleta;HONDA/CG 125 CARGO ES;2010.0;Condutor;Lesões Leves;43.0;Masculino;0.0;1.0;0.0;0.0;-5,81513994;-35,24799996;SPRF-RN;DEL01-RN;UOP02-DEL01-RN
40605.0;91643.0;2017-05-26;sexta-feira;07:20:00;RN;226.0;2,2;NATAL;Sim;Falta de Atenção à Condução;1;Colisão transversal;Com Vítimas Feridas;Pleno dia;Crescente;Céu Claro;Dupla;Interseção de Vias;Sim;71194.0;Caminhão;M.BENZ/912;1991.0;Condutor;Ileso;38.0;Masculino;1.0;0.0;0.0;0.0;-5,81513994;-35,24799996;SPRF-RN;DEL01-RN;UOP02-DEL01-RN
41083.0;91994.0;2017-05-27;sábado;20:16:00;RN;101.0;78;NATAL;Sim;Animais na Pista;1;Atropelamento de Animal;Com Vítimas Feridas;Plena Noite;Decrescente;Céu Claro;Dupla;Reta;Sim;73223.0;Ciclomotor;I/SHINERAY XY50Q PHOENIX;2014.0;Condutor;Lesões Graves;34.0;Masculino;0.0;0.0;1.0;0.0;-5,7382;-35,2907;SPRF-RN;DEL02-RN;UOP01-DEL02-RN
41379.0;89930.0;2017-05-28;domingo;19:10:00;RN;101.0;80;NATAL;Sim;Desobediência às normas de trânsito pelo condutor;1;Colisão transversal;Com Vítimas Feridas;Plena Noite;Decrescente;Vento;Dupla;Interseção de Vias;Sim;73752.0;Motocicleta;YAMAHA/FACTOR YBR125 E;2010.0;Condutor;Lesões Leves;37.0;Masculino;0.0;1.0;0.0;0.0;-5,76292904;-35,28719276;SPRF-RN;DEL02-RN;UOP01-DEL02-RN
41379.0;89937.0;2017-05-28;domingo;19:10:00;RN;101.0;80;NATAL;Sim;Desobediência às normas de trânsito pelo condutor;1;Colisão transversal;Com Vítimas Feridas;Plena Noite;Decrescente;Vento;Dupla;Interseção de Vias;Sim;73752.0;Motocicleta;YAMAHA/FACTOR YBR125 E;2010.0;Passageiro;Lesões Graves;43.0;Feminino;0.0;0.0;1.0;0.0;-5,76292904;-35,28719276;SPRF-RN;DEL02-RN;UOP01-DEL02-RN
41792.0;89105.0;2017-05-30;terça-feira;13:30:00;RN;101.0;94,8;NATAL;Sim;Desobediência às normas de trânsito pelo condutor;1;Colisão frontal;Com Vítimas Feridas;Pleno dia;Crescente;Chuva;Múltipla;Interseção de Vias;Sim;72828.0;Bicicleta;Não Informado/Não Informado;0.0;Condutor;Lesões Leves;43.0;Masculino;0.0;1.0;0.0;0.0;-5,83776179;-35,21115984;SPRF-RN;DEL01-RN;UOP01-DEL01-RN
41792.0;93887.0;2017-05-30;terça-feira;13:30:00;RN;101.0;94,8;NATAL;Sim;Desobediência às normas de trânsito pelo condutor;1;Colisão frontal;Com Vítimas Feridas;Pleno dia;Crescente;Chuva;Múltipla;Interseção de Vias;Sim;72829.0;Automóvel;HONDA/HR-V EXL CVT;2015.0;Condutor;Ileso;38.0;Masculino;1.0;0.0;0.0;0.0;-5,83776179;-35,21115984;SPRF-RN;DEL01-RN;UOP01-DEL01-RN
42903.0;96224.0;2017-06-03;sábado;14:00:00;RN;101.0;105;NATAL;Sim;Não guardar distância de segurança;1;Colisão traseira;Com Vítimas Feridas;Pleno dia;Decrescente;Céu Claro;Dupla;Reta;Sim;74905.0;Automóvel;I/FORD FIESTA SE HA;2012.0;Condutor;Ileso;41.0;Masculino;1.0;0.0;0.0;0.0;-5,7792569;-35,200916;SPRF-RN;DEL01-RN;UOP01-DEL01-RN
42903.0;96221.0;2017-06-03;sábado;14:00:00;RN;101.0;105;NATAL;Sim;Não guardar distância de segurança;1;Colisão traseira;Com Vítimas Feridas;Pleno dia;Decrescente;Céu Claro;Dupla;Reta;Sim;74904.0;Motocicleta;HONDA/CG 125 FAN ES;2012.0;Condutor;Lesões Leves;26.0;Masculino;0.0;1.0;0.0;0.0;-5,7792569;-35,200916;SPRF-RN;DEL01-RN;UOP01-DEL01-RN
43437.0;92448.0;2017-05-29;segunda-feira;18:10:00;RN;101.0;94,2;NATAL;Sim;Não guardar distância de segurança;1;Engavetamento;Sem Vítimas;Anoitecer;Decrescente;Chuva;Dupla;Declive;Sim;75765.0;Caminhão;M.BENZ/710;2011.0;Condutor;Ileso;40.0;Masculino;1.0;0.0;0.0;0.0;-5,83060301;-35,21165371;SPRF-RN;DEL01-RN;UOP01-DEL01-RN
43437.0;92450.0;2017-05-29;segunda-feira;18:10:00;RN;101.0;94,2;NATAL;Sim;Não guardar distância de segurança;1;Engavetamento;Sem Vítimas;Anoitecer;Decrescente;Chuva;Dupla;Declive;Sim;75766.0;Camioneta;FORD/ECOSPORT XLT 1.6L;2004.0;Condutor;Ileso;31.0;Feminino;1.0;0.0;0.0;0.0;-5,83060301;-35,21165371;SPRF-RN;DEL01-RN;UOP01-DEL01-RN
43437.0;92453.0;2017-05-29;segunda-feira;18:10:00;RN;101.0;94,2;NATAL;Sim;Não guardar distância de segurança;1;Engavetamento;Sem Vítimas;Anoitecer;Decrescente;Chuva;Dupla;Declive;Sim;75767.0;Caminhonete;MMC/L200 TRITON 2.4 HLS;2014.0;Condutor;Ileso;35.0;Masculino;1.0;0.0;0.0;0.0;-5,83060301;-35,21165371;SPRF-RN;DEL01-RN;UOP01-DEL01-RN
43437.0;92455.0;2017-05-29;segunda-feira;18:10:00;RN;101.0;94,2;NATAL;Sim;Não guardar distância de segurança;1;Engavetamento;Sem Vítimas;Anoitecer;Decrescente;Chuva;Dupla;Declive;Sim;75768.0;Automóvel;HYUNDAI/HB20S 1.6A COMF;2016.0;Condutor;Ileso;74.0;Masculino;1.0;0.0;0.0;0.0;-5,83060301;-35,21165371;SPRF-RN;DEL01-RN;UOP01-DEL01-RN
43881.0;93450.0;2017-06-06;terça-feira;18:45:00;RN;101.0;73;NATAL;Sim;Falta de Atenção à Condução;1;Colisão transversal;Com Vítimas Feridas;Plena Noite;Decrescente;Céu Claro;Simples;Interseção de Vias;Sim;76607.0;Automóvel;FORD/KA FLEX;2008.0;Condutor;Ileso;46.0;Masculino;1.0;0.0;0.0;0.0;-5,7045;-35,2658;SPRF-RN;DEL02-RN;UOP01-DEL02-RN
43881.0;93452.0;2017-06-06;terça-feira;18:45:00;RN;101.0;73;NATAL;Sim;Falta de Atenção à Condução;1;Colisão transversal;Com Vítimas Feridas;Plena Noite;Decrescente;Céu Claro;Simples;Interseção de Vias;Sim;76623.0;Motocicleta;HONDA/CG150 TITAN MIX KS;2009.0;Passageiro;Lesões Leves;38.0;Feminino;0.0;1.0;0.0;0.0;-5,7045;-35,2658;SPRF-RN;DEL02-RN;UOP01-DEL02-RN
43881.0;93451.0;2017-06-06;terça-feira;18:45:00;RN;101.0;73;NATAL;Sim;Falta de Atenção à Condução;1;Colisão transversal;Com Vítimas Feridas;Plena Noite;Decrescente;Céu Claro;Simples;Interseção de Vias;Sim;76623.0;Motocicleta;HONDA/CG150 TITAN MIX KS;2009.0;Condutor;Lesões Graves;34.0;Masculino;0.0;0.0;1.0;0.0;-5,7045;-35,2658;SPRF-RN;DEL02-RN;UOP01-DEL02-RN
44133.0;96424.0;2017-06-07;quarta-feira;22:20:00;RN;101.0;100,3;NATAL;Sim;Não guardar distância de segurança;1;Colisão traseira;Com Vítimas Feridas;Plena Noite;Crescente;Nublado;Dupla;Aclive;Sim;79208.0;Automóvel;GM/CELTA 2P LIFE;2004.0;Condutor;Ileso;29.0;Masculino;1.0;0.0;0.0;0.0;-5,88283585;-35,22610545;SPRF-RN;DEL01-RN;UOP01-DEL01-RN
44133.0;96418.0;2017-06-07;quarta-feira;22:20:00;RN;101.0;100,3;NATAL;Sim;Não guardar distância de segurança;1;Colisão traseira;Com Vítimas Feridas;Plena Noite;Crescente;Nublado;Dupla;Aclive;Sim;79198.0;Automóvel;VW/GOL 1.0;2009.0;Condutor;Ileso;65.0;Masculino;1.0;0.0;0.0;0.0;-5,88283585;-35,22610545;SPRF-RN;DEL01-RN;UOP01-DEL01-RN
44133.0;96421.0;2017-06-07;quarta-feira;22:20:00;RN;101.0;100,3;NATAL;Sim;Não guardar distância de segurança;1;Colisão traseira;Com Vítimas Feridas;Plena Noite;Crescente;Nublado;Dupla;Aclive;Sim;79198.0;Automóvel;VW/GOL 1.0;2009.0;Passageiro;Lesões Leves;36.0;Feminino;0.0;1.0;0.0;0.0;-5,88283585;-35,22610545;SPRF-RN;DEL01-RN;UOP01-DEL01-RN
44443.0;96887.0;2017-06-09;sexta-feira;06:30:00;RN;101.0;85;NATAL;Sim;Falta de Atenção à Condução;1;Engavetamento;Sem Vítimas;Pleno dia;Crescente;Chuva;Dupla;Reta;Não;79573.0;Automóvel;Não Informado/Não Informado;0.0;Condutor;Não Informado;;Não Informado;0.0;0.0;0.0;0.0;-5,7758;-35,2534;SPRF-RN;DEL02-RN;UOP01-DEL02-RN