id;pesid;data_inversa;dia_semana;horario;uf;br;km;municipio;causa_principal;causa_acidente;ordem_tipo_acidente;tipo_acidente;classificacao_acidente;fase_dia;sentido_via;condicao_metereologica;tipo_pista;tracado_via;uso_solo;id_veiculo;tipo_veiculo;marca;ano_fabricacao_veiculo;tipo_envolvido;estado_fisico;idade;sexo;ilesos;feridos_leves;feridos_graves;mortos;latitude;longitude;regional;delegacia;uop
44443.0;96884.0;2017-06-09;sexta-feira;06:30:00;RN;101.0;85;NATAL;Sim;Falta de Atenção à Condução;1;Engavetamento;Sem Vítimas;Pleno dia;Crescente;Chuva;Dupla;Reta;Não;79564.0;Automóvel;CHEVROLET/CELTA 1.0L LT;2012.0;Condutor;Ileso;23.0;Masculino;1.0;0.0;0.0;0.0;-5,7758;-35,2534;SPRF-RN;DEL02-RN;UOP01-DEL02-RN
44443.0;96881.0;2017-06-09;sexta-feira;06:30:00;RN;101.0;85;NATAL;Sim;Falta de Atenção à Condução;1;Engavetamento;Sem Vítimas;Pleno dia;Crescente;Chuva;Dupla;Reta;Não;79561.0;Automóvel;VW/GOL I;1996.0;Condutor;Ileso;38.0;Masculino;1.0;0.0;0.0;0.0;-5,7758;-35,2534;SPRF-RN;DEL02-RN;UOP01-DEL02-RN
44874.0;98484.0;2017-06-10;sábado;15:00:00;RN;110.0;46,8;NATAL;Sim;Ingestão de Álcool;1;Colisão lateral;Com Vítimas Feridas;Pleno dia;Decrescente;Céu Claro;Simples;Curva;Sim;78610.0;Motocicleta;HONDA/CB 250F TWISTER;2016.0;Condutor;Ileso;56.0;Masculino;1.0;0.0;0.0;0.0;-5,7792569;-35,200916;SPRF-RN;DEL04-RN;UOP01-DEL04-RN
44874.0;98486.0;2017-06-10;sábado;15:00:00;RN;110.0;46,8;NATAL;Sim;Ingestão de Álcool;1;Colisão lateral;Com Vítimas Feridas;Pleno dia;Decrescente;Céu Claro;Simples;Curva;Sim;78610.0;Motocicleta;HONDA/CB 250F TWISTER;2016.0;Passageiro;Lesões Leves;23.0;Feminino;0.0;1.0;0.0;0.0;-5,7792569;-35,200916;SPRF-RN;DEL04-RN;UOP01-DEL04-RN
44874.0;98490.0;2017-06-10;sábado;15:00:00;RN;110.0;46,8;NATAL;Sim;Ingestão de Álcool;1;Colisão lateral;Com Vítimas Feridas;Pleno dia;Decrescente;Céu Claro;Simples;Curva;Sim;78614.0;Ciclomotor;DAFRA/SUPER 50;2011.0;Condutor;Lesões Leves;38.0;Masculino;0.0;1.0;0.0;0.0;-5,7792569;-35,200916;SPRF-RN;DEL04-RN;UOP01-DEL04-RN
45470.0;96839.0;2017-06-12;segunda-feira;11:40:00;RN;101.0;81,7;NATAL;Sim;Falta de Atenção à Condução;1;Colisão com objeto estático;Com Vítimas Feridas;Pleno dia;Decrescente;Céu Claro;Dupla;Reta;Sim;79532.0;Motocicleta;HONDA/CG150 FAN ESDI;2014.0;Condutor;Lesões Leves;26.0;Masculino;0.0;1.0;0.0;0.0;-5,76537997;-35,28142006;SPRF-RN;DEL02-RN;UOP01-DEL02-RN
45493.0;96904.0;2017-05-30;terça-feira;18:00:00;RN;101.0;98;NATAL;Sim;Falta de Atenção à Condução;1;Colisão lateral;Com Vítimas Feridas;Plena Noite;Decrescente;Céu Claro;Dupla;Aclive;Sim;79591.0;Automóvel;VW/VOYAGE CL MA;2014.0;Condutor;Ileso;23.0;Masculino;1.0;0.0;0.0;0.0;-5,866603;-35,21702349;SPRF-RN;DEL01-RN;UOP01-DEL01-RN
45493.0;96906.0;2017-05-30;terça-feira;18:00:00;RN;101.0;98;NATAL;Sim;Falta de Atenção à Condução;1;Colisão lateral;Com Vítimas Feridas;Plena Noite;Decrescente;Céu Claro;Dupla;Aclive;Sim;79593.0;Motocicleta;I/HONDA CBR 250R;2012.0;Condutor;Lesões Leves;19.0;Masculino;0.0;1.0;0.0;0.0;-5,866603;-35,21702349;SPRF-RN;DEL01-RN;UOP01-DEL01-RN
46102.0;98186.0;2017-06-14;quarta-feira;08:02:00;RN;101.0;95,1;NATAL;Sim;Não guardar distância de segurança;1;Colisão traseira;Sem Vítimas;Pleno dia;Decrescente;Céu Claro;Dupla;Reta;Sim;80669.0;Automóvel;VW/NOVO FOX CL MB;2015.0;Condutor;Ileso;59.0;Feminino;1.0;0.0;0.0;0.0;-5,85160773;-35,20996476;SPRF-RN;DEL01-RN;UOP01-DEL01-RN
46102.0;98181.0;2017-06-14;quarta-feira;08:02:00;RN;101.0;95,1;NATAL;Sim;Não guardar distância de segurança;1;Colisão traseira;Sem Vítimas;Pleno dia;Decrescente;Céu Claro;Dupla;Reta;Sim;80660.0;Caminhonete;FIAT/STRADA FIRE FLEX;2007.0;Condutor;Ileso;31.0;Masculino;1.0;0.0;0.0;0.0;-5,85160773;-35,20996476;SPRF-RN;DEL01-RN;UOP01-DEL01-RN
47476.0;101251.0;2017-06-19;segunda-feira;13:45:00;RN;101.0;85;NATAL;Sim;Não guardar distância de segurança;1;Colisão traseira;Com Vítimas Feridas;Pleno dia;Decrescente;Céu Claro;Dupla;Reta;Sim;83065.0;Motocicleta;HONDA/CG150 START;2015.0;Condutor;Lesões Leves;26.0;Masculino;0.0;1.0;0.0;0.0;-5,7758;-35,2534;SPRF-RN;DEL02-RN;UOP01-DEL02-RN
47476.0;101256.0;2017-06-19;segunda-feira;13:45:00;RN;101.0;85;NATAL;Sim;Não guardar distância de segurança;1;Colisão traseira;Com Vítimas Feridas;Pleno dia;Decrescente;Céu Claro;Dupla;Reta;Sim;83067.0;Ônibus;M.BENZ/MPOLO TORINO U;2009.0;Condutor;Ileso;51.0;Masculino;1.0;0.0;0.0;0.0;-5,7758;-35,2534;SPRF-RN;DEL02-RN;UOP01-DEL02-RN
47876.0;103993.0;2017-06-20;terça-feira;20:28:00;RN;101.0;100;NATAL;Sim;Falta de Atenção à Condução;1;Capotamento;Com Vítimas Fatais;Plena Noite;Crescente;Chuva;Múltipla;Aclive;Sim;85384.0;Automóvel;GM/CLASSIC SUPER;2005.0;Condutor;Lesões Graves;48.0;Masculino;0.0;0.0;1.0;0.0;-5,8805;-35,2255;SPRF-RN;DEL01-RN;UOP01-DEL01-RN
47876.0;103934.0;2017-06-20;terça-feira;20:28:00;RN;101.0;100;NATAL;Sim;Falta de Atenção à Condução;1;Capotamento;Com Vítimas Fatais;Plena Noite;Crescente;Chuva;Múltipla;Aclive;Sim;85366.0;Automóvel;CHEVROLET/ONIX 1.0MT SEL;2015.0;Condutor;Óbito;34.0;Masculino;0.0;0.0;0.0;1.0;-5,8805;-35,2255;SPRF-RN;DEL01-RN;UOP01-DEL01-RN
47876.0;103993.0;2017-06-20;terça-feira;20:28:00;RN;101.0;100;NATAL;Não;Pista Escorregadia;1;Capotamento;Com Vítimas Fatais;Plena Noite;Crescente;Chuva;Múltipla;Aclive;Sim;85384.0;Automóvel;GM/CLASSIC SUPER;2005.0;Condutor;Lesões Graves;48.0;Masculino;0.0;0.0;1.0;0.0;-5,8805;-35,2255;SPRF-RN;DEL01-RN;UOP01-DEL01-RN
47876.0;103934.0;2017-06-20;terça-feira;20:28:00;RN;101.0;100;NATAL;Não;Pista Escorregadia;1;Capotamento;Com Vítimas Fatais;Plena Noite;Crescente;Chuva;Múltipla;Aclive;Sim;85366.0;Automóvel;CHEVROLET/ONIX 1.0MT SEL;2015.0;Condutor;Óbito;34.0;Masculino;0.0;0.0;0.0;1.0;-5,8805;-35,2255;SPRF-RN;DEL01-RN;UOP01-DEL01-RN
47876.0;103993.0;2017-06-20;terça-feira;20:28:00;RN;101.0;100;NATAL;Sim;Falta de Atenção à Condução;2;Colisão com objeto em movimento;Com Vítimas Fatais;Plena Noite;Crescente;Chuva;Múltipla;Aclive;Sim;85384.0;Automóvel;GM/CLASSIC SUPER;2005.0;Condutor;Lesões Graves;48.0;Masculino;0.0;0.0;1.0;0.0;-5,8805;-35,2255;SPRF-RN;DEL01-RN;UOP01-DEL01-RN
47876.0;103934.0;2017-06-20;terça-feira;20:28:00;RN;101.0;100;NATAL;Sim;Falta de Atenção à Condução;2;Colisão com objeto em movimento;Com Vítimas Fatais;Plena Noite;Crescente;Chuva;Múltipla;Aclive;Sim;85366.0;Automóvel;CHEVROLET/ONIX 1.0MT SEL;2015.0;Condutor;Óbito;34.0;Masculino;0.0;0.0;0.0;1.0;-5,8805;-35,2255;SPRF-RN;DEL01-RN;UOP01-DEL01-RN
47876.0;103993.0;2017-06-20;terça-feira;20:28:00;RN;101.0;100;NATAL;Não;Pista Escorregadia;2;Colisão com objeto em movimento;Com Vítimas Fatais;Plena Noite;Crescente;Chuva;Múltipla;Aclive;Sim;85384.0;Automóvel;GM/CLASSIC SUPER;2005.0;Condutor;Lesões Graves;48.0;Masculino;0.0;0.0;1.0;0.0;-5,8805;-35,2255;SPRF-RN;DEL01-RN;UOP01-DEL01-RN
47876.0;103934.0;2017-06-20;terça-feira;20:28:00;RN;101.0;100;NATAL;Não;Pista Escorregadia;2;Colisão com objeto em movimento;Com Vítimas Fatais;Plena Noite;Crescente;Chuva;Múltipla;Aclive;Sim;85366.0;Automóvel;CHEVROLET/ONIX 1.0MT SEL;2015.0;Condutor;Óbito;34.0;Masculino;0.0;0.0;0.0;1.0;-5,8805;-35,2255;SPRF-RN;DEL01-RN;UOP01-DEL01-RN
47934.0;107477.0;2017-06-21;quarta-feira;17:12:00;RN;226.0;1,8;NATAL;Sim;Falta de Atenção à Condução;1;Colisão traseira;Com Vítimas Feridas;Pleno dia;Crescente;Garoa/Chuvisco;Dupla;Em Obras;Sim;84082.0;Motocicleta;HONDA/NXR150 BROS MIX ES;2010.0;Condutor;Lesões Leves;39.0;Masculino;0.0;1.0;0.0;0.0;-5,81252556;-35,24580657;SPRF-RN;DEL01-RN;UOP02-DEL01-RN
47934.0;107474.0;2017-06-21;quarta-feira;17:12:00;RN;226.0;1,8;NATAL;Sim;Falta de Atenção à Condução;1;Colisão traseira;Com Vítimas Feridas;Pleno dia;Crescente;Garoa/Chuvisco;Dupla;Em Obras;Sim;84081.0;Motoneta;HONDA/BIZ 125 EX;2013.0;Condutor;Lesões Leves;40.0;Feminino;0.0;1.0;0.0;0.0;-5,81252556;-35,24580657;SPRF-RN;DEL01-RN;UOP02-DEL01-RN
47934.0;107475.0;2017-06-21;quarta-feira;17:12:00;RN;226.0;1,8;NATAL;Sim;Falta de Atenção à Condução;1;Colisão traseira;Com Vítimas Feridas;Pleno dia;Crescente;Garoa/Chuvisco;Dupla;Em Obras;Sim;84081.0;Motoneta;HONDA/BIZ 125 EX;2013.0;Passageiro;Lesões Graves;64.0;Feminino;0.0;0.0;1.0;0.0;-5,81252556;-35,24580657;SPRF-RN;DEL01-RN;UOP02-DEL01-RN
47934.0;107477.0;2017-06-21;quarta-feira;17:12:00;RN;226.0;1,8;NATAL;Sim;Falta de Atenção à Condução;2;Tombamento;Com Vítimas Feridas;Pleno dia;Crescente;Garoa/Chuvisco;Dupla;Em Obras;Sim;84082.0;Motocicleta;HONDA/NXR150 BROS MIX ES;2010.0;Condutor;Lesões Leves;39.0;Masculino;0.0;1.0;0.0;0.0;-5,81252556;-35,24580657;SPRF-RN;DEL01-RN;UOP02-DEL01-RN
47934.0;107474.0;2017-06-21;quarta-feira;17:12:00;RN;226.0;1,8;NATAL;Sim;Falta de Atenção à Condução;2;Tombamento;Com Vítimas Feridas;Pleno dia;Crescente;Garoa/Chuvisco;Dupla;Em Obras;Sim;84081.0;Motoneta;HONDA/BIZ 125 EX;2013.0;Condutor;Lesões Leves;40.0;Feminino;0.0;1.0;0.0;0.0;-5,81252556;-35,24580657;SPRF-RN;DEL01-RN;UOP02-DEL01-RN
47934.0;107475.0;2017-06-21;quarta-feira;17:12:00;RN;226.0;1,8;NATAL;Sim;Falta de Atenção à Condução;2;Tombamento;Com Vítimas Feridas;Pleno dia;Crescente;Garoa/Chuvisco;Dupla;Em Obras;Sim;84081.0;Motoneta;HONDA/BIZ 125 EX;2013.0;Passageiro;Lesões Graves;64.0;Feminino;0.0;0.0;1.0;0.0;-5,81252556;-35,24580657;SPRF-RN;DEL01-RN;UOP02-DEL01-RN
48145.0;102941.0;2017-06-22;quinta-feira;12:05:00;RN;226.0;0,5;NATAL;Sim;Falta de Atenção do Pedestre;1;Atropelamento de Pedestre;Com Vítimas Feridas;Pleno dia;Decrescente;Céu Claro;Simples;Curva;Sim;84210.0;Motocicleta;HONDA/CB 250F TWISTER;2015.0;Condutor;Ileso;33.0;Masculino;1.0;0.0;0.0;0.0;-5,804208;-35,238371;SPRF-RN;DEL01-RN;UOP02-DEL01-RN
48145.0;102945.0;2017-06-22;quinta-feira;12:05:00;RN;226.0;0,5;NATAL;Sim;Falta de Atenção do Pedestre;1;Atropelamento de Pedestre;Com Vítimas Feridas;Pleno dia;Decrescente;Céu Claro;Simples;Curva;Sim;;;NA/NA;;Pedestre;Lesões Graves;10.0;Masculino;0.0;0.0;1.0;0.0;-5,804208;-35,238371;SPRF-RN;DEL01-RN;UOP02-DEL01-RN
48873.0;104252.0;2017-06-24;sábado;18:30:00;RN;101.0;96,2;NATAL;Sim;Ingestão de Álcool;1;Colisão traseira;Sem Vítimas;Plena Noite;Decrescente;Céu Claro;Simples;Reta;Sim;85686.0;Ônibus;M.BENZ/MPOLO TORINO U;2011.0;Condutor;Ileso;29.0;Masculino;1.0;0.0;0.0;0.0;-5,84438211;-35,20863622;SPRF-RN;DEL01-RN;UOP01-DEL01-RN
48873.0;104249.0;2017-06-24;sábado;18:30:00;RN;101.0;96,2;NATAL;Sim;Ingestão de Álcool;1;Colisão traseira;Sem Vítimas;Plena Noite;Decrescente;Céu Claro;Simples;Reta;Sim;85685.0;Automóvel;RENAULT/SANDERO EXP1016V;2012.0;Condutor;Ileso;53.0;Masculino;1.0;0.0;0.0;0.0;-5,84438211;-35,20863622;SPRF-RN;DEL01-RN;UOP01-DEL01-RN
49546.0;105747.0;2017-05-29;segunda-feira;11:00:00;RN;101.0;78;NATAL;Sim;Desobediência às normas de trânsito pelo condutor;1;Colisão lateral;Com Vítimas Feridas;Pleno dia;Decrescente;Garoa/Chuvisco;Dupla;Reta;Não;86752.0;Automóvel;GM/CELTA 4P LIFE;2009.0;Condutor;Ileso;77.0;Masculino;1.0;0.0;0.0;0.0;-5,7382;-35,2907;SPRF-RN;DEL02-RN;UOP01-DEL02-RN
49546.0;105748.0;2017-05-29;segunda-feira;11:00:00;RN;101.0;78;NATAL;Sim;Desobediência às normas de trânsito pelo condutor;1;Colisão lateral;Com Vítimas Feridas;Pleno dia;Decrescente;Garoa/Chuvisco;Dupla;Reta;Não;86753.0;Motocicleta;HONDA/CG 160 START;2016.0;Condutor;Lesões Leves;40.0;Masculino;0.0;1.0;0.0;0.0;-5,7382;-35,2907;SPRF-RN;DEL02-RN;UOP01-DEL02-RN
49546.0;105747.0;2017-05-29;segunda-feira;11:00:00;RN;101.0;78;NATAL;Não;Falta de Atenção à Condução;1;Colisão lateral;Com Vítimas Feridas;Pleno dia;Decrescente;Garoa/Chuvisco;Dupla;Reta;Não;86752.0;Automóvel;GM/CELTA 4P LIFE;2009.0;Condutor;Ileso;77.0;Masculino;1.0;0.0;0.0;0.0;-5,7382;-35,2907;SPRF-RN;DEL02-RN;UOP01-DEL02-RN
49546.0;105748.0;2017-05-29;segunda-feira;11:00:00;RN;101.0;78;NATAL;Não;Falta de Atenção à Condução;1;Colisão lateral;Com Vítimas Feridas;Pleno dia;Decrescente;Garoa/Chuvisco;Dupla;Reta;Não;86753.0;Motocicleta;HONDA/CG 160 START;2016.0;Condutor;Lesões Leves;40.0;Masculino;0.0;1.0;0.0;0.0;-5,7382;-35,2907;SPRF-RN;DEL02-RN;UOP01-DEL02-RN
49555.0;105821.0;2017-06-27;terça-feira;09:45:00;RN;101.0;85,4;NATAL;Sim;Falta de Atenção à Condução;1;Colisão lateral;Com Vítimas Feridas;Pleno dia;Crescente;Céu Claro;Dupla;Ponte;Não;86798.0;Automóvel;TOYOTA/COROLLA XEI18VVT;2006.0;Condutor;Ileso;50.0;Masculino;1.0;0.0;0.0;0.0;-5,78361704;-35,24700791;SPRF-RN;DEL02-RN;UOP01-DEL02-RN
49555.0;105819.0;2017-06-27;terça-feira;09:45:00;RN;101.0;85,4;NATAL;Sim;Falta de Atenção à Condução;1;Colisão lateral;Com Vítimas Feridas;Pleno dia;Crescente;Céu Claro;Dupla;Ponte;Não;86795.0;Motocicleta;HONDA/CG 125 FAN KS;2013.0;Condutor;Lesões Graves;28.0;Masculino;0.0;0.0;1.0;0.0;-5,78361704;-35,24700791;SPRF-RN;DEL02-RN;UOP01-DEL02-RN
49555.0;105820.0;2017-06-27;terça-feira;09:45:00;RN;101.0;85,4;NATAL;Sim;Falta de Atenção à Condução;1;Colisão lateral;Com Vítimas Feridas;Pleno dia;Crescente;Céu Claro;Dupla;Ponte;Não;86795.0;Motocicleta;HONDA/CG 125 FAN KS;2013.0;Passageiro;Lesões Graves;;Feminino;0.0;0.0;1.0;0.0;-5,78361704;-35,24700791;SPRF-RN;DEL02-RN;UOP01-DEL02-RN
50037.0;107292.0;2017-06-29;quinta-feira;07:30:00;RN;101.0;76;NATAL;Sim;Ingestão de Álcool;1;Colisão traseira;Com Vítimas Feridas;Pleno dia;Crescente;Garoa/Chuvisco;Dupla;Reta;Não;88013.0;Motocicleta;HONDA/NXR160 BROS ESDD;2015.0;Condutor;Lesões Leves;17.0;Masculino;0.0;1.0;0.0;0.0;-5,72894104;-35,28916687;SPRF-RN;DEL02-RN;UOP01-DEL02-RN
50037.0;107294.0;2017-06-29;quinta-feira;07:30:00;RN;101.0;76;NATAL;Sim;Ingestão de Álcool;1;Colisão traseira;Com Vítimas Feridas;Pleno dia;Crescente;Garoa/Chuvisco;Dupla;Reta;Não;88014.0;Ônibus;MBENZ/OF1418 NEOBUS MEGA;2008.0;Condutor;Ileso;39.0;Masculino;1.0;0.0;0.0;0.0;-5,72894104;-35,28916687;SPRF-RN;DEL02-RN;UOP01-DEL02-RN
50070.0;107087.0;2017-05-02;terça-feira;08:55:00;RN;101.0;94;NATAL;Sim;Não guardar distância de segurança;1;Colisão traseira;Com Vítimas Feridas;Pleno dia;Crescente;Céu Claro;Dupla;Reta;Sim;87833.0;Automóvel;HONDA/CIVIC EXS;2012.0;Condutor;Lesões Leves;31.0;Feminino;0.0;1.0;0.0;0.0;-5,8308;-35,2118;SPRF-RN;DEL01-RN;UOP01-DEL01-RN
50070.0;107088.0;2017-05-02;terça-feira;08:55:00;RN;101.0;94;NATAL;Sim;Não guardar distância de segurança;1;Colisão traseira;Com Vítimas Feridas;Pleno dia;Crescente;Céu Claro;Dupla;Reta;Sim;87834.0;Caminhonete;FIAT/STRADA WORKING;2013.0;Condutor;Lesões Leves;33.0;Masculino;0.0;1.0;0.0;0.0;-5,8308;-35,2118;SPRF-RN;DEL01-RN;UOP01-DEL01-RN
50204.0;109928.0;2017-06-29;quinta-feira;20:12:00;RN;101.0;95,1;NATAL;Sim;Falta de Atenção à Condução;1;Colisão lateral;Com Vítimas Feridas;Plena Noite;Decrescente;Chuva;Múltipla;Reta;Sim;88181.0;Motocicleta;HONDA/CG 125 FAN ES;2013.0;Passageiro;Lesões Graves;48.0;Feminino;0.0;0.0;1.0;0.0;-5,84205004;-35,2097708;SPRF-RN;DEL01-RN;UOP01-DEL01-RN
50204.0;109926.0;2017-06-29;quinta-feira;20:12:00;RN;101.0;95,1;NATAL;Sim;Falta de Atenção à Condução;1;Colisão lateral;Com Vítimas Feridas;Plena Noite;Decrescente;Chuva;Múltipla;Reta;Sim;88181.0;Motocicleta;HONDA/CG 125 FAN ES;2013.0;Condutor;Lesões Leves;46.0;Masculino;0.0;1.0;0.0;0.0;-5,84205004;-35,2097708;SPRF-RN;DEL01-RN;UOP01-DEL01-RN
50204.0;109929.0;2017-06-29;quinta-feira;20:12:00;RN;101.0;95,1;NATAL;Sim;Falta de Atenção à Condução;1;Colisão lateral;Com Vítimas Feridas;Plena Noite;Decrescente;Chuva;Múltipla;Reta;Sim;88182.0;Automóvel;HONDA/FIT EXL CVT;2015.0;Condutor;Ileso;57.0;Masculino;1.0;0.0;0.0;0.0;-5,84205004;-35,2097708;SPRF-RN;DEL01-RN;UOP01-DEL01-RN
50273.0;109426.0;2017-06-30;sexta-feira;06:10:00;RN;101.0;85;NATAL;Sim;Pista Escorregadia;1;Colisão transversal;Sem Vítimas;Pleno dia;Decrescente;Chuva;Múltipla;Viaduto;Sim;89904.0;Caminhão-trator;VOLVO/FH 440 6X2T;2010.0;Condutor;Ileso;33.0;Masculino;1.0;0.0;0.0;0.0;-5,77598492;-35,25246888;SPRF-RN;DEL02-RN;UOP01-DEL02-RN
50273.0;109428.0;2017-06-30;sexta-feira;06:10:00;RN;101.0;85;NATAL;Sim;Pista Escorregadia;1;Colisão transversal;Sem Vítimas;Pleno dia;Decrescente;Chuva;Múltipla;Viaduto;Sim;89912.0;Automóvel;HYUNDAI/HB20S 1.0M 1.0M;2013.0;Condutor;Ileso;30.0;Feminino;1.0;0.0;0.0;0.0;-5,77598492;-35,25246888;SPRF-RN;DEL02-RN;UOP01-DEL02-RN
50868.0;108856.0;2017-07-02;domingo;01:48:00;RN;101.0;99;NATAL;Sim;Ingestão de Álcool;1;Colisão com objeto estático;Sem Vítimas;Plena Noite;Decrescente;Céu Claro;Dupla;"Aclive;Interseção de Vias";Sim;89451.0;Automóvel;I/NISSAN SENTRA S;2007.0;Condutor;Não Informado;;Não Informado;0.0;0.0;0.0;0.0;-5,87798526;-35,22379607;SPRF-RN;DEL01-RN;UOP01-DEL01-RN
50868.0;108856.0;2017-07-02;domingo;01:48:00;RN;101.0;99;NATAL;Não;Velocidade Incompatível;1;Colisão com objeto estático;Sem Vítimas;Plena Noite;Decrescente;Céu Claro;Dupla;"Aclive;Interseção de Vias";Sim;89451.0;Automóvel;I/NISSAN SENTRA S;2007.0;Condutor;Não Informado;;Não Informado;0.0;0.0;0.0;0.0;-5,87798526;-35,22379607;SPRF-RN;DEL01-RN;UOP01-DEL01-RN
50868.0;108856.0;2017-07-02;domingo;01:48:00;RN;101.0;99;NATAL;Sim;Ingestão de Álcool;2;Capotamento;Sem Vítimas;Plena Noite;Decrescente;Céu Claro;Dupla;"Aclive;Interseção de Vias";Sim;89451.0;Automóvel;I/NISSAN SENTRA S;2007.0;Condutor;Não Informado;;Não Informado;0.0;0.0;0.0;0.0;-5,87798526;-35,22379607;SPRF-RN;DEL01-RN;UOP01-DEL01-RN
50868.0;108856.0;2017-07-02;domingo;01:48:00;RN;101.0;99;NATAL;Não;Velocidade Incompatível;2;Capotamento;Sem Vítimas;Plena Noite;Decrescente;Céu Claro;Dupla;"Aclive;Interseção de Vias";Sim;89451.0;Automóvel;I/NISSAN SENTRA S;2007.0;Condutor;Não Informado;;Não Informado;0.0;0.0;0.0;0.0;-5,87798526;-35,22379607;SPRF-RN;DEL01-RN;UOP01-DEL01-RN
51976.0;111332.0;2017-07-06;quinta-feira;07:00:00;RN;101.0;103;NATAL;Sim;Falta de Atenção à Condução;1;Colisão traseira;Com Vítimas Feridas;Pleno dia;Crescente;Garoa/Chuvisco;Dupla;Reta;Sim;91491.0;Motocicleta;HONDA/XRE 190;2016.0;Condutor;Lesões Leves;53.0;Masculino;0.0;1.0;0.0;0.0;-5,8897835;-35,24709189;SPRF-RN;DEL01-RN;UOP01-DEL01-RN
51976.0;111327.0;2017-07-06;quinta-feira;07:00:00;RN;101.0;103;NATAL;Sim;Falta de Atenção à Condução;1;Colisão traseira;Com Vítimas Feridas;Pleno dia;Crescente;Garoa/Chuvisco;Dupla;Reta;Sim;91490.0;Automóvel;FIAT/UNO MILLE ECONOMY;2009.0;Condutor;Ileso;37.0;Masculino;1.0;0.0;0.0;0.0;-5,8897835;-35,24709189;SPRF-RN;DEL01-RN;UOP01-DEL01-RN
52268.0;112123.0;2017-07-07;sexta-feira;08:00:00;RN;101.0;97;NATAL;Sim;Não guardar distância de segurança;1;Colisão lateral;Com Vítimas Feridas;Pleno dia;Decrescente;Céu Claro;Dupla;Reta;Sim;92109.0;Automóvel;TOYOTA/ETIOS SD X 15L MT;2016.0;Condutor;Ileso;37.0;Masculino;1.0;0.0;0.0;0.0;-5,85358756;-35,21088123;SPRF-RN;DEL01-RN;UOP01-DEL01-RN
52268.0;112125.0;2017-07-07;sexta-feira;08:00:00;RN;101.0;97;NATAL;Sim;Não guardar distância de segurança;1;Colisão lateral;Com Vítimas Feridas;Pleno dia;Decrescente;Céu Claro;Dupla;Reta;Sim;92111.0;Motocicleta;YAMAHA/XTZ250 TENERE;2016.0;Condutor;Lesões Leves;43.0;Masculino;0.0;1.0;0.0;0.0;-5,85358756;-35,21088123;SPRF-RN;DEL01-RN;UOP01-DEL01-RN
52268.0;112124.0;2017-07-07;sexta-feira;08:00:00;RN;101.0;97;NATAL;Sim;Não guardar distância de segurança;1;Colisão lateral;Com Vítimas Feridas;Pleno dia;Decrescente;Céu Claro;Dupla;Reta;Sim;92110.0;Automóvel;VW/NOVO GOL 1.0 TRACK;2013.0;Condutor;Ileso;43.0;Masculino;1.0;0.0;0.0;0.0;-5,85358756;-35,21088123;SPRF-RN;DEL01-RN;UOP01-DEL01-RN
52274.0;111931.0;2017-04-24;segunda-feira;12:00:00;RN;101.0;95;NATAL;Sim;Falta de Atenção à Condução;1;Colisão traseira;Com Vítimas Feridas;Pleno dia;Crescente;Céu Claro;Dupla;Reta;Sim;91948.0;Motocicleta;HONDA/CG 125I FAN;2016.0;Condutor;Lesões Leves;23.0;Masculino;0.0;1.0;0.0;0.0;-5,83354884;-35,21234572;SPRF-RN;DEL01-RN;UOP01-DEL01-RN
52274.0;111932.0;2017-04-24;segunda-feira;12:00:00;RN;101.0;95;NATAL;Sim;Falta de Atenção à Condução;1;Colisão traseira;Com Vítimas Feridas;Pleno dia;Crescente;Céu Claro;Dupla;Reta;Sim;91949.0;Automóvel;HONDA/FIT LX;2008.0;Condutor;Ileso;47.0;Feminino;1.0;0.0;0.0;0.0;-5,83354884;-35,21234572;SPRF-RN;DEL01-RN;UOP01-DEL01-RN
52274.0;111936.0;2017-04-24;segunda-feira;12:00:00;RN;101.0;95;NATAL;Sim;Falta de Atenção à Condução;1;Colisão traseira;Com Vítimas Feridas;Pleno dia;Crescente;Céu Claro;Dupla;Reta;Sim;;;NA/NA;;Testemunha;Não Informado;;Não Informado;0.0;0.0;0.0;0.0;-5,83354884;-35,21234572;SPRF-RN;DEL01-RN;UOP01-DEL01-RN
52274.0;111938.0;2017-04-24;segunda-feira;12:00:00;RN;101.0;95;NATAL;Sim;Falta de Atenção à Condução;1;Colisão traseira;Com Vítimas Feridas;Pleno dia;Crescente;Céu Claro;Dupla;Reta;Sim;;;NA/NA;;Testemunha;Não Informado;;Não Informado;0.0;0.0;0.0;0.0;-5,83354884;-35,21234572;SPRF-RN;DEL01-RN;UOP01-DEL01-RN
52397.0;112263.0;2017-07-07;sexta-feira;17:30:00;RN;101.0;96,9;NATAL;Sim;Ingestão de Álcool;1;Atropelamento de Pedestre;Com Vítimas Feridas;Anoitecer;Crescente;Nublado;Múltipla;Reta;Sim;92260.0;Camioneta;JEEP/RENEGADE 1.8 AT;2017.0;Condutor;Ileso;56.0;Masculino;1.0;0.0;0.0;0.0;-5,853965;-35,211227;SPRF-RN;DEL01-RN;UOP01-DEL01-RN
52397.0;112266.0;2017-07-07;sexta-feira;17:30:00;RN;101.0;96,9;NATAL;Sim;Ingestão de Álcool;1;Atropelamento de Pedestre;Com Vítimas Feridas;Anoitecer;Crescente;Nublado;Múltipla;Reta;Sim;92261.0;Motocicleta;YAMAHA/YS150 FAZER SED;2014.0;Condutor;Lesões Leves;22.0;Masculino;0.0;1.0;0.0;0.0;-5,853965;-35,211227;SPRF-RN;DEL01-RN;UOP01-DEL01-RN
52397.0;112270.0;2017-07-07;sexta-feira;17:30:00;RN;101.0;96,9;NATAL;Sim;Ingestão de Álcool;1;Atropelamento de Pedestre;Com Vítimas Feridas;Anoitecer;Crescente;Nublado;Múltipla;Reta;Sim;92261.0;Motocicleta;YAMAHA/YS150 FAZER SED;2014.0;Passageiro;Lesões Graves;19.0;Feminino;0.0;0.0;1.0;0.0;-5,853965;-35,211227;SPRF-RN;DEL01-RN;UOP01-DEL01-RN
52397.0;112269.0;2017-07-07;sexta-feira;17:30:00;RN;101.0;96,9;NATAL;Sim;Ingestão de Álcool;1;Atropelamento de Pedestre;Com Vítimas Feridas;Anoitecer;Crescente;Nublado;Múltipla;Reta;Sim;;;NA/NA;;Pedestre;Lesões Graves;52.0;Masculino;0.0;0.0;1.0;0.0;-5,853965;-35,211227;SPRF-RN;DEL01-RN;UOP01-DEL01-RN