id;pesid;data_inversa;dia_semana;horario;uf;br;km;municipio;causa_principal;causa_acidente;ordem_tipo_acidente;tipo_acidente;classificacao_acidente;fase_dia;sentido_via;condicao_metereologica;tipo_pista;tracado_via;uso_solo;id_veiculo;tipo_veiculo;marca;ano_fabricacao_veiculo;tipo_envolvido;estado_fisico;idade;sexo;ilesos;feridos_leves;feridos_graves;mortos;latitude;longitude;regional;delegacia;uop
65903.0;143638.0;2017-08-28;segunda-feira;19:00:00;RN;101.0;85,8;NATAL;Sim;Não guardar distância de segurança;1;Colisão traseira;Sem Vítimas;Plena Noite;Decrescente;Céu Claro;Dupla;Ponte;Sim;117942.0;Automóvel;CHEVROLET/CELTA 1.0L LT;2013.0;Condutor;Ileso;27.0;Feminino;1.0;0.0;0.0;0.0;-5,78914626;-35,20534515;SPRF-RN;DEL02-RN;UOP01-DEL02-RN
65903.0;143633.0;2017-08-28;segunda-feira;19:00:00;RN;101.0;85,8;NATAL;Sim;Não guardar distância de segurança;1;Colisão traseira;Sem Vítimas;Plena Noite;Decrescente;Céu Claro;Dupla;Ponte;Sim;117941.0;Automóvel;GM/MERIVA JOY;2008.0;Condutor;Ileso;69.0;Masculino;1.0;0.0;0.0;0.0;-5,78914626;-35,20534515;SPRF-RN;DEL02-RN;UOP01-DEL02-RN
65903.0;143682.0;2017-08-28;segunda-feira;19:00:00;RN;101.0;85,8;NATAL;Sim;Não guardar distância de segurança;1;Colisão traseira;Sem Vítimas;Plena Noite;Decrescente;Céu Claro;Dupla;Ponte;Sim;117946.0;Automóvel;CHEV/PRISMA 1.4MT LTZ;2014.0;Condutor;Ileso;25.0;Feminino;1.0;0.0;0.0;0.0;-5,78914626;-35,20534515;SPRF-RN;DEL02-RN;UOP01-DEL02-RN
65903.0;143685.0;2017-08-28;segunda-feira;19:00:00;RN;101.0;85,8;NATAL;Sim;Não guardar distância de segurança;1;Colisão traseira;Sem Vítimas;Plena Noite;Decrescente;Céu Claro;Dupla;Ponte;Sim;117947.0;Automóvel;GM/ASTRA HB 2P ADVANTAGE;2007.0;Condutor;Ileso;47.0;Masculino;1.0;0.0;0.0;0.0;-5,78914626;-35,20534515;SPRF-RN;DEL02-RN;UOP01-DEL02-RN
66006.0;144547.0;2017-08-29;terça-feira;10:10:00;RN;226.0;1,8;NATAL;Sim;Falta de Atenção à Condução;1;Colisão transversal;Com Vítimas Feridas;Pleno dia;Crescente;Céu Claro;Dupla;Reta;Sim;117060.0;Camioneta;I/HONDA CR-V EXL FLEX;2013.0;Condutor;Ileso;52.0;Masculino;1.0;0.0;0.0;0.0;-5,812122;-35,245665;SPRF-RN;DEL01-RN;UOP02-DEL01-RN
66006.0;144551.0;2017-08-29;terça-feira;10:10:00;RN;226.0;1,8;NATAL;Sim;Falta de Atenção à Condução;1;Colisão transversal;Com Vítimas Feridas;Pleno dia;Crescente;Céu Claro;Dupla;Reta;Sim;117061.0;Motocicleta;HONDA/CB 300R;2012.0;Condutor;Lesões Graves;25.0;Masculino;0.0;0.0;1.0;0.0;-5,812122;-35,245665;SPRF-RN;DEL01-RN;UOP02-DEL01-RN
66172.0;142707.0;2017-08-30;quarta-feira;02:40:00;RN;101.0;95,6;NATAL;Sim;Falta de Atenção à Condução;1;Capotamento;Sem Vítimas;Plena Noite;Crescente;Céu Claro;Múltipla;Curva;Sim;117162.0;Automóvel;FORD/KA SE 1.0 HA B;2016.0;Condutor;Ileso;31.0;Feminino;1.0;0.0;0.0;0.0;-5,8454174;-35,20876229;SPRF-RN;DEL01-RN;UOP01-DEL01-RN
66978.0;144477.0;2017-09-02;sábado;09:20:00;RN;101.0;99,3;NATAL;Sim;Não guardar distância de segurança;1;Colisão traseira;Com Vítimas Feridas;Pleno dia;Decrescente;Céu Claro;Múltipla;Reta;Sim;118697.0;Automóvel;HONDA/FIT LX FLEX;2008.0;Condutor;Ileso;68.0;Masculino;1.0;0.0;0.0;0.0;-5,87511032;-35,22186021;SPRF-RN;DEL01-RN;UOP01-DEL01-RN
66978.0;144481.0;2017-09-02;sábado;09:20:00;RN;101.0;99,3;NATAL;Sim;Não guardar distância de segurança;1;Colisão traseira;Com Vítimas Feridas;Pleno dia;Decrescente;Céu Claro;Múltipla;Reta;Sim;118698.0;Motocicleta;YAMAHA/FACTOR YBR125 K;2008.0;Condutor;Lesões Leves;40.0;Masculino;0.0;1.0;0.0;0.0;-5,87511032;-35,22186021;SPRF-RN;DEL01-RN;UOP01-DEL01-RN
67093.0;144734.0;2017-09-02;sábado;17:10:00;RN;101.0;79,8;NATAL;Sim;Restrição de Visibilidade;1;Colisão transversal;Com Vítimas Feridas;Plena Noite;Crescente;Céu Claro;Dupla;Viaduto;Sim;118904.0;Automóvel;GM/CELTA 4P LIFE;2009.0;Condutor;Ileso;41.0;Masculino;1.0;0.0;0.0;0.0;-5,75354162;-35,288845;SPRF-RN;DEL02-RN;UOP01-DEL02-RN
67093.0;144736.0;2017-09-02;sábado;17:10:00;RN;101.0;79,8;NATAL;Sim;Restrição de Visibilidade;1;Colisão transversal;Com Vítimas Feridas;Plena Noite;Crescente;Céu Claro;Dupla;Viaduto;Sim;118905.0;Motocicleta;I/SHINERAY XY 150 5;2011.0;Condutor;Lesões Graves;40.0;Masculino;0.0;0.0;1.0;0.0;-5,75354162;-35,288845;SPRF-RN;DEL02-RN;UOP01-DEL02-RN
67532.0;147449.0;2017-09-04;segunda-feira;03:00:00;RN;101.0;82;NATAL;Sim;Falta de Atenção à Condução;1;Colisão traseira;Sem Vítimas;Plena Noite;Decrescente;Céu Claro;Dupla;Reta;Sim;121124.0;Automóvel;I/RENAULT CLIO EXP1016VH;2014.0;Condutor;Ileso;40.0;Masculino;1.0;0.0;0.0;0.0;-5,77062868;-35,26750028;SPRF-RN;DEL02-RN;UOP01-DEL02-RN
67532.0;147451.0;2017-09-04;segunda-feira;03:00:00;RN;101.0;82;NATAL;Sim;Falta de Atenção à Condução;1;Colisão traseira;Sem Vítimas;Plena Noite;Decrescente;Céu Claro;Dupla;Reta;Sim;121125.0;Automóvel;RENAULT/SANDERO EXPR 10;2015.0;Condutor;Ileso;55.0;Masculino;1.0;0.0;0.0;0.0;-5,77062868;-35,26750028;SPRF-RN;DEL02-RN;UOP01-DEL02-RN
67687.0;145874.0;2017-09-04;segunda-feira;11:25:00;RN;101.0;95,9;NATAL;Sim;Falta de Atenção à Condução;1;Colisão lateral;Com Vítimas Feridas;Pleno dia;Decrescente;Sol;Múltipla;Retorno Regulamentado;Sim;119926.0;Motocicleta;HONDA/CBX 250 TWISTER;2003.0;Condutor;Lesões Leves;21.0;Masculino;0.0;1.0;0.0;0.0;-5,84718912;-35,20825803;SPRF-RN;DEL01-RN;UOP01-DEL01-RN
67687.0;145880.0;2017-09-04;segunda-feira;11:25:00;RN;101.0;95,9;NATAL;Sim;Falta de Atenção à Condução;1;Colisão lateral;Com Vítimas Feridas;Pleno dia;Decrescente;Sol;Múltipla;Retorno Regulamentado;Sim;119926.0;Motocicleta;HONDA/CBX 250 TWISTER;2003.0;Passageiro;Lesões Leves;21.0;Feminino;0.0;1.0;0.0;0.0;-5,84718912;-35,20825803;SPRF-RN;DEL01-RN;UOP01-DEL01-RN
67687.0;145877.0;2017-09-04;segunda-feira;11:25:00;RN;101.0;95,9;NATAL;Sim;Falta de Atenção à Condução;1;Colisão lateral;Com Vítimas Feridas;Pleno dia;Decrescente;Sol;Múltipla;Retorno Regulamentado;Sim;119927.0;Caminhão-trator;VOLVO/FH 440 4X2T;2009.0;Condutor;Ileso;41.0;Masculino;1.0;0.0;0.0;0.0;-5,84718912;-35,20825803;SPRF-RN;DEL01-RN;UOP01-DEL01-RN
67687.0;;2017-09-04;segunda-feira;11:25:00;RN;101.0;95,9;NATAL;Sim;Falta de Atenção à Condução;1;Colisão lateral;Com Vítimas Feridas;Pleno dia;Decrescente;Sol;Múltipla;Retorno Regulamentado;Sim;119987.0;Semireboque;REB/TRES EIXOS;1995.0;;;;;;;;;-5,84718912;-35,20825803;SPRF-RN;DEL01-RN;UOP01-DEL01-RN
68147.0;151039.0;2017-09-06;quarta-feira;13:00:00;RN;226.0;4,3;NATAL;Sim;Falta de Atenção à Condução;1;Colisão lateral;Sem Vítimas;Pleno dia;Crescente;Céu Claro;Simples;Reta;Sim;120844.0;Caminhão;M.BENZ/L 1313;1981.0;Condutor;Ileso;62.0;Masculino;1.0;0.0;0.0;0.0;-5,819107;-35,262898;SPRF-RN;DEL01-RN;UOP02-DEL01-RN
68147.0;151040.0;2017-09-06;quarta-feira;13:00:00;RN;226.0;4,3;NATAL;Sim;Falta de Atenção à Condução;1;Colisão lateral;Sem Vítimas;Pleno dia;Crescente;Céu Claro;Simples;Reta;Sim;120845.0;Caminhonete;FORD/PAMPA 1.8 GL;1993.0;Condutor;Não Informado;;Não Informado;0.0;0.0;0.0;0.0;-5,819107;-35,262898;SPRF-RN;DEL01-RN;UOP02-DEL01-RN
68319.0;149072.0;2017-09-07;quinta-feira;06:20:00;RN;101.0;95;NATAL;Sim;Ingestão de Álcool;1;Colisão com objeto estático;Sem Vítimas;Pleno dia;Decrescente;Chuva;Múltipla;Reta;Sim;122529.0;Automóvel;HYUNDAI/HB20S 1.0M 1.0M;2013.0;Condutor;Ileso;26.0;Masculino;1.0;0.0;0.0;0.0;-5,834176;-35,212017;SPRF-RN;DEL01-RN;UOP01-DEL01-RN
68459.0;159139.0;2017-09-07;quinta-feira;18:10:00;RN;226.0;5;NATAL;Sim;Animais na Pista;1;Atropelamento de Animal;Com Vítimas Feridas;Anoitecer;Crescente;Céu Claro;Simples;Reta;Sim;130872.0;Motocicleta;HONDA/CG 125 FAN KS;2011.0;Condutor;Lesões Leves;53.0;Masculino;0.0;1.0;0.0;0.0;-5,8208;-35,2683;SPRF-RN;DEL01-RN;UOP02-DEL01-RN
68746.0;148237.0;2017-09-08;sexta-feira;19:30:00;RN;226.0;4,5;NATAL;Sim;Falta de Atenção à Condução;1;Colisão transversal;Com Vítimas Feridas;Plena Noite;Crescente;Céu Claro;Simples;Reta;Sim;121838.0;Motocicleta;YAMAHA/FAZER250 BLUEFLEX;2016.0;Condutor;Lesões Leves;24.0;Masculino;0.0;1.0;0.0;0.0;-5,81949196;-35,26022851;SPRF-RN;DEL01-RN;UOP02-DEL01-RN
68746.0;148236.0;2017-09-08;sexta-feira;19:30:00;RN;226.0;4,5;NATAL;Sim;Falta de Atenção à Condução;1;Colisão transversal;Com Vítimas Feridas;Plena Noite;Crescente;Céu Claro;Simples;Reta;Sim;121837.0;Automóvel;GM/KADETT SL EFI;1993.0;Condutor;Ileso;55.0;Masculino;1.0;0.0;0.0;0.0;-5,81949196;-35,26022851;SPRF-RN;DEL01-RN;UOP02-DEL01-RN
68775.0;148299.0;2017-09-08;sexta-feira;21:40:00;RN;101.0;83,5;NATAL;Sim;Falta de Atenção à Condução;1;Tombamento;Com Vítimas Feridas;Plena Noite;Decrescente;Garoa/Chuvisco;Dupla;Reta;Sim;121907.0;Motocicleta;HONDA/CG 160 TITAN EX;2017.0;Condutor;Lesões Leves;21.0;Feminino;0.0;1.0;0.0;0.0;-5,77114949;-35,26605135;SPRF-RN;DEL02-RN;UOP01-DEL02-RN
68775.0;153814.0;2017-09-08;sexta-feira;21:40:00;RN;101.0;83,5;NATAL;Sim;Falta de Atenção à Condução;1;Tombamento;Com Vítimas Feridas;Plena Noite;Decrescente;Garoa/Chuvisco;Dupla;Reta;Sim;121906.0;Motocicleta;Não Informado/Não Informado;0.0;Condutor;Não Informado;;Não Informado;0.0;0.0;0.0;0.0;-5,77114949;-35,26605135;SPRF-RN;DEL02-RN;UOP01-DEL02-RN
68775.0;153815.0;2017-09-08;sexta-feira;21:40:00;RN;101.0;83,5;NATAL;Sim;Falta de Atenção à Condução;1;Tombamento;Com Vítimas Feridas;Plena Noite;Decrescente;Garoa/Chuvisco;Dupla;Reta;Sim;126418.0;Automóvel;Não Informado/Não Informado;0.0;Condutor;Não Informado;;Não Informado;0.0;0.0;0.0;0.0;-5,77114949;-35,26605135;SPRF-RN;DEL02-RN;UOP01-DEL02-RN
68775.0;148299.0;2017-09-08;sexta-feira;21:40:00;RN;101.0;83,5;NATAL;Sim;Falta de Atenção à Condução;2;Colisão traseira;Com Vítimas Feridas;Plena Noite;Decrescente;Garoa/Chuvisco;Dupla;Reta;Sim;121907.0;Motocicleta;HONDA/CG 160 TITAN EX;2017.0;Condutor;Lesões Leves;21.0;Feminino;0.0;1.0;0.0;0.0;-5,77114949;-35,26605135;SPRF-RN;DEL02-RN;UOP01-DEL02-RN
68775.0;153814.0;2017-09-08;sexta-feira;21:40:00;RN;101.0;83,5;NATAL;Sim;Falta de Atenção à Condução;2;Colisão traseira;Com Vítimas Feridas;Plena Noite;Decrescente;Garoa/Chuvisco;Dupla;Reta;Sim;121906.0;Motocicleta;Não Informado/Não Informado;0.0;Condutor;Não Informado;;Não Informado;0.0;0.0;0.0;0.0;-5,77114949;-35,26605135;SPRF-RN;DEL02-RN;UOP01-DEL02-RN
68775.0;153815.0;2017-09-08;sexta-feira;21:40:00;RN;101.0;83,5;NATAL;Sim;Falta de Atenção à Condução;2;Colisão traseira;Com Vítimas Feridas;Plena Noite;Decrescente;Garoa/Chuvisco;Dupla;Reta;Sim;126418.0;Automóvel;Não Informado/Não Informado;0.0;Condutor;Não Informado;;Não Informado;0.0;0.0;0.0;0.0;-5,77114949;-35,26605135;SPRF-RN;DEL02-RN;UOP01-DEL02-RN
69344.0;149552.0;2017-09-11;segunda-feira;00:20:00;RN;101.0;83,3;NATAL;Sim;Ingestão de Álcool;1;Colisão traseira;Com Vítimas Feridas;Plena Noite;Decrescente;Chuva;Dupla;Reta;Sim;122882.0;Automóvel;FIAT/SIENA ESSENCE 1.6;2011.0;Condutor;Ileso;23.0;Masculino;1.0;0.0;0.0;0.0;-5,77052971;-35,26771079;SPRF-RN;DEL02-RN;UOP01-DEL02-RN
69344.0;149556.0;2017-09-11;segunda-feira;00:20:00;RN;101.0;83,3;NATAL;Sim;Ingestão de Álcool;1;Colisão traseira;Com Vítimas Feridas;Plena Noite;Decrescente;Chuva;Dupla;Reta;Sim;122883.0;Ciclomotor;MOTO TRAXX/JL50Q-8;2016.0;Condutor;Lesões Leves;43.0;Masculino;0.0;1.0;0.0;0.0;-5,77052971;-35,26771079;SPRF-RN;DEL02-RN;UOP01-DEL02-RN
69492.0;156650.0;2017-09-11;segunda-feira;17:00:00;RN;226.0;2;NATAL;Sim;Falta de Atenção à Condução;1;Colisão transversal;Com Vítimas Feridas;Anoitecer;Crescente;Céu Claro;Dupla;Interseção de Vias;Sim;124791.0;Motocicleta;HONDA/CG 150 TITAN KS;2004.0;Condutor;Lesões Graves;21.0;Masculino;0.0;0.0;1.0;0.0;-5,81551071;-35,24861187;SPRF-RN;DEL01-RN;UOP02-DEL01-RN
69492.0;156651.0;2017-09-11;segunda-feira;17:00:00;RN;226.0;2;NATAL;Sim;Falta de Atenção à Condução;1;Colisão transversal;Com Vítimas Feridas;Anoitecer;Crescente;Céu Claro;Dupla;Interseção de Vias;Sim;124792.0;Automóvel;CHEVROLET/CLASSIC LS;2013.0;Condutor;Ileso;37.0;Masculino;1.0;0.0;0.0;0.0;-5,81551071;-35,24861187;SPRF-RN;DEL01-RN;UOP02-DEL01-RN
69780.0;150597.0;2017-02-19;domingo;12:00:00;RN;101.0;71,3;NATAL;Sim;Falta de Atenção à Condução;1;Engavetamento;Com Vítimas Feridas;Pleno dia;Decrescente;Céu Claro;Simples;Reta;Não;123714.0;Automóvel;VW/GOL 1.6;2012.0;Condutor;Ileso;32.0;Masculino;1.0;0.0;0.0;0.0;-5,6902222;-35,26300926;SPRF-RN;DEL02-RN;UOP01-DEL02-RN
69780.0;150598.0;2017-02-19;domingo;12:00:00;RN;101.0;71,3;NATAL;Sim;Falta de Atenção à Condução;1;Engavetamento;Com Vítimas Feridas;Pleno dia;Decrescente;Céu Claro;Simples;Reta;Não;123715.0;Caminhonete;VW/SAVEIRO 1.6 CS;2011.0;Condutor;Ileso;60.0;Masculino;1.0;0.0;0.0;0.0;-5,6902222;-35,26300926;SPRF-RN;DEL02-RN;UOP01-DEL02-RN
69780.0;150599.0;2017-02-19;domingo;12:00:00;RN;101.0;71,3;NATAL;Sim;Falta de Atenção à Condução;1;Engavetamento;Com Vítimas Feridas;Pleno dia;Decrescente;Céu Claro;Simples;Reta;Não;123716.0;Automóvel;FORD/FIESTA 1.6 FLEX;2013.0;Condutor;Ileso;30.0;Masculino;1.0;0.0;0.0;0.0;-5,6902222;-35,26300926;SPRF-RN;DEL02-RN;UOP01-DEL02-RN
69780.0;150600.0;2017-02-19;domingo;12:00:00;RN;101.0;71,3;NATAL;Sim;Falta de Atenção à Condução;1;Engavetamento;Com Vítimas Feridas;Pleno dia;Decrescente;Céu Claro;Simples;Reta;Não;123717.0;Automóvel;PEUGEOT/207HB XR S;2009.0;Condutor;Ileso;25.0;Masculino;1.0;0.0;0.0;0.0;-5,6902222;-35,26300926;SPRF-RN;DEL02-RN;UOP01-DEL02-RN
69780.0;150601.0;2017-02-19;domingo;12:00:00;RN;101.0;71,3;NATAL;Sim;Falta de Atenção à Condução;1;Engavetamento;Com Vítimas Feridas;Pleno dia;Decrescente;Céu Claro;Simples;Reta;Não;123718.0;Motocicleta;HONDA/POP100;2011.0;Condutor;Lesões Graves;40.0;Masculino;0.0;0.0;1.0;0.0;-5,6902222;-35,26300926;SPRF-RN;DEL02-RN;UOP01-DEL02-RN
69780.0;150604.0;2017-02-19;domingo;12:00:00;RN;101.0;71,3;NATAL;Sim;Falta de Atenção à Condução;1;Engavetamento;Com Vítimas Feridas;Pleno dia;Decrescente;Céu Claro;Simples;Reta;Não;123718.0;Motocicleta;HONDA/POP100;2011.0;Passageiro;Lesões Graves;25.0;Masculino;0.0;0.0;1.0;0.0;-5,6902222;-35,26300926;SPRF-RN;DEL02-RN;UOP01-DEL02-RN
69780.0;150602.0;2017-02-19;domingo;12:00:00;RN;101.0;71,3;NATAL;Sim;Falta de Atenção à Condução;1;Engavetamento;Com Vítimas Feridas;Pleno dia;Decrescente;Céu Claro;Simples;Reta;Não;123719.0;Automóvel;Não Informado/Não Informado;0.0;Condutor;Não Informado;;Não Informado;0.0;0.0;0.0;0.0;-5,6902222;-35,26300926;SPRF-RN;DEL02-RN;UOP01-DEL02-RN
70368.0;152194.0;2017-09-15;sexta-feira;15:30:00;RN;101.0;96;NATAL;Sim;Desobediência às normas de trânsito pelo condutor;1;Colisão lateral;Com Vítimas Feridas;Pleno dia;Decrescente;Céu Claro;Dupla;Interseção de Vias;Sim;124969.0;Automóvel;FIAT/PALIO SPORTING 1.6;2014.0;Condutor;Ileso;33.0;Masculino;1.0;0.0;0.0;0.0;-5,8482;-35,2086;SPRF-RN;DEL01-RN;UOP01-DEL01-RN
70368.0;152197.0;2017-09-15;sexta-feira;15:30:00;RN;101.0;96;NATAL;Sim;Desobediência às normas de trânsito pelo condutor;1;Colisão lateral;Com Vítimas Feridas;Pleno dia;Decrescente;Céu Claro;Dupla;Interseção de Vias;Sim;124970.0;Motocicleta;HONDA/CG 125 FAN KS;2010.0;Condutor;Lesões Leves;34.0;Masculino;0.0;1.0;0.0;0.0;-5,8482;-35,2086;SPRF-RN;DEL01-RN;UOP01-DEL01-RN
70976.0;155095.0;2017-09-17;domingo;15:50:00;RN;226.0;0,2;NATAL;Sim;Desobediência às normas de trânsito pelo condutor;1;Colisão transversal;Com Vítimas Feridas;Pleno dia;Crescente;Céu Claro;Simples;Reta;Sim;127458.0;Automóvel;VW/GOL CITY MB;2014.0;Condutor;Ileso;41.0;Masculino;1.0;0.0;0.0;0.0;-5,801973;-35,238053;SPRF-RN;DEL01-RN;UOP02-DEL01-RN
70976.0;155096.0;2017-09-17;domingo;15:50:00;RN;226.0;0,2;NATAL;Sim;Desobediência às normas de trânsito pelo condutor;1;Colisão transversal;Com Vítimas Feridas;Pleno dia;Crescente;Céu Claro;Simples;Reta;Sim;127461.0;Motocicleta;HONDA/CG 160 START;2016.0;Condutor;Lesões Leves;42.0;Masculino;0.0;1.0;0.0;0.0;-5,801973;-35,238053;SPRF-RN;DEL01-RN;UOP02-DEL01-RN
71211.0;156213.0;2017-09-18;segunda-feira;12:25:00;RN;101.0;95,3;NATAL;Sim;Falta de Atenção à Condução;1;Colisão transversal;Sem Vítimas;Pleno dia;Crescente;Céu Claro;Dupla;Reta;Sim;126462.0;Automóvel;VW/FOX 1.0;2007.0;Condutor;Ileso;25.0;Masculino;1.0;0.0;0.0;0.0;-5,8395;-35,211;SPRF-RN;DEL01-RN;UOP01-DEL01-RN
71211.0;156214.0;2017-09-18;segunda-feira;12:25:00;RN;101.0;95,3;NATAL;Sim;Falta de Atenção à Condução;1;Colisão transversal;Sem Vítimas;Pleno dia;Crescente;Céu Claro;Dupla;Reta;Sim;126463.0;Ônibus;VW/15.190 EOD E.S.ORE;2012.0;Condutor;Ileso;53.0;Masculino;1.0;0.0;0.0;0.0;-5,8395;-35,211;SPRF-RN;DEL01-RN;UOP01-DEL01-RN
71549.0;154529.0;2017-09-19;terça-feira;22:15:00;RN;101.0;98,2;NATAL;Sim;Falta de Atenção à Condução;1;Colisão lateral;Com Vítimas Feridas;Plena Noite;Decrescente;Garoa/Chuvisco;Dupla;Reta;Sim;126991.0;Automóvel;TOYOTA/COROLLA ALTIS20FX;2012.0;Condutor;Ileso;64.0;Masculino;1.0;0.0;0.0;0.0;-5,86632006;-35,21702003;SPRF-RN;DEL01-RN;UOP01-DEL01-RN
71549.0;154531.0;2017-09-19;terça-feira;22:15:00;RN;101.0;98,2;NATAL;Sim;Falta de Atenção à Condução;1;Colisão lateral;Com Vítimas Feridas;Plena Noite;Decrescente;Garoa/Chuvisco;Dupla;Reta;Sim;126992.0;Motocicleta;HONDA/CG 125 FAN KS;2014.0;Condutor;Lesões Leves;22.0;Masculino;0.0;1.0;0.0;0.0;-5,86632006;-35,21702003;SPRF-RN;DEL01-RN;UOP01-DEL01-RN
71549.0;154534.0;2017-09-19;terça-feira;22:15:00;RN;101.0;98,2;NATAL;Sim;Falta de Atenção à Condução;1;Colisão lateral;Com Vítimas Feridas;Plena Noite;Decrescente;Garoa/Chuvisco;Dupla;Reta;Sim;;;NA/NA;;Testemunha;Não Informado;;Não Informado;0.0;0.0;0.0;0.0;-5,86632006;-35,21702003;SPRF-RN;DEL01-RN;UOP01-DEL01-RN
71760.0;156997.0;2017-09-20;quarta-feira;21:50:00;RN;101.0;95,1;NATAL;Sim;Não guardar distância de segurança;1;Colisão traseira;Com Vítimas Feridas;Plena Noite;Crescente;Céu Claro;Múltipla;Reta;Sim;127454.0;Motocicleta;HONDA/XRE 190;2016.0;Condutor;Lesões Graves;38.0;Masculino;0.0;0.0;1.0;0.0;-5,83993044;-35,21077126;SPRF-RN;DEL01-RN;UOP01-DEL01-RN
71760.0;156999.0;2017-09-20;quarta-feira;21:50:00;RN;101.0;95,1;NATAL;Sim;Não guardar distância de segurança;1;Colisão traseira;Com Vítimas Feridas;Plena Noite;Crescente;Céu Claro;Múltipla;Reta;Sim;127455.0;Camioneta;HYUNDAI/TUCSON GLB;2011.0;Condutor;Ileso;48.0;Masculino;1.0;0.0;0.0;0.0;-5,83993044;-35,21077126;SPRF-RN;DEL01-RN;UOP01-DEL01-RN
71760.0;157008.0;2017-09-20;quarta-feira;21:50:00;RN;101.0;95,1;NATAL;Sim;Não guardar distância de segurança;1;Colisão traseira;Com Vítimas Feridas;Plena Noite;Crescente;Céu Claro;Múltipla;Reta;Sim;;;NA/NA;;Testemunha;Não Informado;;Não Informado;0.0;0.0;0.0;0.0;-5,83993044;-35,21077126;SPRF-RN;DEL01-RN;UOP01-DEL01-RN
71947.0;155542.0;2017-09-21;quinta-feira;17:35:00;RN;101.0;99;NATAL;Sim;Defeito na Via;1;Atropelamento de Pedestre;Com Vítimas Feridas;Plena Noite;Crescente;Céu Claro;Dupla;"Reta;Aclive";Sim;127767.0;Motocicleta;Não Informado/Não Informado;0.0;Condutor;Não Informado;;Não Informado;0.0;0.0;0.0;0.0;-5,8667791;-35,2172032;SPRF-RN;DEL01-RN;UOP01-DEL01-RN
71947.0;155546.0;2017-09-21;quinta-feira;17:35:00;RN;101.0;99;NATAL;Sim;Defeito na Via;1;Atropelamento de Pedestre;Com Vítimas Feridas;Plena Noite;Crescente;Céu Claro;Dupla;"Reta;Aclive";Sim;;;NA/NA;;Pedestre;Lesões Leves;71.0;Feminino;0.0;1.0;0.0;0.0;-5,8667791;-35,2172032;SPRF-RN;DEL01-RN;UOP01-DEL01-RN
72100.0;158242.0;2017-09-22;sexta-feira;07:30:00;RN;226.0;12;NATAL;Sim;Falta de Atenção à Condução;1;Colisão transversal;Com Vítimas Feridas;Pleno dia;Crescente;Céu Claro;Simples;Reta;Sim;128479.0;Motocicleta;HONDA/CG 125 FAN ES;2009.0;Condutor;Lesões Leves;30.0;Masculino;0.0;1.0;0.0;0.0;-5,84793623;-35,30971527;SPRF-RN;DEL01-RN;UOP02-DEL01-RN
72100.0;158246.0;2017-09-22;sexta-feira;07:30:00;RN;226.0;12;NATAL;Sim;Falta de Atenção à Condução;1;Colisão transversal;Com Vítimas Feridas;Pleno dia;Crescente;Céu Claro;Simples;Reta;Sim;128479.0;Motocicleta;HONDA/CG 125 FAN ES;2009.0;Passageiro;Lesões Leves;18.0;Masculino;0.0;1.0;0.0;0.0;-5,84793623;-35,30971527;SPRF-RN;DEL01-RN;UOP02-DEL01-RN
72100.0;158239.0;2017-09-22;sexta-feira;07:30:00;RN;226.0;12;NATAL;Sim;Falta de Atenção à Condução;1;Colisão transversal;Com Vítimas Feridas;Pleno dia;Crescente;Céu Claro;Simples;Reta;Sim;128478.0;Automóvel;VW/GOL 1.0;2011.0;Condutor;Ileso;27.0;Feminino;1.0;0.0;0.0;0.0;-5,84793623;-35,30971527;SPRF-RN;DEL01-RN;UOP02-DEL01-RN
73341.0;158844.0;2017-09-27;quarta-feira;07:30:00;RN;101.0;80,2;NATAL;Sim;Falta de Atenção à Condução;1;Colisão lateral;Com Vítimas Feridas;Pleno dia;Decrescente;Nublado;Dupla;Curva;Sim;130342.0;Automóvel;VW/FOX 1.0;2007.0;Condutor;Ileso;37.0;Masculino;1.0;0.0;0.0;0.0;-5,76181986;-35,28713644;SPRF-RN;DEL02-RN;UOP01-DEL02-RN
73341.0;158846.0;2017-09-27;quarta-feira;07:30:00;RN;101.0;80,2;NATAL;Sim;Falta de Atenção à Condução;1;Colisão lateral;Com Vítimas Feridas;Pleno dia;Decrescente;Nublado;Dupla;Curva;Sim;130343.0;Motocicleta;YAMAHA/FACTOR YBR125 K;2011.0;Condutor;Lesões Leves;28.0;Masculino;0.0;1.0;0.0;0.0;-5,76181986;-35,28713644;SPRF-RN;DEL02-RN;UOP01-DEL02-RN
73341.0;158844.0;2017-09-27;quarta-feira;07:30:00;RN;101.0;80,2;NATAL;Sim;Falta de Atenção à Condução;2;Tombamento;Com Vítimas Feridas;Pleno dia;Decrescente;Nublado;Dupla;Curva;Sim;130342.0;Automóvel;VW/FOX 1.0;2007.0;Condutor;Ileso;37.0;Masculino;1.0;0.0;0.0;0.0;-5,76181986;-35,28713644;SPRF-RN;DEL02-RN;UOP01-DEL02-RN
73341.0;158846.0;2017-09-27;quarta-feira;07:30:00;RN;101.0;80,2;NATAL;Sim;Falta de Atenção à Condução;2;Tombamento;Com Vítimas Feridas;Pleno dia;Decrescente;Nublado;Dupla;Curva;Sim;130343.0;Motocicleta;YAMAHA/FACTOR YBR125 K;2011.0;Condutor;Lesões Leves;28.0;Masculino;0.0;1.0;0.0;0.0;-5,76181986;-35,28713644;SPRF-RN;DEL02-RN;UOP01-DEL02-RN
73345.0;158626.0;2017-09-27;quarta-feira;07:40:00;RN;226.0;3,6;NATAL;Sim;Desobediência às normas de trânsito pelo condutor;1;Colisão transversal;Com Vítimas Feridas;Pleno dia;Crescente;Céu Claro;Simples;Reta;Sim;130428.0;Caminhonete;MMC/L200 4X4 GL;2000.0;Condutor;Ileso;51.0;Masculino;1.0;0.0;0.0;0.0;-5,81617248;-35,27435303;SPRF-RN;DEL01-RN;UOP02-DEL01-RN