id;pesid;data_inversa;dia_semana;horario;uf;br;km;municipio;causa_principal;causa_acidente;ordem_tipo_acidente;tipo_acidente;classificacao_acidente;fase_dia;sentido_via;condicao_metereologica;tipo_pista;tracado_via;uso_solo;id_veiculo;tipo_veiculo;marca;ano_fabricacao_veiculo;tipo_envolvido;estado_fisico;idade;sexo;ilesos;feridos_leves;feridos_graves;mortos;latitude;longitude;regional;delegacia;uop
73345.0;158624.0;2017-09-27;quarta-feira;07:40:00;RN;226.0;3,6;NATAL;Sim;Desobediência às normas de trânsito pelo condutor;1;Colisão transversal;Com Vítimas Feridas;Pleno dia;Crescente;Céu Claro;Simples;Reta;Sim;130427.0;Motocicleta;HONDA/CG150 FAN ESDI;2013.0;Condutor;Lesões Graves;22.0;Masculino;0.0;0.0;1.0;0.0;-5,81617248;-35,27435303;SPRF-RN;DEL01-RN;UOP02-DEL01-RN
73666.0;159232.0;2017-09-28;quinta-feira;13:15:00;RN;101.0;86;NATAL;Sim;Falta de Atenção do Pedestre;1;Atropelamento de Pedestre;Com Vítimas Feridas;Pleno dia;Decrescente;Céu Claro;Dupla;Curva;Sim;130957.0;Motocicleta;YAMAHA/YBR 125K;2008.0;Condutor;Ileso;29.0;Masculino;1.0;0.0;0.0;0.0;-5,783;-35,2472;SPRF-RN;DEL02-RN;UOP01-DEL02-RN
73666.0;159447.0;2017-09-28;quinta-feira;13:15:00;RN;101.0;86;NATAL;Sim;Falta de Atenção do Pedestre;1;Atropelamento de Pedestre;Com Vítimas Feridas;Pleno dia;Decrescente;Céu Claro;Dupla;Curva;Sim;;;NA/NA;;Pedestre;Lesões Leves;62.0;Feminino;0.0;1.0;0.0;0.0;-5,783;-35,2472;SPRF-RN;DEL02-RN;UOP01-DEL02-RN
73942.0;162438.0;2017-09-29;sexta-feira;13:30:00;RN;101.0;99,9;NATAL;Sim;Falta de Atenção à Condução;1;Colisão lateral;Sem Vítimas;Pleno dia;Crescente;Céu Claro;Simples;Reta;Sim;131706.0;Camioneta;RENAULT/DUSTER 20 D 4X2;2013.0;Condutor;Ileso;41.0;Masculino;1.0;0.0;0.0;0.0;-5,87973089;-35,2249806;SPRF-RN;DEL01-RN;UOP01-DEL01-RN
73942.0;162439.0;2017-09-29;sexta-feira;13:30:00;RN;101.0;99,9;NATAL;Sim;Falta de Atenção à Condução;1;Colisão lateral;Sem Vítimas;Pleno dia;Crescente;Céu Claro;Simples;Reta;Sim;133697.0;Automóvel;VW/POLO SEDAN 1.6;2004.0;Condutor;Ileso;33.0;Masculino;1.0;0.0;0.0;0.0;-5,87973089;-35,2249806;SPRF-RN;DEL01-RN;UOP01-DEL01-RN
74530.0;162517.0;2017-09-30;sábado;23:30:00;RN;101.0;97;NATAL;Sim;Falta de Atenção à Condução;1;Capotamento;Com Vítimas Feridas;Plena Noite;Decrescente;Céu Claro;Dupla;Viaduto;Sim;132255.0;Automóvel;RENAULT/LOGAN EXPR 1016V;2015.0;Passageiro;Lesões Leves;35.0;Masculino;0.0;1.0;0.0;0.0;-5,8565;-35,2123;SPRF-RN;DEL01-RN;UOP01-DEL01-RN
74530.0;162522.0;2017-09-30;sábado;23:30:00;RN;101.0;97;NATAL;Sim;Falta de Atenção à Condução;1;Capotamento;Com Vítimas Feridas;Plena Noite;Decrescente;Céu Claro;Dupla;Viaduto;Sim;132255.0;Automóvel;RENAULT/LOGAN EXPR 1016V;2015.0;Condutor;Não Informado;;Não Informado;0.0;0.0;0.0;0.0;-5,8565;-35,2123;SPRF-RN;DEL01-RN;UOP01-DEL01-RN
75543.0;162960.0;2017-10-04;quarta-feira;18:20:00;RN;101.0;98,9;NATAL;Sim;Falta de Atenção à Condução;1;Colisão traseira;Com Vítimas Feridas;Plena Noite;Decrescente;Céu Claro;Dupla;Reta;Sim;134093.0;Automóvel;HYUNDAI/HB20 1.0M COMFOR;2016.0;Condutor;Ileso;43.0;Feminino;1.0;0.0;0.0;0.0;-5,87199037;-35,21989019;SPRF-RN;DEL01-RN;UOP01-DEL01-RN
75543.0;162962.0;2017-10-04;quarta-feira;18:20:00;RN;101.0;98,9;NATAL;Sim;Falta de Atenção à Condução;1;Colisão traseira;Com Vítimas Feridas;Plena Noite;Decrescente;Céu Claro;Dupla;Reta;Sim;134094.0;Motocicleta;HONDA/CG 125 FAN KS;2012.0;Condutor;Lesões Graves;38.0;Masculino;0.0;0.0;1.0;0.0;-5,87199037;-35,21989019;SPRF-RN;DEL01-RN;UOP01-DEL01-RN
75543.0;162963.0;2017-10-04;quarta-feira;18:20:00;RN;101.0;98,9;NATAL;Sim;Falta de Atenção à Condução;1;Colisão traseira;Com Vítimas Feridas;Plena Noite;Decrescente;Céu Claro;Dupla;Reta;Sim;;;NA/NA;;Testemunha;Não Informado;;Não Informado;0.0;0.0;0.0;0.0;-5,87199037;-35,21989019;SPRF-RN;DEL01-RN;UOP01-DEL01-RN
75554.0;163063.0;2017-10-04;quarta-feira;18:50:00;RN;101.0;98,9;NATAL;Sim;Falta de Atenção à Condução;1;Engavetamento;Sem Vítimas;Plena Noite;Crescente;Céu Claro;Dupla;Reta;Sim;134106.0;Caminhonete;MMC/L200 TRITON 3.2 D;2012.0;Passageiro;Ileso;41.0;Feminino;1.0;0.0;0.0;0.0;-5,87199037;-35,21989019;SPRF-RN;DEL01-RN;UOP01-DEL01-RN
75554.0;163062.0;2017-10-04;quarta-feira;18:50:00;RN;101.0;98,9;NATAL;Sim;Falta de Atenção à Condução;1;Engavetamento;Sem Vítimas;Plena Noite;Crescente;Céu Claro;Dupla;Reta;Sim;134106.0;Caminhonete;MMC/L200 TRITON 3.2 D;2012.0;Condutor;Ileso;48.0;Masculino;1.0;0.0;0.0;0.0;-5,87199037;-35,21989019;SPRF-RN;DEL01-RN;UOP01-DEL01-RN
75554.0;163064.0;2017-10-04;quarta-feira;18:50:00;RN;101.0;98,9;NATAL;Sim;Falta de Atenção à Condução;1;Engavetamento;Sem Vítimas;Plena Noite;Crescente;Céu Claro;Dupla;Reta;Sim;134107.0;Automóvel;VW/GOL 1.0 SELECAO;2014.0;Condutor;Ileso;30.0;Masculino;1.0;0.0;0.0;0.0;-5,87199037;-35,21989019;SPRF-RN;DEL01-RN;UOP01-DEL01-RN
75554.0;163065.0;2017-10-04;quarta-feira;18:50:00;RN;101.0;98,9;NATAL;Sim;Falta de Atenção à Condução;1;Engavetamento;Sem Vítimas;Plena Noite;Crescente;Céu Claro;Dupla;Reta;Sim;134108.0;Automóvel;FORD/FIESTA SEDAN1.6FLEX;2007.0;Condutor;Ileso;38.0;Feminino;1.0;0.0;0.0;0.0;-5,87199037;-35,21989019;SPRF-RN;DEL01-RN;UOP01-DEL01-RN
76186.0;164538.0;2017-10-07;sábado;07:10:00;RN;101.0;79,8;NATAL;Sim;Falta de Atenção à Condução;1;Colisão traseira;Sem Vítimas;Pleno dia;Decrescente;Céu Claro;Dupla;Reta;Sim;135244.0;Automóvel;FORD/FIESTA FLEX;2007.0;Condutor;Ileso;62.0;Masculino;1.0;0.0;0.0;0.0;-5,75343274;-35,28884484;SPRF-RN;DEL02-RN;UOP01-DEL02-RN
76186.0;164539.0;2017-10-07;sábado;07:10:00;RN;101.0;79,8;NATAL;Sim;Falta de Atenção à Condução;1;Colisão traseira;Sem Vítimas;Pleno dia;Decrescente;Céu Claro;Dupla;Reta;Sim;135537.0;Caminhonete;I/FORD RANGER LTD 13P;2005.0;Condutor;Ileso;56.0;Masculino;1.0;0.0;0.0;0.0;-5,75343274;-35,28884484;SPRF-RN;DEL02-RN;UOP01-DEL02-RN
76217.0;164298.0;2017-10-07;sábado;09:40:00;RN;101.0;83;NATAL;Sim;Não guardar distância de segurança;1;Colisão traseira;Sem Vítimas;Pleno dia;Decrescente;Sol;Dupla;Reta;Sim;135310.0;Automóvel;FIAT/PALIO ED;1997.0;Condutor;Ileso;43.0;Masculino;1.0;0.0;0.0;0.0;-5,77149633;-35,26515037;SPRF-RN;DEL02-RN;UOP01-DEL02-RN
76217.0;164299.0;2017-10-07;sábado;09:40:00;RN;101.0;83;NATAL;Sim;Não guardar distância de segurança;1;Colisão traseira;Sem Vítimas;Pleno dia;Decrescente;Sol;Dupla;Reta;Sim;135311.0;Automóvel;FIAT/PALIO FIRE FLEX;2008.0;Condutor;Ileso;33.0;Masculino;1.0;0.0;0.0;0.0;-5,77149633;-35,26515037;SPRF-RN;DEL02-RN;UOP01-DEL02-RN
76217.0;164301.0;2017-10-07;sábado;09:40:00;RN;101.0;83;NATAL;Sim;Não guardar distância de segurança;1;Colisão traseira;Sem Vítimas;Pleno dia;Decrescente;Sol;Dupla;Reta;Sim;135312.0;Automóvel;FIAT/UNO MILLE FIRE FLEX;2006.0;Condutor;Ileso;33.0;Masculino;1.0;0.0;0.0;0.0;-5,77149633;-35,26515037;SPRF-RN;DEL02-RN;UOP01-DEL02-RN
76217.0;164302.0;2017-10-07;sábado;09:40:00;RN;101.0;83;NATAL;Sim;Não guardar distância de segurança;1;Colisão traseira;Sem Vítimas;Pleno dia;Decrescente;Sol;Dupla;Reta;Sim;135313.0;Automóvel;FORD/KA FLEX;2010.0;Condutor;Ileso;29.0;Masculino;1.0;0.0;0.0;0.0;-5,77149633;-35,26515037;SPRF-RN;DEL02-RN;UOP01-DEL02-RN
77103.0;166328.0;2017-10-10;terça-feira;10:15:00;RN;101.0;99,7;NATAL;Sim;Mal Súbito;1;Colisão traseira;Sem Vítimas;Pleno dia;Crescente;Nublado;Múltipla;Em Obras;Sim;136910.0;Automóvel;HYUNDAI/HB20 1.6A COMF;2014.0;Condutor;Ileso;42.0;Masculino;1.0;0.0;0.0;0.0;-5,873567;-35,22081;SPRF-RN;DEL01-RN;UOP01-DEL01-RN
77103.0;166329.0;2017-10-10;terça-feira;10:15:00;RN;101.0;99,7;NATAL;Sim;Mal Súbito;1;Colisão traseira;Sem Vítimas;Pleno dia;Crescente;Nublado;Múltipla;Em Obras;Sim;136911.0;Automóvel;IMP/FIAT SIENA STILE;1997.0;Condutor;Ileso;65.0;Feminino;1.0;0.0;0.0;0.0;-5,873567;-35,22081;SPRF-RN;DEL01-RN;UOP01-DEL01-RN
77229.0;166436.0;2017-10-10;terça-feira;21:00:00;RN;101.0;79,7;NATAL;Sim;Animais na Pista;1;Atropelamento de Animal;Com Vítimas Feridas;Pleno dia;Decrescente;Céu Claro;Dupla;Reta;Sim;137123.0;Motocicleta;HONDA/CG 125 FAN KS;2009.0;Condutor;Lesões Leves;47.0;Masculino;0.0;1.0;0.0;0.0;-5,753262;-35,2889;SPRF-RN;DEL02-RN;UOP01-DEL02-RN
77229.0;166438.0;2017-10-10;terça-feira;21:00:00;RN;101.0;79,7;NATAL;Sim;Animais na Pista;1;Atropelamento de Animal;Com Vítimas Feridas;Pleno dia;Decrescente;Céu Claro;Dupla;Reta;Sim;137123.0;Motocicleta;HONDA/CG 125 FAN KS;2009.0;Passageiro;Lesões Leves;56.0;Feminino;0.0;1.0;0.0;0.0;-5,753262;-35,2889;SPRF-RN;DEL02-RN;UOP01-DEL02-RN
77257.0;166537.0;2017-10-11;quarta-feira;01:35:00;RN;101.0;96,6;NATAL;Sim;Pista Escorregadia;1;Colisão com objeto estático;Com Vítimas Feridas;Plena Noite;Crescente;Chuva;Dupla;Viaduto;Sim;137205.0;Automóvel;I/HYUNDAI I30 2.0;2011.0;Condutor;Ileso;23.0;Masculino;1.0;0.0;0.0;0.0;-5,847988;-35,2088;SPRF-RN;DEL01-RN;UOP01-DEL01-RN
77257.0;166538.0;2017-10-11;quarta-feira;01:35:00;RN;101.0;96,6;NATAL;Sim;Pista Escorregadia;1;Colisão com objeto estático;Com Vítimas Feridas;Plena Noite;Crescente;Chuva;Dupla;Viaduto;Sim;137205.0;Automóvel;I/HYUNDAI I30 2.0;2011.0;Passageiro;Lesões Leves;18.0;Feminino;0.0;1.0;0.0;0.0;-5,847988;-35,2088;SPRF-RN;DEL01-RN;UOP01-DEL01-RN
77301.0;166857.0;2017-10-11;quarta-feira;08:10:00;RN;101.0;85,9;NATAL;Sim;Não guardar distância de segurança;1;Colisão traseira;Com Vítimas Feridas;Pleno dia;Crescente;Céu Claro;Dupla;Ponte;Sim;137497.0;Automóvel;FIAT/PALIO FIRE ECONOMY;2011.0;Condutor;Ileso;23.0;Masculino;1.0;0.0;0.0;0.0;-5,782366;-35,24748;SPRF-RN;DEL02-RN;UOP01-DEL02-RN
77301.0;166854.0;2017-10-11;quarta-feira;08:10:00;RN;101.0;85,9;NATAL;Sim;Não guardar distância de segurança;1;Colisão traseira;Com Vítimas Feridas;Pleno dia;Crescente;Céu Claro;Dupla;Ponte;Sim;137484.0;Motocicleta;HONDA/NXR160 BROS ESDD;2016.0;Condutor;Lesões Graves;21.0;Masculino;0.0;0.0;1.0;0.0;-5,782366;-35,24748;SPRF-RN;DEL02-RN;UOP01-DEL02-RN
77907.0;168163.0;2017-10-13;sexta-feira;10:00:00;RN;226.0;3,3;NATAL;Sim;Falta de Atenção à Condução;1;Colisão transversal;Com Vítimas Feridas;Pleno dia;Decrescente;Céu Claro;Simples;"Curva;Interseção de Vias";Sim;138425.0;Motocicleta;HONDA/CG 125 FAN KS;2013.0;Condutor;Ileso;;Masculino;1.0;0.0;0.0;0.0;-5,821253;-35,25486;SPRF-RN;DEL01-RN;UOP02-DEL01-RN
77907.0;168157.0;2017-10-13;sexta-feira;10:00:00;RN;226.0;3,3;NATAL;Sim;Falta de Atenção à Condução;1;Colisão transversal;Com Vítimas Feridas;Pleno dia;Decrescente;Céu Claro;Simples;"Curva;Interseção de Vias";Sim;138424.0;Motocicleta;HONDA/NXR150BROS MIX ESD;2010.0;Condutor;Ileso;48.0;Masculino;1.0;0.0;0.0;0.0;-5,821253;-35,25486;SPRF-RN;DEL01-RN;UOP02-DEL01-RN
77907.0;168161.0;2017-10-13;sexta-feira;10:00:00;RN;226.0;3,3;NATAL;Sim;Falta de Atenção à Condução;1;Colisão transversal;Com Vítimas Feridas;Pleno dia;Decrescente;Céu Claro;Simples;"Curva;Interseção de Vias";Sim;138424.0;Motocicleta;HONDA/NXR150BROS MIX ESD;2010.0;Passageiro;Lesões Leves;;Feminino;0.0;1.0;0.0;0.0;-5,821253;-35,25486;SPRF-RN;DEL01-RN;UOP02-DEL01-RN
77907.0;;2017-10-13;sexta-feira;10:00:00;RN;226.0;3,3;NATAL;Sim;Falta de Atenção à Condução;1;Colisão transversal;Com Vítimas Feridas;Pleno dia;Decrescente;Céu Claro;Simples;"Curva;Interseção de Vias";Sim;138427.0;Reboque;REB/ITAGRI CA 500;2017.0;;;;;;;;;-5,821253;-35,25486;SPRF-RN;DEL01-RN;UOP02-DEL01-RN
77949.0;171280.0;2017-10-13;sexta-feira;13:40:00;RN;226.0;12,2;NATAL;Sim;Falta de Atenção à Condução;1;Colisão lateral;Sem Vítimas;Pleno dia;Crescente;Céu Claro;Simples;Reta;Sim;138684.0;Automóvel;FORD/FIESTA FLEX;2008.0;Condutor;Ileso;22.0;Masculino;1.0;0.0;0.0;0.0;-5,85035;-35,3161;SPRF-RN;DEL01-RN;UOP02-DEL01-RN
77949.0;171279.0;2017-10-13;sexta-feira;13:40:00;RN;226.0;12,2;NATAL;Sim;Falta de Atenção à Condução;1;Colisão lateral;Sem Vítimas;Pleno dia;Crescente;Céu Claro;Simples;Reta;Sim;138683.0;Micro-ônibus;FIAT/DUCATO MINIBUS;2012.0;Condutor;Ileso;34.0;Masculino;1.0;0.0;0.0;0.0;-5,85035;-35,3161;SPRF-RN;DEL01-RN;UOP02-DEL01-RN
78152.0;168855.0;2017-10-14;sábado;10:00:00;RN;226.0;4,4;NATAL;Sim;Falta de Atenção à Condução;1;Colisão transversal;Com Vítimas Feridas;Pleno dia;Crescente;Nublado;Simples;Reta;Sim;138963.0;Automóvel;CHEVROLET/CRUZE LT NB;2011.0;Condutor;Ileso;50.0;Feminino;1.0;0.0;0.0;0.0;-5,818959;-35,26341;SPRF-RN;DEL01-RN;UOP02-DEL01-RN
78152.0;168857.0;2017-10-14;sábado;10:00:00;RN;226.0;4,4;NATAL;Sim;Falta de Atenção à Condução;1;Colisão transversal;Com Vítimas Feridas;Pleno dia;Crescente;Nublado;Simples;Reta;Sim;138964.0;Motocicleta;HONDA/XRE 300;2011.0;Condutor;Lesões Graves;36.0;Masculino;0.0;0.0;1.0;0.0;-5,818959;-35,26341;SPRF-RN;DEL01-RN;UOP02-DEL01-RN
78755.0;169891.0;2017-10-16;segunda-feira;10:10:00;RN;101.0;84,7;NATAL;Sim;Falta de Atenção do Pedestre;1;Atropelamento de Pedestre;Com Vítimas Feridas;Pleno dia;Decrescente;Céu Claro;Dupla;Reta;Sim;139853.0;Motocicleta;Não Informado/Não Informado;0.0;Condutor;Ileso;;Masculino;1.0;0.0;0.0;0.0;-5,774982;-35,25575;SPRF-RN;DEL02-RN;UOP01-DEL02-RN
78755.0;169884.0;2017-10-16;segunda-feira;10:10:00;RN;101.0;84,7;NATAL;Sim;Falta de Atenção do Pedestre;1;Atropelamento de Pedestre;Com Vítimas Feridas;Pleno dia;Decrescente;Céu Claro;Dupla;Reta;Sim;;;NA/NA;;Pedestre;Lesões Leves;37.0;Masculino;0.0;1.0;0.0;0.0;-5,774982;-35,25575;SPRF-RN;DEL02-RN;UOP01-DEL02-RN
79231.0;171262.0;2017-10-18;quarta-feira;08:45:00;RN;101.0;96;NATAL;Sim;Falta de Atenção à Condução;1;Colisão traseira;Com Vítimas Feridas;Pleno dia;Decrescente;Nublado;Múltipla;Reta;Sim;140761.0;Automóvel;RENAULT/LOGAN EXP 16 HP;2012.0;Condutor;Ileso;49.0;Feminino;1.0;0.0;0.0;0.0;-5,848058;-35,20844;SPRF-RN;DEL01-RN;UOP01-DEL01-RN
79231.0;171265.0;2017-10-18;quarta-feira;08:45:00;RN;101.0;96;NATAL;Sim;Falta de Atenção à Condução;1;Colisão traseira;Com Vítimas Feridas;Pleno dia;Decrescente;Nublado;Múltipla;Reta;Sim;140762.0;Motocicleta;HONDA/POP 110I;2016.0;Condutor;Lesões Leves;22.0;Masculino;0.0;1.0;0.0;0.0;-5,848058;-35,20844;SPRF-RN;DEL01-RN;UOP01-DEL01-RN
79249.0;171119.0;2017-10-18;quarta-feira;11:50:00;RN;101.0;99,6;NATAL;Sim;Desobediência às normas de trânsito pelo condutor;1;Colisão traseira;Com Vítimas Feridas;Pleno dia;Crescente;Céu Claro;Dupla;"Declive;Reta;Em Obras";Sim;140793.0;Motocicleta;HONDA/CG150 FAN ESDI;2014.0;Condutor;Lesões Graves;40.0;Masculino;0.0;0.0;1.0;0.0;-5,87814;-35,22428;SPRF-RN;DEL01-RN;UOP01-DEL01-RN
79249.0;171122.0;2017-10-18;quarta-feira;11:50:00;RN;101.0;99,6;NATAL;Sim;Desobediência às normas de trânsito pelo condutor;1;Colisão traseira;Com Vítimas Feridas;Pleno dia;Crescente;Céu Claro;Dupla;"Declive;Reta;Em Obras";Sim;140827.0;Caminhão;M.BENZ/L 1518;1988.0;Condutor;Ileso;53.0;Masculino;1.0;0.0;0.0;0.0;-5,87814;-35,22428;SPRF-RN;DEL01-RN;UOP01-DEL01-RN
79868.0;174111.0;2017-10-21;sábado;01:20:00;RN;101.0;98;NATAL;Sim;Ingestão de Álcool;1;Atropelamento de Pedestre;Com Vítimas Feridas;Plena Noite;Crescente;Céu Claro;Dupla;Reta;Sim;141869.0;Motocicleta;HONDA/CG 150 FAN ESI;2010.0;Condutor;Lesões Graves;29.0;Masculino;0.0;0.0;1.0;0.0;-5,8647;-35,2162;SPRF-RN;DEL01-RN;UOP01-DEL01-RN
79868.0;174115.0;2017-10-21;sábado;01:20:00;RN;101.0;98;NATAL;Sim;Ingestão de Álcool;1;Atropelamento de Pedestre;Com Vítimas Feridas;Plena Noite;Crescente;Céu Claro;Dupla;Reta;Sim;;;NA/NA;;Pedestre;Lesões Graves;30.0;Masculino;0.0;0.0;1.0;0.0;-5,8647;-35,2162;SPRF-RN;DEL01-RN;UOP01-DEL01-RN
80035.0;174925.0;2017-10-21;sábado;16:50:00;RN;101.0;95;NATAL;Sim;Ingestão de Álcool;1;Colisão traseira;Sem Vítimas;Pleno dia;Crescente;Céu Claro;Dupla;Reta;Sim;142239.0;Ônibus;VOLVO/MPOLO IDEALE R;2014.0;Condutor;Ileso;52.0;Masculino;1.0;0.0;0.0;0.0;-5,8482;-35,2086;SPRF-RN;DEL01-RN;UOP01-DEL01-RN
80035.0;174926.0;2017-10-21;sábado;16:50:00;RN;101.0;95;NATAL;Sim;Ingestão de Álcool;1;Colisão traseira;Sem Vítimas;Pleno dia;Crescente;Céu Claro;Dupla;Reta;Sim;144036.0;Utilitário;I/MMC OUTLANDER 2.0;2015.0;Condutor;Ileso;35.0;Masculino;1.0;0.0;0.0;0.0;-5,8482;-35,2086;SPRF-RN;DEL01-RN;UOP01-DEL01-RN
80131.0;172938.0;2017-10-21;sábado;23:00:00;RN;226.0;8;NATAL;Sim;Velocidade Incompatível;1;Colisão com objeto estático;Com Vítimas Feridas;Plena Noite;Crescente;Céu Claro;Simples;Curva;Não;142344.0;Motocicleta;HONDA/CG 125 FAN;2007.0;Condutor;Lesões Graves;28.0;Masculino;0.0;0.0;1.0;0.0;-5,8358;-35,2802;SPRF-RN;DEL01-RN;UOP02-DEL01-RN
80131.0;172939.0;2017-10-21;sábado;23:00:00;RN;226.0;8;NATAL;Sim;Velocidade Incompatível;1;Colisão com objeto estático;Com Vítimas Feridas;Plena Noite;Crescente;Céu Claro;Simples;Curva;Não;142344.0;Motocicleta;HONDA/CG 125 FAN;2007.0;Passageiro;Lesões Graves;20.0;Feminino;0.0;0.0;1.0;0.0;-5,8358;-35,2802;SPRF-RN;DEL01-RN;UOP02-DEL01-RN
80339.0;175179.0;2017-10-22;domingo;15:29:00;RN;226.0;7,7;NATAL;Sim;Ingestão de Álcool;1;Saída de leito carroçável;Com Vítimas Feridas;Pleno dia;Crescente;Céu Claro;Simples;Reta;Sim;142642.0;Caminhonete;VW/SAVEIRO CL;1996.0;Condutor;Lesões Leves;45.0;Masculino;0.0;1.0;0.0;0.0;-5,833943;-35,27919;SPRF-RN;DEL01-RN;UOP02-DEL01-RN
80339.0;175181.0;2017-10-22;domingo;15:29:00;RN;226.0;7,7;NATAL;Sim;Ingestão de Álcool;1;Saída de leito carroçável;Com Vítimas Feridas;Pleno dia;Crescente;Céu Claro;Simples;Reta;Sim;;;NA/NA;;Testemunha;Não Informado;;Não Informado;0.0;0.0;0.0;0.0;-5,833943;-35,27919;SPRF-RN;DEL01-RN;UOP02-DEL01-RN
80339.0;175179.0;2017-10-22;domingo;15:29:00;RN;226.0;7,7;NATAL;Sim;Ingestão de Álcool;2;Colisão com objeto estático;Com Vítimas Feridas;Pleno dia;Crescente;Céu Claro;Simples;Reta;Sim;142642.0;Caminhonete;VW/SAVEIRO CL;1996.0;Condutor;Lesões Leves;45.0;Masculino;0.0;1.0;0.0;0.0;-5,833943;-35,27919;SPRF-RN;DEL01-RN;UOP02-DEL01-RN
80339.0;175181.0;2017-10-22;domingo;15:29:00;RN;226.0;7,7;NATAL;Sim;Ingestão de Álcool;2;Colisão com objeto estático;Com Vítimas Feridas;Pleno dia;Crescente;Céu Claro;Simples;Reta;Sim;;;NA/NA;;Testemunha;Não Informado;;Não Informado;0.0;0.0;0.0;0.0;-5,833943;-35,27919;SPRF-RN;DEL01-RN;UOP02-DEL01-RN
80525.0;173901.0;2017-10-23;segunda-feira;08:30:00;RN;101.0;96,5;NATAL;Sim;Não guardar distância de segurança;1;Colisão traseira;Com Vítimas Feridas;Pleno dia;Decrescente;Céu Claro;Múltipla;Reta;Sim;143155.0;Motocicleta;HONDA/CG 160 FAN ESDI;2016.0;Condutor;Lesões Leves;29.0;Feminino;0.0;1.0;0.0;0.0;-5,852351;-35,21045;SPRF-RN;DEL01-RN;UOP01-DEL01-RN
80525.0;173898.0;2017-10-23;segunda-feira;08:30:00;RN;101.0;96,5;NATAL;Sim;Não guardar distância de segurança;1;Colisão traseira;Com Vítimas Feridas;Pleno dia;Decrescente;Céu Claro;Múltipla;Reta;Sim;143154.0;Automóvel;RENAULT/LOGAN EXPR 1016V;2016.0;Condutor;Ileso;48.0;Feminino;1.0;0.0;0.0;0.0;-5,852351;-35,21045;SPRF-RN;DEL01-RN;UOP01-DEL01-RN
81061.0;175733.0;2017-10-25;quarta-feira;18:00:00;RN;304.0;97,6;NATAL;Sim;Falta de Atenção do Pedestre;1;Atropelamento de Pedestre;Com Vítimas Feridas;Plena Noite;Crescente;Céu Claro;Múltipla;Reta;Sim;144665.0;Motocicleta;YAMAHA/YBR125 FACTOR K1;2015.0;Condutor;Lesões Leves;41.0;Masculino;0.0;1.0;0.0;0.0;-5,866832;-35,21741;SPRF-RN;DEL04-RN;UOP01-DEL04-RN
81061.0;175737.0;2017-10-25;quarta-feira;18:00:00;RN;304.0;97,6;NATAL;Sim;Falta de Atenção do Pedestre;1;Atropelamento de Pedestre;Com Vítimas Feridas;Plena Noite;Crescente;Céu Claro;Múltipla;Reta;Sim;;;NA/NA;;Pedestre;Lesões Leves;61.0;Masculino;0.0;1.0;0.0;0.0;-5,866832;-35,21741;SPRF-RN;DEL04-RN;UOP01-DEL04-RN
81427.0;175854.0;2017-10-27;sexta-feira;07:00:00;RN;101.0;95;NATAL;Sim;Ingestão de Álcool;1;Colisão traseira;Sem Vítimas;Pleno dia;Decrescente;Céu Claro;Dupla;Reta;Sim;144739.0;Caminhonete;FIAT/STRADA FIRE FLEX;2007.0;Condutor;Ileso;45.0;Masculino;1.0;0.0;0.0;0.0;-5,84094;-35,21036;SPRF-RN;DEL01-RN;UOP01-DEL01-RN
81427.0;175857.0;2017-10-27;sexta-feira;07:00:00;RN;101.0;95;NATAL;Sim;Ingestão de Álcool;1;Colisão traseira;Sem Vítimas;Pleno dia;Decrescente;Céu Claro;Dupla;Reta;Sim;144740.0;Caminhonete;I/TOYOTA HILUX CDSRVA4FD;2016.0;Condutor;Ileso;32.0;Masculino;1.0;0.0;0.0;0.0;-5,84094;-35,21036;SPRF-RN;DEL01-RN;UOP01-DEL01-RN
81439.0;175890.0;2017-10-27;sexta-feira;09:00:00;RN;101.0;85;NATAL;Sim;Não guardar distância de segurança;1;Colisão traseira;Com Vítimas Feridas;Pleno dia;Crescente;Céu Claro;Dupla;Reta;Sim;144769.0;Motocicleta;HONDA/CG 125 FAN KS;2011.0;Condutor;Lesões Leves;21.0;Masculino;0.0;1.0;0.0;0.0;-5,782965;-35,24725;SPRF-RN;DEL02-RN;UOP01-DEL02-RN
81439.0;175891.0;2017-10-27;sexta-feira;09:00:00;RN;101.0;85;NATAL;Sim;Não guardar distância de segurança;1;Colisão traseira;Com Vítimas Feridas;Pleno dia;Crescente;Céu Claro;Dupla;Reta;Sim;144769.0;Motocicleta;HONDA/CG 125 FAN KS;2011.0;Passageiro;Lesões Leves;19.0;Feminino;0.0;1.0;0.0;0.0;-5,782965;-35,24725;SPRF-RN;DEL02-RN;UOP01-DEL02-RN
81439.0;175899.0;2017-10-27;sexta-feira;09:00:00;RN;101.0;85;NATAL;Sim;Não guardar distância de segurança;1;Colisão traseira;Com Vítimas Feridas;Pleno dia;Crescente;Céu Claro;Dupla;Reta;Sim;144771.0;Caminhonete;FIAT/STRADA ADVENTURE CD;2010.0;Condutor;Ileso;32.0;Masculino;1.0;0.0;0.0;0.0;-5,782965;-35,24725;SPRF-RN;DEL02-RN;UOP01-DEL02-RN
81439.0;175901.0;2017-10-27;sexta-feira;09:00:00;RN;101.0;85;NATAL;Sim;Não guardar distância de segurança;1;Colisão traseira;Com Vítimas Feridas;Pleno dia;Crescente;Céu Claro;Dupla;Reta;Sim;144775.0;Ônibus;M.BENZ/MPOLO TORINO U;2008.0;Condutor;Ileso;30.0;Masculino;1.0;0.0;0.0;0.0;-5,782965;-35,24725;SPRF-RN;DEL02-RN;UOP01-DEL02-RN
81944.0;176923.0;2017-10-28;sábado;20:20:00;RN;101.0;83,1;NATAL;Sim;Ingestão de Álcool;1;Colisão com objeto estático;Sem Vítimas;Plena Noite;Decrescente;Céu Claro;Dupla;Reta;Sim;145739.0;Automóvel;RENAULT/CLIO AUT 10 16VS;2005.0;Condutor;Ileso;31.0;Masculino;1.0;0.0;0.0;0.0;-5,769846;-35,26926;SPRF-RN;DEL02-RN;UOP01-DEL02-RN