id;pesid;data_inversa;dia_semana;horario;uf;br;km;municipio;causa_principal;causa_acidente;ordem_tipo_acidente;tipo_acidente;classificacao_acidente;fase_dia;sentido_via;condicao_metereologica;tipo_pista;tracado_via;uso_solo;id_veiculo;tipo_veiculo;marca;ano_fabricacao_veiculo;tipo_envolvido;estado_fisico;idade;sexo;ilesos;feridos_leves;feridos_graves;mortos;latitude;longitude;regional;delegacia;uop
82312.0;184123.0;2017-10-30;segunda-feira;07:15:00;RN;101.0;82,6;NATAL;Sim;Falta de Atenção à Condução;1;Colisão traseira;Sem Vítimas;Pleno dia;Crescente;Céu Claro;Dupla;Reta;Sim;146249.0;Automóvel;CHEVROLET/PRISMA 1.4L LT;2011.0;Condutor;Ileso;32.0;Feminino;1.0;0.0;0.0;0.0;-5,76832;-35,27368;SPRF-RN;DEL02-RN;UOP01-DEL02-RN
82312.0;184125.0;2017-10-30;segunda-feira;07:15:00;RN;101.0;82,6;NATAL;Sim;Falta de Atenção à Condução;1;Colisão traseira;Sem Vítimas;Pleno dia;Crescente;Céu Claro;Dupla;Reta;Sim;146250.0;Caminhonete;FIAT/STRADA WORKING CD;2014.0;Condutor;Ileso;30.0;Masculino;1.0;0.0;0.0;0.0;-5,76832;-35,27368;SPRF-RN;DEL02-RN;UOP01-DEL02-RN
82312.0;184129.0;2017-10-30;segunda-feira;07:15:00;RN;101.0;82,6;NATAL;Sim;Falta de Atenção à Condução;1;Colisão traseira;Sem Vítimas;Pleno dia;Crescente;Céu Claro;Dupla;Reta;Sim;146251.0;Automóvel;GM/CORSA HATCH;2002.0;Condutor;Ileso;45.0;Masculino;1.0;0.0;0.0;0.0;-5,76832;-35,27368;SPRF-RN;DEL02-RN;UOP01-DEL02-RN
82400.0;177823.0;2017-10-30;segunda-feira;12:36:00;RN;101.0;77,7;NATAL;Sim;Falta de Atenção à Condução;1;Colisão transversal;Com Vítimas Feridas;Pleno dia;Crescente;Céu Claro;Dupla;Reta;Sim;146505.0;Motocicleta;HONDA/CG150 FAN ESDI;2014.0;Condutor;Lesões Leves;32.0;Feminino;0.0;1.0;0.0;0.0;-5,727361;-35,291;SPRF-RN;DEL02-RN;UOP01-DEL02-RN
82400.0;177853.0;2017-10-30;segunda-feira;12:36:00;RN;101.0;77,7;NATAL;Sim;Falta de Atenção à Condução;1;Colisão transversal;Com Vítimas Feridas;Pleno dia;Crescente;Céu Claro;Dupla;Reta;Sim;146510.0;Camioneta;Não Informado/Não Informado;0.0;Condutor;Não Informado;;Não Informado;0.0;0.0;0.0;0.0;-5,727361;-35,291;SPRF-RN;DEL02-RN;UOP01-DEL02-RN
82508.0;177967.0;2017-10-30;segunda-feira;23:00:00;RN;101.0;74,9;NATAL;Sim;Animais na Pista;1;Atropelamento de Animal;Com Vítimas Feridas;Plena Noite;Decrescente;Céu Claro;Dupla;Reta;Sim;146638.0;Motocicleta;HONDA/CG 150 FAN ESI;2012.0;Condutor;Lesões Graves;22.0;Masculino;0.0;0.0;1.0;0.0;-5,719041;-35,27487;SPRF-RN;DEL02-RN;UOP01-DEL02-RN
82692.0;179266.0;2017-10-31;terça-feira;17:50:00;RN;101.0;95;NATAL;Sim;Falta de Atenção à Condução;1;Colisão transversal;Com Vítimas Feridas;Plena Noite;Decrescente;Céu Claro;Múltipla;"Reta;Declive";Sim;147057.0;Automóvel;VW/NOVO GOL 1.6 CITY;2013.0;Condutor;Ileso;54.0;Masculino;1.0;0.0;0.0;0.0;-5,838094;-35,211;SPRF-RN;DEL01-RN;UOP01-DEL01-RN
82692.0;179268.0;2017-10-31;terça-feira;17:50:00;RN;101.0;95;NATAL;Sim;Falta de Atenção à Condução;1;Colisão transversal;Com Vítimas Feridas;Plena Noite;Decrescente;Céu Claro;Múltipla;"Reta;Declive";Sim;147058.0;Motocicleta;YAMAHA/FACTOR YBR125 E;2011.0;Condutor;Lesões Leves;35.0;Masculino;0.0;1.0;0.0;0.0;-5,838094;-35,211;SPRF-RN;DEL01-RN;UOP01-DEL01-RN
83714.0;182163.0;2017-11-05;domingo;04:40:00;RN;101.0;78;NATAL;Sim;Ingestão de Álcool;1;Colisão traseira;Com Vítimas Feridas;Amanhecer;Crescente;Céu Claro;Dupla;Reta;Sim;150069.0;Motocicleta;HONDA/CG 125 FAN;2008.0;Condutor;Lesões Graves;;Masculino;0.0;0.0;1.0;0.0;-5,738233;-35,2906;SPRF-RN;DEL02-RN;UOP01-DEL02-RN
83714.0;182180.0;2017-11-05;domingo;04:40:00;RN;101.0;78;NATAL;Sim;Ingestão de Álcool;1;Colisão traseira;Com Vítimas Feridas;Amanhecer;Crescente;Céu Claro;Dupla;Reta;Sim;150071.0;Automóvel;CHEV/PRISMA 1.4MT LT;2015.0;Condutor;Ileso;49.0;Masculino;1.0;0.0;0.0;0.0;-5,738233;-35,2906;SPRF-RN;DEL02-RN;UOP01-DEL02-RN
83714.0;182182.0;2017-11-05;domingo;04:40:00;RN;101.0;78;NATAL;Sim;Ingestão de Álcool;1;Colisão traseira;Com Vítimas Feridas;Amanhecer;Crescente;Céu Claro;Dupla;Reta;Sim;150073.0;Automóvel;I/FIAT SIENA EL FLEX;2010.0;Condutor;Ileso;26.0;Masculino;1.0;0.0;0.0;0.0;-5,738233;-35,2906;SPRF-RN;DEL02-RN;UOP01-DEL02-RN
83927.0;181055.0;2017-11-05;domingo;21:45:00;RN;101.0;83;NATAL;Sim;Não guardar distância de segurança;1;Colisão traseira;Com Vítimas Feridas;Plena Noite;Crescente;Céu Claro;Dupla;Reta;Sim;149121.0;Motocicleta;HONDA/CG 160 TITAN EX;2017.0;Condutor;Lesões Leves;26.0;Masculino;0.0;1.0;0.0;0.0;-5,7696;-35,2702;SPRF-RN;DEL02-RN;UOP01-DEL02-RN
83927.0;181054.0;2017-11-05;domingo;21:45:00;RN;101.0;83;NATAL;Sim;Não guardar distância de segurança;1;Colisão traseira;Com Vítimas Feridas;Plena Noite;Crescente;Céu Claro;Dupla;Reta;Sim;149118.0;Motocicleta;YAMAHA/FACTOR YBR125 K;2011.0;Condutor;Lesões Leves;25.0;Masculino;0.0;1.0;0.0;0.0;-5,7696;-35,2702;SPRF-RN;DEL02-RN;UOP01-DEL02-RN
84150.0;183224.0;2017-11-06;segunda-feira;18:05:00;RN;101.0;98,7;NATAL;Sim;Falta de Atenção à Condução;1;Colisão lateral;Com Vítimas Feridas;Plena Noite;Crescente;Céu Claro;Simples;Reta;Sim;150939.0;Automóvel;GM/PRISMA MAXX;2008.0;Condutor;Ileso;34.0;Masculino;1.0;0.0;0.0;0.0;-5,87037;-35,21907;SPRF-RN;DEL01-RN;UOP01-DEL01-RN
84150.0;183227.0;2017-11-06;segunda-feira;18:05:00;RN;101.0;98,7;NATAL;Sim;Falta de Atenção à Condução;1;Colisão lateral;Com Vítimas Feridas;Plena Noite;Crescente;Céu Claro;Simples;Reta;Sim;150942.0;Motocicleta;HONDA/NX-4 FALCON;2001.0;Condutor;Lesões Leves;23.0;Masculino;0.0;1.0;0.0;0.0;-5,87037;-35,21907;SPRF-RN;DEL01-RN;UOP01-DEL01-RN
84299.0;182004.0;2017-11-07;terça-feira;12:20:00;RN;101.0;82,9;NATAL;Sim;Não guardar distância de segurança;1;Colisão traseira;Com Vítimas Feridas;Pleno dia;Crescente;Céu Claro;Dupla;Reta;Sim;149931.0;Caminhonete;CHEVROLET/S10 ADV FD2;2015.0;Condutor;Ileso;59.0;Masculino;1.0;0.0;0.0;0.0;-5,76928;-35,27107;SPRF-RN;DEL02-RN;UOP01-DEL02-RN
84299.0;182001.0;2017-11-07;terça-feira;12:20:00;RN;101.0;82,9;NATAL;Sim;Não guardar distância de segurança;1;Colisão traseira;Com Vítimas Feridas;Pleno dia;Crescente;Céu Claro;Dupla;Reta;Sim;149926.0;Automóvel;FIAT/UNO MILLE ECONOMY;2009.0;Condutor;Ileso;48.0;Masculino;1.0;0.0;0.0;0.0;-5,76928;-35,27107;SPRF-RN;DEL02-RN;UOP01-DEL02-RN
84299.0;182003.0;2017-11-07;terça-feira;12:20:00;RN;101.0;82,9;NATAL;Sim;Não guardar distância de segurança;1;Colisão traseira;Com Vítimas Feridas;Pleno dia;Crescente;Céu Claro;Dupla;Reta;Sim;149926.0;Automóvel;FIAT/UNO MILLE ECONOMY;2009.0;Passageiro;Lesões Leves;24.0;Masculino;0.0;1.0;0.0;0.0;-5,76928;-35,27107;SPRF-RN;DEL02-RN;UOP01-DEL02-RN
84362.0;182076.0;2017-11-07;terça-feira;17:10:00;RN;101.0;96,6;NATAL;Sim;Falta de Atenção à Condução;1;Colisão lateral;Com Vítimas Feridas;Plena Noite;Crescente;Céu Claro;Múltipla;Reta;Sim;149995.0;Automóvel;CHEV/PRISMA 1.4MT LT;2016.0;Condutor;Ileso;40.0;Masculino;1.0;0.0;0.0;0.0;-5,853593;-35,21096;SPRF-RN;DEL01-RN;UOP01-DEL01-RN
84362.0;182078.0;2017-11-07;terça-feira;17:10:00;RN;101.0;96,6;NATAL;Sim;Falta de Atenção à Condução;1;Colisão lateral;Com Vítimas Feridas;Plena Noite;Crescente;Céu Claro;Múltipla;Reta;Sim;149996.0;Motocicleta;YAMAHA/XTZ150 CROSSER E;2017.0;Condutor;Lesões Leves;41.0;Masculino;0.0;1.0;0.0;0.0;-5,853593;-35,21096;SPRF-RN;DEL01-RN;UOP01-DEL01-RN
84362.0;182080.0;2017-11-07;terça-feira;17:10:00;RN;101.0;96,6;NATAL;Sim;Falta de Atenção à Condução;1;Colisão lateral;Com Vítimas Feridas;Plena Noite;Crescente;Céu Claro;Múltipla;Reta;Sim;149996.0;Motocicleta;YAMAHA/XTZ150 CROSSER E;2017.0;Passageiro;Lesões Leves;49.0;Masculino;0.0;1.0;0.0;0.0;-5,853593;-35,21096;SPRF-RN;DEL01-RN;UOP01-DEL01-RN
84506.0;182447.0;2017-11-08;quarta-feira;11:30:00;RN;101.0;96;NATAL;Sim;Falta de Atenção do Pedestre;1;Atropelamento de Pedestre;Com Vítimas Feridas;Pleno dia;Decrescente;Céu Claro;Múltipla;Reta;Sim;150284.0;Automóvel;FORD/FIESTA SEDAN1.6FLEX;2011.0;Condutor;Ileso;61.0;Masculino;1.0;0.0;0.0;0.0;-5,850442;-35,20937;SPRF-RN;DEL01-RN;UOP01-DEL01-RN
84506.0;182572.0;2017-11-08;quarta-feira;11:30:00;RN;101.0;96;NATAL;Sim;Falta de Atenção do Pedestre;1;Atropelamento de Pedestre;Com Vítimas Feridas;Pleno dia;Decrescente;Céu Claro;Múltipla;Reta;Sim;150292.0;Automóvel;Não Informado/Não Informado;0.0;Condutor;Não Informado;;Não Informado;0.0;0.0;0.0;0.0;-5,850442;-35,20937;SPRF-RN;DEL01-RN;UOP01-DEL01-RN
84506.0;182564.0;2017-11-08;quarta-feira;11:30:00;RN;101.0;96;NATAL;Sim;Falta de Atenção do Pedestre;1;Atropelamento de Pedestre;Com Vítimas Feridas;Pleno dia;Decrescente;Céu Claro;Múltipla;Reta;Sim;;;NA/NA;;Pedestre;Lesões Graves;24.0;Feminino;0.0;0.0;1.0;0.0;-5,850442;-35,20937;SPRF-RN;DEL01-RN;UOP01-DEL01-RN
84506.0;182447.0;2017-11-08;quarta-feira;11:30:00;RN;101.0;96;NATAL;Sim;Falta de Atenção do Pedestre;2;Colisão traseira;Com Vítimas Feridas;Pleno dia;Decrescente;Céu Claro;Múltipla;Reta;Sim;150284.0;Automóvel;FORD/FIESTA SEDAN1.6FLEX;2011.0;Condutor;Ileso;61.0;Masculino;1.0;0.0;0.0;0.0;-5,850442;-35,20937;SPRF-RN;DEL01-RN;UOP01-DEL01-RN
84506.0;182572.0;2017-11-08;quarta-feira;11:30:00;RN;101.0;96;NATAL;Sim;Falta de Atenção do Pedestre;2;Colisão traseira;Com Vítimas Feridas;Pleno dia;Decrescente;Céu Claro;Múltipla;Reta;Sim;150292.0;Automóvel;Não Informado/Não Informado;0.0;Condutor;Não Informado;;Não Informado;0.0;0.0;0.0;0.0;-5,850442;-35,20937;SPRF-RN;DEL01-RN;UOP01-DEL01-RN
84506.0;182564.0;2017-11-08;quarta-feira;11:30:00;RN;101.0;96;NATAL;Sim;Falta de Atenção do Pedestre;2;Colisão traseira;Com Vítimas Feridas;Pleno dia;Decrescente;Céu Claro;Múltipla;Reta;Sim;;;NA/NA;;Pedestre;Lesões Graves;24.0;Feminino;0.0;0.0;1.0;0.0;-5,850442;-35,20937;SPRF-RN;DEL01-RN;UOP01-DEL01-RN
84968.0;183402.0;2017-11-10;sexta-feira;12:10:00;RN;101.0;81,3;NATAL;Sim;Animais na Pista;1;Atropelamento de Animal;Com Vítimas Feridas;Pleno dia;Crescente;Céu Claro;Dupla;Reta;Não;151086.0;Motocicleta;YAMAHA/YS150 FAZER ED;2013.0;Condutor;Lesões Leves;37.0;Masculino;0.0;1.0;0.0;0.0;-5,76402;-35,28478;SPRF-RN;DEL02-RN;UOP01-DEL02-RN
85420.0;189578.0;2017-11-11;sábado;19:00:00;RN;101.0;84,2;NATAL;Sim;Falta de Atenção à Condução;1;Colisão traseira;Sem Vítimas;Plena Noite;Crescente;Céu Claro;Dupla;Reta;Não;151772.0;Motocicleta;HONDA/CG150 START;2015.0;Condutor;Ileso;34.0;Masculino;1.0;0.0;0.0;0.0;-5,77332;-35,2602;SPRF-RN;DEL02-RN;UOP01-DEL02-RN
85420.0;189584.0;2017-11-11;sábado;19:00:00;RN;101.0;84,2;NATAL;Sim;Falta de Atenção à Condução;1;Colisão traseira;Sem Vítimas;Plena Noite;Crescente;Céu Claro;Dupla;Reta;Não;151773.0;Automóvel;GM/CELTA 2P LIFE;2009.0;Condutor;Ileso;34.0;Feminino;1.0;0.0;0.0;0.0;-5,77332;-35,2602;SPRF-RN;DEL02-RN;UOP01-DEL02-RN
86034.0;185472.0;2017-11-14;terça-feira;07:10:00;RN;226.0;4,3;NATAL;Sim;Falta de Atenção à Condução;1;Colisão transversal;Com Vítimas Feridas;Pleno dia;Decrescente;Céu Claro;Simples;Reta;Não;152905.0;Automóvel;CHEVROLET/CELTA 1.0L LT;2012.0;Condutor;Ileso;35.0;Masculino;1.0;0.0;0.0;0.0;-5,819076;-35,26288;SPRF-RN;DEL01-RN;UOP02-DEL01-RN
86034.0;185473.0;2017-11-14;terça-feira;07:10:00;RN;226.0;4,3;NATAL;Sim;Falta de Atenção à Condução;1;Colisão transversal;Com Vítimas Feridas;Pleno dia;Decrescente;Céu Claro;Simples;Reta;Não;152906.0;Motocicleta;HONDA/CG 125 FAN KS;2013.0;Condutor;Lesões Graves;26.0;Masculino;0.0;0.0;1.0;0.0;-5,819076;-35,26288;SPRF-RN;DEL01-RN;UOP02-DEL01-RN
86133.0;185777.0;2017-11-14;terça-feira;15:45:00;RN;101.0;84;NATAL;Sim;Falta de Atenção à Condução;1;Colisão lateral;Com Vítimas Feridas;Pleno dia;Decrescente;Céu Claro;Dupla;"Reta;Declive;Viaduto";Sim;153154.0;Motocicleta;HONDA/NXR160 BROS ESDD;2015.0;Condutor;Lesões Leves;29.0;Masculino;0.0;1.0;0.0;0.0;-5,7727;-35,2619;SPRF-RN;DEL02-RN;UOP01-DEL02-RN
86133.0;185778.0;2017-11-14;terça-feira;15:45:00;RN;101.0;84;NATAL;Sim;Falta de Atenção à Condução;1;Colisão lateral;Com Vítimas Feridas;Pleno dia;Decrescente;Céu Claro;Dupla;"Reta;Declive;Viaduto";Sim;153164.0;Automóvel;GM/VECTRA SD EXPRESSION;2009.0;Condutor;Ileso;60.0;Masculino;1.0;0.0;0.0;0.0;-5,7727;-35,2619;SPRF-RN;DEL02-RN;UOP01-DEL02-RN
86249.0;185917.0;2017-11-14;terça-feira;23:45:00;RN;226.0;4,9;NATAL;Sim;Falta de Atenção do Pedestre;1;Atropelamento de Pedestre;Com Vítimas Feridas;Plena Noite;Decrescente;Céu Claro;Simples;Reta;Sim;153309.0;Ônibus;VW/INDUSCAR APACHE U;2011.0;Condutor;Ileso;53.0;Masculino;1.0;0.0;0.0;0.0;-5,820122;-35,26689;SPRF-RN;DEL01-RN;UOP02-DEL01-RN
86249.0;185919.0;2017-11-14;terça-feira;23:45:00;RN;226.0;4,9;NATAL;Sim;Falta de Atenção do Pedestre;1;Atropelamento de Pedestre;Com Vítimas Feridas;Plena Noite;Decrescente;Céu Claro;Simples;Reta;Sim;;;NA/NA;;Pedestre;Lesões Graves;;Masculino;0.0;0.0;1.0;0.0;-5,820122;-35,26689;SPRF-RN;DEL01-RN;UOP02-DEL01-RN
87301.0;187877.0;2017-11-18;sábado;22:30:00;RN;101.0;83,2;NATAL;Sim;Falta de Atenção à Condução;1;Colisão traseira;Com Vítimas Feridas;Plena Noite;Decrescente;Céu Claro;Dupla;Reta;Sim;155060.0;Automóvel;FIAT/SIENA TETRAFUEL 1.4;2013.0;Condutor;Ileso;40.0;Masculino;1.0;0.0;0.0;0.0;-5,771402;-35,26514;SPRF-RN;DEL02-RN;UOP01-DEL02-RN
87301.0;187879.0;2017-11-18;sábado;22:30:00;RN;101.0;83,2;NATAL;Sim;Falta de Atenção à Condução;1;Colisão traseira;Com Vítimas Feridas;Plena Noite;Decrescente;Céu Claro;Dupla;Reta;Sim;155064.0;Motocicleta;YAMAHA/FACTOR YBR125 E;2011.0;Condutor;Lesões Leves;37.0;Masculino;0.0;1.0;0.0;0.0;-5,771402;-35,26514;SPRF-RN;DEL02-RN;UOP01-DEL02-RN
87428.0;188371.0;2017-11-19;domingo;08:55:00;RN;101.0;94;NATAL;Sim;Falta de Atenção à Condução;1;Colisão frontal;Com Vítimas Feridas;Pleno dia;Crescente;Sol;Dupla;Reta;Sim;155431.0;Ônibus;M.BENZ/MPOLO IDEALE R;2010.0;Condutor;Ileso;51.0;Masculino;1.0;0.0;0.0;0.0;-5,830606;-35,21183;SPRF-RN;DEL01-RN;UOP01-DEL01-RN
87428.0;188365.0;2017-11-19;domingo;08:55:00;RN;101.0;94;NATAL;Sim;Falta de Atenção à Condução;1;Colisão frontal;Com Vítimas Feridas;Pleno dia;Crescente;Sol;Dupla;Reta;Sim;155430.0;Automóvel;VW/GOL 1.0;2009.0;Condutor;Lesões Graves;76.0;Masculino;0.0;0.0;1.0;0.0;-5,830606;-35,21183;SPRF-RN;DEL01-RN;UOP01-DEL01-RN
87645.0;188595.0;2017-11-19;domingo;20:30:00;RN;101.0;80;NATAL;Sim;Falta de Atenção à Condução;1;Colisão com objeto estático;Sem Vítimas;Plena Noite;Decrescente;Céu Claro;Dupla;Reta;Sim;155615.0;Caminhonete;FIAT/STRADA FIRE;2004.0;Condutor;Ileso;27.0;Masculino;1.0;0.0;0.0;0.0;-5,7559;-35,2886;SPRF-RN;DEL02-RN;UOP01-DEL02-RN
87645.0;191095.0;2017-11-19;domingo;20:30:00;RN;101.0;80;NATAL;Sim;Falta de Atenção à Condução;1;Colisão com objeto estático;Sem Vítimas;Plena Noite;Decrescente;Céu Claro;Dupla;Reta;Sim;;;NA/NA;;Testemunha;Não Informado;;Não Informado;0.0;0.0;0.0;0.0;-5,7559;-35,2886;SPRF-RN;DEL02-RN;UOP01-DEL02-RN
87723.0;191329.0;2017-11-20;segunda-feira;08:30:00;RN;101.0;98,2;NATAL;Sim;Falta de Atenção à Condução;1;Colisão com objeto estático;Com Vítimas Feridas;Pleno dia;Crescente;Céu Claro;Dupla;Em Obras;Sim;155991.0;Motocicleta;I/YAMAHA FAZER FZ6 S;2004.0;Condutor;Lesões Graves;24.0;Masculino;0.0;0.0;1.0;0.0;-5,866315;-35,21704;SPRF-RN;DEL01-RN;UOP01-DEL01-RN
89137.0;192282.0;2017-11-25;sábado;18:10:00;RN;101.0;95;NATAL;Sim;Falta de Atenção à Condução;1;Colisão lateral;Sem Vítimas;Anoitecer;Decrescente;Céu Claro;Múltipla;Interseção de Vias;Sim;158566.0;Automóvel;RENAULT/CLIO AUT10 16H3P;2006.0;Condutor;Ileso;20.0;Masculino;1.0;0.0;0.0;0.0;-5,8395;-35,211;SPRF-RN;DEL01-RN;UOP01-DEL01-RN
89137.0;192281.0;2017-11-25;sábado;18:10:00;RN;101.0;95;NATAL;Sim;Falta de Atenção à Condução;1;Colisão lateral;Sem Vítimas;Anoitecer;Decrescente;Céu Claro;Múltipla;Interseção de Vias;Sim;158576.0;Automóvel;TOYOTA/COROLLA GLI FLEX;2013.0;Condutor;Ileso;33.0;Masculino;1.0;0.0;0.0;0.0;-5,8395;-35,211;SPRF-RN;DEL01-RN;UOP01-DEL01-RN
90302.0;195168.0;2017-11-30;quinta-feira;09:20:00;RN;101.0;99;NATAL;Sim;Não guardar distância de segurança;1;Colisão traseira;Sem Vítimas;Pleno dia;Decrescente;Céu Claro;Dupla;Reta;Sim;160916.0;Camioneta;FORD/ECOSPORT FSL AT 2.0;2015.0;Condutor;Ileso;34.0;Masculino;1.0;0.0;0.0;0.0;-5,87365;-35,22067;SPRF-RN;DEL01-RN;UOP01-DEL01-RN
90302.0;195171.0;2017-11-30;quinta-feira;09:20:00;RN;101.0;99;NATAL;Sim;Não guardar distância de segurança;1;Colisão traseira;Sem Vítimas;Pleno dia;Decrescente;Céu Claro;Dupla;Reta;Sim;160917.0;Motocicleta;HONDA/NXR150 BROS KS;2008.0;Condutor;Ileso;26.0;Masculino;1.0;0.0;0.0;0.0;-5,87365;-35,22067;SPRF-RN;DEL01-RN;UOP01-DEL01-RN
90388.0;197024.0;2017-11-30;quinta-feira;15:10:00;RN;101.0;85,5;NATAL;Sim;Falta de Atenção à Condução;1;Colisão traseira;Sem Vítimas;Pleno dia;Decrescente;Céu Claro;Dupla;Reta;Sim;162641.0;Automóvel;RENAULT/SANDERO EXP 16HP;2012.0;Condutor;Ileso;33.0;Masculino;1.0;0.0;0.0;0.0;-5,781963;-35,24749;SPRF-RN;DEL02-RN;UOP01-DEL02-RN
90388.0;197025.0;2017-11-30;quinta-feira;15:10:00;RN;101.0;85,5;NATAL;Sim;Falta de Atenção à Condução;1;Colisão traseira;Sem Vítimas;Pleno dia;Decrescente;Céu Claro;Dupla;Reta;Sim;162645.0;Automóvel;I/RENAULT CLIO AUT1016VH;2007.0;Condutor;Ileso;28.0;Masculino;1.0;0.0;0.0;0.0;-5,781963;-35,24749;SPRF-RN;DEL02-RN;UOP01-DEL02-RN
90987.0;196349.0;2017-12-02;sábado;11:20:00;RN;101.0;96;NATAL;Sim;Falta de Atenção à Condução;1;Colisão lateral;Com Vítimas Feridas;Pleno dia;Crescente;Nublado;Múltipla;"Viaduto;Curva;Aclive";Sim;161885.0;Motocicleta;Não Informado/Não Informado;0.0;Condutor;Não Informado;;Não Informado;0.0;0.0;0.0;0.0;-5,845965;-35,20855;SPRF-RN;DEL01-RN;UOP01-DEL01-RN
90987.0;196189.0;2017-12-02;sábado;11:20:00;RN;101.0;96;NATAL;Sim;Falta de Atenção à Condução;1;Colisão lateral;Com Vítimas Feridas;Pleno dia;Crescente;Nublado;Múltipla;"Viaduto;Curva;Aclive";Sim;161882.0;Motocicleta;YAMAHA/XTZ250 TENERE;2011.0;Passageiro;Lesões Leves;18.0;Feminino;0.0;1.0;0.0;0.0;-5,845965;-35,20855;SPRF-RN;DEL01-RN;UOP01-DEL01-RN
90987.0;196187.0;2017-12-02;sábado;11:20:00;RN;101.0;96;NATAL;Sim;Falta de Atenção à Condução;1;Colisão lateral;Com Vítimas Feridas;Pleno dia;Crescente;Nublado;Múltipla;"Viaduto;Curva;Aclive";Sim;161882.0;Motocicleta;YAMAHA/XTZ250 TENERE;2011.0;Condutor;Lesões Leves;24.0;Masculino;0.0;1.0;0.0;0.0;-5,845965;-35,20855;SPRF-RN;DEL01-RN;UOP01-DEL01-RN
91311.0;196705.0;2017-12-03;domingo;16:30:00;RN;101.0;98,5;NATAL;Sim;Não guardar distância de segurança;1;Colisão traseira;Sem Vítimas;Pleno dia;Decrescente;Céu Claro;Dupla;Reta;Sim;162343.0;Automóvel;FORD/KA FLEX;2008.0;Condutor;Não Informado;;Não Informado;0.0;0.0;0.0;0.0;-5,869783;-35,21844;SPRF-RN;DEL01-RN;UOP01-DEL01-RN
91311.0;196707.0;2017-12-03;domingo;16:30:00;RN;101.0;98,5;NATAL;Sim;Não guardar distância de segurança;1;Colisão traseira;Sem Vítimas;Pleno dia;Decrescente;Céu Claro;Dupla;Reta;Sim;162346.0;Outros;Não Informado/Não Informado;0.0;Condutor;Não Informado;;Não Informado;0.0;0.0;0.0;0.0;-5,869783;-35,21844;SPRF-RN;DEL01-RN;UOP01-DEL01-RN
92176.0;202371.0;2017-12-06;quarta-feira;19:15:00;RN;101.0;94,3;NATAL;Sim;Não guardar distância de segurança;1;Colisão traseira;Com Vítimas Feridas;Plena Noite;Crescente;Céu Claro;Múltipla;Reta;Sim;164106.0;Automóvel;PEUGEOT/207HB XR S;2011.0;Condutor;Ileso;27.0;Feminino;1.0;0.0;0.0;0.0;-5,83452;-35,21212;SPRF-RN;DEL01-RN;UOP01-DEL01-RN
92176.0;202375.0;2017-12-06;quarta-feira;19:15:00;RN;101.0;94,3;NATAL;Sim;Não guardar distância de segurança;1;Colisão traseira;Com Vítimas Feridas;Plena Noite;Crescente;Céu Claro;Múltipla;Reta;Sim;164107.0;Motocicleta;YAMAHA/YS150 FAZER ED;2013.0;Condutor;Lesões Leves;44.0;Masculino;0.0;1.0;0.0;0.0;-5,83452;-35,21212;SPRF-RN;DEL01-RN;UOP01-DEL01-RN
92176.0;202371.0;2017-12-06;quarta-feira;19:15:00;RN;101.0;94,3;NATAL;Sim;Não guardar distância de segurança;2;Tombamento;Com Vítimas Feridas;Plena Noite;Crescente;Céu Claro;Múltipla;Reta;Sim;164106.0;Automóvel;PEUGEOT/207HB XR S;2011.0;Condutor;Ileso;27.0;Feminino;1.0;0.0;0.0;0.0;-5,83452;-35,21212;SPRF-RN;DEL01-RN;UOP01-DEL01-RN
92176.0;202375.0;2017-12-06;quarta-feira;19:15:00;RN;101.0;94,3;NATAL;Sim;Não guardar distância de segurança;2;Tombamento;Com Vítimas Feridas;Plena Noite;Crescente;Céu Claro;Múltipla;Reta;Sim;164107.0;Motocicleta;YAMAHA/YS150 FAZER ED;2013.0;Condutor;Lesões Leves;44.0;Masculino;0.0;1.0;0.0;0.0;-5,83452;-35,21212;SPRF-RN;DEL01-RN;UOP01-DEL01-RN
93217.0;202725.0;2017-12-10;domingo;08:15:00;RN;101.0;100,8;NATAL;Sim;Não guardar distância de segurança;1;Colisão lateral;Com Vítimas Feridas;Pleno dia;Crescente;Céu Claro;Dupla;Interseção de Vias;Sim;167367.0;Camioneta;JEEP/RENEGADE LNGTD AT;2016.0;Condutor;Ileso;46.0;Masculino;1.0;0.0;0.0;0.0;-5,884449;-35,22726;SPRF-RN;DEL01-RN;UOP01-DEL01-RN
93217.0;202726.0;2017-12-10;domingo;08:15:00;RN;101.0;100,8;NATAL;Sim;Não guardar distância de segurança;1;Colisão lateral;Com Vítimas Feridas;Pleno dia;Crescente;Céu Claro;Dupla;Interseção de Vias;Sim;167369.0;Motocicleta;YAMAHA/XTZ 125E;2007.0;Condutor;Lesões Leves;35.0;Masculino;0.0;1.0;0.0;0.0;-5,884449;-35,22726;SPRF-RN;DEL01-RN;UOP01-DEL01-RN
93217.0;202725.0;2017-12-10;domingo;08:15:00;RN;101.0;100,8;NATAL;Sim;Não guardar distância de segurança;2;Tombamento;Com Vítimas Feridas;Pleno dia;Crescente;Céu Claro;Dupla;Interseção de Vias;Sim;167367.0;Camioneta;JEEP/RENEGADE LNGTD AT;2016.0;Condutor;Ileso;46.0;Masculino;1.0;0.0;0.0;0.0;-5,884449;-35,22726;SPRF-RN;DEL01-RN;UOP01-DEL01-RN
93217.0;202726.0;2017-12-10;domingo;08:15:00;RN;101.0;100,8;NATAL;Sim;Não guardar distância de segurança;2;Tombamento;Com Vítimas Feridas;Pleno dia;Crescente;Céu Claro;Dupla;Interseção de Vias;Sim;167369.0;Motocicleta;YAMAHA/XTZ 125E;2007.0;Condutor;Lesões Leves;35.0;Masculino;0.0;1.0;0.0;0.0;-5,884449;-35,22726;SPRF-RN;DEL01-RN;UOP01-DEL01-RN